{
  "generated_at": "2026-07-17 16:13:09",
  "exchange_rates": {
    "USD_TZS": {
      "current": 2628.277,
      "next_1h": 2627.9303,
      "next_24h": 2622.0705,
      "change_pct": -0.013,
      "trend": "\ud83d\udcc9 DOWN",
      "predictions": [
        2627.9303,
        2627.5909,
        2627.2585,
        2626.9329,
        2626.6141,
        2626.3018,
        2625.9991,
        2625.7056,
        2625.4211,
        2625.1454,
        2624.8781,
        2624.6191,
        2624.3681,
        2624.1249,
        2623.8892,
        2623.6608,
        2623.4394,
        2623.225,
        2623.0171,
        2622.8157,
        2622.6205,
        2622.4314,
        2622.2481,
        2622.0705
      ],
      "metrics": {
        "MAE": 0.550713,
        "RMSE": 2.157418,
        "MAPE": 0.021,
        "R2": 0.947
      }
    },
    "USD_KES": {
      "current": 129.3048,
      "next_1h": 129.3059,
      "next_24h": 129.3296,
      "change_pct": 0.001,
      "trend": "\ud83d\udcc8 UP",
      "predictions": [
        129.3059,
        129.3071,
        129.3082,
        129.3093,
        129.3105,
        129.3116,
        129.3127,
        129.3138,
        129.3149,
        129.316,
        129.317,
        129.3181,
        129.3191,
        129.3201,
        129.3211,
        129.3221,
        129.3231,
        129.324,
        129.325,
        129.3259,
        129.3269,
        129.3278,
        129.3287,
        129.3296
      ],
      "metrics": {
        "MAE": 0.00435,
        "RMSE": 0.015322,
        "MAPE": 0.0034,
        "R2": 0.9511
      }
    },
    "USD_UGX": {
      "current": 3681.1587,
      "next_1h": 3681.1265,
      "next_24h": 3680.4116,
      "change_pct": -0.001,
      "trend": "\ud83d\udcc9 DOWN",
      "predictions": [
        3681.1265,
        3681.0944,
        3681.0624,
        3681.0305,
        3680.9986,
        3680.9668,
        3680.9351,
        3680.9035,
        3680.872,
        3680.8406,
        3680.8093,
        3680.7781,
        3680.747,
        3680.716,
        3680.6851,
        3680.6543,
        3680.6236,
        3680.593,
        3680.5625,
        3680.5322,
        3680.5019,
        3680.4717,
        3680.4416,
        3680.4116
      ],
      "metrics": {
        "MAE": 0.363709,
        "RMSE": 1.992852,
        "MAPE": 0.0099,
        "R2": 0.9646
      }
    },
    "USD_EUR": {
      "current": 0.8735,
      "next_1h": 0.8735,
      "next_24h": 0.8737,
      "change_pct": 0.001,
      "trend": "\ud83d\udcc8 UP",
      "predictions": [
        0.8735,
        0.8735,
        0.8735,
        0.8735,
        0.8735,
        0.8735,
        0.8736,
        0.8736,
        0.8736,
        0.8736,
        0.8736,
        0.8736,
        0.8736,
        0.8736,
        0.8736,
        0.8736,
        0.8736,
        0.8737,
        0.8737,
        0.8737,
        0.8737,
        0.8737,
        0.8737,
        0.8737
      ],
      "metrics": {
        "MAE": 4.8e-05,
        "RMSE": 0.000254,
        "MAPE": 0.0055,
        "R2": 0.9593
      }
    }
  },
  "crypto": {
    "BTC_USD": {
      "current": 63440.0,
      "next_1h": 63443.18,
      "next_24h": 63285.54,
      "change_pct": 0.005,
      "trend": "\ud83d\udcc8 UP",
      "predictions": [
        63443.18,
        63400.77,
        63378.74,
        63385.89,
        63391.1,
        63384.68,
        63376.55,
        63370.38,
        63365.57,
        63360.46,
        63354.86,
        63349.25,
        63343.78,
        63338.4,
        63333.02,
        63327.64,
        63322.28,
        63316.96,
        63311.66,
        63306.39,
        63301.14,
        63295.91,
        63290.71,
        63285.54
      ],
      "metrics": {
        "MAE": 123.253251,
        "RMSE": 170.580602,
        "MAPE": 0.1934,
        "R2": 0.9671
      }
    },
    "ETH_USD": {
      "current": 1830.83,
      "next_1h": 1829.2,
      "next_24h": 1815.41,
      "change_pct": -0.089,
      "trend": "\ud83d\udcc9 DOWN",
      "predictions": [
        1829.2,
        1828.06,
        1827.7,
        1827.13,
        1826.33,
        1825.73,
        1825.15,
        1824.55,
        1823.95,
        1823.37,
        1822.78,
        1822.19,
        1821.61,
        1821.03,
        1820.46,
        1819.88,
        1819.31,
        1818.75,
        1818.18,
        1817.62,
        1817.06,
        1816.51,
        1815.96,
        1815.41
      ],
      "metrics": {
        "MAE": 5.196143,
        "RMSE": 7.786386,
        "MAPE": 0.2816,
        "R2": 0.9774
      }
    },
    "BNB_USD": {
      "current": 563.45,
      "next_1h": 563.47,
      "next_24h": 565.19,
      "change_pct": 0.004,
      "trend": "\ud83d\udcc8 UP",
      "predictions": [
        563.47,
        563.48,
        563.63,
        563.73,
        563.79,
        563.87,
        563.95,
        564.02,
        564.1,
        564.17,
        564.25,
        564.32,
        564.4,
        564.47,
        564.54,
        564.62,
        564.69,
        564.76,
        564.83,
        564.91,
        564.98,
        565.05,
        565.12,
        565.19
      ],
      "metrics": {
        "MAE": 0.922453,
        "RMSE": 1.304416,
        "MAPE": 0.1608,
        "R2": 0.9561
      }
    }
  }
}