{
  "generated_at": "2026-07-13 17:43:17",
  "exchange_rates": {
    "USD_TZS": {
      "current": 2627.8658,
      "next_1h": 2627.4783,
      "next_24h": 2621.0421,
      "change_pct": -0.015,
      "trend": "\ud83d\udcc9 DOWN",
      "predictions": [
        2627.4783,
        2627.0992,
        2626.7284,
        2626.3657,
        2626.0109,
        2625.6638,
        2625.328,
        2625.003,
        2624.6886,
        2624.3845,
        2624.0904,
        2623.8059,
        2623.5308,
        2623.2648,
        2623.0076,
        2622.7588,
        2622.5182,
        2622.2856,
        2622.0606,
        2621.843,
        2621.6326,
        2621.4292,
        2621.2324,
        2621.0421
      ],
      "metrics": {
        "MAE": 0.384023,
        "RMSE": 0.659835,
        "MAPE": 0.0146,
        "R2": 0.8443
      }
    },
    "USD_KES": {
      "current": 129.1822,
      "next_1h": 129.1857,
      "next_24h": 129.2553,
      "change_pct": 0.003,
      "trend": "\ud83d\udcc8 UP",
      "predictions": [
        129.1857,
        129.1891,
        129.1926,
        129.196,
        129.1994,
        129.2027,
        129.2061,
        129.2093,
        129.2126,
        129.2157,
        129.2189,
        129.2219,
        129.225,
        129.2279,
        129.2309,
        129.2338,
        129.2366,
        129.2394,
        129.2422,
        129.2449,
        129.2476,
        129.2502,
        129.2528,
        129.2553
      ],
      "metrics": {
        "MAE": 0.00516,
        "RMSE": 0.013796,
        "MAPE": 0.004,
        "R2": 0.8797
      }
    },
    "USD_UGX": {
      "current": 3659.3418,
      "next_1h": 3659.3041,
      "next_24h": 3658.4584,
      "change_pct": -0.001,
      "trend": "\ud83d\udcc9 DOWN",
      "predictions": [
        3659.3041,
        3659.2665,
        3659.229,
        3659.1915,
        3659.1541,
        3659.1168,
        3659.0795,
        3659.0424,
        3659.0053,
        3658.9683,
        3658.9313,
        3658.8945,
        3658.8577,
        3658.821,
        3658.7844,
        3658.7479,
        3658.7114,
        3658.675,
        3658.6387,
        3658.6025,
        3658.5664,
        3658.5303,
        3658.4943,
        3658.4584
      ],
      "metrics": {
        "MAE": 0.61786,
        "RMSE": 3.200435,
        "MAPE": 0.0169,
        "R2": 0.9076
      }
    },
    "USD_EUR": {
      "current": 0.8768,
      "next_1h": 0.8768,
      "next_24h": 0.8768,
      "change_pct": 0.0,
      "trend": "\ud83d\udcc9 DOWN",
      "predictions": [
        0.8768,
        0.8768,
        0.8768,
        0.8768,
        0.8768,
        0.8768,
        0.8768,
        0.8768,
        0.8768,
        0.8768,
        0.8768,
        0.8768,
        0.8768,
        0.8768,
        0.8768,
        0.8768,
        0.8768,
        0.8768,
        0.8768,
        0.8768,
        0.8768,
        0.8768,
        0.8768,
        0.8768
      ],
      "metrics": {
        "MAE": 3.3e-05,
        "RMSE": 0.000178,
        "MAPE": 0.0037,
        "R2": 0.9387
      }
    }
  },
  "crypto": {
    "BTC_USD": {
      "current": 61999.0,
      "next_1h": 62007.64,
      "next_24h": 61956.25,
      "change_pct": 0.014,
      "trend": "\ud83d\udcc8 UP",
      "predictions": [
        62007.64,
        62019.47,
        62018.61,
        62009.83,
        61999.85,
        61998.48,
        61997.17,
        61994.82,
        61991.94,
        61989.25,
        61986.9,
        61984.54,
        61982.12,
        61979.7,
        61977.3,
        61974.92,
        61972.55,
        61970.19,
        61967.84,
        61965.5,
        61963.17,
        61960.85,
        61958.54,
        61956.25
      ],
      "metrics": {
        "MAE": 92.427363,
        "RMSE": 127.924714,
        "MAPE": 0.1454,
        "R2": 0.9517
      }
    },
    "ETH_USD": {
      "current": 1765.72,
      "next_1h": 1765.33,
      "next_24h": 1756.57,
      "change_pct": -0.022,
      "trend": "\ud83d\udcc9 DOWN",
      "predictions": [
        1765.33,
        1765.08,
        1764.88,
        1764.29,
        1763.99,
        1763.59,
        1763.18,
        1762.76,
        1762.37,
        1761.96,
        1761.56,
        1761.17,
        1760.77,
        1760.38,
        1759.99,
        1759.6,
        1759.21,
        1758.83,
        1758.45,
        1758.07,
        1757.69,
        1757.31,
        1756.94,
        1756.57
      ],
      "metrics": {
        "MAE": 3.677232,
        "RMSE": 5.718037,
        "MAPE": 0.2052,
        "R2": 0.9414
      }
    },
    "BNB_USD": {
      "current": 563.89,
      "next_1h": 563.97,
      "next_24h": 565.3,
      "change_pct": 0.014,
      "trend": "\ud83d\udcc8 UP",
      "predictions": [
        563.97,
        563.98,
        564.06,
        564.07,
        564.15,
        564.21,
        564.28,
        564.34,
        564.4,
        564.46,
        564.52,
        564.58,
        564.65,
        564.71,
        564.77,
        564.83,
        564.89,
        564.95,
        565.0,
        565.06,
        565.12,
        565.18,
        565.24,
        565.3
      ],
      "metrics": {
        "MAE": 0.780134,
        "RMSE": 1.143045,
        "MAPE": 0.136,
        "R2": 0.9222
      }
    }
  }
}