{
  "generated_at": "2026-07-19 01:13:09",
  "exchange_rates": {
    "USD_TZS": {
      "current": 2629.0886,
      "next_1h": 2628.7328,
      "next_24h": 2622.6871,
      "change_pct": -0.014,
      "trend": "\ud83d\udcc9 DOWN",
      "predictions": [
        2628.7328,
        2628.3842,
        2628.0427,
        2627.7082,
        2627.3806,
        2627.0596,
        2626.7482,
        2626.4462,
        2626.1532,
        2625.8691,
        2625.5935,
        2625.3263,
        2625.0672,
        2624.816,
        2624.5724,
        2624.3362,
        2624.1071,
        2623.885,
        2623.6697,
        2623.4609,
        2623.2584,
        2623.0621,
        2622.8717,
        2622.6871
      ],
      "metrics": {
        "MAE": 0.556005,
        "RMSE": 2.123622,
        "MAPE": 0.0212,
        "R2": 0.9527
      }
    },
    "USD_KES": {
      "current": 129.3268,
      "next_1h": 129.3273,
      "next_24h": 129.3379,
      "change_pct": 0.0,
      "trend": "\ud83d\udcc9 DOWN",
      "predictions": [
        129.3273,
        129.3278,
        129.3283,
        129.3288,
        129.3293,
        129.3298,
        129.3303,
        129.3308,
        129.3312,
        129.3317,
        129.3322,
        129.3326,
        129.3331,
        129.3336,
        129.334,
        129.3345,
        129.3349,
        129.3353,
        129.3358,
        129.3362,
        129.3366,
        129.3371,
        129.3375,
        129.3379
      ],
      "metrics": {
        "MAE": 0.003084,
        "RMSE": 0.012243,
        "MAPE": 0.0024,
        "R2": 0.9701
      }
    },
    "USD_UGX": {
      "current": 3669.5216,
      "next_1h": 3669.5559,
      "next_24h": 3670.3163,
      "change_pct": 0.001,
      "trend": "\ud83d\udcc8 UP",
      "predictions": [
        3669.5559,
        3669.5902,
        3669.6243,
        3669.6584,
        3669.6924,
        3669.7263,
        3669.7601,
        3669.7938,
        3669.8273,
        3669.8608,
        3669.8941,
        3669.9273,
        3669.9604,
        3669.9933,
        3670.0261,
        3670.0589,
        3670.0915,
        3670.1239,
        3670.1563,
        3670.1885,
        3670.2207,
        3670.2527,
        3670.2846,
        3670.3163
      ],
      "metrics": {
        "MAE": 0.349013,
        "RMSE": 1.843275,
        "MAPE": 0.0095,
        "R2": 0.9686
      }
    },
    "USD_EUR": {
      "current": 0.8744,
      "next_1h": 0.8745,
      "next_24h": 0.8746,
      "change_pct": 0.001,
      "trend": "\ud83d\udcc8 UP",
      "predictions": [
        0.8745,
        0.8745,
        0.8745,
        0.8745,
        0.8745,
        0.8745,
        0.8745,
        0.8745,
        0.8745,
        0.8745,
        0.8745,
        0.8745,
        0.8745,
        0.8745,
        0.8745,
        0.8745,
        0.8745,
        0.8745,
        0.8745,
        0.8745,
        0.8745,
        0.8745,
        0.8746,
        0.8746
      ],
      "metrics": {
        "MAE": 4.1e-05,
        "RMSE": 0.000241,
        "MAPE": 0.0047,
        "R2": 0.9666
      }
    }
  },
  "crypto": {
    "BTC_USD": {
      "current": 64734.0,
      "next_1h": 64722.69,
      "next_24h": 64445.53,
      "change_pct": -0.017,
      "trend": "\ud83d\udcc9 DOWN",
      "predictions": [
        64722.69,
        64714.83,
        64702.32,
        64687.63,
        64675.09,
        64662.69,
        64650.35,
        64637.82,
        64625.3,
        64612.92,
        64600.61,
        64588.35,
        64576.14,
        64563.98,
        64551.89,
        64539.85,
        64527.87,
        64515.94,
        64504.07,
        64492.25,
        64480.49,
        64468.78,
        64457.13,
        64445.53
      ],
      "metrics": {
        "MAE": 107.925593,
        "RMSE": 157.36891,
        "MAPE": 0.1689,
        "R2": 0.9678
      }
    },
    "ETH_USD": {
      "current": 1858.94,
      "next_1h": 1858.26,
      "next_24h": 1841.33,
      "change_pct": -0.037,
      "trend": "\ud83d\udcc9 DOWN",
      "predictions": [
        1858.26,
        1857.44,
        1856.63,
        1855.89,
        1855.12,
        1854.35,
        1853.6,
        1852.85,
        1852.1,
        1851.35,
        1850.61,
        1849.88,
        1849.14,
        1848.41,
        1847.69,
        1846.97,
        1846.25,
        1845.54,
        1844.83,
        1844.12,
        1843.42,
        1842.72,
        1842.02,
        1841.33
      ],
      "metrics": {
        "MAE": 4.422508,
        "RMSE": 6.817561,
        "MAPE": 0.2383,
        "R2": 0.9762
      }
    },
    "BNB_USD": {
      "current": 570.26,
      "next_1h": 570.31,
      "next_24h": 570.96,
      "change_pct": 0.009,
      "trend": "\ud83d\udcc8 UP",
      "predictions": [
        570.31,
        570.35,
        570.37,
        570.39,
        570.42,
        570.45,
        570.48,
        570.51,
        570.54,
        570.57,
        570.6,
        570.63,
        570.65,
        570.68,
        570.71,
        570.74,
        570.77,
        570.79,
        570.82,
        570.85,
        570.88,
        570.9,
        570.93,
        570.96
      ],
      "metrics": {
        "MAE": 0.855671,
        "RMSE": 1.187771,
        "MAPE": 0.1494,
        "R2": 0.9637
      }
    }
  }
}