{
  "generated_at": "2026-04-28 12:50:20",
  "exchange_rates": {
    "USD_TZS": {
      "current": 2607.9469,
      "next_1h": 2607.7137,
      "next_24h": 2603.4164,
      "change_pct": -0.009,
      "trend": "\ud83d\udcc9 DOWN",
      "predictions": [
        2607.7137,
        2607.4842,
        2607.2583,
        2607.036,
        2606.8173,
        2606.602,
        2606.3912,
        2606.1849,
        2605.9828,
        2605.7851,
        2605.5915,
        2605.4019,
        2605.2164,
        2605.0348,
        2604.857,
        2604.6829,
        2604.5126,
        2604.3458,
        2604.1825,
        2604.0227,
        2603.8662,
        2603.7131,
        2603.5631,
        2603.4164
      ],
      "metrics": {
        "MAE": 0.777806,
        "RMSE": 3.810207,
        "MAPE": 0.0299,
        "R2": 0.869
      }
    },
    "USD_KES": {
      "current": 129.233,
      "next_1h": 129.2325,
      "next_24h": 129.2208,
      "change_pct": 0.0,
      "trend": "\ud83d\udcc9 DOWN",
      "predictions": [
        129.2325,
        129.232,
        129.2315,
        129.2309,
        129.2304,
        129.2299,
        129.2294,
        129.2289,
        129.2284,
        129.2279,
        129.2273,
        129.2268,
        129.2263,
        129.2258,
        129.2253,
        129.2248,
        129.2243,
        129.2238,
        129.2233,
        129.2228,
        129.2223,
        129.2218,
        129.2213,
        129.2208
      ],
      "metrics": {
        "MAE": 0.004749,
        "RMSE": 0.022313,
        "MAPE": 0.0037,
        "R2": 0.9462
      }
    },
    "USD_UGX": {
      "current": 3673.747,
      "next_1h": 3674.0515,
      "next_24h": 3680.6125,
      "change_pct": 0.008,
      "trend": "\ud83d\udcc8 UP",
      "predictions": [
        3674.0515,
        3674.3551,
        3674.6578,
        3674.9595,
        3675.2602,
        3675.56,
        3675.8577,
        3676.1534,
        3676.447,
        3676.7385,
        3677.0281,
        3677.3155,
        3677.601,
        3677.8845,
        3678.166,
        3678.4455,
        3678.7231,
        3678.9987,
        3679.2724,
        3679.5442,
        3679.8141,
        3680.0821,
        3680.3482,
        3680.6125
      ],
      "metrics": {
        "MAE": 0.750959,
        "RMSE": 3.547741,
        "MAPE": 0.0204,
        "R2": 0.8637
      }
    },
    "USD_EUR": {
      "current": 0.8526,
      "next_1h": 0.8526,
      "next_24h": 0.8522,
      "change_pct": -0.002,
      "trend": "\ud83d\udcc9 DOWN",
      "predictions": [
        0.8526,
        0.8526,
        0.8526,
        0.8525,
        0.8525,
        0.8525,
        0.8525,
        0.8525,
        0.8525,
        0.8524,
        0.8524,
        0.8524,
        0.8524,
        0.8524,
        0.8523,
        0.8523,
        0.8523,
        0.8523,
        0.8523,
        0.8522,
        0.8522,
        0.8522,
        0.8522,
        0.8522
      ],
      "metrics": {
        "MAE": 8.8e-05,
        "RMSE": 0.000358,
        "MAPE": 0.0103,
        "R2": 0.9506
      }
    }
  },
  "crypto": {
    "BTC_USD": {
      "current": 76357.0,
      "next_1h": 76310.12,
      "next_24h": 76246.02,
      "change_pct": -0.061,
      "trend": "\ud83d\udcc9 DOWN",
      "predictions": [
        76310.12,
        76310.52,
        76320.22,
        76283.49,
        76293.25,
        76288.31,
        76283.51,
        76284.58,
        76279.12,
        76277.66,
        76275.5,
        76272.67,
        76270.84,
        76268.31,
        76266.06,
        76263.87,
        76261.54,
        76259.34,
        76257.09,
        76254.85,
        76252.64,
        76250.42,
        76248.22,
        76246.02
      ],
      "metrics": {
        "MAE": 206.822989,
        "RMSE": 311.51088,
        "MAPE": 0.2663,
        "R2": 0.831
      }
    },
    "ETH_USD": {
      "current": 2277.47,
      "next_1h": 2275.65,
      "next_24h": 2271.64,
      "change_pct": -0.08,
      "trend": "\ud83d\udcc9 DOWN",
      "predictions": [
        2275.65,
        2275.25,
        2275.97,
        2274.46,
        2274.7,
        2274.47,
        2274.13,
        2274.14,
        2273.85,
        2273.71,
        2273.57,
        2273.38,
        2273.25,
        2273.09,
        2272.94,
        2272.79,
        2272.64,
        2272.5,
        2272.35,
        2272.2,
        2272.06,
        2271.92,
        2271.78,
        2271.64
      ],
      "metrics": {
        "MAE": 7.424742,
        "RMSE": 11.592973,
        "MAPE": 0.3183,
        "R2": 0.8757
      }
    },
    "BNB_USD": {
      "current": 623.02,
      "next_1h": 622.66,
      "next_24h": 620.6,
      "change_pct": -0.058,
      "trend": "\ud83d\udcc9 DOWN",
      "predictions": [
        622.66,
        622.65,
        622.62,
        622.36,
        622.35,
        622.23,
        622.12,
        622.04,
        621.93,
        621.84,
        621.74,
        621.65,
        621.56,
        621.46,
        621.37,
        621.28,
        621.19,
        621.11,
        621.02,
        620.93,
        620.85,
        620.76,
        620.68,
        620.6
      ],
      "metrics": {
        "MAE": 1.355931,
        "RMSE": 1.926745,
        "MAPE": 0.2138,
        "R2": 0.8993
      }
    }
  }
}