{
  "generated_at": "2026-04-24 13:40:09",
  "exchange_rates": {
    "USD_TZS": {
      "current": 2577.8671,
      "next_1h": 2578.0331,
      "next_24h": 2581.4628,
      "change_pct": 0.006,
      "trend": "\ud83d\udcc8 UP",
      "predictions": [
        2578.0331,
        2578.1983,
        2578.3626,
        2578.5261,
        2578.6886,
        2578.8504,
        2579.0102,
        2579.1683,
        2579.3245,
        2579.479,
        2579.6317,
        2579.7826,
        2579.9317,
        2580.0791,
        2580.2249,
        2580.3689,
        2580.5113,
        2580.652,
        2580.7911,
        2580.9286,
        2581.0645,
        2581.1988,
        2581.3315,
        2581.4628
      ],
      "metrics": {
        "MAE": 0.457967,
        "RMSE": 2.679359,
        "MAPE": 0.0177,
        "R2": 0.874
      }
    },
    "USD_KES": {
      "current": 129.1175,
      "next_1h": 129.1182,
      "next_24h": 129.1353,
      "change_pct": 0.001,
      "trend": "\ud83d\udcc8 UP",
      "predictions": [
        129.1182,
        129.119,
        129.1197,
        129.1205,
        129.1213,
        129.122,
        129.1228,
        129.1235,
        129.1243,
        129.125,
        129.1258,
        129.1265,
        129.1272,
        129.128,
        129.1287,
        129.1295,
        129.1302,
        129.1309,
        129.1317,
        129.1324,
        129.1331,
        129.1338,
        129.1345,
        129.1353
      ],
      "metrics": {
        "MAE": 0.003273,
        "RMSE": 0.013079,
        "MAPE": 0.0025,
        "R2": 0.8887
      }
    },
    "USD_UGX": {
      "current": 3675.416,
      "next_1h": 3675.9797,
      "next_24h": 3687.3123,
      "change_pct": 0.015,
      "trend": "\ud83d\udcc8 UP",
      "predictions": [
        3675.9797,
        3676.5384,
        3677.092,
        3677.6407,
        3678.1844,
        3678.7232,
        3679.2551,
        3679.7802,
        3680.2984,
        3680.81,
        3681.3149,
        3681.8132,
        3682.3051,
        3682.7906,
        3683.2698,
        3683.7428,
        3684.2097,
        3684.6704,
        3685.1253,
        3685.5742,
        3686.0172,
        3686.4546,
        3686.8862,
        3687.3123
      ],
      "metrics": {
        "MAE": 0.647098,
        "RMSE": 2.41593,
        "MAPE": 0.0175,
        "R2": 0.8716
      }
    },
    "USD_EUR": {
      "current": 0.8553,
      "next_1h": 0.8553,
      "next_24h": 0.8548,
      "change_pct": -0.002,
      "trend": "\ud83d\udcc9 DOWN",
      "predictions": [
        0.8553,
        0.8553,
        0.8553,
        0.8552,
        0.8552,
        0.8552,
        0.8552,
        0.8552,
        0.8551,
        0.8551,
        0.8551,
        0.8551,
        0.8551,
        0.855,
        0.855,
        0.855,
        0.855,
        0.855,
        0.8549,
        0.8549,
        0.8549,
        0.8549,
        0.8549,
        0.8548
      ],
      "metrics": {
        "MAE": 0.0001,
        "RMSE": 0.000413,
        "MAPE": 0.0117,
        "R2": 0.9607
      }
    }
  },
  "crypto": {
    "BTC_USD": {
      "current": 78229.0,
      "next_1h": 78268.87,
      "next_24h": 78392.46,
      "change_pct": 0.051,
      "trend": "\ud83d\udcc8 UP",
      "predictions": [
        78268.87,
        78229.12,
        78264.07,
        78271.77,
        78271.16,
        78283.96,
        78286.65,
        78293.3,
        78300.54,
        78305.77,
        78312.47,
        78318.58,
        78324.64,
        78330.96,
        78337.06,
        78343.24,
        78349.43,
        78355.57,
        78361.74,
        78367.89,
        78374.04,
        78380.18,
        78386.32,
        78392.46
      ],
      "metrics": {
        "MAE": 242.711855,
        "RMSE": 316.041893,
        "MAPE": 0.3171,
        "R2": 0.9408
      }
    },
    "ETH_USD": {
      "current": 2324.3,
      "next_1h": 2325.13,
      "next_24h": 2319.89,
      "change_pct": 0.036,
      "trend": "\ud83d\udcc8 UP",
      "predictions": [
        2325.13,
        2323.84,
        2324.63,
        2324.38,
        2323.87,
        2323.86,
        2323.52,
        2323.33,
        2323.14,
        2322.88,
        2322.68,
        2322.46,
        2322.23,
        2322.02,
        2321.8,
        2321.59,
        2321.37,
        2321.16,
        2320.94,
        2320.73,
        2320.52,
        2320.31,
        2320.1,
        2319.89
      ],
      "metrics": {
        "MAE": 8.541531,
        "RMSE": 11.139119,
        "MAPE": 0.3665,
        "R2": 0.9078
      }
    },
    "BNB_USD": {
      "current": 638.89,
      "next_1h": 638.83,
      "next_24h": 632.04,
      "change_pct": -0.01,
      "trend": "\ud83d\udcc9 DOWN",
      "predictions": [
        638.83,
        638.28,
        638.21,
        637.81,
        637.5,
        637.23,
        636.88,
        636.58,
        636.27,
        635.95,
        635.66,
        635.36,
        635.06,
        634.77,
        634.48,
        634.2,
        633.91,
        633.64,
        633.36,
        633.09,
        632.82,
        632.56,
        632.3,
        632.04
      ],
      "metrics": {
        "MAE": 1.664307,
        "RMSE": 2.181963,
        "MAPE": 0.2629,
        "R2": 0.9131
      }
    }
  }
}