{
  "generated_at": "2026-04-01 14:00:36",
  "exchange_rates": {
    "USD_TZS": {
      "current": 2573.516,
      "next_1h": 2573.6316,
      "next_24h": 2575.8764,
      "change_pct": 0.004,
      "trend": "\ud83d\udcc8 UP",
      "predictions": [
        2573.6316,
        2573.7447,
        2573.8569,
        2573.9675,
        2574.0782,
        2574.1874,
        2574.2949,
        2574.4007,
        2574.5047,
        2574.6071,
        2574.7078,
        2574.8068,
        2574.9043,
        2575.0001,
        2575.0944,
        2575.1871,
        2575.2783,
        2575.368,
        2575.4563,
        2575.5431,
        2575.6285,
        2575.7125,
        2575.7951,
        2575.8764
      ],
      "metrics": {
        "MAE": 0.557855,
        "RMSE": 2.27817,
        "MAPE": 0.0217,
        "R2": 0.8847
      }
    },
    "USD_KES": {
      "current": 129.7668,
      "next_1h": 129.7584,
      "next_24h": 129.617,
      "change_pct": -0.006,
      "trend": "\ud83d\udcc9 DOWN",
      "predictions": [
        129.7584,
        129.7492,
        129.741,
        129.7335,
        129.7263,
        129.7195,
        129.7129,
        129.7063,
        129.6998,
        129.6934,
        129.6872,
        129.6811,
        129.6751,
        129.6692,
        129.6635,
        129.6579,
        129.6524,
        129.647,
        129.6417,
        129.6366,
        129.6315,
        129.6266,
        129.6217,
        129.617
      ],
      "metrics": {
        "MAE": 0.013997,
        "RMSE": 0.027524,
        "MAPE": 0.0108,
        "R2": 0.9206
      }
    },
    "USD_UGX": {
      "current": 3756.4181,
      "next_1h": 3756.3808,
      "next_24h": 3755.6043,
      "change_pct": -0.001,
      "trend": "\ud83d\udcc9 DOWN",
      "predictions": [
        3756.3808,
        3756.3439,
        3756.3074,
        3756.2711,
        3756.2353,
        3756.1998,
        3756.1645,
        3756.1296,
        3756.0949,
        3756.0604,
        3756.0262,
        3755.9923,
        3755.9586,
        3755.9252,
        3755.892,
        3755.8591,
        3755.8264,
        3755.7939,
        3755.7617,
        3755.7298,
        3755.6981,
        3755.6666,
        3755.6353,
        3755.6043
      ],
      "metrics": {
        "MAE": 0.623371,
        "RMSE": 2.829218,
        "MAPE": 0.0167,
        "R2": 0.9378
      }
    },
    "USD_EUR": {
      "current": 0.8672,
      "next_1h": 0.8672,
      "next_24h": 0.8671,
      "change_pct": 0.0,
      "trend": "\ud83d\udcc9 DOWN",
      "predictions": [
        0.8672,
        0.8672,
        0.8672,
        0.8672,
        0.8672,
        0.8672,
        0.8672,
        0.8672,
        0.8672,
        0.8672,
        0.8672,
        0.8672,
        0.8672,
        0.8672,
        0.8672,
        0.8672,
        0.8672,
        0.8671,
        0.8671,
        0.8671,
        0.8671,
        0.8671,
        0.8671,
        0.8671
      ],
      "metrics": {
        "MAE": 0.000138,
        "RMSE": 0.000559,
        "MAPE": 0.0159,
        "R2": 0.9101
      }
    }
  },
  "crypto": {
    "BTC_USD": {
      "current": 68136.0,
      "next_1h": 68180.75,
      "next_24h": 68743.98,
      "change_pct": 0.066,
      "trend": "\ud83d\udcc8 UP",
      "predictions": [
        68180.75,
        68209.59,
        68236.33,
        68291.3,
        68329.33,
        68352.26,
        68376.54,
        68399.68,
        68421.23,
        68444.0,
        68467.31,
        68490.22,
        68512.94,
        68535.41,
        68557.49,
        68579.25,
        68600.75,
        68621.98,
        68642.94,
        68663.65,
        68684.11,
        68704.32,
        68724.27,
        68743.98
      ],
      "metrics": {
        "MAE": 203.701759,
        "RMSE": 277.016285,
        "MAPE": 0.3038,
        "R2": 0.8709
      }
    },
    "ETH_USD": {
      "current": 2118.74,
      "next_1h": 2118.54,
      "next_24h": 2114.84,
      "change_pct": -0.01,
      "trend": "\ud83d\udcc9 DOWN",
      "predictions": [
        2118.54,
        2117.81,
        2117.28,
        2117.15,
        2117.0,
        2116.86,
        2116.73,
        2116.6,
        2116.48,
        2116.35,
        2116.23,
        2116.11,
        2115.99,
        2115.88,
        2115.77,
        2115.66,
        2115.55,
        2115.44,
        2115.33,
        2115.23,
        2115.13,
        2115.03,
        2114.93,
        2114.84
      ],
      "metrics": {
        "MAE": 8.178779,
        "RMSE": 11.179262,
        "MAPE": 0.4002,
        "R2": 0.9389
      }
    },
    "BNB_USD": {
      "current": 610.87,
      "next_1h": 611.7,
      "next_24h": 624.2,
      "change_pct": 0.136,
      "trend": "\ud83d\udcc8 UP",
      "predictions": [
        611.7,
        612.48,
        613.03,
        613.8,
        614.58,
        615.16,
        615.74,
        616.32,
        616.87,
        617.42,
        617.97,
        618.5,
        619.03,
        619.54,
        620.05,
        620.55,
        621.03,
        621.51,
        621.98,
        622.44,
        622.89,
        623.34,
        623.77,
        624.2
      ],
      "metrics": {
        "MAE": 1.618115,
        "RMSE": 2.179112,
        "MAPE": 0.2645,
        "R2": 0.6558
      }
    }
  }
}