{
  "generated_at": "2026-07-17 22:13:08",
  "exchange_rates": {
    "USD_TZS": {
      "current": 2628.277,
      "next_1h": 2627.9337,
      "next_24h": 2622.1233,
      "change_pct": -0.013,
      "trend": "\ud83d\udcc9 DOWN",
      "predictions": [
        2627.9337,
        2627.5975,
        2627.2682,
        2626.9457,
        2626.6299,
        2626.3205,
        2626.0206,
        2625.7297,
        2625.4478,
        2625.1744,
        2624.9094,
        2624.6526,
        2624.4037,
        2624.1625,
        2623.9287,
        2623.7021,
        2623.4824,
        2623.2696,
        2623.0633,
        2622.8633,
        2622.6696,
        2622.4817,
        2622.2997,
        2622.1233
      ],
      "metrics": {
        "MAE": 0.550603,
        "RMSE": 2.152275,
        "MAPE": 0.021,
        "R2": 0.948
      }
    },
    "USD_KES": {
      "current": 129.3048,
      "next_1h": 129.3059,
      "next_24h": 129.3292,
      "change_pct": 0.001,
      "trend": "\ud83d\udcc8 UP",
      "predictions": [
        129.3059,
        129.307,
        129.3082,
        129.3093,
        129.3104,
        129.3115,
        129.3126,
        129.3137,
        129.3147,
        129.3158,
        129.3168,
        129.3179,
        129.3189,
        129.3199,
        129.3209,
        129.3218,
        129.3228,
        129.3238,
        129.3247,
        129.3256,
        129.3266,
        129.3275,
        129.3284,
        129.3292
      ],
      "metrics": {
        "MAE": 0.004307,
        "RMSE": 0.01528,
        "MAPE": 0.0033,
        "R2": 0.952
      }
    },
    "USD_UGX": {
      "current": 3681.1587,
      "next_1h": 3681.1261,
      "next_24h": 3680.4008,
      "change_pct": -0.001,
      "trend": "\ud83d\udcc9 DOWN",
      "predictions": [
        3681.1261,
        3681.0935,
        3681.061,
        3681.0286,
        3680.9963,
        3680.964,
        3680.9319,
        3680.8998,
        3680.8678,
        3680.836,
        3680.8042,
        3680.7726,
        3680.741,
        3680.7096,
        3680.6783,
        3680.647,
        3680.6159,
        3680.5849,
        3680.5539,
        3680.5231,
        3680.4924,
        3680.4617,
        3680.4312,
        3680.4008
      ],
      "metrics": {
        "MAE": 0.361292,
        "RMSE": 1.987791,
        "MAPE": 0.0098,
        "R2": 0.9654
      }
    },
    "USD_EUR": {
      "current": 0.8735,
      "next_1h": 0.8735,
      "next_24h": 0.8737,
      "change_pct": 0.001,
      "trend": "\ud83d\udcc8 UP",
      "predictions": [
        0.8735,
        0.8735,
        0.8735,
        0.8735,
        0.8735,
        0.8735,
        0.8736,
        0.8736,
        0.8736,
        0.8736,
        0.8736,
        0.8736,
        0.8736,
        0.8736,
        0.8736,
        0.8736,
        0.8736,
        0.8737,
        0.8737,
        0.8737,
        0.8737,
        0.8737,
        0.8737,
        0.8737
      ],
      "metrics": {
        "MAE": 4.8e-05,
        "RMSE": 0.000253,
        "MAPE": 0.0055,
        "R2": 0.9619
      }
    }
  },
  "crypto": {
    "BTC_USD": {
      "current": 64035.0,
      "next_1h": 64020.3,
      "next_24h": 63843.89,
      "change_pct": -0.023,
      "trend": "\ud83d\udcc9 DOWN",
      "predictions": [
        64020.3,
        64016.58,
        64012.87,
        64002.45,
        63993.57,
        63985.21,
        63977.35,
        63969.32,
        63961.12,
        63953.01,
        63944.97,
        63936.99,
        63929.03,
        63921.1,
        63913.21,
        63905.37,
        63897.55,
        63889.78,
        63882.04,
        63874.34,
        63866.67,
        63859.04,
        63851.45,
        63843.89
      ],
      "metrics": {
        "MAE": 125.433231,
        "RMSE": 174.892769,
        "MAPE": 0.1968,
        "R2": 0.9652
      }
    },
    "ETH_USD": {
      "current": 1840.91,
      "next_1h": 1840.37,
      "next_24h": 1826.12,
      "change_pct": -0.029,
      "trend": "\ud83d\udcc9 DOWN",
      "predictions": [
        1840.37,
        1839.79,
        1838.99,
        1838.38,
        1837.73,
        1837.09,
        1836.45,
        1835.82,
        1835.19,
        1834.56,
        1833.94,
        1833.32,
        1832.7,
        1832.09,
        1831.47,
        1830.87,
        1830.26,
        1829.66,
        1829.06,
        1828.47,
        1827.88,
        1827.29,
        1826.7,
        1826.12
      ],
      "metrics": {
        "MAE": 5.217221,
        "RMSE": 7.806592,
        "MAPE": 0.2826,
        "R2": 0.9768
      }
    },
    "BNB_USD": {
      "current": 567.59,
      "next_1h": 567.64,
      "next_24h": 568.9,
      "change_pct": 0.01,
      "trend": "\ud83d\udcc8 UP",
      "predictions": [
        567.64,
        567.73,
        567.78,
        567.82,
        567.88,
        567.94,
        568.0,
        568.05,
        568.11,
        568.16,
        568.22,
        568.27,
        568.32,
        568.38,
        568.43,
        568.48,
        568.54,
        568.59,
        568.64,
        568.7,
        568.75,
        568.8,
        568.85,
        568.9
      ],
      "metrics": {
        "MAE": 0.93669,
        "RMSE": 1.324391,
        "MAPE": 0.1634,
        "R2": 0.9555
      }
    }
  }
}