{
  "generated_at": "2026-07-03 10:48:31",
  "exchange_rates": {
    "USD_TZS": {
      "current": 2621.5058,
      "next_1h": 2621.261,
      "next_24h": 2616.9922,
      "change_pct": -0.009,
      "trend": "\ud83d\udcc9 DOWN",
      "predictions": [
        2621.261,
        2621.0187,
        2620.7787,
        2620.5627,
        2620.3488,
        2620.1371,
        2619.9298,
        2619.7268,
        2619.5282,
        2619.3335,
        2619.1429,
        2618.9561,
        2618.7732,
        2618.594,
        2618.4185,
        2618.2466,
        2618.0782,
        2617.9133,
        2617.7517,
        2617.5935,
        2617.4385,
        2617.2866,
        2617.1379,
        2616.9922
      ],
      "metrics": {
        "MAE": 0.768572,
        "RMSE": 2.995152,
        "MAPE": 0.0293,
        "R2": 0.8835
      }
    },
    "USD_KES": {
      "current": 129.2535,
      "next_1h": 129.2564,
      "next_24h": 129.3201,
      "change_pct": 0.002,
      "trend": "\ud83d\udcc8 UP",
      "predictions": [
        129.2564,
        129.2593,
        129.2621,
        129.2653,
        129.2686,
        129.2717,
        129.2749,
        129.2779,
        129.2809,
        129.2839,
        129.2868,
        129.2897,
        129.2925,
        129.2952,
        129.2979,
        129.3006,
        129.3032,
        129.3057,
        129.3082,
        129.3107,
        129.3131,
        129.3155,
        129.3178,
        129.3201
      ],
      "metrics": {
        "MAE": 0.005339,
        "RMSE": 0.02226,
        "MAPE": 0.0041,
        "R2": 0.9068
      }
    },
    "USD_UGX": {
      "current": 3644.8929,
      "next_1h": 3644.812,
      "next_24h": 3642.7121,
      "change_pct": -0.002,
      "trend": "\ud83d\udcc9 DOWN",
      "predictions": [
        3644.812,
        3644.7312,
        3644.6505,
        3644.5572,
        3644.4641,
        3644.3711,
        3644.2782,
        3644.1855,
        3644.0928,
        3644.0002,
        3643.9076,
        3643.8152,
        3643.7228,
        3643.6305,
        3643.5383,
        3643.4462,
        3643.3542,
        3643.2622,
        3643.1703,
        3643.0785,
        3642.9868,
        3642.8952,
        3642.8036,
        3642.7121
      ],
      "metrics": {
        "MAE": 1.01706,
        "RMSE": 4.288487,
        "MAPE": 0.0278,
        "R2": 0.8923
      }
    },
    "USD_EUR": {
      "current": 0.8754,
      "next_1h": 0.8754,
      "next_24h": 0.877,
      "change_pct": 0.01,
      "trend": "\ud83d\udcc8 UP",
      "predictions": [
        0.8754,
        0.8755,
        0.8756,
        0.8757,
        0.8757,
        0.8758,
        0.8759,
        0.8759,
        0.876,
        0.876,
        0.8761,
        0.8762,
        0.8762,
        0.8763,
        0.8764,
        0.8764,
        0.8765,
        0.8766,
        0.8766,
        0.8767,
        0.8768,
        0.8768,
        0.8769,
        0.877
      ],
      "metrics": {
        "MAE": 0.000164,
        "RMSE": 0.000477,
        "MAPE": 0.0187,
        "R2": 0.9018
      }
    }
  },
  "crypto": {
    "BTC_USD": {
      "current": 61869.0,
      "next_1h": 61807.69,
      "next_24h": 61553.28,
      "change_pct": -0.099,
      "trend": "\ud83d\udcc9 DOWN",
      "predictions": [
        61807.69,
        61774.5,
        61783.9,
        61807.77,
        61798.53,
        61777.66,
        61763.76,
        61754.56,
        61744.45,
        61731.1,
        61717.38,
        61704.67,
        61692.32,
        61679.7,
        61666.83,
        61654.04,
        61641.38,
        61628.75,
        61616.11,
        61603.48,
        61590.88,
        61578.33,
        61565.79,
        61553.28
      ],
      "metrics": {
        "MAE": 267.262434,
        "RMSE": 396.147129,
        "MAPE": 0.446,
        "R2": 0.7655
      }
    },
    "ETH_USD": {
      "current": 1742.58,
      "next_1h": 1740.53,
      "next_24h": 1728.37,
      "change_pct": -0.117,
      "trend": "\ud83d\udcc9 DOWN",
      "predictions": [
        1740.53,
        1738.37,
        1738.81,
        1739.02,
        1737.74,
        1737.19,
        1736.82,
        1736.31,
        1735.75,
        1735.27,
        1734.78,
        1734.27,
        1733.77,
        1733.27,
        1732.78,
        1732.28,
        1731.79,
        1731.3,
        1730.81,
        1730.32,
        1729.83,
        1729.34,
        1728.85,
        1728.37
      ],
      "metrics": {
        "MAE": 8.814041,
        "RMSE": 13.650998,
        "MAPE": 0.5516,
        "R2": 0.8698
      }
    },
    "BNB_USD": {
      "current": 564.53,
      "next_1h": 564.76,
      "next_24h": 567.7,
      "change_pct": 0.041,
      "trend": "\ud83d\udcc8 UP",
      "predictions": [
        564.76,
        565.01,
        565.28,
        565.53,
        565.61,
        565.73,
        565.86,
        565.97,
        566.08,
        566.19,
        566.31,
        566.42,
        566.53,
        566.63,
        566.74,
        566.85,
        566.96,
        567.07,
        567.17,
        567.28,
        567.39,
        567.49,
        567.6,
        567.7
      ],
      "metrics": {
        "MAE": 2.201874,
        "RMSE": 3.224439,
        "MAPE": 0.3962,
        "R2": 0.7825
      }
    }
  }
}