{
  "generated_at": "2026-04-07 17:28:46",
  "exchange_rates": {
    "USD_TZS": {
      "current": 2587.8802,
      "next_1h": 2587.7251,
      "next_24h": 2584.8047,
      "change_pct": -0.006,
      "trend": "\ud83d\udcc9 DOWN",
      "predictions": [
        2587.7251,
        2587.5716,
        2587.4196,
        2587.2692,
        2587.1203,
        2586.973,
        2586.8288,
        2586.6876,
        2586.5495,
        2586.4143,
        2586.2821,
        2586.1528,
        2586.0263,
        2585.9025,
        2585.7815,
        2585.6631,
        2585.5473,
        2585.4341,
        2585.3233,
        2585.2149,
        2585.109,
        2585.0053,
        2584.9039,
        2584.8047
      ],
      "metrics": {
        "MAE": 0.681339,
        "RMSE": 2.555395,
        "MAPE": 0.0263,
        "R2": 0.8601
      }
    },
    "USD_KES": {
      "current": 129.9956,
      "next_1h": 129.9932,
      "next_24h": 129.9407,
      "change_pct": -0.002,
      "trend": "\ud83d\udcc9 DOWN",
      "predictions": [
        129.9932,
        129.9907,
        129.9883,
        129.9859,
        129.9835,
        129.9811,
        129.9787,
        129.9764,
        129.974,
        129.9717,
        129.9694,
        129.9671,
        129.9648,
        129.9626,
        129.9603,
        129.9581,
        129.9559,
        129.9537,
        129.9515,
        129.9493,
        129.9471,
        129.945,
        129.9429,
        129.9407
      ],
      "metrics": {
        "MAE": 0.004941,
        "RMSE": 0.020147,
        "MAPE": 0.0038,
        "R2": 0.916
      }
    },
    "USD_UGX": {
      "current": 3754.382,
      "next_1h": 3754.3902,
      "next_24h": 3754.5565,
      "change_pct": 0.0,
      "trend": "\ud83d\udcc9 DOWN",
      "predictions": [
        3754.3902,
        3754.3983,
        3754.4062,
        3754.4142,
        3754.422,
        3754.4297,
        3754.4374,
        3754.4449,
        3754.4524,
        3754.4599,
        3754.4672,
        3754.4745,
        3754.4817,
        3754.4889,
        3754.4959,
        3754.5029,
        3754.5099,
        3754.5167,
        3754.5235,
        3754.5302,
        3754.5369,
        3754.5435,
        3754.55,
        3754.5565
      ],
      "metrics": {
        "MAE": 0.467991,
        "RMSE": 2.405744,
        "MAPE": 0.0125,
        "R2": 0.884
      }
    },
    "USD_EUR": {
      "current": 0.8662,
      "next_1h": 0.8663,
      "next_24h": 0.8666,
      "change_pct": 0.002,
      "trend": "\ud83d\udcc8 UP",
      "predictions": [
        0.8663,
        0.8663,
        0.8663,
        0.8663,
        0.8663,
        0.8663,
        0.8664,
        0.8664,
        0.8664,
        0.8664,
        0.8664,
        0.8664,
        0.8664,
        0.8665,
        0.8665,
        0.8665,
        0.8665,
        0.8665,
        0.8665,
        0.8665,
        0.8665,
        0.8666,
        0.8666,
        0.8666
      ],
      "metrics": {
        "MAE": 0.000112,
        "RMSE": 0.000557,
        "MAPE": 0.0129,
        "R2": 0.9151
      }
    }
  },
  "crypto": {
    "BTC_USD": {
      "current": 68374.0,
      "next_1h": 68407.22,
      "next_24h": 68778.9,
      "change_pct": 0.049,
      "trend": "\ud83d\udcc8 UP",
      "predictions": [
        68407.22,
        68440.49,
        68447.58,
        68459.06,
        68476.79,
        68493.14,
        68510.28,
        68528.2,
        68545.44,
        68562.27,
        68578.95,
        68595.37,
        68611.58,
        68627.65,
        68643.54,
        68659.25,
        68674.8,
        68690.17,
        68705.38,
        68720.41,
        68735.28,
        68749.98,
        68764.52,
        68778.9
      ],
      "metrics": {
        "MAE": 177.003551,
        "RMSE": 267.807498,
        "MAPE": 0.2608,
        "R2": 0.9322
      }
    },
    "ETH_USD": {
      "current": 2084.7,
      "next_1h": 2085.57,
      "next_24h": 2096.85,
      "change_pct": 0.042,
      "trend": "\ud83d\udcc8 UP",
      "predictions": [
        2085.57,
        2086.21,
        2086.63,
        2087.14,
        2087.68,
        2088.22,
        2088.76,
        2089.29,
        2089.81,
        2090.32,
        2090.83,
        2091.33,
        2091.83,
        2092.32,
        2092.8,
        2093.27,
        2093.74,
        2094.2,
        2094.66,
        2095.11,
        2095.55,
        2095.99,
        2096.42,
        2096.85
      ],
      "metrics": {
        "MAE": 7.291589,
        "RMSE": 11.281417,
        "MAPE": 0.3488,
        "R2": 0.9127
      }
    },
    "BNB_USD": {
      "current": 602.31,
      "next_1h": 602.54,
      "next_24h": 608.67,
      "change_pct": 0.038,
      "trend": "\ud83d\udcc8 UP",
      "predictions": [
        602.54,
        603.0,
        603.14,
        603.33,
        603.53,
        603.82,
        604.1,
        604.39,
        604.68,
        604.97,
        605.25,
        605.52,
        605.8,
        606.07,
        606.34,
        606.61,
        606.87,
        607.14,
        607.4,
        607.66,
        607.91,
        608.17,
        608.42,
        608.67
      ],
      "metrics": {
        "MAE": 1.602372,
        "RMSE": 2.351054,
        "MAPE": 0.2697,
        "R2": 0.9347
      }
    }
  }
}