{
  "generated_at": "2026-04-21 23:20:13",
  "exchange_rates": {
    "USD_TZS": {
      "current": 2603.7655,
      "next_1h": 2603.5749,
      "next_24h": 2599.7108,
      "change_pct": -0.007,
      "trend": "\ud83d\udcc9 DOWN",
      "predictions": [
        2603.5749,
        2603.3856,
        2603.1974,
        2603.0104,
        2602.8246,
        2602.6399,
        2602.4576,
        2602.2778,
        2602.1004,
        2601.9254,
        2601.7528,
        2601.5825,
        2601.4145,
        2601.2488,
        2601.0854,
        2600.9242,
        2600.7651,
        2600.6083,
        2600.4535,
        2600.3009,
        2600.1503,
        2600.0018,
        2599.8553,
        2599.7108
      ],
      "metrics": {
        "MAE": 0.303539,
        "RMSE": 0.864284,
        "MAPE": 0.0117,
        "R2": 0.9089
      }
    },
    "USD_KES": {
      "current": 129.059,
      "next_1h": 129.0625,
      "next_24h": 129.1368,
      "change_pct": 0.003,
      "trend": "\ud83d\udcc8 UP",
      "predictions": [
        129.0625,
        129.0659,
        129.0693,
        129.0727,
        129.0761,
        129.0794,
        129.0828,
        129.0861,
        129.0895,
        129.0928,
        129.096,
        129.0993,
        129.1025,
        129.1057,
        129.1089,
        129.1121,
        129.1153,
        129.1184,
        129.1215,
        129.1246,
        129.1277,
        129.1308,
        129.1338,
        129.1368
      ],
      "metrics": {
        "MAE": 0.00503,
        "RMSE": 0.012792,
        "MAPE": 0.0039,
        "R2": 0.9779
      }
    },
    "USD_UGX": {
      "current": 3698.5495,
      "next_1h": 3698.8658,
      "next_24h": 3705.3786,
      "change_pct": 0.009,
      "trend": "\ud83d\udcc8 UP",
      "predictions": [
        3698.8658,
        3699.1797,
        3699.4913,
        3699.8007,
        3700.1077,
        3700.4126,
        3700.7142,
        3701.0126,
        3701.3078,
        3701.5999,
        3701.889,
        3702.1749,
        3702.4578,
        3702.7378,
        3703.0147,
        3703.2887,
        3703.5598,
        3703.828,
        3704.0934,
        3704.356,
        3704.6157,
        3704.8727,
        3705.127,
        3705.3786
      ],
      "metrics": {
        "MAE": 0.614847,
        "RMSE": 2.306734,
        "MAPE": 0.0166,
        "R2": 0.9204
      }
    },
    "USD_EUR": {
      "current": 0.849,
      "next_1h": 0.8489,
      "next_24h": 0.8478,
      "change_pct": -0.006,
      "trend": "\ud83d\udcc9 DOWN",
      "predictions": [
        0.8489,
        0.8489,
        0.8488,
        0.8488,
        0.8487,
        0.8487,
        0.8486,
        0.8486,
        0.8485,
        0.8485,
        0.8484,
        0.8484,
        0.8483,
        0.8483,
        0.8482,
        0.8482,
        0.8481,
        0.8481,
        0.848,
        0.848,
        0.8479,
        0.8479,
        0.8479,
        0.8478
      ],
      "metrics": {
        "MAE": 9.6e-05,
        "RMSE": 0.000305,
        "MAPE": 0.0113,
        "R2": 0.9201
      }
    }
  },
  "crypto": {
    "BTC_USD": {
      "current": 75829.0,
      "next_1h": 75816.84,
      "next_24h": 75099.56,
      "change_pct": -0.016,
      "trend": "\ud83d\udcc9 DOWN",
      "predictions": [
        75816.84,
        75758.39,
        75775.58,
        75715.11,
        75683.27,
        75656.99,
        75619.02,
        75588.96,
        75557.18,
        75524.5,
        75493.44,
        75461.85,
        75430.54,
        75399.6,
        75368.7,
        75338.05,
        75307.59,
        75277.3,
        75247.22,
        75217.32,
        75187.6,
        75158.07,
        75128.72,
        75099.56
      ],
      "metrics": {
        "MAE": 245.298862,
        "RMSE": 321.7163,
        "MAPE": 0.3246,
        "R2": 0.8837
      }
    },
    "ETH_USD": {
      "current": 2319.21,
      "next_1h": 2318.55,
      "next_24h": 2289.94,
      "change_pct": -0.028,
      "trend": "\ud83d\udcc9 DOWN",
      "predictions": [
        2318.55,
        2317.17,
        2316.83,
        2314.82,
        2313.64,
        2312.4,
        2310.94,
        2309.69,
        2308.36,
        2307.04,
        2305.76,
        2304.47,
        2303.2,
        2301.94,
        2300.69,
        2299.46,
        2298.23,
        2297.01,
        2295.81,
        2294.61,
        2293.43,
        2292.26,
        2291.1,
        2289.94
      ],
      "metrics": {
        "MAE": 8.860169,
        "RMSE": 11.807544,
        "MAPE": 0.379,
        "R2": 0.9076
      }
    },
    "BNB_USD": {
      "current": 630.52,
      "next_1h": 630.31,
      "next_24h": 624.16,
      "change_pct": -0.034,
      "trend": "\ud83d\udcc9 DOWN",
      "predictions": [
        630.31,
        630.04,
        629.84,
        629.39,
        629.05,
        628.76,
        628.46,
        628.18,
        627.91,
        627.63,
        627.37,
        627.1,
        626.83,
        626.57,
        626.32,
        626.06,
        625.82,
        625.57,
        625.33,
        625.09,
        624.85,
        624.62,
        624.39,
        624.16
      ],
      "metrics": {
        "MAE": 1.624297,
        "RMSE": 2.175396,
        "MAPE": 0.2581,
        "R2": 0.9096
      }
    }
  }
}