{
  "generated_at": "2026-07-23 02:43:17",
  "exchange_rates": {
    "USD_TZS": {
      "current": 2629.5122,
      "next_1h": 2629.2105,
      "next_24h": 2623.8037,
      "change_pct": -0.011,
      "trend": "\ud83d\udcc9 DOWN",
      "predictions": [
        2629.2105,
        2628.9145,
        2628.6242,
        2628.3394,
        2628.0492,
        2627.7645,
        2627.4876,
        2627.2184,
        2626.9565,
        2626.7018,
        2626.4543,
        2626.2138,
        2625.98,
        2625.7527,
        2625.5319,
        2625.3173,
        2625.1087,
        2624.9059,
        2624.7089,
        2624.5174,
        2624.3313,
        2624.1504,
        2623.9746,
        2623.8037
      ],
      "metrics": {
        "MAE": 0.518961,
        "RMSE": 2.018062,
        "MAPE": 0.0198,
        "R2": 0.9583
      }
    },
    "USD_KES": {
      "current": 129.3132,
      "next_1h": 129.3133,
      "next_24h": 129.32,
      "change_pct": 0.0,
      "trend": "\ud83d\udcc9 DOWN",
      "predictions": [
        129.3133,
        129.3133,
        129.3133,
        129.3134,
        129.3137,
        129.3141,
        129.3144,
        129.3148,
        129.3151,
        129.3155,
        129.3158,
        129.3161,
        129.3165,
        129.3168,
        129.3171,
        129.3175,
        129.3178,
        129.3181,
        129.3184,
        129.3188,
        129.3191,
        129.3194,
        129.3197,
        129.32
      ],
      "metrics": {
        "MAE": 0.002871,
        "RMSE": 0.013921,
        "MAPE": 0.0022,
        "R2": 0.8919
      }
    },
    "USD_UGX": {
      "current": 3709.7573,
      "next_1h": 3709.6522,
      "next_24h": 3706.9065,
      "change_pct": -0.003,
      "trend": "\ud83d\udcc9 DOWN",
      "predictions": [
        3709.6522,
        3709.5472,
        3709.4425,
        3709.338,
        3709.2127,
        3709.0877,
        3708.9631,
        3708.8389,
        3708.715,
        3708.5916,
        3708.4686,
        3708.346,
        3708.2238,
        3708.102,
        3707.9806,
        3707.8597,
        3707.7391,
        3707.6189,
        3707.4992,
        3707.3799,
        3707.2609,
        3707.1424,
        3707.0242,
        3706.9065
      ],
      "metrics": {
        "MAE": 0.508013,
        "RMSE": 2.660999,
        "MAPE": 0.0138,
        "R2": 0.9465
      }
    },
    "USD_EUR": {
      "current": 0.8764,
      "next_1h": 0.8764,
      "next_24h": 0.8765,
      "change_pct": 0.001,
      "trend": "\ud83d\udcc8 UP",
      "predictions": [
        0.8764,
        0.8764,
        0.8764,
        0.8764,
        0.8764,
        0.8764,
        0.8764,
        0.8764,
        0.8764,
        0.8764,
        0.8764,
        0.8764,
        0.8764,
        0.8764,
        0.8764,
        0.8764,
        0.8764,
        0.8765,
        0.8765,
        0.8765,
        0.8765,
        0.8765,
        0.8765,
        0.8765
      ],
      "metrics": {
        "MAE": 4.3e-05,
        "RMSE": 0.000226,
        "MAPE": 0.005,
        "R2": 0.9695
      }
    }
  },
  "crypto": {
    "BTC_USD": {
      "current": 65727.0,
      "next_1h": 65716.8,
      "next_24h": 65372.67,
      "change_pct": -0.016,
      "trend": "\ud83d\udcc9 DOWN",
      "predictions": [
        65716.8,
        65695.3,
        65672.96,
        65659.8,
        65644.03,
        65629.38,
        65614.24,
        65599.26,
        65584.64,
        65570.02,
        65555.49,
        65540.99,
        65526.58,
        65512.25,
        65497.98,
        65483.79,
        65469.66,
        65455.6,
        65441.61,
        65427.69,
        65413.83,
        65400.05,
        65386.33,
        65372.67
      ],
      "metrics": {
        "MAE": 97.576921,
        "RMSE": 142.760417,
        "MAPE": 0.1505,
        "R2": 0.9806
      }
    },
    "ETH_USD": {
      "current": 1924.76,
      "next_1h": 1923.83,
      "next_24h": 1904.3,
      "change_pct": -0.048,
      "trend": "\ud83d\udcc9 DOWN",
      "predictions": [
        1923.83,
        1922.94,
        1922.09,
        1921.19,
        1920.31,
        1919.43,
        1918.55,
        1917.68,
        1916.81,
        1915.95,
        1915.09,
        1914.23,
        1913.38,
        1912.54,
        1911.69,
        1910.85,
        1910.02,
        1909.19,
        1908.36,
        1907.54,
        1906.72,
        1905.91,
        1905.1,
        1904.3
      ],
      "metrics": {
        "MAE": 3.931749,
        "RMSE": 5.501471,
        "MAPE": 0.2088,
        "R2": 0.978
      }
    },
    "BNB_USD": {
      "current": 570.17,
      "next_1h": 570.19,
      "next_24h": 570.99,
      "change_pct": 0.003,
      "trend": "\ud83d\udcc8 UP",
      "predictions": [
        570.19,
        570.21,
        570.27,
        570.29,
        570.33,
        570.37,
        570.4,
        570.44,
        570.47,
        570.51,
        570.55,
        570.58,
        570.62,
        570.65,
        570.69,
        570.72,
        570.75,
        570.79,
        570.82,
        570.86,
        570.89,
        570.93,
        570.96,
        570.99
      ],
      "metrics": {
        "MAE": 0.748697,
        "RMSE": 1.039134,
        "MAPE": 0.1315,
        "R2": 0.9078
      }
    }
  }
}