{
  "generated_at": "2026-06-20 19:38:24",
  "exchange_rates": {
    "USD_TZS": {
      "current": 2612.1229,
      "next_1h": 2612.0391,
      "next_24h": 2610.3373,
      "change_pct": -0.003,
      "trend": "\ud83d\udcc9 DOWN",
      "predictions": [
        2612.0391,
        2611.9558,
        2611.8731,
        2611.7908,
        2611.7091,
        2611.6279,
        2611.5477,
        2611.4686,
        2611.3905,
        2611.3135,
        2611.2375,
        2611.1626,
        2611.0886,
        2611.0156,
        2610.9436,
        2610.8725,
        2610.8024,
        2610.7333,
        2610.665,
        2610.5977,
        2610.5313,
        2610.4658,
        2610.4011,
        2610.3373
      ],
      "metrics": {
        "MAE": 0.6443,
        "RMSE": 3.086799,
        "MAPE": 0.0247,
        "R2": 0.813
      }
    },
    "USD_KES": {
      "current": 129.459,
      "next_1h": 129.4583,
      "next_24h": 129.4442,
      "change_pct": -0.001,
      "trend": "\ud83d\udcc9 DOWN",
      "predictions": [
        129.4583,
        129.4576,
        129.457,
        129.4563,
        129.4557,
        129.455,
        129.4544,
        129.4537,
        129.4531,
        129.4525,
        129.4518,
        129.4512,
        129.4506,
        129.45,
        129.4494,
        129.4488,
        129.4482,
        129.4476,
        129.447,
        129.4464,
        129.4459,
        129.4453,
        129.4447,
        129.4442
      ],
      "metrics": {
        "MAE": 0.002677,
        "RMSE": 0.013235,
        "MAPE": 0.0021,
        "R2": 0.8935
      }
    },
    "USD_UGX": {
      "current": 3669.712,
      "next_1h": 3671.0239,
      "next_24h": 3696.1102,
      "change_pct": 0.036,
      "trend": "\ud83d\udcc8 UP",
      "predictions": [
        3671.0239,
        3672.3232,
        3673.6097,
        3674.8834,
        3676.1446,
        3677.3932,
        3678.6178,
        3679.8187,
        3680.9961,
        3682.1505,
        3683.2822,
        3684.3915,
        3685.4789,
        3686.5448,
        3687.5896,
        3688.6137,
        3689.6176,
        3690.6016,
        3691.5662,
        3692.5117,
        3693.4385,
        3694.3469,
        3695.2374,
        3696.1102
      ],
      "metrics": {
        "MAE": 1.983146,
        "RMSE": 6.111242,
        "MAPE": 0.054,
        "R2": 0.9751
      }
    },
    "USD_EUR": {
      "current": 0.8719,
      "next_1h": 0.8719,
      "next_24h": 0.8717,
      "change_pct": -0.001,
      "trend": "\ud83d\udcc9 DOWN",
      "predictions": [
        0.8719,
        0.8719,
        0.8719,
        0.8719,
        0.8719,
        0.8719,
        0.8719,
        0.8719,
        0.8718,
        0.8718,
        0.8718,
        0.8718,
        0.8718,
        0.8718,
        0.8718,
        0.8718,
        0.8718,
        0.8718,
        0.8718,
        0.8717,
        0.8717,
        0.8717,
        0.8717,
        0.8717
      ],
      "metrics": {
        "MAE": 0.000125,
        "RMSE": 0.000662,
        "MAPE": 0.0144,
        "R2": 0.9628
      }
    }
  },
  "crypto": {
    "BTC_USD": {
      "current": 63819.0,
      "next_1h": 63787.76,
      "next_24h": 63055.42,
      "change_pct": -0.049,
      "trend": "\ud83d\udcc9 DOWN",
      "predictions": [
        63787.76,
        63738.18,
        63702.33,
        63680.84,
        63653.23,
        63620.03,
        63587.09,
        63556.26,
        63525.97,
        63494.73,
        63463.12,
        63431.72,
        63400.51,
        63369.25,
        63337.89,
        63306.51,
        63275.15,
        63243.8,
        63212.43,
        63181.04,
        63149.65,
        63118.25,
        63086.84,
        63055.42
      ],
      "metrics": {
        "MAE": 229.11658,
        "RMSE": 328.573599,
        "MAPE": 0.3556,
        "R2": 0.9133
      }
    },
    "ETH_USD": {
      "current": 1726.15,
      "next_1h": 1724.32,
      "next_24h": 1698.92,
      "change_pct": -0.106,
      "trend": "\ud83d\udcc9 DOWN",
      "predictions": [
        1724.32,
        1723.04,
        1722.17,
        1721.07,
        1719.91,
        1718.8,
        1717.71,
        1716.61,
        1715.5,
        1714.39,
        1713.29,
        1712.19,
        1711.08,
        1709.98,
        1708.87,
        1707.76,
        1706.66,
        1705.55,
        1704.45,
        1703.34,
        1702.24,
        1701.13,
        1700.02,
        1698.92
      ],
      "metrics": {
        "MAE": 8.585216,
        "RMSE": 13.692071,
        "MAPE": 0.496,
        "R2": 0.9146
      }
    },
    "BNB_USD": {
      "current": 585.35,
      "next_1h": 585.56,
      "next_24h": 592.6,
      "change_pct": 0.036,
      "trend": "\ud83d\udcc8 UP",
      "predictions": [
        585.56,
        585.84,
        586.19,
        586.49,
        586.8,
        587.12,
        587.44,
        587.76,
        588.08,
        588.39,
        588.71,
        589.02,
        589.33,
        589.64,
        589.94,
        590.25,
        590.55,
        590.85,
        591.14,
        591.44,
        591.73,
        592.02,
        592.31,
        592.6
      ],
      "metrics": {
        "MAE": 1.998104,
        "RMSE": 2.921751,
        "MAPE": 0.3328,
        "R2": 0.9513
      }
    }
  }
}