{
  "generated_at": "2026-05-02 20:20:29",
  "exchange_rates": {
    "USD_TZS": {
      "current": 2612.7895,
      "next_1h": 2612.0905,
      "next_24h": 2601.9167,
      "change_pct": -0.027,
      "trend": "\ud83d\udcc9 DOWN",
      "predictions": [
        2612.0905,
        2611.4079,
        2610.7415,
        2610.0907,
        2609.4552,
        2608.8346,
        2608.2453,
        2607.686,
        2607.1556,
        2606.6531,
        2606.1776,
        2605.7279,
        2605.3028,
        2604.901,
        2604.5211,
        2604.1622,
        2603.8229,
        2603.5023,
        2603.1993,
        2602.913,
        2602.6424,
        2602.3867,
        2602.145,
        2601.9167
      ],
      "metrics": {
        "MAE": 0.848468,
        "RMSE": 2.537891,
        "MAPE": 0.0326,
        "R2": 0.8796
      }
    },
    "USD_KES": {
      "current": 129.1271,
      "next_1h": 129.1273,
      "next_24h": 129.1321,
      "change_pct": 0.0,
      "trend": "\ud83d\udcc9 DOWN",
      "predictions": [
        129.1273,
        129.1275,
        129.1278,
        129.128,
        129.1282,
        129.1284,
        129.1286,
        129.1288,
        129.129,
        129.1292,
        129.1294,
        129.1296,
        129.1298,
        129.1301,
        129.1303,
        129.1305,
        129.1307,
        129.1309,
        129.1311,
        129.1313,
        129.1315,
        129.1317,
        129.1319,
        129.1321
      ],
      "metrics": {
        "MAE": 0.003842,
        "RMSE": 0.020922,
        "MAPE": 0.003,
        "R2": 0.9503
      }
    },
    "USD_UGX": {
      "current": 3724.1276,
      "next_1h": 3724.0202,
      "next_24h": 3721.7326,
      "change_pct": -0.003,
      "trend": "\ud83d\udcc9 DOWN",
      "predictions": [
        3724.0202,
        3723.9132,
        3723.8067,
        3723.7007,
        3723.595,
        3723.4899,
        3723.3855,
        3723.282,
        3723.1793,
        3723.0774,
        3722.9763,
        3722.876,
        3722.7765,
        3722.6778,
        3722.5798,
        3722.4827,
        3722.3863,
        3722.2907,
        3722.1958,
        3722.1017,
        3722.0083,
        3721.9157,
        3721.8238,
        3721.7326
      ],
      "metrics": {
        "MAE": 0.642998,
        "RMSE": 2.962127,
        "MAPE": 0.0174,
        "R2": 0.9579
      }
    },
    "USD_EUR": {
      "current": 0.8529,
      "next_1h": 0.8529,
      "next_24h": 0.8528,
      "change_pct": -0.001,
      "trend": "\ud83d\udcc9 DOWN",
      "predictions": [
        0.8529,
        0.8529,
        0.8529,
        0.8529,
        0.8529,
        0.8529,
        0.8529,
        0.8529,
        0.8529,
        0.8529,
        0.8529,
        0.8528,
        0.8528,
        0.8528,
        0.8528,
        0.8528,
        0.8528,
        0.8528,
        0.8528,
        0.8528,
        0.8528,
        0.8528,
        0.8528,
        0.8528
      ],
      "metrics": {
        "MAE": 6.4e-05,
        "RMSE": 0.000291,
        "MAPE": 0.0075,
        "R2": 0.8923
      }
    }
  },
  "crypto": {
    "BTC_USD": {
      "current": 78415.0,
      "next_1h": 78429.38,
      "next_24h": 78337.92,
      "change_pct": 0.018,
      "trend": "\ud83d\udcc8 UP",
      "predictions": [
        78429.38,
        78423.74,
        78412.11,
        78415.74,
        78408.78,
        78405.99,
        78402.6,
        78397.77,
        78394.6,
        78390.47,
        78386.65,
        78382.91,
        78378.99,
        78375.24,
        78371.43,
        78367.65,
        78363.9,
        78360.14,
        78356.41,
        78352.68,
        78348.97,
        78345.28,
        78341.59,
        78337.92
      ],
      "metrics": {
        "MAE": 193.325473,
        "RMSE": 279.848371,
        "MAPE": 0.2503,
        "R2": 0.9116
      }
    },
    "ETH_USD": {
      "current": 2309.39,
      "next_1h": 2309.97,
      "next_24h": 2302.87,
      "change_pct": 0.025,
      "trend": "\ud83d\udcc8 UP",
      "predictions": [
        2309.97,
        2309.43,
        2309.04,
        2309.02,
        2308.55,
        2308.32,
        2307.99,
        2307.64,
        2307.36,
        2307.02,
        2306.71,
        2306.4,
        2306.08,
        2305.78,
        2305.47,
        2305.17,
        2304.87,
        2304.58,
        2304.29,
        2304.0,
        2303.71,
        2303.43,
        2303.14,
        2302.87
      ],
      "metrics": {
        "MAE": 6.943366,
        "RMSE": 11.151599,
        "MAPE": 0.3019,
        "R2": 0.8809
      }
    },
    "BNB_USD": {
      "current": 618.52,
      "next_1h": 618.7,
      "next_24h": 618.48,
      "change_pct": 0.029,
      "trend": "\ud83d\udcc8 UP",
      "predictions": [
        618.7,
        618.63,
        618.64,
        618.64,
        618.62,
        618.63,
        618.62,
        618.61,
        618.6,
        618.59,
        618.58,
        618.57,
        618.57,
        618.56,
        618.55,
        618.54,
        618.53,
        618.52,
        618.52,
        618.51,
        618.5,
        618.49,
        618.49,
        618.48
      ],
      "metrics": {
        "MAE": 1.160329,
        "RMSE": 1.685319,
        "MAPE": 0.1862,
        "R2": 0.9299
      }
    }
  }
}