{
  "generated_at": "2026-03-17 22:00:32",
  "exchange_rates": {
    "USD_TZS": {
      "current": 2588.7451,
      "next_1h": 2588.0959,
      "next_24h": 2579.3582,
      "change_pct": -0.025,
      "trend": "\ud83d\udcc9 DOWN",
      "predictions": [
        2588.0959,
        2587.4851,
        2586.8906,
        2586.3212,
        2585.7569,
        2585.2154,
        2584.7036,
        2584.2202,
        2583.7633,
        2583.3321,
        2582.9256,
        2582.5426,
        2582.1817,
        2581.8417,
        2581.5214,
        2581.2197,
        2580.9355,
        2580.6678,
        2580.4157,
        2580.1781,
        2579.9544,
        2579.7437,
        2579.5452,
        2579.3582
      ],
      "metrics": {
        "MAE": 0.893466,
        "RMSE": 1.935697,
        "MAPE": 0.0345,
        "R2": 0.6613
      }
    },
    "USD_KES": {
      "current": 129.1762,
      "next_1h": 129.1829,
      "next_24h": 129.2438,
      "change_pct": 0.005,
      "trend": "\ud83d\udcc8 UP",
      "predictions": [
        129.1829,
        129.1903,
        129.1964,
        129.2016,
        129.2061,
        129.2101,
        129.2138,
        129.2172,
        129.2202,
        129.223,
        129.2256,
        129.2279,
        129.23,
        129.2319,
        129.2337,
        129.2353,
        129.2367,
        129.238,
        129.2392,
        129.2403,
        129.2413,
        129.2422,
        129.2431,
        129.2438
      ],
      "metrics": {
        "MAE": 0.008776,
        "RMSE": 0.011292,
        "MAPE": 0.0068,
        "R2": 0.5094
      }
    },
    "USD_UGX": {
      "current": 3759.6206,
      "next_1h": 3759.3937,
      "next_24h": 3754.906,
      "change_pct": -0.006,
      "trend": "\ud83d\udcc9 DOWN",
      "predictions": [
        3759.3937,
        3759.1709,
        3758.9525,
        3758.736,
        3758.5238,
        3758.3155,
        3758.1092,
        3757.905,
        3757.7029,
        3757.5028,
        3757.3047,
        3757.1086,
        3756.9146,
        3756.7225,
        3756.5324,
        3756.3442,
        3756.1579,
        3755.9735,
        3755.791,
        3755.6104,
        3755.4316,
        3755.2546,
        3755.0794,
        3754.906
      ],
      "metrics": {
        "MAE": 0.551082,
        "RMSE": 2.627966,
        "MAPE": 0.0147,
        "R2": 0.919
      }
    },
    "USD_EUR": {
      "current": 0.8706,
      "next_1h": 0.8706,
      "next_24h": 0.8706,
      "change_pct": 0.0,
      "trend": "\ud83d\udcc9 DOWN",
      "predictions": [
        0.8706,
        0.8706,
        0.8706,
        0.8706,
        0.8706,
        0.8706,
        0.8706,
        0.8706,
        0.8706,
        0.8706,
        0.8706,
        0.8706,
        0.8706,
        0.8706,
        0.8706,
        0.8706,
        0.8706,
        0.8706,
        0.8706,
        0.8706,
        0.8706,
        0.8706,
        0.8706,
        0.8706
      ],
      "metrics": {
        "MAE": 0.000162,
        "RMSE": 0.000619,
        "MAPE": 0.0185,
        "R2": 0.8987
      }
    }
  },
  "crypto": {
    "BTC_USD": {
      "current": 74687.0,
      "next_1h": 74577.91,
      "next_24h": 73358.22,
      "change_pct": -0.146,
      "trend": "\ud83d\udcc9 DOWN",
      "predictions": [
        74577.91,
        74507.81,
        74436.39,
        74365.89,
        74311.3,
        74253.22,
        74195.85,
        74139.41,
        74083.25,
        74028.53,
        73974.81,
        73922.04,
        73870.26,
        73819.38,
        73769.41,
        73720.34,
        73672.15,
        73624.82,
        73578.35,
        73532.71,
        73487.9,
        73443.88,
        73400.66,
        73358.22
      ],
      "metrics": {
        "MAE": 305.638288,
        "RMSE": 373.323675,
        "MAPE": 0.4134,
        "R2": 0.798
      }
    },
    "ETH_USD": {
      "current": 2338.57,
      "next_1h": 2317.17,
      "next_24h": 2078.83,
      "change_pct": -0.915,
      "trend": "\ud83d\udcc9 DOWN",
      "predictions": [
        2317.17,
        2297.94,
        2279.5,
        2261.31,
        2243.63,
        2225.1,
        2208.25,
        2192.74,
        2178.44,
        2165.43,
        2153.57,
        2142.95,
        2133.45,
        2124.96,
        2117.4,
        2110.69,
        2104.76,
        2099.51,
        2094.88,
        2090.8,
        2087.2,
        2084.04,
        2081.27,
        2078.83
      ],
      "metrics": {
        "MAE": 21.913663,
        "RMSE": 25.89289,
        "MAPE": 0.9553,
        "R2": 0.8372
      }
    },
    "BNB_USD": {
      "current": 673.73,
      "next_1h": 673.12,
      "next_24h": 666.42,
      "change_pct": -0.091,
      "trend": "\ud83d\udcc9 DOWN",
      "predictions": [
        673.12,
        672.66,
        672.31,
        671.92,
        671.59,
        671.26,
        670.94,
        670.62,
        670.31,
        670.0,
        669.71,
        669.42,
        669.13,
        668.86,
        668.59,
        668.32,
        668.07,
        667.81,
        667.57,
        667.33,
        667.09,
        666.86,
        666.64,
        666.42
      ],
      "metrics": {
        "MAE": 2.449072,
        "RMSE": 3.197829,
        "MAPE": 0.3625,
        "R2": 0.6402
      }
    }
  }
}