{
  "generated_at": "2026-03-22 23:00:25",
  "exchange_rates": {
    "USD_TZS": {
      "current": 2585.2839,
      "next_1h": 2585.3801,
      "next_24h": 2587.3618,
      "change_pct": 0.004,
      "trend": "\ud83d\udcc8 UP",
      "predictions": [
        2585.3801,
        2585.4738,
        2585.567,
        2585.6587,
        2585.7509,
        2585.842,
        2585.9323,
        2586.0219,
        2586.1108,
        2586.199,
        2586.2864,
        2586.3732,
        2586.4593,
        2586.5447,
        2586.6294,
        2586.7134,
        2586.7967,
        2586.8794,
        2586.9614,
        2587.0428,
        2587.1235,
        2587.2036,
        2587.283,
        2587.3618
      ],
      "metrics": {
        "MAE": 0.411945,
        "RMSE": 2.150833,
        "MAPE": 0.0159,
        "R2": 0.8517
      }
    },
    "USD_KES": {
      "current": 129.4379,
      "next_1h": 129.4288,
      "next_24h": 129.3176,
      "change_pct": -0.007,
      "trend": "\ud83d\udcc9 DOWN",
      "predictions": [
        129.4288,
        129.4186,
        129.41,
        129.4024,
        129.3955,
        129.3892,
        129.3832,
        129.3775,
        129.372,
        129.3669,
        129.3619,
        129.3573,
        129.3529,
        129.3487,
        129.3448,
        129.3411,
        129.3376,
        129.3342,
        129.3311,
        129.3281,
        129.3252,
        129.3225,
        129.32,
        129.3176
      ],
      "metrics": {
        "MAE": 0.011996,
        "RMSE": 0.013089,
        "MAPE": 0.0093,
        "R2": 0.8438
      }
    },
    "USD_UGX": {
      "current": 3777.7485,
      "next_1h": 3777.7961,
      "next_24h": 3778.7771,
      "change_pct": 0.001,
      "trend": "\ud83d\udcc8 UP",
      "predictions": [
        3777.7961,
        3777.843,
        3777.889,
        3777.9345,
        3777.9792,
        3778.0232,
        3778.0669,
        3778.1105,
        3778.1538,
        3778.1969,
        3778.2398,
        3778.2825,
        3778.3249,
        3778.3671,
        3778.4091,
        3778.4509,
        3778.4924,
        3778.5337,
        3778.5748,
        3778.6157,
        3778.6564,
        3778.6969,
        3778.7371,
        3778.7771
      ],
      "metrics": {
        "MAE": 0.164562,
        "RMSE": 0.71291,
        "MAPE": 0.0044,
        "R2": 0.8813
      }
    },
    "USD_EUR": {
      "current": 0.8655,
      "next_1h": 0.8656,
      "next_24h": 0.8668,
      "change_pct": 0.008,
      "trend": "\ud83d\udcc8 UP",
      "predictions": [
        0.8656,
        0.8656,
        0.8657,
        0.8658,
        0.8658,
        0.8659,
        0.8659,
        0.866,
        0.866,
        0.8661,
        0.8661,
        0.8662,
        0.8663,
        0.8663,
        0.8664,
        0.8664,
        0.8665,
        0.8665,
        0.8666,
        0.8666,
        0.8666,
        0.8667,
        0.8667,
        0.8668
      ],
      "metrics": {
        "MAE": 0.00015,
        "RMSE": 0.000582,
        "MAPE": 0.0174,
        "R2": 0.8019
      }
    }
  },
  "crypto": {
    "BTC_USD": {
      "current": 68300.0,
      "next_1h": 68348.5,
      "next_24h": 69267.44,
      "change_pct": 0.071,
      "trend": "\ud83d\udcc8 UP",
      "predictions": [
        68348.5,
        68407.36,
        68453.86,
        68494.93,
        68531.01,
        68575.31,
        68618.76,
        68661.89,
        68704.36,
        68746.04,
        68786.94,
        68827.24,
        68866.96,
        68906.11,
        68944.69,
        68982.71,
        69020.16,
        69057.07,
        69093.44,
        69129.28,
        69164.59,
        69199.38,
        69233.66,
        69267.44
      ],
      "metrics": {
        "MAE": 183.432013,
        "RMSE": 282.019985,
        "MAPE": 0.2635,
        "R2": 0.8934
      }
    },
    "ETH_USD": {
      "current": 2061.39,
      "next_1h": 2060.98,
      "next_24h": 2088.55,
      "change_pct": -0.02,
      "trend": "\ud83d\udcc9 DOWN",
      "predictions": [
        2060.98,
        2062.02,
        2063.35,
        2064.63,
        2066.52,
        2067.8,
        2069.16,
        2070.49,
        2071.81,
        2073.1,
        2074.35,
        2075.58,
        2076.79,
        2077.97,
        2079.13,
        2080.26,
        2081.37,
        2082.46,
        2083.53,
        2084.57,
        2085.6,
        2086.6,
        2087.58,
        2088.55
      ],
      "metrics": {
        "MAE": 7.449003,
        "RMSE": 11.655461,
        "MAPE": 0.3522,
        "R2": 0.8687
      }
    },
    "BNB_USD": {
      "current": 629.72,
      "next_1h": 630.37,
      "next_24h": 641.32,
      "change_pct": 0.103,
      "trend": "\ud83d\udcc8 UP",
      "predictions": [
        630.37,
        630.75,
        631.46,
        632.02,
        632.58,
        633.15,
        633.7,
        634.23,
        634.76,
        635.27,
        635.77,
        636.26,
        636.73,
        637.2,
        637.66,
        638.1,
        638.54,
        638.96,
        639.38,
        639.78,
        640.18,
        640.57,
        640.95,
        641.32
      ],
      "metrics": {
        "MAE": 1.347933,
        "RMSE": 2.164551,
        "MAPE": 0.2119,
        "R2": 0.854
      }
    }
  }
}