{
  "generated_at": "2026-07-07 09:43:14",
  "exchange_rates": {
    "USD_TZS": {
      "current": 2622.6358,
      "next_1h": 2622.3741,
      "next_24h": 2618.035,
      "change_pct": -0.01,
      "trend": "\ud83d\udcc9 DOWN",
      "predictions": [
        2622.3741,
        2622.1184,
        2621.8685,
        2621.6243,
        2621.3857,
        2621.1526,
        2620.927,
        2620.7085,
        2620.4971,
        2620.2925,
        2620.0945,
        2619.9029,
        2619.7175,
        2619.5382,
        2619.3646,
        2619.1967,
        2619.0342,
        2618.877,
        2618.7248,
        2618.5776,
        2618.4352,
        2618.2974,
        2618.1641,
        2618.035
      ],
      "metrics": {
        "MAE": 0.752468,
        "RMSE": 2.744883,
        "MAPE": 0.0287,
        "R2": 0.8897
      }
    },
    "USD_KES": {
      "current": 129.2243,
      "next_1h": 129.2279,
      "next_24h": 129.2996,
      "change_pct": 0.003,
      "trend": "\ud83d\udcc8 UP",
      "predictions": [
        129.2279,
        129.2315,
        129.2351,
        129.2387,
        129.2422,
        129.2457,
        129.2492,
        129.2526,
        129.2559,
        129.2592,
        129.2624,
        129.2656,
        129.2687,
        129.2718,
        129.2748,
        129.2777,
        129.2806,
        129.2835,
        129.2863,
        129.289,
        129.2917,
        129.2944,
        129.297,
        129.2996
      ],
      "metrics": {
        "MAE": 0.004943,
        "RMSE": 0.018492,
        "MAPE": 0.0038,
        "R2": 0.9809
      }
    },
    "USD_UGX": {
      "current": 3659.5308,
      "next_1h": 3659.677,
      "next_24h": 3662.9103,
      "change_pct": 0.004,
      "trend": "\ud83d\udcc8 UP",
      "predictions": [
        3659.677,
        3659.8229,
        3659.9685,
        3660.1137,
        3660.2587,
        3660.4033,
        3660.5473,
        3660.6908,
        3660.8337,
        3660.9761,
        3661.1178,
        3661.259,
        3661.3997,
        3661.5398,
        3661.6793,
        3661.8183,
        3661.9567,
        3662.0945,
        3662.2319,
        3662.3686,
        3662.5049,
        3662.6405,
        3662.7757,
        3662.9103
      ],
      "metrics": {
        "MAE": 1.050923,
        "RMSE": 3.828796,
        "MAPE": 0.0288,
        "R2": 0.8795
      }
    },
    "USD_EUR": {
      "current": 0.8746,
      "next_1h": 0.8747,
      "next_24h": 0.8759,
      "change_pct": 0.006,
      "trend": "\ud83d\udcc8 UP",
      "predictions": [
        0.8747,
        0.8747,
        0.8748,
        0.8748,
        0.8749,
        0.8749,
        0.875,
        0.8751,
        0.8751,
        0.8752,
        0.8752,
        0.8753,
        0.8753,
        0.8754,
        0.8754,
        0.8755,
        0.8755,
        0.8756,
        0.8756,
        0.8757,
        0.8757,
        0.8758,
        0.8758,
        0.8759
      ],
      "metrics": {
        "MAE": 0.000134,
        "RMSE": 0.000416,
        "MAPE": 0.0153,
        "R2": 0.9315
      }
    }
  },
  "crypto": {
    "BTC_USD": {
      "current": 63189.0,
      "next_1h": 63153.44,
      "next_24h": 62787.14,
      "change_pct": -0.056,
      "trend": "\ud83d\udcc9 DOWN",
      "predictions": [
        63153.44,
        63129.13,
        63114.59,
        63105.38,
        63091.25,
        63073.18,
        63056.11,
        63040.08,
        63024.29,
        63008.15,
        62991.88,
        62975.74,
        62959.74,
        62943.8,
        62927.88,
        62912.01,
        62896.2,
        62880.45,
        62864.76,
        62849.13,
        62833.55,
        62818.02,
        62802.55,
        62787.14
      ],
      "metrics": {
        "MAE": 215.961649,
        "RMSE": 335.849362,
        "MAPE": 0.3535,
        "R2": 0.966
      }
    },
    "ETH_USD": {
      "current": 1774.67,
      "next_1h": 1773.85,
      "next_24h": 1754.53,
      "change_pct": -0.046,
      "trend": "\ud83d\udcc9 DOWN",
      "predictions": [
        1773.85,
        1772.62,
        1771.83,
        1771.03,
        1770.06,
        1769.2,
        1768.38,
        1767.54,
        1766.7,
        1765.87,
        1765.04,
        1764.21,
        1763.39,
        1762.57,
        1761.75,
        1760.93,
        1760.12,
        1759.31,
        1758.51,
        1757.71,
        1756.91,
        1756.11,
        1755.32,
        1754.53
      ],
      "metrics": {
        "MAE": 7.500677,
        "RMSE": 11.344084,
        "MAPE": 0.4469,
        "R2": 0.9852
      }
    },
    "BNB_USD": {
      "current": 577.4,
      "next_1h": 577.33,
      "next_24h": 576.77,
      "change_pct": -0.012,
      "trend": "\ud83d\udcc9 DOWN",
      "predictions": [
        577.33,
        577.33,
        577.31,
        577.28,
        577.25,
        577.23,
        577.2,
        577.17,
        577.15,
        577.12,
        577.1,
        577.07,
        577.05,
        577.02,
        577.0,
        576.97,
        576.95,
        576.92,
        576.9,
        576.87,
        576.85,
        576.82,
        576.8,
        576.77
      ],
      "metrics": {
        "MAE": 1.818576,
        "RMSE": 2.673866,
        "MAPE": 0.323,
        "R2": 0.9675
      }
    }
  }
}