{
  "generated_at": "2026-04-28 07:08:44",
  "exchange_rates": {
    "USD_TZS": {
      "current": 2607.9469,
      "next_1h": 2607.7478,
      "next_24h": 2603.6013,
      "change_pct": -0.008,
      "trend": "\ud83d\udcc9 DOWN",
      "predictions": [
        2607.7478,
        2607.5516,
        2607.3347,
        2607.1211,
        2606.9107,
        2606.7034,
        2606.5001,
        2606.3008,
        2606.1054,
        2605.9139,
        2605.7262,
        2605.5422,
        2605.362,
        2605.1853,
        2605.0122,
        2604.8425,
        2604.6762,
        2604.5132,
        2604.3534,
        2604.1969,
        2604.0435,
        2603.8931,
        2603.7457,
        2603.6013
      ],
      "metrics": {
        "MAE": 0.76626,
        "RMSE": 3.811447,
        "MAPE": 0.0295,
        "R2": 0.868
      }
    },
    "USD_KES": {
      "current": 129.233,
      "next_1h": 129.2325,
      "next_24h": 129.2209,
      "change_pct": 0.0,
      "trend": "\ud83d\udcc9 DOWN",
      "predictions": [
        129.2325,
        129.232,
        129.2315,
        129.231,
        129.2305,
        129.2299,
        129.2294,
        129.2289,
        129.2284,
        129.2279,
        129.2274,
        129.2269,
        129.2264,
        129.2259,
        129.2254,
        129.2249,
        129.2244,
        129.2238,
        129.2233,
        129.2228,
        129.2223,
        129.2218,
        129.2214,
        129.2209
      ],
      "metrics": {
        "MAE": 0.004738,
        "RMSE": 0.022313,
        "MAPE": 0.0037,
        "R2": 0.9488
      }
    },
    "USD_UGX": {
      "current": 3673.747,
      "next_1h": 3673.9784,
      "next_24h": 3680.5461,
      "change_pct": 0.006,
      "trend": "\ud83d\udcc8 UP",
      "predictions": [
        3673.9784,
        3674.2092,
        3674.5154,
        3674.8205,
        3675.1247,
        3675.428,
        3675.7294,
        3676.029,
        3676.3265,
        3676.6219,
        3676.9153,
        3677.2066,
        3677.4958,
        3677.783,
        3678.0682,
        3678.3514,
        3678.6325,
        3678.9117,
        3679.189,
        3679.4642,
        3679.7376,
        3680.009,
        3680.2785,
        3680.5461
      ],
      "metrics": {
        "MAE": 0.749327,
        "RMSE": 3.547676,
        "MAPE": 0.0203,
        "R2": 0.8463
      }
    },
    "USD_EUR": {
      "current": 0.8526,
      "next_1h": 0.8526,
      "next_24h": 0.8522,
      "change_pct": -0.002,
      "trend": "\ud83d\udcc9 DOWN",
      "predictions": [
        0.8526,
        0.8526,
        0.8526,
        0.8526,
        0.8525,
        0.8525,
        0.8525,
        0.8525,
        0.8525,
        0.8524,
        0.8524,
        0.8524,
        0.8524,
        0.8524,
        0.8523,
        0.8523,
        0.8523,
        0.8523,
        0.8523,
        0.8522,
        0.8522,
        0.8522,
        0.8522,
        0.8522
      ],
      "metrics": {
        "MAE": 8.7e-05,
        "RMSE": 0.000358,
        "MAPE": 0.0103,
        "R2": 0.9586
      }
    }
  },
  "crypto": {
    "BTC_USD": {
      "current": 76657.0,
      "next_1h": 76622.36,
      "next_24h": 76609.89,
      "change_pct": -0.045,
      "trend": "\ud83d\udcc9 DOWN",
      "predictions": [
        76622.36,
        76685.48,
        76607.12,
        76634.79,
        76618.07,
        76605.64,
        76617.38,
        76608.19,
        76610.5,
        76610.78,
        76608.44,
        76610.14,
        76609.32,
        76609.36,
        76609.69,
        76609.38,
        76609.62,
        76609.62,
        76609.62,
        76609.73,
        76609.74,
        76609.8,
        76609.85,
        76609.89
      ],
      "metrics": {
        "MAE": 220.725417,
        "RMSE": 330.102507,
        "MAPE": 0.2846,
        "R2": 0.8239
      }
    },
    "ETH_USD": {
      "current": 2277.29,
      "next_1h": 2274.19,
      "next_24h": 2268.38,
      "change_pct": -0.136,
      "trend": "\ud83d\udcc9 DOWN",
      "predictions": [
        2274.19,
        2276.19,
        2272.88,
        2273.28,
        2272.41,
        2271.53,
        2271.71,
        2271.17,
        2271.0,
        2270.83,
        2270.54,
        2270.41,
        2270.2,
        2270.02,
        2269.86,
        2269.68,
        2269.52,
        2269.35,
        2269.18,
        2269.02,
        2268.86,
        2268.69,
        2268.54,
        2268.38
      ],
      "metrics": {
        "MAE": 7.817422,
        "RMSE": 12.004978,
        "MAPE": 0.3351,
        "R2": 0.8588
      }
    },
    "BNB_USD": {
      "current": 623.32,
      "next_1h": 623.02,
      "next_24h": 619.89,
      "change_pct": -0.049,
      "trend": "\ud83d\udcc9 DOWN",
      "predictions": [
        623.02,
        623.17,
        622.54,
        622.68,
        622.38,
        622.18,
        622.1,
        621.89,
        621.78,
        621.64,
        621.49,
        621.37,
        621.23,
        621.1,
        620.97,
        620.85,
        620.72,
        620.6,
        620.48,
        620.36,
        620.24,
        620.12,
        620.01,
        619.89
      ],
      "metrics": {
        "MAE": 1.430993,
        "RMSE": 2.009202,
        "MAPE": 0.2256,
        "R2": 0.8795
      }
    }
  }
}