{
  "generated_at": "2026-04-29 19:38:54",
  "exchange_rates": {
    "USD_TZS": {
      "current": 2610.5863,
      "next_1h": 2610.3549,
      "next_24h": 2605.8775,
      "change_pct": -0.009,
      "trend": "\ud83d\udcc9 DOWN",
      "predictions": [
        2610.3549,
        2610.1258,
        2609.899,
        2609.6745,
        2609.4522,
        2609.2322,
        2609.016,
        2608.8036,
        2608.595,
        2608.3901,
        2608.1889,
        2607.9912,
        2607.7971,
        2607.6064,
        2607.4192,
        2607.2353,
        2607.0547,
        2606.8773,
        2606.7031,
        2606.5319,
        2606.3639,
        2606.1988,
        2606.0367,
        2605.8775
      ],
      "metrics": {
        "MAE": 0.765408,
        "RMSE": 3.821769,
        "MAPE": 0.0295,
        "R2": 0.8773
      }
    },
    "USD_KES": {
      "current": 129.2315,
      "next_1h": 129.2312,
      "next_24h": 129.2252,
      "change_pct": 0.0,
      "trend": "\ud83d\udcc9 DOWN",
      "predictions": [
        129.2312,
        129.2309,
        129.2307,
        129.2304,
        129.2301,
        129.2299,
        129.2296,
        129.2293,
        129.2291,
        129.2288,
        129.2286,
        129.2283,
        129.228,
        129.2278,
        129.2275,
        129.2273,
        129.227,
        129.2268,
        129.2265,
        129.2263,
        129.226,
        129.2258,
        129.2255,
        129.2252
      ],
      "metrics": {
        "MAE": 0.003959,
        "RMSE": 0.02105,
        "MAPE": 0.0031,
        "R2": 0.9431
      }
    },
    "USD_UGX": {
      "current": 3697.9044,
      "next_1h": 3698.0091,
      "next_24h": 3700.2733,
      "change_pct": 0.003,
      "trend": "\ud83d\udcc8 UP",
      "predictions": [
        3698.0091,
        3698.1134,
        3698.2175,
        3698.3212,
        3698.4246,
        3698.5277,
        3698.6302,
        3698.7319,
        3698.8331,
        3698.9335,
        3699.0333,
        3699.1325,
        3699.231,
        3699.3289,
        3699.4261,
        3699.5227,
        3699.6187,
        3699.7141,
        3699.8088,
        3699.9029,
        3699.9964,
        3700.0893,
        3700.1816,
        3700.2733
      ],
      "metrics": {
        "MAE": 0.88582,
        "RMSE": 4.068098,
        "MAPE": 0.024,
        "R2": 0.8569
      }
    },
    "USD_EUR": {
      "current": 0.8541,
      "next_1h": 0.8541,
      "next_24h": 0.8537,
      "change_pct": -0.002,
      "trend": "\ud83d\udcc9 DOWN",
      "predictions": [
        0.8541,
        0.8541,
        0.854,
        0.854,
        0.854,
        0.854,
        0.854,
        0.854,
        0.8539,
        0.8539,
        0.8539,
        0.8539,
        0.8539,
        0.8539,
        0.8538,
        0.8538,
        0.8538,
        0.8538,
        0.8538,
        0.8538,
        0.8538,
        0.8537,
        0.8537,
        0.8537
      ],
      "metrics": {
        "MAE": 7.9e-05,
        "RMSE": 0.000333,
        "MAPE": 0.0092,
        "R2": 0.8645
      }
    }
  },
  "crypto": {
    "BTC_USD": {
      "current": 75411.0,
      "next_1h": 75360.82,
      "next_24h": 75593.2,
      "change_pct": -0.067,
      "trend": "\ud83d\udcc9 DOWN",
      "predictions": [
        75360.82,
        75336.02,
        75383.06,
        75340.71,
        75364.91,
        75374.07,
        75380.32,
        75398.5,
        75406.09,
        75419.71,
        75432.39,
        75444.03,
        75457.27,
        75469.32,
        75481.88,
        75494.41,
        75506.73,
        75519.23,
        75531.58,
        75543.96,
        75556.31,
        75568.62,
        75580.93,
        75593.2
      ],
      "metrics": {
        "MAE": 202.540976,
        "RMSE": 297.33688,
        "MAPE": 0.2613,
        "R2": 0.8406
      }
    },
    "ETH_USD": {
      "current": 2228.59,
      "next_1h": 2225.16,
      "next_24h": 2228.23,
      "change_pct": -0.154,
      "trend": "\ud83d\udcc9 DOWN",
      "predictions": [
        2225.16,
        2221.27,
        2223.61,
        2220.03,
        2220.26,
        2220.6,
        2220.29,
        2221.09,
        2221.22,
        2221.64,
        2222.17,
        2222.55,
        2223.08,
        2223.54,
        2224.01,
        2224.5,
        2224.96,
        2225.44,
        2225.92,
        2226.38,
        2226.85,
        2227.32,
        2227.78,
        2228.23
      ],
      "metrics": {
        "MAE": 7.38924,
        "RMSE": 11.517688,
        "MAPE": 0.3189,
        "R2": 0.8424
      }
    },
    "BNB_USD": {
      "current": 612.75,
      "next_1h": 612.17,
      "next_24h": 612.48,
      "change_pct": -0.095,
      "trend": "\ud83d\udcc9 DOWN",
      "predictions": [
        612.17,
        611.85,
        612.34,
        611.83,
        611.91,
        611.92,
        611.88,
        611.98,
        611.97,
        612.01,
        612.05,
        612.07,
        612.12,
        612.15,
        612.18,
        612.22,
        612.25,
        612.28,
        612.32,
        612.35,
        612.38,
        612.41,
        612.45,
        612.48
      ],
      "metrics": {
        "MAE": 1.286851,
        "RMSE": 1.813844,
        "MAPE": 0.2042,
        "R2": 0.9212
      }
    }
  }
}