{
  "generated_at": "2026-03-13 00:00:22",
  "exchange_rates": {
    "USD_TZS": {
      "current": 2573.508,
      "next_1h": 2573.388,
      "next_24h": 2571.4622,
      "change_pct": -0.005,
      "trend": "\ud83d\udcc9 DOWN",
      "predictions": [
        2573.388,
        2573.2755,
        2573.1648,
        2573.0584,
        2572.951,
        2572.8475,
        2572.7472,
        2572.6502,
        2572.5562,
        2572.4652,
        2572.3772,
        2572.2921,
        2572.2097,
        2572.13,
        2572.0529,
        2571.9783,
        2571.9061,
        2571.8362,
        2571.7686,
        2571.7032,
        2571.64,
        2571.5787,
        2571.5195,
        2571.4622
      ],
      "metrics": {
        "MAE": 0.680004,
        "RMSE": 2.671724,
        "MAPE": 0.0264,
        "R2": 0.4807
      }
    },
    "USD_KES": {
      "current": 129.2363,
      "next_1h": 129.2404,
      "next_24h": 129.2762,
      "change_pct": 0.003,
      "trend": "\ud83d\udcc8 UP",
      "predictions": [
        129.2404,
        129.2449,
        129.2486,
        129.2518,
        129.2545,
        129.2569,
        129.259,
        129.261,
        129.2628,
        129.2645,
        129.2659,
        129.2673,
        129.2685,
        129.2696,
        129.2706,
        129.2715,
        129.2723,
        129.273,
        129.2737,
        129.2743,
        129.2748,
        129.2753,
        129.2758,
        129.2762
      ],
      "metrics": {
        "MAE": 0.008259,
        "RMSE": 0.017858,
        "MAPE": 0.0064,
        "R2": 0.4506
      }
    },
    "USD_UGX": {
      "current": 3694.9123,
      "next_1h": 3695.2941,
      "next_24h": 3702.6493,
      "change_pct": 0.01,
      "trend": "\ud83d\udcc8 UP",
      "predictions": [
        3695.2941,
        3695.6644,
        3696.0225,
        3696.3774,
        3696.7208,
        3697.0536,
        3697.3846,
        3697.7135,
        3698.04,
        3698.3643,
        3698.6862,
        3699.0056,
        3699.3225,
        3699.6369,
        3699.9488,
        3700.2584,
        3700.5655,
        3700.8702,
        3701.1725,
        3701.4725,
        3701.7701,
        3702.0655,
        3702.3585,
        3702.6493
      ],
      "metrics": {
        "MAE": 1.220023,
        "RMSE": 4.074684,
        "MAPE": 0.033,
        "R2": 0.4398
      }
    },
    "USD_EUR": {
      "current": 0.8646,
      "next_1h": 0.8644,
      "next_24h": 0.8628,
      "change_pct": -0.016,
      "trend": "\ud83d\udcc9 DOWN",
      "predictions": [
        0.8644,
        0.8643,
        0.8642,
        0.8641,
        0.864,
        0.8639,
        0.8638,
        0.8637,
        0.8636,
        0.8636,
        0.8635,
        0.8634,
        0.8634,
        0.8633,
        0.8632,
        0.8632,
        0.8631,
        0.8631,
        0.863,
        0.863,
        0.863,
        0.8629,
        0.8629,
        0.8628
      ],
      "metrics": {
        "MAE": 0.000336,
        "RMSE": 0.000884,
        "MAPE": 0.0389,
        "R2": 0.4466
      }
    }
  },
  "crypto": {
    "BTC_USD": {
      "current": 70491.0,
      "next_1h": 70501.69,
      "next_24h": 70807.41,
      "change_pct": 0.015,
      "trend": "\ud83d\udcc8 UP",
      "predictions": [
        70501.69,
        70498.81,
        70510.11,
        70480.4,
        70514.39,
        70534.9,
        70555.79,
        70575.13,
        70586.81,
        70602.41,
        70617.56,
        70633.43,
        70649.47,
        70664.58,
        70679.61,
        70694.34,
        70708.98,
        70723.55,
        70737.93,
        70752.16,
        70766.21,
        70780.09,
        70793.83,
        70807.41
      ],
      "metrics": {
        "MAE": 275.959492,
        "RMSE": 343.741008,
        "MAPE": 0.3941,
        "R2": 0.196
      }
    },
    "ETH_USD": {
      "current": 2072.93,
      "next_1h": 2071.25,
      "next_24h": 2035.94,
      "change_pct": -0.081,
      "trend": "\ud83d\udcc9 DOWN",
      "predictions": [
        2071.25,
        2067.45,
        2064.93,
        2062.07,
        2060.15,
        2056.82,
        2053.74,
        2051.05,
        2048.57,
        2046.43,
        2044.39,
        2042.66,
        2041.21,
        2039.99,
        2038.98,
        2038.16,
        2037.51,
        2037.01,
        2036.63,
        2036.35,
        2036.16,
        2036.04,
        2035.96,
        2035.94
      ],
      "metrics": {
        "MAE": 8.906605,
        "RMSE": 11.285889,
        "MAPE": 0.4332,
        "R2": 0.4997
      }
    },
    "BNB_USD": {
      "current": 651.68,
      "next_1h": 651.93,
      "next_24h": 654.55,
      "change_pct": 0.038,
      "trend": "\ud83d\udcc8 UP",
      "predictions": [
        651.93,
        651.92,
        652.13,
        652.23,
        652.38,
        652.53,
        652.66,
        652.79,
        652.92,
        653.04,
        653.17,
        653.29,
        653.41,
        653.52,
        653.63,
        653.75,
        653.85,
        653.96,
        654.06,
        654.17,
        654.26,
        654.36,
        654.46,
        654.55
      ],
      "metrics": {
        "MAE": 2.061587,
        "RMSE": 2.538439,
        "MAPE": 0.3176,
        "R2": 0.4548
      }
    }
  }
}