{
  "generated_at": "2026-06-27 15:34:10",
  "exchange_rates": {
    "USD_TZS": {
      "current": 2602.1351,
      "next_1h": 2602.2617,
      "next_24h": 2604.7049,
      "change_pct": 0.005,
      "trend": "\ud83d\udcc8 UP",
      "predictions": [
        2602.2617,
        2602.3871,
        2602.5115,
        2602.6347,
        2602.7568,
        2602.8778,
        2602.9966,
        2603.1131,
        2603.2275,
        2603.3398,
        2603.4499,
        2603.5579,
        2603.6639,
        2603.7679,
        2603.8699,
        2603.9699,
        2604.0681,
        2604.1644,
        2604.2588,
        2604.3515,
        2604.4424,
        2604.5316,
        2604.6191,
        2604.7049
      ],
      "metrics": {
        "MAE": 0.538956,
        "RMSE": 2.270472,
        "MAPE": 0.0206,
        "R2": 0.8934
      }
    },
    "USD_KES": {
      "current": 129.5375,
      "next_1h": 129.536,
      "next_24h": 129.506,
      "change_pct": -0.001,
      "trend": "\ud83d\udcc9 DOWN",
      "predictions": [
        129.536,
        129.5345,
        129.5331,
        129.5316,
        129.5301,
        129.5287,
        129.5273,
        129.5259,
        129.5245,
        129.5231,
        129.5218,
        129.5205,
        129.5192,
        129.5179,
        129.5166,
        129.5154,
        129.5142,
        129.5129,
        129.5117,
        129.5106,
        129.5094,
        129.5083,
        129.5071,
        129.506
      ],
      "metrics": {
        "MAE": 0.003232,
        "RMSE": 0.015307,
        "MAPE": 0.0025,
        "R2": 0.8944
      }
    },
    "USD_UGX": {
      "current": 3659.6107,
      "next_1h": 3659.2503,
      "next_24h": 3650.8645,
      "change_pct": -0.01,
      "trend": "\ud83d\udcc9 DOWN",
      "predictions": [
        3659.2503,
        3658.8907,
        3658.5317,
        3658.1735,
        3657.8159,
        3657.459,
        3657.1012,
        3656.7423,
        3656.3824,
        3656.0215,
        3655.6596,
        3655.2967,
        3654.9329,
        3654.568,
        3654.2022,
        3653.8354,
        3653.4675,
        3653.0987,
        3652.7289,
        3652.358,
        3651.9862,
        3651.6133,
        3651.2394,
        3650.8645
      ],
      "metrics": {
        "MAE": 1.493892,
        "RMSE": 5.360306,
        "MAPE": 0.0409,
        "R2": 0.8824
      }
    },
    "USD_EUR": {
      "current": 0.8778,
      "next_1h": 0.8776,
      "next_24h": 0.8741,
      "change_pct": -0.02,
      "trend": "\ud83d\udcc9 DOWN",
      "predictions": [
        0.8776,
        0.8775,
        0.8773,
        0.8771,
        0.877,
        0.8768,
        0.8766,
        0.8765,
        0.8763,
        0.8761,
        0.876,
        0.8758,
        0.8757,
        0.8755,
        0.8754,
        0.8752,
        0.8751,
        0.8749,
        0.8748,
        0.8746,
        0.8745,
        0.8744,
        0.8742,
        0.8741
      ],
      "metrics": {
        "MAE": 0.000269,
        "RMSE": 0.000728,
        "MAPE": 0.0307,
        "R2": 0.961
      }
    }
  },
  "crypto": {
    "BTC_USD": {
      "current": 60693.0,
      "next_1h": 60660.22,
      "next_24h": 60412.79,
      "change_pct": -0.054,
      "trend": "\ud83d\udcc9 DOWN",
      "predictions": [
        60660.22,
        60638.42,
        60643.49,
        60639.48,
        60644.48,
        60629.11,
        60615.02,
        60604.45,
        60593.29,
        60582.26,
        60569.64,
        60557.23,
        60545.24,
        60533.2,
        60521.14,
        60508.98,
        60496.86,
        60484.81,
        60472.76,
        60460.73,
        60448.71,
        60436.71,
        60424.74,
        60412.79
      ],
      "metrics": {
        "MAE": 235.668172,
        "RMSE": 361.564099,
        "MAPE": 0.3825,
        "R2": 0.9584
      }
    },
    "ETH_USD": {
      "current": 1600.84,
      "next_1h": 1600.13,
      "next_24h": 1598.35,
      "change_pct": -0.044,
      "trend": "\ud83d\udcc9 DOWN",
      "predictions": [
        1600.13,
        1599.61,
        1599.67,
        1599.89,
        1599.6,
        1599.52,
        1599.48,
        1599.42,
        1599.33,
        1599.27,
        1599.2,
        1599.14,
        1599.07,
        1599.0,
        1598.94,
        1598.87,
        1598.81,
        1598.74,
        1598.67,
        1598.61,
        1598.54,
        1598.48,
        1598.41,
        1598.35
      ],
      "metrics": {
        "MAE": 7.838133,
        "RMSE": 12.311325,
        "MAPE": 0.4777,
        "R2": 0.966
      }
    },
    "BNB_USD": {
      "current": 565.02,
      "next_1h": 565.24,
      "next_24h": 570.0,
      "change_pct": 0.039,
      "trend": "\ud83d\udcc8 UP",
      "predictions": [
        565.24,
        565.46,
        565.73,
        566.0,
        566.21,
        566.42,
        566.63,
        566.84,
        567.05,
        567.25,
        567.46,
        567.66,
        567.86,
        568.06,
        568.26,
        568.45,
        568.65,
        568.85,
        569.04,
        569.23,
        569.43,
        569.62,
        569.81,
        570.0
      ],
      "metrics": {
        "MAE": 1.984993,
        "RMSE": 2.985475,
        "MAPE": 0.3471,
        "R2": 0.9392
      }
    }
  }
}