{
  "generated_at": "2026-07-07 05:43:06",
  "exchange_rates": {
    "USD_TZS": {
      "current": 2622.6358,
      "next_1h": 2622.345,
      "next_24h": 2617.9854,
      "change_pct": -0.011,
      "trend": "\ud83d\udcc9 DOWN",
      "predictions": [
        2622.345,
        2622.0876,
        2621.8362,
        2621.5905,
        2621.3504,
        2621.1159,
        2620.8891,
        2620.6696,
        2620.4572,
        2620.2516,
        2620.0527,
        2619.8603,
        2619.6741,
        2619.494,
        2619.3197,
        2619.1511,
        2618.988,
        2618.8302,
        2618.6775,
        2618.5298,
        2618.3869,
        2618.2486,
        2618.1148,
        2617.9854
      ],
      "metrics": {
        "MAE": 0.757058,
        "RMSE": 2.75432,
        "MAPE": 0.0289,
        "R2": 0.8897
      }
    },
    "USD_KES": {
      "current": 129.2243,
      "next_1h": 129.2281,
      "next_24h": 129.2998,
      "change_pct": 0.003,
      "trend": "\ud83d\udcc8 UP",
      "predictions": [
        129.2281,
        129.2317,
        129.2353,
        129.2389,
        129.2424,
        129.246,
        129.2494,
        129.2528,
        129.2562,
        129.2594,
        129.2627,
        129.2658,
        129.2689,
        129.272,
        129.275,
        129.278,
        129.2809,
        129.2837,
        129.2865,
        129.2893,
        129.292,
        129.2947,
        129.2973,
        129.2998
      ],
      "metrics": {
        "MAE": 0.004921,
        "RMSE": 0.018547,
        "MAPE": 0.0038,
        "R2": 0.9804
      }
    },
    "USD_UGX": {
      "current": 3659.5308,
      "next_1h": 3659.6924,
      "next_24h": 3662.9421,
      "change_pct": 0.004,
      "trend": "\ud83d\udcc8 UP",
      "predictions": [
        3659.6924,
        3659.839,
        3659.9854,
        3660.1314,
        3660.2771,
        3660.4225,
        3660.5673,
        3660.7115,
        3660.8551,
        3660.9982,
        3661.1407,
        3661.2826,
        3661.4239,
        3661.5647,
        3661.705,
        3661.8446,
        3661.9837,
        3662.1223,
        3662.2603,
        3662.3978,
        3662.5347,
        3662.671,
        3662.8068,
        3662.9421
      ],
      "metrics": {
        "MAE": 1.056218,
        "RMSE": 3.841961,
        "MAPE": 0.0289,
        "R2": 0.8933
      }
    },
    "USD_EUR": {
      "current": 0.8746,
      "next_1h": 0.8747,
      "next_24h": 0.8759,
      "change_pct": 0.006,
      "trend": "\ud83d\udcc8 UP",
      "predictions": [
        0.8747,
        0.8747,
        0.8748,
        0.8749,
        0.8749,
        0.875,
        0.875,
        0.8751,
        0.8751,
        0.8752,
        0.8752,
        0.8753,
        0.8753,
        0.8754,
        0.8754,
        0.8755,
        0.8756,
        0.8756,
        0.8757,
        0.8757,
        0.8758,
        0.8758,
        0.8759,
        0.8759
      ],
      "metrics": {
        "MAE": 0.000137,
        "RMSE": 0.000418,
        "MAPE": 0.0156,
        "R2": 0.9355
      }
    }
  },
  "crypto": {
    "BTC_USD": {
      "current": 63106.0,
      "next_1h": 63097.6,
      "next_24h": 62726.74,
      "change_pct": -0.013,
      "trend": "\ud83d\udcc9 DOWN",
      "predictions": [
        63097.6,
        63071.95,
        63049.67,
        63029.16,
        63020.55,
        63005.39,
        62988.48,
        62972.03,
        62956.24,
        62940.95,
        62925.34,
        62909.64,
        62894.06,
        62878.58,
        62863.17,
        62847.79,
        62832.47,
        62817.19,
        62801.98,
        62786.83,
        62771.72,
        62756.67,
        62741.68,
        62726.74
      ],
      "metrics": {
        "MAE": 220.776345,
        "RMSE": 338.864435,
        "MAPE": 0.362,
        "R2": 0.9645
      }
    },
    "ETH_USD": {
      "current": 1767.74,
      "next_1h": 1767.42,
      "next_24h": 1748.92,
      "change_pct": -0.018,
      "trend": "\ud83d\udcc9 DOWN",
      "predictions": [
        1767.42,
        1766.01,
        1765.13,
        1764.66,
        1763.67,
        1762.81,
        1762.04,
        1761.26,
        1760.45,
        1759.66,
        1758.88,
        1758.1,
        1757.31,
        1756.54,
        1755.76,
        1754.99,
        1754.22,
        1753.46,
        1752.69,
        1751.93,
        1751.18,
        1750.42,
        1749.67,
        1748.92
      ],
      "metrics": {
        "MAE": 7.464898,
        "RMSE": 11.35359,
        "MAPE": 0.4461,
        "R2": 0.9854
      }
    },
    "BNB_USD": {
      "current": 578.69,
      "next_1h": 578.65,
      "next_24h": 578.32,
      "change_pct": -0.007,
      "trend": "\ud83d\udcc9 DOWN",
      "predictions": [
        578.65,
        578.63,
        578.62,
        578.63,
        578.61,
        578.59,
        578.58,
        578.56,
        578.55,
        578.53,
        578.52,
        578.5,
        578.49,
        578.47,
        578.46,
        578.44,
        578.43,
        578.41,
        578.4,
        578.38,
        578.37,
        578.35,
        578.34,
        578.32
      ],
      "metrics": {
        "MAE": 1.8851,
        "RMSE": 2.723602,
        "MAPE": 0.3351,
        "R2": 0.9654
      }
    }
  }
}