{
  "generated_at": "2026-06-28 10:51:53",
  "exchange_rates": {
    "USD_TZS": {
      "current": 2627.6932,
      "next_1h": 2627.3781,
      "next_24h": 2621.2891,
      "change_pct": -0.012,
      "trend": "\ud83d\udcc9 DOWN",
      "predictions": [
        2627.3781,
        2627.0658,
        2626.7564,
        2626.4499,
        2626.1462,
        2625.8452,
        2625.5497,
        2625.2597,
        2624.975,
        2624.6955,
        2624.4213,
        2624.1521,
        2623.888,
        2623.6288,
        2623.3745,
        2623.1249,
        2622.88,
        2622.6397,
        2622.4039,
        2622.1724,
        2621.9453,
        2621.7224,
        2621.5037,
        2621.2891
      ],
      "metrics": {
        "MAE": 0.679522,
        "RMSE": 3.106047,
        "MAPE": 0.026,
        "R2": 0.8368
      }
    },
    "USD_KES": {
      "current": 129.5388,
      "next_1h": 129.5371,
      "next_24h": 129.5041,
      "change_pct": -0.001,
      "trend": "\ud83d\udcc9 DOWN",
      "predictions": [
        129.5371,
        129.5355,
        129.5338,
        129.5322,
        129.5305,
        129.5289,
        129.5274,
        129.5258,
        129.5243,
        129.5228,
        129.5213,
        129.5198,
        129.5184,
        129.517,
        129.5156,
        129.5143,
        129.5129,
        129.5116,
        129.5103,
        129.509,
        129.5078,
        129.5066,
        129.5053,
        129.5041
      ],
      "metrics": {
        "MAE": 0.003316,
        "RMSE": 0.015268,
        "MAPE": 0.0026,
        "R2": 0.9133
      }
    },
    "USD_UGX": {
      "current": 3658.6274,
      "next_1h": 3657.9591,
      "next_24h": 3642.2065,
      "change_pct": -0.018,
      "trend": "\ud83d\udcc9 DOWN",
      "predictions": [
        3657.9591,
        3657.2941,
        3656.6322,
        3655.9734,
        3655.3177,
        3654.6651,
        3654.0082,
        3653.3471,
        3652.6818,
        3652.0124,
        3651.3388,
        3650.6613,
        3649.9796,
        3649.2939,
        3648.6041,
        3647.9102,
        3647.2121,
        3646.5098,
        3645.8032,
        3645.0925,
        3644.3774,
        3643.6581,
        3642.9345,
        3642.2065
      ],
      "metrics": {
        "MAE": 1.662294,
        "RMSE": 5.145234,
        "MAPE": 0.0454,
        "R2": 0.8631
      }
    },
    "USD_EUR": {
      "current": 0.878,
      "next_1h": 0.8779,
      "next_24h": 0.8757,
      "change_pct": -0.012,
      "trend": "\ud83d\udcc9 DOWN",
      "predictions": [
        0.8779,
        0.8778,
        0.8777,
        0.8776,
        0.8775,
        0.8774,
        0.8773,
        0.8772,
        0.8771,
        0.877,
        0.8769,
        0.8768,
        0.8767,
        0.8766,
        0.8765,
        0.8764,
        0.8763,
        0.8762,
        0.8761,
        0.8761,
        0.876,
        0.8759,
        0.8758,
        0.8757
      ],
      "metrics": {
        "MAE": 0.00017,
        "RMSE": 0.00049,
        "MAPE": 0.0193,
        "R2": 0.9799
      }
    }
  },
  "crypto": {
    "BTC_USD": {
      "current": 60071.0,
      "next_1h": 60055.3,
      "next_24h": 59984.82,
      "change_pct": -0.026,
      "trend": "\ud83d\udcc9 DOWN",
      "predictions": [
        60055.3,
        60047.95,
        60069.23,
        60084.1,
        60056.84,
        60050.64,
        60048.84,
        60047.66,
        60044.58,
        60038.41,
        60034.31,
        60030.82,
        60027.19,
        60023.29,
        60019.2,
        60015.33,
        60011.53,
        60007.7,
        60003.86,
        60000.01,
        59996.2,
        59992.4,
        59988.61,
        59984.82
      ],
      "metrics": {
        "MAE": 239.494336,
        "RMSE": 362.302664,
        "MAPE": 0.3898,
        "R2": 0.9615
      }
    },
    "ETH_USD": {
      "current": 1574.5,
      "next_1h": 1573.99,
      "next_24h": 1578.88,
      "change_pct": -0.032,
      "trend": "\ud83d\udcc9 DOWN",
      "predictions": [
        1573.99,
        1574.84,
        1575.41,
        1575.11,
        1575.39,
        1575.64,
        1575.82,
        1575.98,
        1576.18,
        1576.36,
        1576.54,
        1576.73,
        1576.91,
        1577.09,
        1577.27,
        1577.46,
        1577.64,
        1577.81,
        1577.99,
        1578.17,
        1578.35,
        1578.53,
        1578.7,
        1578.88
      ],
      "metrics": {
        "MAE": 7.822178,
        "RMSE": 12.335208,
        "MAPE": 0.4789,
        "R2": 0.9686
      }
    },
    "BNB_USD": {
      "current": 554.36,
      "next_1h": 554.53,
      "next_24h": 560.6,
      "change_pct": 0.031,
      "trend": "\ud83d\udcc8 UP",
      "predictions": [
        554.53,
        554.87,
        555.12,
        555.27,
        555.56,
        555.84,
        556.12,
        556.39,
        556.66,
        556.94,
        557.21,
        557.48,
        557.75,
        558.01,
        558.28,
        558.54,
        558.81,
        559.07,
        559.33,
        559.59,
        559.84,
        560.1,
        560.35,
        560.6
      ],
      "metrics": {
        "MAE": 1.996364,
        "RMSE": 2.998081,
        "MAPE": 0.3502,
        "R2": 0.9472
      }
    }
  }
}