{
  "generated_at": "2026-07-22 17:43:30",
  "exchange_rates": {
    "USD_TZS": {
      "current": 2628.1023,
      "next_1h": 2627.8223,
      "next_24h": 2622.9781,
      "change_pct": -0.011,
      "trend": "\ud83d\udcc9 DOWN",
      "predictions": [
        2627.8223,
        2627.5476,
        2627.2782,
        2627.0141,
        2626.755,
        2626.5009,
        2626.2539,
        2626.0139,
        2625.7805,
        2625.5538,
        2625.3335,
        2625.1194,
        2624.9114,
        2624.7093,
        2624.5129,
        2624.3221,
        2624.1367,
        2623.9566,
        2623.7816,
        2623.6115,
        2623.4463,
        2623.2857,
        2623.1297,
        2622.9781
      ],
      "metrics": {
        "MAE": 0.51642,
        "RMSE": 2.019634,
        "MAPE": 0.0197,
        "R2": 0.9582
      }
    },
    "USD_KES": {
      "current": 129.3824,
      "next_1h": 129.3822,
      "next_24h": 129.3778,
      "change_pct": 0.0,
      "trend": "\ud83d\udcc9 DOWN",
      "predictions": [
        129.3822,
        129.382,
        129.3818,
        129.3816,
        129.3814,
        129.3812,
        129.381,
        129.3808,
        129.3806,
        129.3804,
        129.3802,
        129.38,
        129.3798,
        129.3796,
        129.3794,
        129.3792,
        129.379,
        129.3788,
        129.3787,
        129.3785,
        129.3783,
        129.3781,
        129.3779,
        129.3778
      ],
      "metrics": {
        "MAE": 0.002637,
        "RMSE": 0.013156,
        "MAPE": 0.002,
        "R2": 0.9213
      }
    },
    "USD_UGX": {
      "current": 3692.4788,
      "next_1h": 3692.411,
      "next_24h": 3690.9035,
      "change_pct": -0.002,
      "trend": "\ud83d\udcc9 DOWN",
      "predictions": [
        3692.411,
        3692.3433,
        3692.2757,
        3692.2083,
        3692.141,
        3692.0739,
        3692.007,
        3691.9403,
        3691.8738,
        3691.8076,
        3691.7416,
        3691.6758,
        3691.6103,
        3691.5449,
        3691.4798,
        3691.4149,
        3691.3502,
        3691.2858,
        3691.2215,
        3691.1575,
        3691.0937,
        3691.0301,
        3690.9667,
        3690.9035
      ],
      "metrics": {
        "MAE": 0.430313,
        "RMSE": 2.39687,
        "MAPE": 0.0117,
        "R2": 0.9552
      }
    },
    "USD_EUR": {
      "current": 0.8767,
      "next_1h": 0.8767,
      "next_24h": 0.8768,
      "change_pct": 0.001,
      "trend": "\ud83d\udcc8 UP",
      "predictions": [
        0.8767,
        0.8767,
        0.8767,
        0.8767,
        0.8767,
        0.8767,
        0.8767,
        0.8767,
        0.8767,
        0.8767,
        0.8767,
        0.8767,
        0.8767,
        0.8768,
        0.8768,
        0.8768,
        0.8768,
        0.8768,
        0.8768,
        0.8768,
        0.8768,
        0.8768,
        0.8768,
        0.8768
      ],
      "metrics": {
        "MAE": 4.2e-05,
        "RMSE": 0.000225,
        "MAPE": 0.0048,
        "R2": 0.9699
      }
    }
  },
  "crypto": {
    "BTC_USD": {
      "current": 66115.0,
      "next_1h": 66103.03,
      "next_24h": 65743.66,
      "change_pct": -0.018,
      "trend": "\ud83d\udcc9 DOWN",
      "predictions": [
        66103.03,
        66098.04,
        66090.92,
        66069.42,
        66050.38,
        66033.76,
        66017.72,
        66001.3,
        65984.37,
        65967.66,
        65951.17,
        65934.78,
        65918.44,
        65902.14,
        65885.94,
        65869.82,
        65853.78,
        65837.82,
        65821.94,
        65806.13,
        65790.39,
        65774.74,
        65759.16,
        65743.66
      ],
      "metrics": {
        "MAE": 99.675267,
        "RMSE": 146.198904,
        "MAPE": 0.1539,
        "R2": 0.9786
      }
    },
    "ETH_USD": {
      "current": 1941.83,
      "next_1h": 1940.9,
      "next_24h": 1919.58,
      "change_pct": -0.048,
      "trend": "\ud83d\udcc9 DOWN",
      "predictions": [
        1940.9,
        1940.17,
        1939.08,
        1938.08,
        1937.15,
        1936.18,
        1935.22,
        1934.26,
        1933.31,
        1932.36,
        1931.42,
        1930.48,
        1929.55,
        1928.62,
        1927.69,
        1926.77,
        1925.86,
        1924.95,
        1924.04,
        1923.14,
        1922.24,
        1921.35,
        1920.46,
        1919.58
      ],
      "metrics": {
        "MAE": 3.971918,
        "RMSE": 5.560094,
        "MAPE": 0.2112,
        "R2": 0.9752
      }
    },
    "BNB_USD": {
      "current": 572.22,
      "next_1h": 572.26,
      "next_24h": 572.94,
      "change_pct": 0.007,
      "trend": "\ud83d\udcc8 UP",
      "predictions": [
        572.26,
        572.33,
        572.37,
        572.34,
        572.39,
        572.42,
        572.45,
        572.48,
        572.51,
        572.54,
        572.57,
        572.6,
        572.63,
        572.65,
        572.68,
        572.71,
        572.74,
        572.77,
        572.8,
        572.83,
        572.86,
        572.88,
        572.91,
        572.94
      ],
      "metrics": {
        "MAE": 0.762984,
        "RMSE": 1.05807,
        "MAPE": 0.1339,
        "R2": 0.921
      }
    }
  }
}