{
  "generated_at": "2026-07-08 09:13:08",
  "exchange_rates": {
    "USD_TZS": {
      "current": 2623.2861,
      "next_1h": 2622.939,
      "next_24h": 2617.2733,
      "change_pct": -0.013,
      "trend": "\ud83d\udcc9 DOWN",
      "predictions": [
        2622.939,
        2622.5999,
        2622.2685,
        2621.9448,
        2621.6284,
        2621.3193,
        2621.0207,
        2620.7324,
        2620.454,
        2620.1853,
        2619.9259,
        2619.6756,
        2619.434,
        2619.2008,
        2618.9758,
        2618.7586,
        2618.5491,
        2618.3468,
        2618.1516,
        2617.9632,
        2617.7814,
        2617.606,
        2617.4367,
        2617.2733
      ],
      "metrics": {
        "MAE": 0.66823,
        "RMSE": 2.195735,
        "MAPE": 0.0254,
        "R2": 0.6872
      }
    },
    "USD_KES": {
      "current": 129.175,
      "next_1h": 129.1794,
      "next_24h": 129.2665,
      "change_pct": 0.003,
      "trend": "\ud83d\udcc8 UP",
      "predictions": [
        129.1794,
        129.1838,
        129.1882,
        129.1925,
        129.1968,
        129.201,
        129.2052,
        129.2093,
        129.2134,
        129.2174,
        129.2213,
        129.2251,
        129.2289,
        129.2326,
        129.2363,
        129.2399,
        129.2434,
        129.2469,
        129.2503,
        129.2536,
        129.2569,
        129.2602,
        129.2634,
        129.2665
      ],
      "metrics": {
        "MAE": 0.005423,
        "RMSE": 0.018719,
        "MAPE": 0.0042,
        "R2": 0.9815
      }
    },
    "USD_UGX": {
      "current": 3634.4997,
      "next_1h": 3634.6384,
      "next_24h": 3637.7263,
      "change_pct": 0.004,
      "trend": "\ud83d\udcc8 UP",
      "predictions": [
        3634.6384,
        3634.7768,
        3634.9149,
        3635.0527,
        3635.1903,
        3635.3276,
        3635.4644,
        3635.6009,
        3635.7369,
        3635.8724,
        3636.0076,
        3636.1423,
        3636.2766,
        3636.4105,
        3636.5439,
        3636.677,
        3636.8096,
        3636.9418,
        3637.0736,
        3637.2049,
        3637.3359,
        3637.4664,
        3637.5965,
        3637.7263
      ],
      "metrics": {
        "MAE": 0.969041,
        "RMSE": 3.948272,
        "MAPE": 0.0266,
        "R2": 0.8718
      }
    },
    "USD_EUR": {
      "current": 0.8758,
      "next_1h": 0.8758,
      "next_24h": 0.8765,
      "change_pct": 0.003,
      "trend": "\ud83d\udcc8 UP",
      "predictions": [
        0.8758,
        0.8759,
        0.8759,
        0.8759,
        0.8759,
        0.876,
        0.876,
        0.876,
        0.8761,
        0.8761,
        0.8761,
        0.8761,
        0.8762,
        0.8762,
        0.8762,
        0.8762,
        0.8763,
        0.8763,
        0.8763,
        0.8764,
        0.8764,
        0.8764,
        0.8764,
        0.8765
      ],
      "metrics": {
        "MAE": 9.6e-05,
        "RMSE": 0.000367,
        "MAPE": 0.011,
        "R2": 0.9427
      }
    }
  },
  "crypto": {
    "BTC_USD": {
      "current": 61883.0,
      "next_1h": 61948.14,
      "next_24h": 61563.92,
      "change_pct": 0.105,
      "trend": "\ud83d\udcc8 UP",
      "predictions": [
        61948.14,
        61954.04,
        61911.48,
        61861.22,
        61850.61,
        61841.71,
        61826.46,
        61808.36,
        61791.46,
        61776.44,
        61761.34,
        61745.82,
        61730.24,
        61714.84,
        61699.57,
        61684.32,
        61669.1,
        61653.92,
        61638.8,
        61623.73,
        61608.7,
        61593.73,
        61578.8,
        61563.92
      ],
      "metrics": {
        "MAE": 196.319225,
        "RMSE": 314.061526,
        "MAPE": 0.3165,
        "R2": 0.9638
      }
    },
    "ETH_USD": {
      "current": 1731.96,
      "next_1h": 1733.32,
      "next_24h": 1717.03,
      "change_pct": 0.079,
      "trend": "\ud83d\udcc8 UP",
      "predictions": [
        1733.32,
        1732.11,
        1730.47,
        1730.74,
        1729.97,
        1729.13,
        1728.44,
        1727.8,
        1727.08,
        1726.39,
        1725.71,
        1725.03,
        1724.34,
        1723.67,
        1722.99,
        1722.32,
        1721.65,
        1720.98,
        1720.32,
        1719.66,
        1719.0,
        1718.34,
        1717.69,
        1717.03
      ],
      "metrics": {
        "MAE": 6.959946,
        "RMSE": 10.391601,
        "MAPE": 0.4037,
        "R2": 0.9805
      }
    },
    "BNB_USD": {
      "current": 561.05,
      "next_1h": 561.11,
      "next_24h": 560.6,
      "change_pct": 0.011,
      "trend": "\ud83d\udcc8 UP",
      "predictions": [
        561.11,
        561.03,
        560.74,
        560.8,
        560.79,
        560.77,
        560.75,
        560.75,
        560.74,
        560.73,
        560.72,
        560.71,
        560.7,
        560.69,
        560.68,
        560.67,
        560.67,
        560.66,
        560.65,
        560.64,
        560.63,
        560.62,
        560.61,
        560.6
      ],
      "metrics": {
        "MAE": 1.648344,
        "RMSE": 2.452564,
        "MAPE": 0.2898,
        "R2": 0.9671
      }
    }
  }
}