{
  "generated_at": "2026-05-07 09:05:24",
  "exchange_rates": {
    "USD_TZS": {
      "current": 2605.4046,
      "next_1h": 2605.0498,
      "next_24h": 2600.9337,
      "change_pct": -0.014,
      "trend": "\ud83d\udcc9 DOWN",
      "predictions": [
        2605.0498,
        2604.728,
        2604.4164,
        2604.1148,
        2603.8228,
        2603.5402,
        2603.2779,
        2603.0343,
        2602.8084,
        2602.5994,
        2602.4063,
        2602.2284,
        2602.0646,
        2601.9138,
        2601.775,
        2601.6474,
        2601.5299,
        2601.4219,
        2601.3226,
        2601.2313,
        2601.1473,
        2601.07,
        2600.999,
        2600.9337
      ],
      "metrics": {
        "MAE": 1.091223,
        "RMSE": 3.105682,
        "MAPE": 0.042,
        "R2": 0.9179
      }
    },
    "USD_KES": {
      "current": 129.1655,
      "next_1h": 129.1651,
      "next_24h": 129.1567,
      "change_pct": 0.0,
      "trend": "\ud83d\udcc9 DOWN",
      "predictions": [
        129.1651,
        129.1647,
        129.1643,
        129.1639,
        129.1635,
        129.1631,
        129.1628,
        129.1624,
        129.162,
        129.1616,
        129.1613,
        129.1609,
        129.1605,
        129.1602,
        129.1598,
        129.1595,
        129.1591,
        129.1587,
        129.1584,
        129.158,
        129.1577,
        129.1573,
        129.157,
        129.1567
      ],
      "metrics": {
        "MAE": 0.001498,
        "RMSE": 0.006685,
        "MAPE": 0.0012,
        "R2": 0.9532
      }
    },
    "USD_UGX": {
      "current": 3754.1719,
      "next_1h": 3753.6881,
      "next_24h": 3742.0794,
      "change_pct": -0.013,
      "trend": "\ud83d\udcc9 DOWN",
      "predictions": [
        3753.6881,
        3753.1256,
        3752.5673,
        3752.0133,
        3751.4636,
        3750.918,
        3750.3783,
        3749.8446,
        3749.3169,
        3748.7952,
        3748.2793,
        3747.7692,
        3747.2649,
        3746.7663,
        3746.2734,
        3745.7859,
        3745.304,
        3744.8275,
        3744.3564,
        3743.8906,
        3743.4301,
        3742.9748,
        3742.5246,
        3742.0794
      ],
      "metrics": {
        "MAE": 0.620969,
        "RMSE": 2.407249,
        "MAPE": 0.0166,
        "R2": 0.9338
      }
    },
    "USD_EUR": {
      "current": 0.851,
      "next_1h": 0.851,
      "next_24h": 0.8511,
      "change_pct": 0.001,
      "trend": "\ud83d\udcc8 UP",
      "predictions": [
        0.851,
        0.851,
        0.851,
        0.851,
        0.8511,
        0.8511,
        0.8511,
        0.8511,
        0.8511,
        0.8511,
        0.8511,
        0.8511,
        0.8511,
        0.8511,
        0.8511,
        0.8511,
        0.8511,
        0.8511,
        0.8511,
        0.8511,
        0.8511,
        0.8511,
        0.8511,
        0.8511
      ],
      "metrics": {
        "MAE": 8.1e-05,
        "RMSE": 0.000416,
        "MAPE": 0.0095,
        "R2": 0.8843
      }
    }
  },
  "crypto": {
    "BTC_USD": {
      "current": 81126.0,
      "next_1h": 81131.15,
      "next_24h": 80242.38,
      "change_pct": 0.006,
      "trend": "\ud83d\udcc8 UP",
      "predictions": [
        81131.15,
        81099.97,
        81030.12,
        81013.36,
        80959.02,
        80919.55,
        80880.94,
        80838.96,
        80800.46,
        80760.73,
        80721.69,
        80683.15,
        80644.67,
        80606.65,
        80568.89,
        80531.43,
        80494.28,
        80457.42,
        80420.86,
        80384.58,
        80348.6,
        80312.91,
        80277.5,
        80242.38
      ],
      "metrics": {
        "MAE": 198.014231,
        "RMSE": 299.103853,
        "MAPE": 0.2491,
        "R2": 0.9715
      }
    },
    "ETH_USD": {
      "current": 2332.22,
      "next_1h": 2332.39,
      "next_24h": 2318.59,
      "change_pct": 0.007,
      "trend": "\ud83d\udcc8 UP",
      "predictions": [
        2332.39,
        2331.55,
        2330.37,
        2330.52,
        2329.39,
        2328.79,
        2328.19,
        2327.47,
        2326.9,
        2326.26,
        2325.65,
        2325.06,
        2324.47,
        2323.89,
        2323.32,
        2322.76,
        2322.21,
        2321.67,
        2321.13,
        2320.61,
        2320.09,
        2319.58,
        2319.08,
        2318.59
      ],
      "metrics": {
        "MAE": 6.686817,
        "RMSE": 10.469771,
        "MAPE": 0.2858,
        "R2": 0.933
      }
    },
    "BNB_USD": {
      "current": 649.73,
      "next_1h": 649.44,
      "next_24h": 642.94,
      "change_pct": -0.045,
      "trend": "\ud83d\udcc9 DOWN",
      "predictions": [
        649.44,
        649.32,
        648.98,
        648.74,
        648.45,
        648.13,
        647.82,
        647.5,
        647.19,
        646.88,
        646.58,
        646.28,
        645.98,
        645.68,
        645.39,
        645.11,
        644.82,
        644.54,
        644.27,
        643.99,
        643.72,
        643.46,
        643.2,
        642.94
      ],
      "metrics": {
        "MAE": 1.272837,
        "RMSE": 2.038089,
        "MAPE": 0.202,
        "R2": 0.9635
      }
    }
  }
}