{
  "generated_at": "2026-06-07 10:52:39",
  "exchange_rates": {
    "USD_TZS": {
      "current": 2616.0862,
      "next_1h": 2615.3879,
      "next_24h": 2604.5155,
      "change_pct": -0.027,
      "trend": "\ud83d\udcc9 DOWN",
      "predictions": [
        2615.3879,
        2614.7021,
        2614.0288,
        2613.3691,
        2612.7229,
        2612.0899,
        2611.4839,
        2610.9041,
        2610.3499,
        2609.8204,
        2609.3148,
        2608.8324,
        2608.3722,
        2607.9331,
        2607.5143,
        2607.1148,
        2606.7337,
        2606.3702,
        2606.0234,
        2605.6927,
        2605.3772,
        2605.0763,
        2604.7893,
        2604.5155
      ],
      "metrics": {
        "MAE": 0.853718,
        "RMSE": 0.896525,
        "MAPE": 0.0326,
        "R2": 0.4587
      }
    },
    "USD_KES": {
      "current": 129.2848,
      "next_1h": 129.2849,
      "next_24h": 129.2857,
      "change_pct": 0.0,
      "trend": "\ud83d\udcc9 DOWN",
      "predictions": [
        129.2849,
        129.2849,
        129.285,
        129.285,
        129.285,
        129.2851,
        129.2851,
        129.2851,
        129.2852,
        129.2852,
        129.2852,
        129.2853,
        129.2853,
        129.2853,
        129.2854,
        129.2854,
        129.2855,
        129.2855,
        129.2855,
        129.2856,
        129.2856,
        129.2856,
        129.2857,
        129.2857
      ],
      "metrics": {
        "MAE": 0.003217,
        "RMSE": 0.01367,
        "MAPE": 0.0025,
        "R2": 0.9736
      }
    },
    "USD_UGX": {
      "current": 3733.838,
      "next_1h": 3733.926,
      "next_24h": 3735.7284,
      "change_pct": 0.002,
      "trend": "\ud83d\udcc8 UP",
      "predictions": [
        3733.926,
        3734.0133,
        3734.1,
        3734.1861,
        3734.2715,
        3734.3562,
        3734.4399,
        3734.5228,
        3734.6047,
        3734.6857,
        3734.7657,
        3734.8449,
        3734.9232,
        3735.0006,
        3735.0772,
        3735.1528,
        3735.2277,
        3735.3016,
        3735.3748,
        3735.4471,
        3735.5186,
        3735.5894,
        3735.6593,
        3735.7284
      ],
      "metrics": {
        "MAE": 0.386514,
        "RMSE": 1.948521,
        "MAPE": 0.0103,
        "R2": 0.9332
      }
    },
    "USD_EUR": {
      "current": 0.8647,
      "next_1h": 0.8647,
      "next_24h": 0.8641,
      "change_pct": -0.003,
      "trend": "\ud83d\udcc9 DOWN",
      "predictions": [
        0.8647,
        0.8646,
        0.8646,
        0.8646,
        0.8646,
        0.8645,
        0.8645,
        0.8645,
        0.8644,
        0.8644,
        0.8644,
        0.8644,
        0.8643,
        0.8643,
        0.8643,
        0.8643,
        0.8642,
        0.8642,
        0.8642,
        0.8642,
        0.8641,
        0.8641,
        0.8641,
        0.8641
      ],
      "metrics": {
        "MAE": 9.1e-05,
        "RMSE": 0.000472,
        "MAPE": 0.0106,
        "R2": 0.9671
      }
    }
  },
  "crypto": {
    "BTC_USD": {
      "current": 62344.0,
      "next_1h": 62399.04,
      "next_24h": 63430.61,
      "change_pct": 0.088,
      "trend": "\ud83d\udcc8 UP",
      "predictions": [
        62399.04,
        62468.49,
        62493.59,
        62551.99,
        62595.4,
        62639.33,
        62685.48,
        62730.06,
        62774.97,
        62819.74,
        62864.26,
        62908.69,
        62952.96,
        62997.09,
        63041.08,
        63084.92,
        63128.63,
        63172.19,
        63215.61,
        63258.89,
        63302.03,
        63345.03,
        63387.89,
        63430.61
      ],
      "metrics": {
        "MAE": 334.698191,
        "RMSE": 477.362101,
        "MAPE": 0.5101,
        "R2": 0.992
      }
    },
    "ETH_USD": {
      "current": 1625.55,
      "next_1h": 1623.89,
      "next_24h": 1615.09,
      "change_pct": -0.102,
      "trend": "\ud83d\udcc9 DOWN",
      "predictions": [
        1623.89,
        1623.74,
        1621.94,
        1621.46,
        1621.59,
        1621.25,
        1620.95,
        1620.65,
        1620.28,
        1619.92,
        1619.58,
        1619.23,
        1618.88,
        1618.54,
        1618.19,
        1617.85,
        1617.5,
        1617.16,
        1616.81,
        1616.47,
        1616.12,
        1615.78,
        1615.43,
        1615.09
      ],
      "metrics": {
        "MAE": 11.882313,
        "RMSE": 17.243314,
        "MAPE": 0.6715,
        "R2": 0.9907
      }
    },
    "BNB_USD": {
      "current": 591.72,
      "next_1h": 591.65,
      "next_24h": 603.16,
      "change_pct": -0.012,
      "trend": "\ud83d\udcc9 DOWN",
      "predictions": [
        591.65,
        592.83,
        593.28,
        593.6,
        594.2,
        594.74,
        595.23,
        595.73,
        596.23,
        596.73,
        597.21,
        597.7,
        598.18,
        598.65,
        599.12,
        599.59,
        600.05,
        600.51,
        600.96,
        601.41,
        601.85,
        602.29,
        602.73,
        603.16
      ],
      "metrics": {
        "MAE": 4.666773,
        "RMSE": 5.982406,
        "MAPE": 0.7227,
        "R2": 0.9871
      }
    }
  }
}