{
  "generated_at": "2026-04-12 01:43:02",
  "exchange_rates": {
    "USD_TZS": {
      "current": 2596.8806,
      "next_1h": 2596.6563,
      "next_24h": 2592.4849,
      "change_pct": -0.009,
      "trend": "\ud83d\udcc9 DOWN",
      "predictions": [
        2596.6563,
        2596.4344,
        2596.2148,
        2595.9977,
        2595.7845,
        2595.5737,
        2595.3674,
        2595.1657,
        2594.9683,
        2594.7754,
        2594.5867,
        2594.4023,
        2594.2219,
        2594.0456,
        2593.8732,
        2593.7047,
        2593.5399,
        2593.3788,
        2593.2213,
        2593.0673,
        2592.9167,
        2592.7695,
        2592.6256,
        2592.4849
      ],
      "metrics": {
        "MAE": 0.505952,
        "RMSE": 1.611474,
        "MAPE": 0.0195,
        "R2": 0.922
      }
    },
    "USD_KES": {
      "current": 129.1228,
      "next_1h": 129.1259,
      "next_24h": 129.194,
      "change_pct": 0.002,
      "trend": "\ud83d\udcc8 UP",
      "predictions": [
        129.1259,
        129.129,
        129.1321,
        129.1351,
        129.1382,
        129.1412,
        129.1442,
        129.1472,
        129.1502,
        129.1532,
        129.1562,
        129.1592,
        129.1621,
        129.1651,
        129.168,
        129.1709,
        129.1738,
        129.1767,
        129.1796,
        129.1825,
        129.1854,
        129.1883,
        129.1911,
        129.194
      ],
      "metrics": {
        "MAE": 0.009042,
        "RMSE": 0.053462,
        "MAPE": 0.007,
        "R2": 0.981
      }
    },
    "USD_UGX": {
      "current": 3703.2326,
      "next_1h": 3704.1071,
      "next_24h": 3720.8337,
      "change_pct": 0.024,
      "trend": "\ud83d\udcc8 UP",
      "predictions": [
        3704.1071,
        3704.9693,
        3705.8196,
        3706.6579,
        3707.4845,
        3708.2995,
        3709.1009,
        3709.8887,
        3710.6634,
        3711.4249,
        3712.1737,
        3712.9098,
        3713.6336,
        3714.3451,
        3715.0447,
        3715.7325,
        3716.4087,
        3717.0735,
        3717.7271,
        3718.3697,
        3719.0015,
        3719.6227,
        3720.2333,
        3720.8337
      ],
      "metrics": {
        "MAE": 0.903723,
        "RMSE": 3.519224,
        "MAPE": 0.0243,
        "R2": 0.9759
      }
    },
    "USD_EUR": {
      "current": 0.8535,
      "next_1h": 0.8537,
      "next_24h": 0.8584,
      "change_pct": 0.028,
      "trend": "\ud83d\udcc8 UP",
      "predictions": [
        0.8537,
        0.854,
        0.8542,
        0.8544,
        0.8547,
        0.8549,
        0.8551,
        0.8554,
        0.8556,
        0.8558,
        0.856,
        0.8562,
        0.8564,
        0.8566,
        0.8568,
        0.857,
        0.8572,
        0.8574,
        0.8576,
        0.8577,
        0.8579,
        0.8581,
        0.8583,
        0.8584
      ],
      "metrics": {
        "MAE": 0.000233,
        "RMSE": 0.000676,
        "MAPE": 0.0272,
        "R2": 0.9857
      }
    }
  },
  "crypto": {
    "BTC_USD": {
      "current": 72069.0,
      "next_1h": 72016.18,
      "next_24h": 71634.48,
      "change_pct": -0.073,
      "trend": "\ud83d\udcc9 DOWN",
      "predictions": [
        72016.18,
        72032.34,
        72007.01,
        72014.8,
        72042.49,
        72020.02,
        71995.16,
        71973.41,
        71948.26,
        71923.83,
        71902.33,
        71880.93,
        71859.6,
        71838.63,
        71817.7,
        71796.76,
        71775.98,
        71755.34,
        71734.84,
        71714.48,
        71694.27,
        71674.2,
        71654.27,
        71634.48
      ],
      "metrics": {
        "MAE": 237.033623,
        "RMSE": 335.969985,
        "MAPE": 0.3343,
        "R2": 0.9599
      }
    },
    "ETH_USD": {
      "current": 2241.85,
      "next_1h": 2238.53,
      "next_24h": 2209.8,
      "change_pct": -0.148,
      "trend": "\ud83d\udcc9 DOWN",
      "predictions": [
        2238.53,
        2237.44,
        2235.33,
        2234.86,
        2234.71,
        2233.32,
        2231.91,
        2230.52,
        2229.05,
        2227.61,
        2226.24,
        2224.88,
        2223.54,
        2222.22,
        2220.91,
        2219.61,
        2218.34,
        2217.07,
        2215.82,
        2214.59,
        2213.37,
        2212.16,
        2210.97,
        2209.8
      ],
      "metrics": {
        "MAE": 9.691974,
        "RMSE": 14.549311,
        "MAPE": 0.4432,
        "R2": 0.9424
      }
    },
    "BNB_USD": {
      "current": 599.65,
      "next_1h": 599.25,
      "next_24h": 599.72,
      "change_pct": -0.067,
      "trend": "\ud83d\udcc9 DOWN",
      "predictions": [
        599.25,
        599.31,
        599.36,
        599.69,
        600.09,
        600.11,
        600.1,
        600.07,
        600.02,
        599.97,
        599.95,
        599.93,
        599.91,
        599.9,
        599.88,
        599.86,
        599.84,
        599.83,
        599.81,
        599.79,
        599.77,
        599.75,
        599.74,
        599.72
      ],
      "metrics": {
        "MAE": 1.608149,
        "RMSE": 2.181728,
        "MAPE": 0.2661,
        "R2": 0.8166
      }
    }
  }
}