{
  "generated_at": "2026-04-05 22:13:47",
  "exchange_rates": {
    "USD_TZS": {
      "current": 2596.8995,
      "next_1h": 2596.5916,
      "next_24h": 2590.8772,
      "change_pct": -0.012,
      "trend": "\ud83d\udcc9 DOWN",
      "predictions": [
        2596.5916,
        2596.2907,
        2595.993,
        2595.7002,
        2595.4087,
        2595.1215,
        2594.8404,
        2594.5652,
        2594.2958,
        2594.032,
        2593.7738,
        2593.5211,
        2593.2738,
        2593.0318,
        2592.7949,
        2592.563,
        2592.3361,
        2592.114,
        2591.8966,
        2591.6839,
        2591.4756,
        2591.2719,
        2591.0724,
        2590.8772
      ],
      "metrics": {
        "MAE": 0.600852,
        "RMSE": 2.573091,
        "MAPE": 0.0232,
        "R2": 0.916
      }
    },
    "USD_KES": {
      "current": 130.0617,
      "next_1h": 130.0567,
      "next_24h": 129.9624,
      "change_pct": -0.004,
      "trend": "\ud83d\udcc9 DOWN",
      "predictions": [
        130.0567,
        130.0513,
        130.0464,
        130.0418,
        130.0374,
        130.0333,
        130.0291,
        130.0249,
        130.0208,
        130.0166,
        130.0125,
        130.0085,
        130.0044,
        130.0004,
        129.9965,
        129.9926,
        129.9887,
        129.9848,
        129.981,
        129.9772,
        129.9735,
        129.9697,
        129.966,
        129.9624
      ],
      "metrics": {
        "MAE": 0.008029,
        "RMSE": 0.024607,
        "MAPE": 0.0062,
        "R2": 0.9449
      }
    },
    "USD_UGX": {
      "current": 3754.2575,
      "next_1h": 3754.2335,
      "next_24h": 3753.7348,
      "change_pct": -0.001,
      "trend": "\ud83d\udcc9 DOWN",
      "predictions": [
        3754.2335,
        3754.2097,
        3754.1862,
        3754.1628,
        3754.1397,
        3754.1168,
        3754.0942,
        3754.0717,
        3754.0494,
        3754.0272,
        3754.0053,
        3753.9835,
        3753.9618,
        3753.9404,
        3753.9191,
        3753.898,
        3753.877,
        3753.8562,
        3753.8356,
        3753.8151,
        3753.7948,
        3753.7747,
        3753.7547,
        3753.7348
      ],
      "metrics": {
        "MAE": 0.521818,
        "RMSE": 2.944926,
        "MAPE": 0.0139,
        "R2": 0.899
      }
    },
    "USD_EUR": {
      "current": 0.8675,
      "next_1h": 0.8675,
      "next_24h": 0.8677,
      "change_pct": 0.001,
      "trend": "\ud83d\udcc8 UP",
      "predictions": [
        0.8675,
        0.8675,
        0.8675,
        0.8675,
        0.8675,
        0.8676,
        0.8676,
        0.8676,
        0.8676,
        0.8676,
        0.8676,
        0.8676,
        0.8676,
        0.8676,
        0.8676,
        0.8676,
        0.8676,
        0.8676,
        0.8676,
        0.8677,
        0.8677,
        0.8677,
        0.8677,
        0.8677
      ],
      "metrics": {
        "MAE": 0.000152,
        "RMSE": 0.000678,
        "MAPE": 0.0176,
        "R2": 0.9407
      }
    }
  },
  "crypto": {
    "BTC_USD": {
      "current": 67498.0,
      "next_1h": 67518.23,
      "next_24h": 68054.78,
      "change_pct": 0.03,
      "trend": "\ud83d\udcc8 UP",
      "predictions": [
        67518.23,
        67543.59,
        67572.3,
        67592.73,
        67618.88,
        67644.46,
        67669.26,
        67693.88,
        67718.5,
        67742.56,
        67766.39,
        67790.01,
        67813.36,
        67836.47,
        67859.35,
        67881.99,
        67904.39,
        67926.55,
        67948.49,
        67970.2,
        67991.67,
        68012.93,
        68033.96,
        68054.78
      ],
      "metrics": {
        "MAE": 182.284367,
        "RMSE": 266.983762,
        "MAPE": 0.2708,
        "R2": 0.8353
      }
    },
    "ETH_USD": {
      "current": 2054.11,
      "next_1h": 2054.85,
      "next_24h": 2071.13,
      "change_pct": 0.036,
      "trend": "\ud83d\udcc8 UP",
      "predictions": [
        2054.85,
        2055.42,
        2056.03,
        2056.86,
        2057.68,
        2058.5,
        2059.31,
        2060.1,
        2060.89,
        2061.66,
        2062.41,
        2063.16,
        2063.89,
        2064.6,
        2065.31,
        2066.0,
        2066.68,
        2067.35,
        2068.01,
        2068.65,
        2069.29,
        2069.91,
        2070.52,
        2071.13
      ],
      "metrics": {
        "MAE": 7.291395,
        "RMSE": 10.754116,
        "MAPE": 0.3509,
        "R2": 0.8903
      }
    },
    "BNB_USD": {
      "current": 591.57,
      "next_1h": 592.38,
      "next_24h": 607.04,
      "change_pct": 0.137,
      "trend": "\ud83d\udcc8 UP",
      "predictions": [
        592.38,
        593.2,
        593.96,
        594.71,
        595.45,
        596.14,
        596.82,
        597.5,
        598.16,
        598.81,
        599.46,
        600.09,
        600.72,
        601.34,
        601.95,
        602.54,
        603.14,
        603.72,
        604.29,
        604.86,
        605.42,
        605.97,
        606.51,
        607.04
      ],
      "metrics": {
        "MAE": 1.690464,
        "RMSE": 2.438096,
        "MAPE": 0.2834,
        "R2": 0.9617
      }
    }
  }
}