{
  "generated_at": "2026-03-10 10:00:05",
  "exchange_rates": {
    "USD_TZS": {
      "current": 2580.6701,
      "next_1h": 2580.1547,
      "next_24h": 2577.0358,
      "change_pct": -0.02,
      "trend": "\ud83d\udcc9 DOWN",
      "predictions": [
        2580.1547,
        2579.7941,
        2579.4678,
        2579.2023,
        2578.9003,
        2578.6627,
        2578.4465,
        2578.2624,
        2578.0898,
        2577.9439,
        2577.8131,
        2577.6994,
        2577.5974,
        2577.5089,
        2577.4303,
        2577.3614,
        2577.3004,
        2577.2469,
        2577.1997,
        2577.1581,
        2577.1215,
        2577.0892,
        2577.0608,
        2577.0358
      ],
      "metrics": {
        "MAE": 0.949736,
        "RMSE": 1.707165,
        "MAPE": 0.0368,
        "R2": 0.5484
      }
    },
    "USD_KES": {
      "current": 129.1619,
      "next_1h": 129.177,
      "next_24h": 129.2973,
      "change_pct": 0.012,
      "trend": "\ud83d\udcc8 UP",
      "predictions": [
        129.177,
        129.194,
        129.2075,
        129.2187,
        129.2284,
        129.2367,
        129.2441,
        129.2508,
        129.2568,
        129.2622,
        129.267,
        129.2712,
        129.275,
        129.2784,
        129.2814,
        129.2841,
        129.2865,
        129.2886,
        129.2905,
        129.2922,
        129.2937,
        129.2951,
        129.2963,
        129.2973
      ],
      "metrics": {
        "MAE": 0.018096,
        "RMSE": 0.025816,
        "MAPE": 0.014,
        "R2": 0.2594
      }
    },
    "USD_UGX": {
      "current": 3681.4942,
      "next_1h": 3681.3626,
      "next_24h": 3679.8556,
      "change_pct": -0.004,
      "trend": "\ud83d\udcc9 DOWN",
      "predictions": [
        3681.3626,
        3681.2452,
        3681.1429,
        3681.0398,
        3680.95,
        3680.8716,
        3680.7938,
        3680.7188,
        3680.647,
        3680.5771,
        3680.5098,
        3680.4456,
        3680.3841,
        3680.3252,
        3680.2688,
        3680.2147,
        3680.1629,
        3680.1132,
        3680.0656,
        3680.0199,
        3679.9762,
        3679.9343,
        3679.8941,
        3679.8556
      ],
      "metrics": {
        "MAE": 0.148756,
        "RMSE": 0.158958,
        "MAPE": 0.004,
        "R2": -1.9471
      }
    },
    "USD_EUR": {
      "current": 0.8633,
      "next_1h": 0.8634,
      "next_24h": 0.8642,
      "change_pct": 0.009,
      "trend": "\ud83d\udcc8 UP",
      "predictions": [
        0.8634,
        0.8635,
        0.8635,
        0.8636,
        0.8636,
        0.8637,
        0.8637,
        0.8637,
        0.8638,
        0.8638,
        0.8639,
        0.8639,
        0.8639,
        0.864,
        0.864,
        0.864,
        0.8641,
        0.8641,
        0.8641,
        0.8641,
        0.8642,
        0.8642,
        0.8642,
        0.8642
      ],
      "metrics": {
        "MAE": 0.000329,
        "RMSE": 0.000786,
        "MAPE": 0.0381,
        "R2": 0.6374
      }
    }
  },
  "crypto": {
    "BTC_USD": {
      "current": 71028.0,
      "next_1h": 71099.49,
      "next_24h": 73149.58,
      "change_pct": 0.101,
      "trend": "\ud83d\udcc8 UP",
      "predictions": [
        71099.49,
        71110.71,
        71099.96,
        71127.56,
        71186.16,
        71299.62,
        71420.77,
        71532.76,
        71632.74,
        71724.17,
        71809.31,
        71897.79,
        71992.33,
        72091.38,
        72193.26,
        72296.66,
        72400.0,
        72503.27,
        72607.28,
        72712.54,
        72819.36,
        72927.91,
        73038.05,
        73149.58
      ],
      "metrics": {
        "MAE": 393.903901,
        "RMSE": 505.038349,
        "MAPE": 0.5652,
        "R2": 0.5476
      }
    },
    "ETH_USD": {
      "current": 2068.25,
      "next_1h": 2065.41,
      "next_24h": 2027.68,
      "change_pct": -0.137,
      "trend": "\ud83d\udcc9 DOWN",
      "predictions": [
        2065.41,
        2063.98,
        2062.6,
        2060.57,
        2058.05,
        2054.39,
        2051.13,
        2048.01,
        2045.0,
        2042.2,
        2039.62,
        2037.37,
        2035.41,
        2033.73,
        2032.31,
        2031.14,
        2030.19,
        2029.43,
        2028.85,
        2028.41,
        2028.1,
        2027.88,
        2027.75,
        2027.68
      ],
      "metrics": {
        "MAE": 11.091586,
        "RMSE": 13.421341,
        "MAPE": 0.5469,
        "R2": 0.5504
      }
    },
    "BNB_USD": {
      "current": 647.57,
      "next_1h": 647.68,
      "next_24h": 653.36,
      "change_pct": 0.017,
      "trend": "\ud83d\udcc8 UP",
      "predictions": [
        647.68,
        647.87,
        648.14,
        648.38,
        648.73,
        649.03,
        649.3,
        649.59,
        649.85,
        650.12,
        650.39,
        650.64,
        650.9,
        651.14,
        651.38,
        651.62,
        651.86,
        652.08,
        652.31,
        652.53,
        652.74,
        652.95,
        653.16,
        653.36
      ],
      "metrics": {
        "MAE": 2.336542,
        "RMSE": 2.846157,
        "MAPE": 0.3645,
        "R2": 0.3856
      }
    }
  }
}