{
  "generated_at": "2026-03-10 19:00:22",
  "exchange_rates": {
    "USD_TZS": {
      "current": 2580.6701,
      "next_1h": 2580.1503,
      "next_24h": 2577.5711,
      "change_pct": -0.02,
      "trend": "\ud83d\udcc9 DOWN",
      "predictions": [
        2580.1503,
        2579.7609,
        2579.4069,
        2579.1116,
        2578.7916,
        2578.5427,
        2578.3351,
        2578.1697,
        2578.0275,
        2577.9185,
        2577.8324,
        2577.7663,
        2577.7142,
        2577.6753,
        2577.6458,
        2577.624,
        2577.6078,
        2577.596,
        2577.5875,
        2577.5815,
        2577.5773,
        2577.5744,
        2577.5724,
        2577.5711
      ],
      "metrics": {
        "MAE": 0.501906,
        "RMSE": 0.504802,
        "MAPE": 0.0194,
        "R2": -1.232258274005638e+24
      }
    },
    "USD_KES": {
      "current": 129.1619,
      "next_1h": 129.1735,
      "next_24h": 129.2712,
      "change_pct": 0.009,
      "trend": "\ud83d\udcc8 UP",
      "predictions": [
        129.1735,
        129.1866,
        129.1971,
        129.2058,
        129.2134,
        129.22,
        129.2259,
        129.2313,
        129.2362,
        129.2406,
        129.2446,
        129.2482,
        129.2514,
        129.2543,
        129.2569,
        129.2592,
        129.2613,
        129.2632,
        129.2649,
        129.2665,
        129.2678,
        129.2691,
        129.2702,
        129.2712
      ],
      "metrics": {
        "MAE": 0.011788,
        "RMSE": 0.011798,
        "MAPE": 0.0091,
        "R2": 0.0
      }
    },
    "USD_UGX": {
      "current": 3681.4942,
      "next_1h": 3681.4104,
      "next_24h": 3680.4201,
      "change_pct": -0.002,
      "trend": "\ud83d\udcc9 DOWN",
      "predictions": [
        3681.4104,
        3681.3356,
        3681.2704,
        3681.2046,
        3681.1472,
        3681.0969,
        3681.0468,
        3680.9981,
        3680.9514,
        3680.9056,
        3680.8614,
        3680.8191,
        3680.7783,
        3680.7392,
        3680.7015,
        3680.6653,
        3680.6304,
        3680.5968,
        3680.5645,
        3680.5333,
        3680.5034,
        3680.4746,
        3680.4468,
        3680.4201
      ],
      "metrics": {
        "MAE": 0.085695,
        "RMSE": 0.085835,
        "MAPE": 0.0023,
        "R2": -3.9586261811435636e+21
      }
    },
    "USD_EUR": {
      "current": 0.8633,
      "next_1h": 0.8633,
      "next_24h": 0.8634,
      "change_pct": 0.001,
      "trend": "\ud83d\udcc8 UP",
      "predictions": [
        0.8633,
        0.8633,
        0.8633,
        0.8633,
        0.8633,
        0.8633,
        0.8633,
        0.8633,
        0.8634,
        0.8634,
        0.8634,
        0.8634,
        0.8634,
        0.8634,
        0.8634,
        0.8634,
        0.8634,
        0.8634,
        0.8634,
        0.8634,
        0.8634,
        0.8634,
        0.8634,
        0.8634
      ],
      "metrics": {
        "MAE": 3.1e-05,
        "RMSE": 7.3e-05,
        "MAPE": 0.0036,
        "R2": 0.0
      }
    }
  },
  "crypto": {
    "BTC_USD": {
      "current": 69991.0,
      "next_1h": 70197.28,
      "next_24h": 74698.05,
      "change_pct": 0.295,
      "trend": "\ud83d\udcc8 UP",
      "predictions": [
        70197.28,
        70545.54,
        70904.9,
        71219.62,
        71333.26,
        71384.99,
        71461.71,
        71585.61,
        71760.54,
        71952.48,
        72136.38,
        72307.85,
        72472.72,
        72641.23,
        72819.59,
        73007.91,
        73203.41,
        73403.26,
        73606.36,
        73813.29,
        74025.29,
        74243.28,
        74467.57,
        74698.05
      ],
      "metrics": {
        "MAE": 448.713378,
        "RMSE": 554.403815,
        "MAPE": 0.6368,
        "R2": 0.0542
      }
    },
    "ETH_USD": {
      "current": 2038.7,
      "next_1h": 2042.07,
      "next_24h": 2028.31,
      "change_pct": 0.165,
      "trend": "\ud83d\udcc8 UP",
      "predictions": [
        2042.07,
        2037.69,
        2033.84,
        2029.9,
        2025.3,
        2025.05,
        2023.9,
        2023.26,
        2022.9,
        2022.78,
        2023.18,
        2023.53,
        2023.98,
        2024.48,
        2025.0,
        2025.54,
        2026.03,
        2026.49,
        2026.9,
        2027.27,
        2027.6,
        2027.88,
        2028.11,
        2028.31
      ],
      "metrics": {
        "MAE": 11.316654,
        "RMSE": 15.698695,
        "MAPE": 0.5507,
        "R2": 0.0659
      }
    },
    "BNB_USD": {
      "current": 641.32,
      "next_1h": 642.89,
      "next_24h": 652.16,
      "change_pct": 0.245,
      "trend": "\ud83d\udcc8 UP",
      "predictions": [
        642.89,
        643.96,
        644.37,
        645.18,
        645.3,
        645.67,
        646.17,
        646.54,
        646.97,
        647.36,
        647.74,
        648.12,
        648.49,
        648.86,
        649.22,
        649.57,
        649.91,
        650.25,
        650.59,
        650.91,
        651.23,
        651.55,
        651.86,
        652.16
      ],
      "metrics": {
        "MAE": 2.687952,
        "RMSE": 3.405016,
        "MAPE": 0.4165,
        "R2": -0.4044
      }
    }
  }
}