{
  "generated_at": "2026-07-08 17:17:11",
  "exchange_rates": {
    "USD_TZS": {
      "current": 2623.2861,
      "next_1h": 2622.9496,
      "next_24h": 2617.5822,
      "change_pct": -0.013,
      "trend": "\ud83d\udcc9 DOWN",
      "predictions": [
        2622.9496,
        2622.6211,
        2622.3004,
        2621.9874,
        2621.6817,
        2621.3833,
        2621.096,
        2620.8194,
        2620.5532,
        2620.2969,
        2620.0504,
        2619.8132,
        2619.5851,
        2619.3657,
        2619.1546,
        2618.9515,
        2618.7562,
        2618.5683,
        2618.3876,
        2618.2138,
        2618.0466,
        2617.8858,
        2617.7311,
        2617.5822
      ],
      "metrics": {
        "MAE": 0.499661,
        "RMSE": 0.779641,
        "MAPE": 0.019,
        "R2": 0.9276
      }
    },
    "USD_KES": {
      "current": 129.175,
      "next_1h": 129.1794,
      "next_24h": 129.2661,
      "change_pct": 0.003,
      "trend": "\ud83d\udcc8 UP",
      "predictions": [
        129.1794,
        129.1838,
        129.1881,
        129.1924,
        129.1967,
        129.2009,
        129.205,
        129.2091,
        129.2132,
        129.2171,
        129.221,
        129.2248,
        129.2286,
        129.2323,
        129.236,
        129.2395,
        129.243,
        129.2465,
        129.2499,
        129.2533,
        129.2565,
        129.2598,
        129.2629,
        129.2661
      ],
      "metrics": {
        "MAE": 0.005546,
        "RMSE": 0.018684,
        "MAPE": 0.0043,
        "R2": 0.9812
      }
    },
    "USD_UGX": {
      "current": 3634.4997,
      "next_1h": 3634.6297,
      "next_24h": 3637.5255,
      "change_pct": 0.004,
      "trend": "\ud83d\udcc8 UP",
      "predictions": [
        3634.6297,
        3634.7594,
        3634.8888,
        3635.018,
        3635.147,
        3635.2756,
        3635.4039,
        3635.5318,
        3635.6593,
        3635.7864,
        3635.9132,
        3636.0395,
        3636.1654,
        3636.291,
        3636.4162,
        3636.5409,
        3636.6653,
        3636.7894,
        3636.913,
        3637.0363,
        3637.1591,
        3637.2817,
        3637.4038,
        3637.5255
      ],
      "metrics": {
        "MAE": 0.953932,
        "RMSE": 3.934122,
        "MAPE": 0.0262,
        "R2": 0.8768
      }
    },
    "USD_EUR": {
      "current": 0.8758,
      "next_1h": 0.8758,
      "next_24h": 0.8765,
      "change_pct": 0.003,
      "trend": "\ud83d\udcc8 UP",
      "predictions": [
        0.8758,
        0.8759,
        0.8759,
        0.8759,
        0.8759,
        0.876,
        0.876,
        0.876,
        0.8761,
        0.8761,
        0.8761,
        0.8761,
        0.8762,
        0.8762,
        0.8762,
        0.8762,
        0.8763,
        0.8763,
        0.8763,
        0.8764,
        0.8764,
        0.8764,
        0.8764,
        0.8765
      ],
      "metrics": {
        "MAE": 9.5e-05,
        "RMSE": 0.000366,
        "MAPE": 0.0108,
        "R2": 0.9375
      }
    }
  },
  "crypto": {
    "BTC_USD": {
      "current": 62019.0,
      "next_1h": 61975.88,
      "next_24h": 61665.95,
      "change_pct": -0.07,
      "trend": "\ud83d\udcc9 DOWN",
      "predictions": [
        61975.88,
        61956.55,
        61954.53,
        61948.17,
        61934.2,
        61917.67,
        61903.15,
        61889.53,
        61875.52,
        61861.14,
        61846.78,
        61832.6,
        61818.49,
        61804.4,
        61790.33,
        61776.32,
        61762.36,
        61748.45,
        61734.59,
        61720.77,
        61706.99,
        61693.27,
        61679.59,
        61665.95
      ],
      "metrics": {
        "MAE": 190.400136,
        "RMSE": 303.28953,
        "MAPE": 0.3055,
        "R2": 0.9364
      }
    },
    "ETH_USD": {
      "current": 1733.38,
      "next_1h": 1732.5,
      "next_24h": 1717.99,
      "change_pct": -0.051,
      "trend": "\ud83d\udcc9 DOWN",
      "predictions": [
        1732.5,
        1731.9,
        1731.18,
        1730.35,
        1729.68,
        1729.06,
        1728.42,
        1727.78,
        1727.16,
        1726.53,
        1725.9,
        1725.28,
        1724.66,
        1724.04,
        1723.42,
        1722.81,
        1722.2,
        1721.59,
        1720.98,
        1720.38,
        1719.78,
        1719.18,
        1718.58,
        1717.99
      ],
      "metrics": {
        "MAE": 6.86914,
        "RMSE": 10.242629,
        "MAPE": 0.3957,
        "R2": 0.9658
      }
    },
    "BNB_USD": {
      "current": 565.74,
      "next_1h": 565.76,
      "next_24h": 565.75,
      "change_pct": 0.004,
      "trend": "\ud83d\udcc8 UP",
      "predictions": [
        565.76,
        565.84,
        565.9,
        565.92,
        565.9,
        565.9,
        565.89,
        565.88,
        565.88,
        565.87,
        565.86,
        565.85,
        565.84,
        565.83,
        565.83,
        565.82,
        565.81,
        565.8,
        565.79,
        565.79,
        565.78,
        565.77,
        565.76,
        565.75
      ],
      "metrics": {
        "MAE": 1.640662,
        "RMSE": 2.412635,
        "MAPE": 0.2879,
        "R2": 0.9556
      }
    }
  }
}