{
  "generated_at": "2026-07-22 08:13:09",
  "exchange_rates": {
    "USD_TZS": {
      "current": 2628.1023,
      "next_1h": 2627.8168,
      "next_24h": 2622.8909,
      "change_pct": -0.011,
      "trend": "\ud83d\udcc9 DOWN",
      "predictions": [
        2627.8168,
        2627.5369,
        2627.2624,
        2626.9933,
        2626.7293,
        2626.4706,
        2626.2191,
        2625.9747,
        2625.7373,
        2625.5066,
        2625.2825,
        2625.0648,
        2624.8534,
        2624.648,
        2624.4484,
        2624.2546,
        2624.0663,
        2623.8834,
        2623.7058,
        2623.5332,
        2623.3655,
        2623.2027,
        2623.0445,
        2622.8909
      ],
      "metrics": {
        "MAE": 0.521386,
        "RMSE": 2.028891,
        "MAPE": 0.0199,
        "R2": 0.958
      }
    },
    "USD_KES": {
      "current": 129.3824,
      "next_1h": 129.3822,
      "next_24h": 129.3781,
      "change_pct": 0.0,
      "trend": "\ud83d\udcc9 DOWN",
      "predictions": [
        129.3822,
        129.382,
        129.3818,
        129.3816,
        129.3815,
        129.3813,
        129.3811,
        129.3809,
        129.3807,
        129.3805,
        129.3803,
        129.3802,
        129.38,
        129.3798,
        129.3796,
        129.3794,
        129.3793,
        129.3791,
        129.3789,
        129.3788,
        129.3786,
        129.3784,
        129.3783,
        129.3781
      ],
      "metrics": {
        "MAE": 0.002731,
        "RMSE": 0.013217,
        "MAPE": 0.0021,
        "R2": 0.928
      }
    },
    "USD_UGX": {
      "current": 3692.4788,
      "next_1h": 3692.4114,
      "next_24h": 3690.9139,
      "change_pct": -0.002,
      "trend": "\ud83d\udcc9 DOWN",
      "predictions": [
        3692.4114,
        3692.3441,
        3692.277,
        3692.21,
        3692.1432,
        3692.0765,
        3692.0101,
        3691.9438,
        3691.8778,
        3691.812,
        3691.7464,
        3691.6811,
        3691.616,
        3691.551,
        3691.4864,
        3691.4219,
        3691.3576,
        3691.2936,
        3691.2298,
        3691.1662,
        3691.1028,
        3691.0396,
        3690.9767,
        3690.9139
      ],
      "metrics": {
        "MAE": 0.432734,
        "RMSE": 2.407765,
        "MAPE": 0.0118,
        "R2": 0.9545
      }
    },
    "USD_EUR": {
      "current": 0.8767,
      "next_1h": 0.8767,
      "next_24h": 0.8768,
      "change_pct": 0.001,
      "trend": "\ud83d\udcc8 UP",
      "predictions": [
        0.8767,
        0.8767,
        0.8767,
        0.8767,
        0.8767,
        0.8767,
        0.8767,
        0.8767,
        0.8767,
        0.8767,
        0.8767,
        0.8767,
        0.8767,
        0.8768,
        0.8768,
        0.8768,
        0.8768,
        0.8768,
        0.8768,
        0.8768,
        0.8768,
        0.8768,
        0.8768,
        0.8768
      ],
      "metrics": {
        "MAE": 4.3e-05,
        "RMSE": 0.000226,
        "MAPE": 0.0049,
        "R2": 0.9697
      }
    }
  },
  "crypto": {
    "BTC_USD": {
      "current": 65971.0,
      "next_1h": 65957.31,
      "next_24h": 65594.18,
      "change_pct": -0.021,
      "trend": "\ud83d\udcc9 DOWN",
      "predictions": [
        65957.31,
        65928.75,
        65900.83,
        65885.13,
        65880.01,
        65864.51,
        65847.66,
        65831.38,
        65816.19,
        65801.33,
        65786.06,
        65770.78,
        65755.62,
        65740.6,
        65725.66,
        65710.76,
        65695.94,
        65681.18,
        65666.51,
        65651.9,
        65637.37,
        65622.9,
        65608.51,
        65594.18
      ],
      "metrics": {
        "MAE": 100.497383,
        "RMSE": 148.105031,
        "MAPE": 0.1555,
        "R2": 0.9764
      }
    },
    "ETH_USD": {
      "current": 1919.19,
      "next_1h": 1918.52,
      "next_24h": 1900.21,
      "change_pct": -0.035,
      "trend": "\ud83d\udcc9 DOWN",
      "predictions": [
        1918.52,
        1917.3,
        1916.38,
        1915.73,
        1914.85,
        1914.03,
        1913.24,
        1912.45,
        1911.65,
        1910.86,
        1910.08,
        1909.3,
        1908.52,
        1907.74,
        1906.97,
        1906.21,
        1905.45,
        1904.69,
        1903.93,
        1903.18,
        1902.43,
        1901.69,
        1900.95,
        1900.21
      ],
      "metrics": {
        "MAE": 3.932315,
        "RMSE": 5.479715,
        "MAPE": 0.2095,
        "R2": 0.9725
      }
    },
    "BNB_USD": {
      "current": 569.33,
      "next_1h": 569.37,
      "next_24h": 570.45,
      "change_pct": 0.007,
      "trend": "\ud83d\udcc8 UP",
      "predictions": [
        569.37,
        569.38,
        569.44,
        569.53,
        569.57,
        569.62,
        569.66,
        569.71,
        569.76,
        569.81,
        569.86,
        569.9,
        569.95,
        570.0,
        570.04,
        570.09,
        570.14,
        570.18,
        570.23,
        570.27,
        570.32,
        570.36,
        570.41,
        570.45
      ],
      "metrics": {
        "MAE": 0.757267,
        "RMSE": 1.054293,
        "MAPE": 0.1328,
        "R2": 0.9353
      }
    }
  }
}