{
  "generated_at": "2026-03-09 10:00:07",
  "exchange_rates": {
    "USD_TZS": {
      "current": 2574.6404,
      "next_1h": 2575.4456,
      "next_24h": 2578.1361,
      "change_pct": 0.031,
      "trend": "\ud83d\udcc8 UP",
      "predictions": [
        2575.4456,
        2575.9746,
        2576.378,
        2576.6504,
        2577.0144,
        2577.2499,
        2577.4392,
        2577.5723,
        2577.7083,
        2577.7998,
        2577.8753,
        2577.9299,
        2577.9799,
        2578.0149,
        2578.044,
        2578.0654,
        2578.0839,
        2578.0973,
        2578.1084,
        2578.1167,
        2578.1236,
        2578.1287,
        2578.1329,
        2578.1361
      ],
      "metrics": {
        "MAE": 0.82721,
        "RMSE": 0.883446,
        "MAPE": 0.0321,
        "R2": 0.0
      }
    },
    "USD_KES": {
      "current": 129.2331,
      "next_1h": 129.248,
      "next_24h": 129.3523,
      "change_pct": 0.011,
      "trend": "\ud83d\udcc8 UP",
      "predictions": [
        129.248,
        129.2645,
        129.2777,
        129.2884,
        129.2976,
        129.3054,
        129.3121,
        129.318,
        129.3231,
        129.3275,
        129.3313,
        129.3347,
        129.3375,
        129.34,
        129.3422,
        129.344,
        129.3456,
        129.347,
        129.3483,
        129.3493,
        129.3502,
        129.351,
        129.3517,
        129.3523
      ],
      "metrics": {
        "MAE": 0.013243,
        "RMSE": 0.014009,
        "MAPE": 0.0102,
        "R2": 0.0
      }
    },
    "USD_UGX": {
      "current": 3681.2744,
      "next_1h": 3674.0226,
      "next_24h": 3671.25,
      "change_pct": -0.197,
      "trend": "\ud83d\udcc9 DOWN",
      "predictions": [
        3674.0226,
        3668.5659,
        3666.3495,
        3665.2231,
        3665.8485,
        3667.8557,
        3670.2586,
        3672.312,
        3673.5338,
        3673.8208,
        3673.3178,
        3672.3316,
        3671.2441,
        3670.3725,
        3669.8972,
        3669.852,
        3670.1477,
        3670.6251,
        3671.1138,
        3671.4804,
        3671.6556,
        3671.6377,
        3671.477,
        3671.25
      ],
      "metrics": {
        "MAE": 6.345049,
        "RMSE": 6.471989,
        "MAPE": 0.1724,
        "R2": 0.0
      }
    },
    "USD_EUR": {
      "current": 0.8662,
      "next_1h": 0.8655,
      "next_24h": 0.8617,
      "change_pct": -0.075,
      "trend": "\ud83d\udcc9 DOWN",
      "predictions": [
        0.8655,
        0.8649,
        0.8646,
        0.8642,
        0.8638,
        0.8635,
        0.8632,
        0.863,
        0.8627,
        0.8626,
        0.8624,
        0.8623,
        0.8622,
        0.8621,
        0.862,
        0.862,
        0.8619,
        0.8619,
        0.8618,
        0.8618,
        0.8618,
        0.8617,
        0.8617,
        0.8617
      ],
      "metrics": {
        "MAE": 0.000672,
        "RMSE": 0.000769,
        "MAPE": 0.0776,
        "R2": 0.0
      }
    }
  },
  "crypto": {
    "BTC_USD": {
      "current": 68006.0,
      "next_1h": 68211.84,
      "next_24h": 66893.18,
      "change_pct": 0.303,
      "trend": "\ud83d\udcc8 UP",
      "predictions": [
        68211.84,
        67810.49,
        67708.32,
        67783.81,
        67738.0,
        67661.07,
        67338.12,
        67146.97,
        67125.36,
        67041.11,
        66926.77,
        66737.47,
        66627.84,
        66642.13,
        66635.12,
        66603.18,
        66556.35,
        66559.01,
        66633.24,
        66695.23,
        66730.34,
        66759.26,
        66811.38,
        66893.18
      ],
      "metrics": {
        "MAE": 419.685381,
        "RMSE": 491.380302,
        "MAPE": 0.6231,
        "R2": -0.346
      }
    },
    "ETH_USD": {
      "current": 2005.08,
      "next_1h": 2011.08,
      "next_24h": 2031.01,
      "change_pct": 0.299,
      "trend": "\ud83d\udcc8 UP",
      "predictions": [
        2011.08,
        2012.03,
        2015.99,
        2020.53,
        2023.69,
        2026.1,
        2027.74,
        2029.44,
        2030.77,
        2031.67,
        2032.28,
        2032.66,
        2032.89,
        2032.97,
        2032.93,
        2032.8,
        2032.61,
        2032.39,
        2032.15,
        2031.9,
        2031.66,
        2031.42,
        2031.21,
        2031.01
      ],
      "metrics": {
        "MAE": 11.809652,
        "RMSE": 14.391311,
        "MAPE": 0.5938,
        "R2": 0.0254
      }
    },
    "BNB_USD": {
      "current": 627.39,
      "next_1h": 626.57,
      "next_24h": 611.91,
      "change_pct": -0.131,
      "trend": "\ud83d\udcc9 DOWN",
      "predictions": [
        626.57,
        625.03,
        623.7,
        623.08,
        622.35,
        621.39,
        620.46,
        619.59,
        618.84,
        618.14,
        617.45,
        616.81,
        616.22,
        615.67,
        615.16,
        614.68,
        614.24,
        613.83,
        613.45,
        613.1,
        612.77,
        612.46,
        612.17,
        611.91
      ],
      "metrics": {
        "MAE": 3.434813,
        "RMSE": 3.973426,
        "MAPE": 0.5499,
        "R2": -0.8273
      }
    }
  }
}