{
  "generated_at": "2026-07-21 15:13:08",
  "exchange_rates": {
    "USD_TZS": {
      "current": 2626.5347,
      "next_1h": 2626.279,
      "next_24h": 2621.8913,
      "change_pct": -0.01,
      "trend": "\ud83d\udcc9 DOWN",
      "predictions": [
        2626.279,
        2626.0284,
        2625.7828,
        2625.5421,
        2625.3061,
        2625.0749,
        2624.8503,
        2624.6321,
        2624.4203,
        2624.2146,
        2624.0149,
        2623.821,
        2623.6327,
        2623.45,
        2623.2725,
        2623.1003,
        2622.9331,
        2622.7707,
        2622.6131,
        2622.4601,
        2622.3115,
        2622.1673,
        2622.0272,
        2621.8913
      ],
      "metrics": {
        "MAE": 0.54059,
        "RMSE": 2.061142,
        "MAPE": 0.0207,
        "R2": 0.9568
      }
    },
    "USD_KES": {
      "current": 129.2986,
      "next_1h": 129.2991,
      "next_24h": 129.3109,
      "change_pct": 0.0,
      "trend": "\ud83d\udcc9 DOWN",
      "predictions": [
        129.2991,
        129.2997,
        129.3003,
        129.3008,
        129.3014,
        129.3019,
        129.3024,
        129.303,
        129.3035,
        129.304,
        129.3046,
        129.3051,
        129.3056,
        129.3061,
        129.3066,
        129.3071,
        129.3076,
        129.3081,
        129.3086,
        129.309,
        129.3095,
        129.31,
        129.3105,
        129.3109
      ],
      "metrics": {
        "MAE": 0.002519,
        "RMSE": 0.012083,
        "MAPE": 0.0019,
        "R2": 0.9515
      }
    },
    "USD_UGX": {
      "current": 3684.2026,
      "next_1h": 3684.1602,
      "next_24h": 3683.2161,
      "change_pct": -0.001,
      "trend": "\ud83d\udcc9 DOWN",
      "predictions": [
        3684.1602,
        3684.1178,
        3684.0755,
        3684.0333,
        3683.9911,
        3683.9491,
        3683.9072,
        3683.8655,
        3683.8238,
        3683.7824,
        3683.741,
        3683.6998,
        3683.6588,
        3683.6178,
        3683.5771,
        3683.5364,
        3683.4959,
        3683.4555,
        3683.4153,
        3683.3752,
        3683.3352,
        3683.2953,
        3683.2556,
        3683.2161
      ],
      "metrics": {
        "MAE": 0.413038,
        "RMSE": 2.369533,
        "MAPE": 0.0112,
        "R2": 0.9574
      }
    },
    "USD_EUR": {
      "current": 0.8758,
      "next_1h": 0.8758,
      "next_24h": 0.8759,
      "change_pct": 0.0,
      "trend": "\ud83d\udcc9 DOWN",
      "predictions": [
        0.8758,
        0.8758,
        0.8758,
        0.8758,
        0.8758,
        0.8758,
        0.8758,
        0.8758,
        0.8758,
        0.8758,
        0.8758,
        0.8758,
        0.8758,
        0.8758,
        0.8758,
        0.8758,
        0.8758,
        0.8758,
        0.8758,
        0.8758,
        0.8758,
        0.8758,
        0.8759,
        0.8759
      ],
      "metrics": {
        "MAE": 4.3e-05,
        "RMSE": 0.000237,
        "MAPE": 0.0049,
        "R2": 0.967
      }
    }
  },
  "crypto": {
    "BTC_USD": {
      "current": 66698.0,
      "next_1h": 66666.63,
      "next_24h": 66250.5,
      "change_pct": -0.047,
      "trend": "\ud83d\udcc9 DOWN",
      "predictions": [
        66666.63,
        66650.38,
        66646.75,
        66620.7,
        66602.58,
        66582.68,
        66563.88,
        66545.16,
        66525.85,
        66506.85,
        66487.94,
        66469.16,
        66450.46,
        66431.83,
        66413.29,
        66394.85,
        66376.5,
        66358.23,
        66340.06,
        66321.97,
        66303.97,
        66286.06,
        66268.24,
        66250.5
      ],
      "metrics": {
        "MAE": 100.281378,
        "RMSE": 148.741443,
        "MAPE": 0.1555,
        "R2": 0.9627
      }
    },
    "ETH_USD": {
      "current": 1928.14,
      "next_1h": 1927.23,
      "next_24h": 1907.25,
      "change_pct": -0.047,
      "trend": "\ud83d\udcc9 DOWN",
      "predictions": [
        1927.23,
        1926.71,
        1925.59,
        1924.69,
        1923.79,
        1922.89,
        1921.98,
        1921.08,
        1920.18,
        1919.29,
        1918.4,
        1917.52,
        1916.64,
        1915.76,
        1914.89,
        1914.03,
        1913.16,
        1912.31,
        1911.45,
        1910.6,
        1909.76,
        1908.92,
        1908.08,
        1907.25
      ],
      "metrics": {
        "MAE": 4.048021,
        "RMSE": 5.601954,
        "MAPE": 0.2157,
        "R2": 0.9694
      }
    },
    "BNB_USD": {
      "current": 575.07,
      "next_1h": 575.08,
      "next_24h": 575.43,
      "change_pct": 0.001,
      "trend": "\ud83d\udcc8 UP",
      "predictions": [
        575.08,
        575.08,
        575.08,
        575.12,
        575.13,
        575.15,
        575.16,
        575.18,
        575.2,
        575.21,
        575.23,
        575.24,
        575.26,
        575.28,
        575.29,
        575.31,
        575.32,
        575.34,
        575.35,
        575.37,
        575.38,
        575.4,
        575.41,
        575.43
      ],
      "metrics": {
        "MAE": 0.776553,
        "RMSE": 1.080591,
        "MAPE": 0.136,
        "R2": 0.9544
      }
    }
  }
}