{
  "generated_at": "2026-04-30 09:51:26",
  "exchange_rates": {
    "USD_TZS": {
      "current": 2588.8383,
      "next_1h": 2589.0361,
      "next_24h": 2592.7132,
      "change_pct": 0.008,
      "trend": "\ud83d\udcc8 UP",
      "predictions": [
        2589.0361,
        2589.231,
        2589.4229,
        2589.6119,
        2589.7986,
        2589.9832,
        2590.1639,
        2590.3409,
        2590.5141,
        2590.6836,
        2590.8496,
        2591.0121,
        2591.1712,
        2591.3268,
        2591.4792,
        2591.6284,
        2591.7744,
        2591.9172,
        2592.0571,
        2592.194,
        2592.328,
        2592.4592,
        2592.5876,
        2592.7132
      ],
      "metrics": {
        "MAE": 0.899809,
        "RMSE": 4.199733,
        "MAPE": 0.0347,
        "R2": 0.8618
      }
    },
    "USD_KES": {
      "current": 129.0743,
      "next_1h": 129.0742,
      "next_24h": 129.0719,
      "change_pct": 0.0,
      "trend": "\ud83d\udcc9 DOWN",
      "predictions": [
        129.0742,
        129.0741,
        129.074,
        129.0739,
        129.0738,
        129.0737,
        129.0736,
        129.0735,
        129.0734,
        129.0733,
        129.0732,
        129.0731,
        129.073,
        129.0729,
        129.0728,
        129.0727,
        129.0726,
        129.0725,
        129.0724,
        129.0723,
        129.0722,
        129.0721,
        129.072,
        129.0719
      ],
      "metrics": {
        "MAE": 0.004828,
        "RMSE": 0.024351,
        "MAPE": 0.0037,
        "R2": 0.9235
      }
    },
    "USD_UGX": {
      "current": 3707.894,
      "next_1h": 3707.9448,
      "next_24h": 3709.0416,
      "change_pct": 0.001,
      "trend": "\ud83d\udcc8 UP",
      "predictions": [
        3707.9448,
        3707.9955,
        3708.046,
        3708.0964,
        3708.1466,
        3708.1966,
        3708.2463,
        3708.2957,
        3708.3447,
        3708.3934,
        3708.4418,
        3708.4898,
        3708.5375,
        3708.5849,
        3708.632,
        3708.6788,
        3708.7252,
        3708.7713,
        3708.8171,
        3708.8626,
        3708.9078,
        3708.9527,
        3708.9973,
        3709.0416
      ],
      "metrics": {
        "MAE": 0.937231,
        "RMSE": 4.135127,
        "MAPE": 0.0254,
        "R2": 0.8602
      }
    },
    "USD_EUR": {
      "current": 0.8556,
      "next_1h": 0.8556,
      "next_24h": 0.8552,
      "change_pct": -0.002,
      "trend": "\ud83d\udcc9 DOWN",
      "predictions": [
        0.8556,
        0.8555,
        0.8555,
        0.8555,
        0.8555,
        0.8555,
        0.8555,
        0.8554,
        0.8554,
        0.8554,
        0.8554,
        0.8554,
        0.8554,
        0.8553,
        0.8553,
        0.8553,
        0.8553,
        0.8553,
        0.8553,
        0.8552,
        0.8552,
        0.8552,
        0.8552,
        0.8552
      ],
      "metrics": {
        "MAE": 7.2e-05,
        "RMSE": 0.000318,
        "MAPE": 0.0084,
        "R2": 0.8596
      }
    }
  },
  "crypto": {
    "BTC_USD": {
      "current": 76129.0,
      "next_1h": 76128.52,
      "next_24h": 76274.19,
      "change_pct": -0.001,
      "trend": "\ud83d\udcc9 DOWN",
      "predictions": [
        76128.52,
        76130.38,
        76138.74,
        76164.37,
        76174.47,
        76180.09,
        76186.2,
        76191.09,
        76197.64,
        76203.16,
        76208.32,
        76213.62,
        76218.68,
        76223.89,
        76229.01,
        76234.08,
        76239.16,
        76244.21,
        76249.25,
        76254.27,
        76259.27,
        76264.26,
        76269.23,
        76274.19
      ],
      "metrics": {
        "MAE": 205.938242,
        "RMSE": 298.217687,
        "MAPE": 0.2662,
        "R2": 0.8691
      }
    },
    "ETH_USD": {
      "current": 2263.36,
      "next_1h": 2262.36,
      "next_24h": 2265.56,
      "change_pct": -0.044,
      "trend": "\ud83d\udcc9 DOWN",
      "predictions": [
        2262.36,
        2263.06,
        2263.54,
        2264.13,
        2264.8,
        2264.8,
        2264.95,
        2265.04,
        2265.1,
        2265.19,
        2265.22,
        2265.26,
        2265.29,
        2265.32,
        2265.35,
        2265.38,
        2265.4,
        2265.43,
        2265.45,
        2265.47,
        2265.5,
        2265.52,
        2265.54,
        2265.56
      ],
      "metrics": {
        "MAE": 7.49043,
        "RMSE": 11.637536,
        "MAPE": 0.3246,
        "R2": 0.8496
      }
    },
    "BNB_USD": {
      "current": 617.18,
      "next_1h": 617.2,
      "next_24h": 616.69,
      "change_pct": 0.004,
      "trend": "\ud83d\udcc8 UP",
      "predictions": [
        617.2,
        617.04,
        617.06,
        617.08,
        617.09,
        617.08,
        617.05,
        617.03,
        617.01,
        616.98,
        616.96,
        616.94,
        616.92,
        616.9,
        616.88,
        616.86,
        616.83,
        616.81,
        616.79,
        616.77,
        616.75,
        616.73,
        616.71,
        616.69
      ],
      "metrics": {
        "MAE": 1.312593,
        "RMSE": 1.838423,
        "MAPE": 0.2088,
        "R2": 0.9332
      }
    }
  }
}