{
  "generated_at": "2026-07-18 01:13:08",
  "exchange_rates": {
    "USD_TZS": {
      "current": 2628.277,
      "next_1h": 2627.935,
      "next_24h": 2622.1441,
      "change_pct": -0.013,
      "trend": "\ud83d\udcc9 DOWN",
      "predictions": [
        2627.935,
        2627.6001,
        2627.272,
        2626.9507,
        2626.6361,
        2626.3279,
        2626.029,
        2625.7392,
        2625.4582,
        2625.1858,
        2624.9218,
        2624.6658,
        2624.4177,
        2624.1773,
        2623.9442,
        2623.7183,
        2623.4994,
        2623.2872,
        2623.0815,
        2622.8821,
        2622.6889,
        2622.5016,
        2622.32,
        2622.1441
      ],
      "metrics": {
        "MAE": 0.549919,
        "RMSE": 2.147033,
        "MAPE": 0.021,
        "R2": 0.9485
      }
    },
    "USD_KES": {
      "current": 129.3048,
      "next_1h": 129.3059,
      "next_24h": 129.3291,
      "change_pct": 0.001,
      "trend": "\ud83d\udcc8 UP",
      "predictions": [
        129.3059,
        129.307,
        129.3081,
        129.3093,
        129.3104,
        129.3115,
        129.3125,
        129.3136,
        129.3147,
        129.3157,
        129.3168,
        129.3178,
        129.3188,
        129.3198,
        129.3208,
        129.3217,
        129.3227,
        129.3237,
        129.3246,
        129.3255,
        129.3264,
        129.3273,
        129.3282,
        129.3291
      ],
      "metrics": {
        "MAE": 0.00428,
        "RMSE": 0.01524,
        "MAPE": 0.0033,
        "R2": 0.9524
      }
    },
    "USD_UGX": {
      "current": 3681.1587,
      "next_1h": 3681.1259,
      "next_24h": 3680.3965,
      "change_pct": -0.001,
      "trend": "\ud83d\udcc9 DOWN",
      "predictions": [
        3681.1259,
        3681.0932,
        3681.0605,
        3681.0279,
        3680.9954,
        3680.9629,
        3680.9306,
        3680.8983,
        3680.8662,
        3680.8342,
        3680.8023,
        3680.7704,
        3680.7387,
        3680.7071,
        3680.6756,
        3680.6442,
        3680.6129,
        3680.5817,
        3680.5505,
        3680.5195,
        3680.4886,
        3680.4578,
        3680.4271,
        3680.3965
      ],
      "metrics": {
        "MAE": 0.359353,
        "RMSE": 1.982751,
        "MAPE": 0.0098,
        "R2": 0.9658
      }
    },
    "USD_EUR": {
      "current": 0.8735,
      "next_1h": 0.8735,
      "next_24h": 0.8737,
      "change_pct": 0.001,
      "trend": "\ud83d\udcc8 UP",
      "predictions": [
        0.8735,
        0.8735,
        0.8735,
        0.8735,
        0.8735,
        0.8735,
        0.8736,
        0.8736,
        0.8736,
        0.8736,
        0.8736,
        0.8736,
        0.8736,
        0.8736,
        0.8736,
        0.8736,
        0.8736,
        0.8737,
        0.8737,
        0.8737,
        0.8737,
        0.8737,
        0.8737,
        0.8737
      ],
      "metrics": {
        "MAE": 4.8e-05,
        "RMSE": 0.000253,
        "MAPE": 0.0054,
        "R2": 0.963
      }
    }
  },
  "crypto": {
    "BTC_USD": {
      "current": 63872.0,
      "next_1h": 63864.69,
      "next_24h": 63699.16,
      "change_pct": -0.011,
      "trend": "\ud83d\udcc9 DOWN",
      "predictions": [
        63864.69,
        63858.21,
        63849.46,
        63842.46,
        63834.94,
        63827.51,
        63820.09,
        63812.68,
        63805.34,
        63798.03,
        63790.75,
        63783.5,
        63776.29,
        63769.11,
        63761.96,
        63754.85,
        63747.78,
        63740.73,
        63733.72,
        63726.74,
        63719.8,
        63712.88,
        63706.0,
        63699.16
      ],
      "metrics": {
        "MAE": 124.353586,
        "RMSE": 174.107397,
        "MAPE": 0.1951,
        "R2": 0.9651
      }
    },
    "ETH_USD": {
      "current": 1838.94,
      "next_1h": 1838.44,
      "next_24h": 1824.35,
      "change_pct": -0.027,
      "trend": "\ud83d\udcc9 DOWN",
      "predictions": [
        1838.44,
        1837.68,
        1837.04,
        1836.4,
        1835.77,
        1835.14,
        1834.51,
        1833.89,
        1833.27,
        1832.65,
        1832.04,
        1831.43,
        1830.82,
        1830.22,
        1829.62,
        1829.02,
        1828.43,
        1827.84,
        1827.25,
        1826.66,
        1826.08,
        1825.5,
        1824.93,
        1824.35
      ],
      "metrics": {
        "MAE": 5.176799,
        "RMSE": 7.776536,
        "MAPE": 0.2804,
        "R2": 0.9767
      }
    },
    "BNB_USD": {
      "current": 566.94,
      "next_1h": 567.04,
      "next_24h": 568.29,
      "change_pct": 0.017,
      "trend": "\ud83d\udcc8 UP",
      "predictions": [
        567.04,
        567.08,
        567.15,
        567.18,
        567.25,
        567.3,
        567.36,
        567.42,
        567.47,
        567.53,
        567.58,
        567.64,
        567.7,
        567.75,
        567.81,
        567.86,
        567.92,
        567.97,
        568.02,
        568.08,
        568.13,
        568.18,
        568.24,
        568.29
      ],
      "metrics": {
        "MAE": 0.939153,
        "RMSE": 1.322955,
        "MAPE": 0.1639,
        "R2": 0.9557
      }
    }
  }
}