{
  "generated_at": "2026-05-08 01:04:48",
  "exchange_rates": {
    "USD_TZS": {
      "current": 2600.1233,
      "next_1h": 2599.9487,
      "next_24h": 2599.6956,
      "change_pct": -0.007,
      "trend": "\ud83d\udcc9 DOWN",
      "predictions": [
        2599.9487,
        2599.7791,
        2599.6142,
        2599.4539,
        2599.2982,
        2599.3066,
        2599.32,
        2599.3382,
        2599.3609,
        2599.3878,
        2599.4186,
        2599.4483,
        2599.4768,
        2599.5039,
        2599.5296,
        2599.5537,
        2599.5762,
        2599.5972,
        2599.6168,
        2599.635,
        2599.6518,
        2599.6675,
        2599.6821,
        2599.6956
      ],
      "metrics": {
        "MAE": 1.065864,
        "RMSE": 3.12872,
        "MAPE": 0.041,
        "R2": 0.9009
      }
    },
    "USD_KES": {
      "current": 129.1655,
      "next_1h": 129.1651,
      "next_24h": 129.157,
      "change_pct": 0.0,
      "trend": "\ud83d\udcc9 DOWN",
      "predictions": [
        129.1651,
        129.1647,
        129.1643,
        129.164,
        129.1636,
        129.1632,
        129.1628,
        129.1625,
        129.1621,
        129.1618,
        129.1614,
        129.1611,
        129.1607,
        129.1604,
        129.16,
        129.1597,
        129.1593,
        129.159,
        129.1587,
        129.1583,
        129.158,
        129.1577,
        129.1573,
        129.157
      ],
      "metrics": {
        "MAE": 0.001491,
        "RMSE": 0.006676,
        "MAPE": 0.0012,
        "R2": 0.9347
      }
    },
    "USD_UGX": {
      "current": 3747.3416,
      "next_1h": 3746.7362,
      "next_24h": 3735.0072,
      "change_pct": -0.016,
      "trend": "\ud83d\udcc9 DOWN",
      "predictions": [
        3746.7362,
        3746.1366,
        3745.5426,
        3744.9543,
        3744.3715,
        3743.8176,
        3743.271,
        3742.7317,
        3742.1994,
        3741.6743,
        3741.1561,
        3740.6447,
        3740.14,
        3739.642,
        3739.1504,
        3738.6654,
        3738.1867,
        3737.7143,
        3737.248,
        3736.788,
        3736.3339,
        3735.8858,
        3735.4436,
        3735.0072
      ],
      "metrics": {
        "MAE": 0.766297,
        "RMSE": 2.48152,
        "MAPE": 0.0205,
        "R2": 0.951
      }
    },
    "USD_EUR": {
      "current": 0.8514,
      "next_1h": 0.8514,
      "next_24h": 0.8515,
      "change_pct": 0.0,
      "trend": "\ud83d\udcc9 DOWN",
      "predictions": [
        0.8514,
        0.8514,
        0.8514,
        0.8514,
        0.8514,
        0.8514,
        0.8514,
        0.8514,
        0.8514,
        0.8515,
        0.8515,
        0.8515,
        0.8515,
        0.8515,
        0.8515,
        0.8515,
        0.8515,
        0.8515,
        0.8515,
        0.8515,
        0.8515,
        0.8515,
        0.8515,
        0.8515
      ],
      "metrics": {
        "MAE": 8.4e-05,
        "RMSE": 0.000417,
        "MAPE": 0.0098,
        "R2": 0.8877
      }
    }
  },
  "crypto": {
    "BTC_USD": {
      "current": 79856.0,
      "next_1h": 79835.97,
      "next_24h": 79159.87,
      "change_pct": -0.025,
      "trend": "\ud83d\udcc9 DOWN",
      "predictions": [
        79835.97,
        79798.48,
        79766.61,
        79737.47,
        79704.53,
        79674.16,
        79643.33,
        79612.78,
        79582.72,
        79552.72,
        79523.07,
        79493.66,
        79464.49,
        79435.59,
        79406.93,
        79378.52,
        79350.35,
        79322.43,
        79294.74,
        79267.3,
        79240.09,
        79213.12,
        79186.38,
        79159.87
      ],
      "metrics": {
        "MAE": 202.334263,
        "RMSE": 303.795962,
        "MAPE": 0.2535,
        "R2": 0.9588
      }
    },
    "ETH_USD": {
      "current": 2287.84,
      "next_1h": 2287.55,
      "next_24h": 2289.16,
      "change_pct": -0.013,
      "trend": "\ud83d\udcc9 DOWN",
      "predictions": [
        2287.55,
        2287.89,
        2287.57,
        2287.75,
        2287.81,
        2287.84,
        2287.95,
        2288.01,
        2288.1,
        2288.18,
        2288.25,
        2288.33,
        2288.41,
        2288.48,
        2288.56,
        2288.63,
        2288.7,
        2288.77,
        2288.84,
        2288.9,
        2288.97,
        2289.04,
        2289.1,
        2289.16
      ],
      "metrics": {
        "MAE": 6.806953,
        "RMSE": 10.58483,
        "MAPE": 0.2907,
        "R2": 0.9119
      }
    },
    "BNB_USD": {
      "current": 638.12,
      "next_1h": 637.57,
      "next_24h": 633.69,
      "change_pct": -0.086,
      "trend": "\ud83d\udcc9 DOWN",
      "predictions": [
        637.57,
        637.56,
        637.26,
        637.01,
        636.9,
        636.69,
        636.51,
        636.33,
        636.14,
        635.97,
        635.79,
        635.62,
        635.45,
        635.27,
        635.11,
        634.94,
        634.78,
        634.62,
        634.46,
        634.3,
        634.15,
        633.99,
        633.84,
        633.69
      ],
      "metrics": {
        "MAE": 1.384669,
        "RMSE": 2.180204,
        "MAPE": 0.2189,
        "R2": 0.9643
      }
    }
  }
}