{
  "generated_at": "2026-03-27 06:00:21",
  "exchange_rates": {
    "USD_TZS": {
      "current": 2563.7516,
      "next_1h": 2564.2196,
      "next_24h": 2572.7608,
      "change_pct": 0.018,
      "trend": "\ud83d\udcc8 UP",
      "predictions": [
        2564.2196,
        2564.6743,
        2565.1237,
        2565.5645,
        2566.004,
        2566.4356,
        2566.8578,
        2567.2707,
        2567.6746,
        2568.0696,
        2568.4558,
        2568.8334,
        2569.2026,
        2569.5637,
        2569.9167,
        2570.2618,
        2570.5993,
        2570.9293,
        2571.252,
        2571.5675,
        2571.8759,
        2572.1775,
        2572.4725,
        2572.7608
      ],
      "metrics": {
        "MAE": 0.474595,
        "RMSE": 1.455946,
        "MAPE": 0.0184,
        "R2": 0.9677
      }
    },
    "USD_KES": {
      "current": 129.728,
      "next_1h": 129.7099,
      "next_24h": 129.4598,
      "change_pct": -0.014,
      "trend": "\ud83d\udcc9 DOWN",
      "predictions": [
        129.7099,
        129.69,
        129.6727,
        129.6573,
        129.643,
        129.6299,
        129.6172,
        129.6049,
        129.5929,
        129.5814,
        129.5703,
        129.5596,
        129.5494,
        129.5396,
        129.5301,
        129.521,
        129.5123,
        129.5039,
        129.4958,
        129.488,
        129.4805,
        129.4733,
        129.4664,
        129.4598
      ],
      "metrics": {
        "MAE": 0.019888,
        "RMSE": 0.048962,
        "MAPE": 0.0153,
        "R2": 0.9364
      }
    },
    "USD_UGX": {
      "current": 3717.465,
      "next_1h": 3717.852,
      "next_24h": 3725.8223,
      "change_pct": 0.01,
      "trend": "\ud83d\udcc8 UP",
      "predictions": [
        3717.852,
        3718.2324,
        3718.6058,
        3718.9757,
        3719.3388,
        3719.6956,
        3720.0508,
        3720.4043,
        3720.7561,
        3721.1062,
        3721.4545,
        3721.8011,
        3722.1458,
        3722.4887,
        3722.8299,
        3723.1693,
        3723.507,
        3723.8429,
        3724.1771,
        3724.5095,
        3724.8403,
        3725.1693,
        3725.4966,
        3725.8223
      ],
      "metrics": {
        "MAE": 0.933845,
        "RMSE": 4.458115,
        "MAPE": 0.025,
        "R2": 0.9661
      }
    },
    "USD_EUR": {
      "current": 0.8661,
      "next_1h": 0.8662,
      "next_24h": 0.8667,
      "change_pct": 0.003,
      "trend": "\ud83d\udcc8 UP",
      "predictions": [
        0.8662,
        0.8662,
        0.8662,
        0.8662,
        0.8663,
        0.8663,
        0.8663,
        0.8663,
        0.8664,
        0.8664,
        0.8664,
        0.8664,
        0.8665,
        0.8665,
        0.8665,
        0.8665,
        0.8665,
        0.8666,
        0.8666,
        0.8666,
        0.8666,
        0.8666,
        0.8667,
        0.8667
      ],
      "metrics": {
        "MAE": 0.00015,
        "RMSE": 0.000404,
        "MAPE": 0.0173,
        "R2": 0.8972
      }
    }
  },
  "crypto": {
    "BTC_USD": {
      "current": 68585.0,
      "next_1h": 68619.75,
      "next_24h": 69178.17,
      "change_pct": 0.051,
      "trend": "\ud83d\udcc8 UP",
      "predictions": [
        68619.75,
        68660.88,
        68694.87,
        68723.7,
        68748.01,
        68772.55,
        68797.03,
        68821.61,
        68846.04,
        68870.22,
        68894.06,
        68917.59,
        68940.81,
        68963.75,
        68986.41,
        69008.79,
        69030.89,
        69052.72,
        69074.28,
        69095.58,
        69116.61,
        69137.38,
        69157.9,
        69178.17
      ],
      "metrics": {
        "MAE": 263.47204,
        "RMSE": 387.606347,
        "MAPE": 0.3765,
        "R2": 0.8621
      }
    },
    "ETH_USD": {
      "current": 2059.93,
      "next_1h": 2060.33,
      "next_24h": 2080.79,
      "change_pct": 0.02,
      "trend": "\ud83d\udcc8 UP",
      "predictions": [
        2060.33,
        2061.15,
        2061.96,
        2062.9,
        2064.13,
        2065.12,
        2066.13,
        2067.12,
        2068.1,
        2069.07,
        2070.01,
        2070.94,
        2071.85,
        2072.74,
        2073.61,
        2074.47,
        2075.32,
        2076.14,
        2076.95,
        2077.75,
        2078.53,
        2079.3,
        2080.05,
        2080.79
      ],
      "metrics": {
        "MAE": 9.478735,
        "RMSE": 15.866585,
        "MAPE": 0.4472,
        "R2": 0.8823
      }
    },
    "BNB_USD": {
      "current": 627.35,
      "next_1h": 627.93,
      "next_24h": 637.23,
      "change_pct": 0.092,
      "trend": "\ud83d\udcc8 UP",
      "predictions": [
        627.93,
        628.44,
        628.94,
        629.42,
        629.89,
        630.36,
        630.81,
        631.26,
        631.69,
        632.12,
        632.53,
        632.94,
        633.34,
        633.73,
        634.12,
        634.49,
        634.86,
        635.22,
        635.57,
        635.92,
        636.26,
        636.59,
        636.91,
        637.23
      ],
      "metrics": {
        "MAE": 1.970588,
        "RMSE": 2.905418,
        "MAPE": 0.3101,
        "R2": 0.8438
      }
    }
  }
}