{
  "generated_at": "2026-07-20 03:17:12",
  "exchange_rates": {
    "USD_TZS": {
      "current": 2628.4738,
      "next_1h": 2628.1657,
      "next_24h": 2622.7117,
      "change_pct": -0.012,
      "trend": "\ud83d\udcc9 DOWN",
      "predictions": [
        2628.1657,
        2627.8637,
        2627.5677,
        2627.2667,
        2626.9716,
        2626.6825,
        2626.4016,
        2626.1289,
        2625.864,
        2625.6069,
        2625.3574,
        2625.1153,
        2624.8803,
        2624.6523,
        2624.431,
        2624.2162,
        2624.0078,
        2623.8056,
        2623.6093,
        2623.4189,
        2623.234,
        2623.0547,
        2622.8806,
        2622.7117
      ],
      "metrics": {
        "MAE": 0.547903,
        "RMSE": 2.096936,
        "MAPE": 0.0209,
        "R2": 0.9543
      }
    },
    "USD_KES": {
      "current": 129.2866,
      "next_1h": 129.2872,
      "next_24h": 129.3044,
      "change_pct": 0.0,
      "trend": "\ud83d\udcc9 DOWN",
      "predictions": [
        129.2872,
        129.2878,
        129.2885,
        129.2893,
        129.2901,
        129.2909,
        129.2917,
        129.2925,
        129.2933,
        129.2941,
        129.2949,
        129.2957,
        129.2965,
        129.2972,
        129.298,
        129.2987,
        129.2994,
        129.3002,
        129.3009,
        129.3016,
        129.3023,
        129.303,
        129.3037,
        129.3044
      ],
      "metrics": {
        "MAE": 0.002887,
        "RMSE": 0.0123,
        "MAPE": 0.0022,
        "R2": 0.9663
      }
    },
    "USD_UGX": {
      "current": 3691.0959,
      "next_1h": 3691.0665,
      "next_24h": 3689.7845,
      "change_pct": -0.001,
      "trend": "\ud83d\udcc9 DOWN",
      "predictions": [
        3691.0665,
        3691.0371,
        3691.0078,
        3690.9478,
        3690.8879,
        3690.8281,
        3690.7685,
        3690.709,
        3690.6498,
        3690.5907,
        3690.5318,
        3690.4731,
        3690.4147,
        3690.3564,
        3690.2983,
        3690.2405,
        3690.1828,
        3690.1253,
        3690.068,
        3690.0109,
        3689.954,
        3689.8974,
        3689.8409,
        3689.7845
      ],
      "metrics": {
        "MAE": 0.405407,
        "RMSE": 2.367712,
        "MAPE": 0.011,
        "R2": 0.9481
      }
    },
    "USD_EUR": {
      "current": 0.875,
      "next_1h": 0.875,
      "next_24h": 0.8751,
      "change_pct": 0.001,
      "trend": "\ud83d\udcc8 UP",
      "predictions": [
        0.875,
        0.875,
        0.875,
        0.875,
        0.875,
        0.875,
        0.875,
        0.8751,
        0.8751,
        0.8751,
        0.8751,
        0.8751,
        0.8751,
        0.8751,
        0.8751,
        0.8751,
        0.8751,
        0.8751,
        0.8751,
        0.8751,
        0.8751,
        0.8751,
        0.8751,
        0.8751
      ],
      "metrics": {
        "MAE": 4.1e-05,
        "RMSE": 0.000235,
        "MAPE": 0.0047,
        "R2": 0.9684
      }
    }
  },
  "crypto": {
    "BTC_USD": {
      "current": 64743.0,
      "next_1h": 64731.27,
      "next_24h": 64454.51,
      "change_pct": -0.018,
      "trend": "\ud83d\udcc9 DOWN",
      "predictions": [
        64731.27,
        64720.84,
        64709.71,
        64695.22,
        64682.12,
        64669.75,
        64657.49,
        64645.13,
        64632.72,
        64620.42,
        64608.22,
        64596.07,
        64583.96,
        64571.91,
        64559.92,
        64547.99,
        64536.11,
        64524.29,
        64512.52,
        64500.81,
        64489.15,
        64477.55,
        64466.0,
        64454.51
      ],
      "metrics": {
        "MAE": 99.599538,
        "RMSE": 150.736069,
        "MAPE": 0.1551,
        "R2": 0.9288
      }
    },
    "ETH_USD": {
      "current": 1876.76,
      "next_1h": 1875.88,
      "next_24h": 1857.56,
      "change_pct": -0.047,
      "trend": "\ud83d\udcc9 DOWN",
      "predictions": [
        1875.88,
        1875.0,
        1874.11,
        1873.32,
        1872.46,
        1871.63,
        1870.82,
        1870.0,
        1869.19,
        1868.39,
        1867.59,
        1866.79,
        1866.0,
        1865.21,
        1864.43,
        1863.65,
        1862.87,
        1862.1,
        1861.33,
        1860.57,
        1859.81,
        1859.06,
        1858.3,
        1857.56
      ],
      "metrics": {
        "MAE": 4.245349,
        "RMSE": 6.660102,
        "MAPE": 0.227,
        "R2": 0.9428
      }
    },
    "BNB_USD": {
      "current": 569.83,
      "next_1h": 569.86,
      "next_24h": 570.51,
      "change_pct": 0.005,
      "trend": "\ud83d\udcc8 UP",
      "predictions": [
        569.86,
        569.89,
        569.91,
        569.94,
        569.97,
        570.0,
        570.03,
        570.06,
        570.09,
        570.12,
        570.14,
        570.17,
        570.2,
        570.23,
        570.26,
        570.29,
        570.31,
        570.34,
        570.37,
        570.4,
        570.43,
        570.45,
        570.48,
        570.51
      ],
      "metrics": {
        "MAE": 0.809738,
        "RMSE": 1.143256,
        "MAPE": 0.1413,
        "R2": 0.9632
      }
    }
  }
}