{
  "generated_at": "2026-06-30 17:42:50",
  "exchange_rates": {
    "USD_TZS": {
      "current": 2628.3687,
      "next_1h": 2627.9946,
      "next_24h": 2620.8856,
      "change_pct": -0.014,
      "trend": "\ud83d\udcc9 DOWN",
      "predictions": [
        2627.9946,
        2627.6243,
        2627.2576,
        2626.8947,
        2626.5353,
        2626.1795,
        2625.8309,
        2625.4893,
        2625.1546,
        2624.8267,
        2624.5056,
        2624.191,
        2623.8829,
        2623.5812,
        2623.2857,
        2622.9963,
        2622.7128,
        2622.4352,
        2622.1633,
        2621.897,
        2621.6362,
        2621.3808,
        2621.1306,
        2620.8856
      ],
      "metrics": {
        "MAE": 0.724196,
        "RMSE": 2.992904,
        "MAPE": 0.0276,
        "R2": 0.897
      }
    },
    "USD_KES": {
      "current": 129.4439,
      "next_1h": 129.4438,
      "next_24h": 129.4408,
      "change_pct": 0.0,
      "trend": "\ud83d\udcc9 DOWN",
      "predictions": [
        129.4438,
        129.4436,
        129.4435,
        129.4433,
        129.4432,
        129.443,
        129.4429,
        129.4427,
        129.4426,
        129.4425,
        129.4423,
        129.4422,
        129.4421,
        129.442,
        129.4418,
        129.4417,
        129.4416,
        129.4415,
        129.4414,
        129.4413,
        129.4411,
        129.441,
        129.4409,
        129.4408
      ],
      "metrics": {
        "MAE": 0.004037,
        "RMSE": 0.016556,
        "MAPE": 0.0031,
        "R2": 0.9088
      }
    },
    "USD_UGX": {
      "current": 3644.9775,
      "next_1h": 3645.0367,
      "next_24h": 3646.3684,
      "change_pct": 0.002,
      "trend": "\ud83d\udcc8 UP",
      "predictions": [
        3645.0367,
        3645.0958,
        3645.1548,
        3645.2137,
        3645.2726,
        3645.3314,
        3645.3901,
        3645.4486,
        3645.507,
        3645.5653,
        3645.6235,
        3645.6815,
        3645.7394,
        3645.7972,
        3645.8549,
        3645.9125,
        3645.9699,
        3646.0272,
        3646.0844,
        3646.1414,
        3646.1984,
        3646.2552,
        3646.3119,
        3646.3684
      ],
      "metrics": {
        "MAE": 0.754647,
        "RMSE": 3.68514,
        "MAPE": 0.0206,
        "R2": 0.9182
      }
    },
    "USD_EUR": {
      "current": 0.876,
      "next_1h": 0.876,
      "next_24h": 0.8757,
      "change_pct": -0.001,
      "trend": "\ud83d\udcc9 DOWN",
      "predictions": [
        0.876,
        0.876,
        0.8759,
        0.8759,
        0.8759,
        0.8759,
        0.8759,
        0.8759,
        0.8759,
        0.8759,
        0.8758,
        0.8758,
        0.8758,
        0.8758,
        0.8758,
        0.8758,
        0.8758,
        0.8758,
        0.8757,
        0.8757,
        0.8757,
        0.8757,
        0.8757,
        0.8757
      ],
      "metrics": {
        "MAE": 0.000117,
        "RMSE": 0.000513,
        "MAPE": 0.0133,
        "R2": 0.9566
      }
    }
  },
  "crypto": {
    "BTC_USD": {
      "current": 58309.0,
      "next_1h": 58261.69,
      "next_24h": 58252.61,
      "change_pct": -0.081,
      "trend": "\ud83d\udcc9 DOWN",
      "predictions": [
        58261.69,
        58255.92,
        58258.75,
        58249.49,
        58248.28,
        58245.78,
        58246.16,
        58246.81,
        58246.48,
        58246.73,
        58247.01,
        58247.49,
        58247.94,
        58248.31,
        58248.72,
        58249.16,
        58249.6,
        58250.03,
        58250.46,
        58250.89,
        58251.32,
        58251.75,
        58252.18,
        58252.61
      ],
      "metrics": {
        "MAE": 260.905394,
        "RMSE": 386.19999,
        "MAPE": 0.43,
        "R2": 0.9406
      }
    },
    "ETH_USD": {
      "current": 1568.93,
      "next_1h": 1569.05,
      "next_24h": 1572.52,
      "change_pct": 0.007,
      "trend": "\ud83d\udcc8 UP",
      "predictions": [
        1569.05,
        1569.38,
        1569.57,
        1569.74,
        1569.84,
        1570.0,
        1570.14,
        1570.29,
        1570.43,
        1570.57,
        1570.71,
        1570.86,
        1571.0,
        1571.14,
        1571.28,
        1571.42,
        1571.56,
        1571.7,
        1571.84,
        1571.97,
        1572.11,
        1572.25,
        1572.39,
        1572.52
      ],
      "metrics": {
        "MAE": 8.569758,
        "RMSE": 13.403244,
        "MAPE": 0.5319,
        "R2": 0.941
      }
    },
    "BNB_USD": {
      "current": 545.89,
      "next_1h": 546.22,
      "next_24h": 552.89,
      "change_pct": 0.061,
      "trend": "\ud83d\udcc8 UP",
      "predictions": [
        546.22,
        546.5,
        546.81,
        547.14,
        547.44,
        547.73,
        548.04,
        548.33,
        548.63,
        548.93,
        549.22,
        549.51,
        549.8,
        550.09,
        550.38,
        550.66,
        550.94,
        551.23,
        551.51,
        551.79,
        552.06,
        552.34,
        552.62,
        552.89
      ],
      "metrics": {
        "MAE": 2.155944,
        "RMSE": 3.19855,
        "MAPE": 0.3824,
        "R2": 0.9352
      }
    }
  }
}