{
  "generated_at": "2026-07-20 23:17:12",
  "exchange_rates": {
    "USD_TZS": {
      "current": 2628.4738,
      "next_1h": 2628.1588,
      "next_24h": 2622.7614,
      "change_pct": -0.012,
      "trend": "\ud83d\udcc9 DOWN",
      "predictions": [
        2628.1588,
        2627.8501,
        2627.5475,
        2627.251,
        2626.9604,
        2626.6755,
        2626.3989,
        2626.1303,
        2625.8695,
        2625.6163,
        2625.3706,
        2625.132,
        2624.9005,
        2624.6758,
        2624.4577,
        2624.2459,
        2624.0404,
        2623.841,
        2623.6474,
        2623.4594,
        2623.2771,
        2623.1,
        2622.9282,
        2622.7614
      ],
      "metrics": {
        "MAE": 0.536671,
        "RMSE": 2.072358,
        "MAPE": 0.0205,
        "R2": 0.9561
      }
    },
    "USD_KES": {
      "current": 129.2866,
      "next_1h": 129.2873,
      "next_24h": 129.3025,
      "change_pct": 0.001,
      "trend": "\ud83d\udcc8 UP",
      "predictions": [
        129.2873,
        129.288,
        129.2887,
        129.2894,
        129.2902,
        129.2909,
        129.2916,
        129.2923,
        129.2929,
        129.2936,
        129.2943,
        129.295,
        129.2956,
        129.2963,
        129.2969,
        129.2976,
        129.2982,
        129.2988,
        129.2995,
        129.3001,
        129.3007,
        129.3013,
        129.3019,
        129.3025
      ],
      "metrics": {
        "MAE": 0.002609,
        "RMSE": 0.012148,
        "MAPE": 0.002,
        "R2": 0.9604
      }
    },
    "USD_UGX": {
      "current": 3691.0959,
      "next_1h": 3691.0313,
      "next_24h": 3689.5962,
      "change_pct": -0.002,
      "trend": "\ud83d\udcc9 DOWN",
      "predictions": [
        3691.0313,
        3690.9669,
        3690.9026,
        3690.8384,
        3690.7744,
        3690.7105,
        3690.6468,
        3690.5833,
        3690.52,
        3690.457,
        3690.3942,
        3690.3315,
        3690.2691,
        3690.2069,
        3690.1449,
        3690.0831,
        3690.0215,
        3689.9601,
        3689.899,
        3689.838,
        3689.7773,
        3689.7167,
        3689.6563,
        3689.5962
      ],
      "metrics": {
        "MAE": 0.3864,
        "RMSE": 2.339479,
        "MAPE": 0.0105,
        "R2": 0.9601
      }
    },
    "USD_EUR": {
      "current": 0.875,
      "next_1h": 0.875,
      "next_24h": 0.8751,
      "change_pct": 0.001,
      "trend": "\ud83d\udcc8 UP",
      "predictions": [
        0.875,
        0.875,
        0.875,
        0.875,
        0.875,
        0.875,
        0.875,
        0.875,
        0.8751,
        0.8751,
        0.8751,
        0.8751,
        0.8751,
        0.8751,
        0.8751,
        0.8751,
        0.8751,
        0.8751,
        0.8751,
        0.8751,
        0.8751,
        0.8751,
        0.8751,
        0.8751
      ],
      "metrics": {
        "MAE": 4e-05,
        "RMSE": 0.000233,
        "MAPE": 0.0045,
        "R2": 0.9682
      }
    }
  },
  "crypto": {
    "BTC_USD": {
      "current": 65133.0,
      "next_1h": 65131.29,
      "next_24h": 64845.19,
      "change_pct": -0.003,
      "trend": "\ud83d\udcc9 DOWN",
      "predictions": [
        65131.29,
        65115.79,
        65093.33,
        65078.88,
        65070.23,
        65058.6,
        65045.88,
        65033.1,
        65020.91,
        65008.96,
        64996.93,
        64984.88,
        64972.9,
        64961.01,
        64949.18,
        64937.41,
        64925.68,
        64914.01,
        64902.4,
        64890.85,
        64879.35,
        64867.91,
        64856.53,
        64845.19
      ],
      "metrics": {
        "MAE": 99.911501,
        "RMSE": 148.442147,
        "MAPE": 0.1554,
        "R2": 0.9357
      }
    },
    "ETH_USD": {
      "current": 1898.59,
      "next_1h": 1897.92,
      "next_24h": 1879.07,
      "change_pct": -0.036,
      "trend": "\ud83d\udcc9 DOWN",
      "predictions": [
        1897.92,
        1896.77,
        1895.87,
        1895.15,
        1894.26,
        1893.41,
        1892.58,
        1891.75,
        1890.93,
        1890.11,
        1889.29,
        1888.48,
        1887.67,
        1886.87,
        1886.07,
        1885.28,
        1884.49,
        1883.7,
        1882.92,
        1882.14,
        1881.36,
        1880.59,
        1879.83,
        1879.07
      ],
      "metrics": {
        "MAE": 4.193183,
        "RMSE": 6.20172,
        "MAPE": 0.2238,
        "R2": 0.9506
      }
    },
    "BNB_USD": {
      "current": 569.91,
      "next_1h": 569.94,
      "next_24h": 570.86,
      "change_pct": 0.005,
      "trend": "\ud83d\udcc8 UP",
      "predictions": [
        569.94,
        569.96,
        570.0,
        570.05,
        570.09,
        570.13,
        570.17,
        570.22,
        570.26,
        570.3,
        570.34,
        570.38,
        570.42,
        570.46,
        570.5,
        570.54,
        570.58,
        570.62,
        570.66,
        570.7,
        570.74,
        570.78,
        570.82,
        570.86
      ],
      "metrics": {
        "MAE": 0.806796,
        "RMSE": 1.12759,
        "MAPE": 0.1412,
        "R2": 0.9577
      }
    }
  }
}