{
  "generated_at": "2026-07-21 10:43:17",
  "exchange_rates": {
    "USD_TZS": {
      "current": 2626.5347,
      "next_1h": 2626.2778,
      "next_24h": 2621.8718,
      "change_pct": -0.01,
      "trend": "\ud83d\udcc9 DOWN",
      "predictions": [
        2626.2778,
        2626.0261,
        2625.7794,
        2625.5376,
        2625.3005,
        2625.0683,
        2624.8426,
        2624.6236,
        2624.4108,
        2624.2042,
        2624.0037,
        2623.8089,
        2623.6199,
        2623.4364,
        2623.2583,
        2623.0853,
        2622.9175,
        2622.7545,
        2622.5962,
        2622.4426,
        2622.2935,
        2622.1488,
        2622.0083,
        2621.8718
      ],
      "metrics": {
        "MAE": 0.541655,
        "RMSE": 2.065862,
        "MAPE": 0.0207,
        "R2": 0.9566
      }
    },
    "USD_KES": {
      "current": 129.2986,
      "next_1h": 129.2992,
      "next_24h": 129.3112,
      "change_pct": 0.0,
      "trend": "\ud83d\udcc9 DOWN",
      "predictions": [
        129.2992,
        129.2997,
        129.3003,
        129.3009,
        129.3014,
        129.302,
        129.3025,
        129.3031,
        129.3036,
        129.3042,
        129.3047,
        129.3052,
        129.3057,
        129.3063,
        129.3068,
        129.3073,
        129.3078,
        129.3083,
        129.3088,
        129.3093,
        129.3098,
        129.3103,
        129.3107,
        129.3112
      ],
      "metrics": {
        "MAE": 0.002556,
        "RMSE": 0.012112,
        "MAPE": 0.002,
        "R2": 0.9541
      }
    },
    "USD_UGX": {
      "current": 3684.2026,
      "next_1h": 3684.1604,
      "next_24h": 3683.2212,
      "change_pct": -0.001,
      "trend": "\ud83d\udcc9 DOWN",
      "predictions": [
        3684.1604,
        3684.1182,
        3684.0761,
        3684.0341,
        3683.9922,
        3683.9504,
        3683.9087,
        3683.8672,
        3683.8258,
        3683.7845,
        3683.7434,
        3683.7024,
        3683.6616,
        3683.6209,
        3683.5803,
        3683.5399,
        3683.4996,
        3683.4594,
        3683.4194,
        3683.3795,
        3683.3397,
        3683.3001,
        3683.2605,
        3683.2212
      ],
      "metrics": {
        "MAE": 0.4149,
        "RMSE": 2.37507,
        "MAPE": 0.0113,
        "R2": 0.9579
      }
    },
    "USD_EUR": {
      "current": 0.8758,
      "next_1h": 0.8758,
      "next_24h": 0.8759,
      "change_pct": 0.0,
      "trend": "\ud83d\udcc9 DOWN",
      "predictions": [
        0.8758,
        0.8758,
        0.8758,
        0.8758,
        0.8758,
        0.8758,
        0.8758,
        0.8758,
        0.8758,
        0.8758,
        0.8758,
        0.8758,
        0.8758,
        0.8758,
        0.8758,
        0.8758,
        0.8758,
        0.8758,
        0.8758,
        0.8758,
        0.8758,
        0.8758,
        0.8759,
        0.8759
      ],
      "metrics": {
        "MAE": 4.3e-05,
        "RMSE": 0.000237,
        "MAPE": 0.0049,
        "R2": 0.9669
      }
    }
  },
  "crypto": {
    "BTC_USD": {
      "current": 66289.0,
      "next_1h": 66265.37,
      "next_24h": 65888.06,
      "change_pct": -0.036,
      "trend": "\ud83d\udcc9 DOWN",
      "predictions": [
        66265.37,
        66243.17,
        66232.25,
        66218.39,
        66200.5,
        66182.64,
        66165.42,
        66148.78,
        66132.02,
        66115.15,
        66098.37,
        66081.71,
        66065.15,
        66048.67,
        66032.25,
        66015.91,
        65999.66,
        65983.48,
        65967.39,
        65951.37,
        65935.42,
        65919.56,
        65903.77,
        65888.06
      ],
      "metrics": {
        "MAE": 98.221498,
        "RMSE": 145.422289,
        "MAPE": 0.1526,
        "R2": 0.9558
      }
    },
    "ETH_USD": {
      "current": 1938.44,
      "next_1h": 1937.0,
      "next_24h": 1916.6,
      "change_pct": -0.074,
      "trend": "\ud83d\udcc9 DOWN",
      "predictions": [
        1937.0,
        1936.27,
        1935.45,
        1934.37,
        1933.47,
        1932.56,
        1931.63,
        1930.71,
        1929.8,
        1928.89,
        1927.98,
        1927.08,
        1926.18,
        1925.29,
        1924.4,
        1923.52,
        1922.64,
        1921.76,
        1920.89,
        1920.02,
        1919.16,
        1918.3,
        1917.45,
        1916.6
      ],
      "metrics": {
        "MAE": 4.00023,
        "RMSE": 5.561139,
        "MAPE": 0.2133,
        "R2": 0.9687
      }
    },
    "BNB_USD": {
      "current": 578.19,
      "next_1h": 578.18,
      "next_24h": 578.37,
      "change_pct": -0.002,
      "trend": "\ud83d\udcc9 DOWN",
      "predictions": [
        578.18,
        578.22,
        578.23,
        578.22,
        578.23,
        578.24,
        578.24,
        578.25,
        578.26,
        578.27,
        578.27,
        578.28,
        578.29,
        578.29,
        578.3,
        578.31,
        578.32,
        578.32,
        578.33,
        578.34,
        578.34,
        578.35,
        578.36,
        578.37
      ],
      "metrics": {
        "MAE": 0.787944,
        "RMSE": 1.095354,
        "MAPE": 0.138,
        "R2": 0.9562
      }
    }
  }
}