{
  "generated_at": "2026-07-12 01:13:09",
  "exchange_rates": {
    "USD_TZS": {
      "current": 2626.6457,
      "next_1h": 2626.2835,
      "next_24h": 2620.2906,
      "change_pct": -0.014,
      "trend": "\ud83d\udcc9 DOWN",
      "predictions": [
        2626.2835,
        2625.9293,
        2625.5829,
        2625.244,
        2624.9126,
        2624.5884,
        2624.2749,
        2623.9717,
        2623.6785,
        2623.395,
        2623.121,
        2622.8561,
        2622.6001,
        2622.3526,
        2622.1134,
        2621.8823,
        2621.6588,
        2621.4429,
        2621.2341,
        2621.0323,
        2620.8373,
        2620.6488,
        2620.4667,
        2620.2906
      ],
      "metrics": {
        "MAE": 0.356753,
        "RMSE": 0.592934,
        "MAPE": 0.0136,
        "R2": 0.8748
      }
    },
    "USD_KES": {
      "current": 129.1819,
      "next_1h": 129.1864,
      "next_24h": 129.2736,
      "change_pct": 0.003,
      "trend": "\ud83d\udcc8 UP",
      "predictions": [
        129.1864,
        129.1909,
        129.1953,
        129.1997,
        129.204,
        129.2083,
        129.2126,
        129.2167,
        129.2208,
        129.2248,
        129.2287,
        129.2326,
        129.2364,
        129.2401,
        129.2437,
        129.2473,
        129.2508,
        129.2543,
        129.2576,
        129.2609,
        129.2642,
        129.2674,
        129.2705,
        129.2736
      ],
      "metrics": {
        "MAE": 0.006129,
        "RMSE": 0.014906,
        "MAPE": 0.0047,
        "R2": 0.8921
      }
    },
    "USD_UGX": {
      "current": 3659.1295,
      "next_1h": 3659.1837,
      "next_24h": 3660.3911,
      "change_pct": 0.001,
      "trend": "\ud83d\udcc8 UP",
      "predictions": [
        3659.1837,
        3659.2378,
        3659.2918,
        3659.3457,
        3659.3995,
        3659.4532,
        3659.5068,
        3659.5601,
        3659.6133,
        3659.6663,
        3659.7192,
        3659.7719,
        3659.8244,
        3659.8768,
        3659.9289,
        3659.9809,
        3660.0328,
        3660.0845,
        3660.136,
        3660.1873,
        3660.2385,
        3660.2895,
        3660.3404,
        3660.3911
      ],
      "metrics": {
        "MAE": 0.802726,
        "RMSE": 3.507561,
        "MAPE": 0.022,
        "R2": 0.9191
      }
    },
    "USD_EUR": {
      "current": 0.8756,
      "next_1h": 0.8756,
      "next_24h": 0.8761,
      "change_pct": 0.002,
      "trend": "\ud83d\udcc8 UP",
      "predictions": [
        0.8756,
        0.8756,
        0.8756,
        0.8757,
        0.8757,
        0.8757,
        0.8757,
        0.8757,
        0.8758,
        0.8758,
        0.8758,
        0.8758,
        0.8758,
        0.8759,
        0.8759,
        0.8759,
        0.8759,
        0.8759,
        0.876,
        0.876,
        0.876,
        0.876,
        0.876,
        0.8761
      ],
      "metrics": {
        "MAE": 6.7e-05,
        "RMSE": 0.00029,
        "MAPE": 0.0077,
        "R2": 0.8973
      }
    }
  },
  "crypto": {
    "BTC_USD": {
      "current": 63910.0,
      "next_1h": 63897.06,
      "next_24h": 63652.14,
      "change_pct": -0.02,
      "trend": "\ud83d\udcc9 DOWN",
      "predictions": [
        63897.06,
        63869.34,
        63848.51,
        63840.76,
        63837.84,
        63827.44,
        63816.17,
        63805.69,
        63796.03,
        63786.38,
        63776.48,
        63766.59,
        63756.8,
        63747.08,
        63737.4,
        63727.75,
        63718.15,
        63708.59,
        63699.08,
        63689.61,
        63680.18,
        63670.79,
        63661.45,
        63652.14
      ],
      "metrics": {
        "MAE": 100.8392,
        "RMSE": 142.286535,
        "MAPE": 0.1599,
        "R2": 0.9724
      }
    },
    "ETH_USD": {
      "current": 1793.44,
      "next_1h": 1792.61,
      "next_24h": 1780.53,
      "change_pct": -0.046,
      "trend": "\ud83d\udcc9 DOWN",
      "predictions": [
        1792.61,
        1791.85,
        1791.25,
        1790.97,
        1790.22,
        1789.68,
        1789.16,
        1788.64,
        1788.1,
        1787.58,
        1787.06,
        1786.54,
        1786.03,
        1785.52,
        1785.01,
        1784.5,
        1783.99,
        1783.49,
        1782.99,
        1782.5,
        1782.0,
        1781.51,
        1781.02,
        1780.53
      ],
      "metrics": {
        "MAE": 3.711981,
        "RMSE": 5.361629,
        "MAPE": 0.2104,
        "R2": 0.9661
      }
    },
    "BNB_USD": {
      "current": 571.88,
      "next_1h": 571.83,
      "next_24h": 572.8,
      "change_pct": -0.009,
      "trend": "\ud83d\udcc9 DOWN",
      "predictions": [
        571.83,
        571.83,
        571.86,
        571.97,
        571.99,
        572.04,
        572.08,
        572.13,
        572.17,
        572.21,
        572.26,
        572.3,
        572.34,
        572.39,
        572.43,
        572.47,
        572.51,
        572.56,
        572.6,
        572.64,
        572.68,
        572.72,
        572.76,
        572.8
      ],
      "metrics": {
        "MAE": 0.897697,
        "RMSE": 1.263392,
        "MAPE": 0.1572,
        "R2": 0.9379
      }
    }
  }
}