{
  "generated_at": "2026-07-20 00:43:16",
  "exchange_rates": {
    "USD_TZS": {
      "current": 2627.1477,
      "next_1h": 2626.864,
      "next_24h": 2622.013,
      "change_pct": -0.011,
      "trend": "\ud83d\udcc9 DOWN",
      "predictions": [
        2626.864,
        2626.586,
        2626.3135,
        2626.0464,
        2625.7847,
        2625.5283,
        2625.2793,
        2625.0376,
        2624.803,
        2624.5753,
        2624.3543,
        2624.1399,
        2623.9319,
        2623.73,
        2623.5341,
        2623.3441,
        2623.1596,
        2622.9807,
        2622.807,
        2622.6385,
        2622.475,
        2622.3163,
        2622.1624,
        2622.013
      ],
      "metrics": {
        "MAE": 0.54215,
        "RMSE": 2.094067,
        "MAPE": 0.0207,
        "R2": 0.9543
      }
    },
    "USD_KES": {
      "current": 129.3243,
      "next_1h": 129.3248,
      "next_24h": 129.3349,
      "change_pct": 0.0,
      "trend": "\ud83d\udcc9 DOWN",
      "predictions": [
        129.3248,
        129.3253,
        129.3258,
        129.3262,
        129.3267,
        129.3272,
        129.3277,
        129.3281,
        129.3286,
        129.329,
        129.3295,
        129.3299,
        129.3304,
        129.3308,
        129.3312,
        129.3316,
        129.3321,
        129.3325,
        129.3329,
        129.3333,
        129.3337,
        129.3341,
        129.3345,
        129.3349
      ],
      "metrics": {
        "MAE": 0.002741,
        "RMSE": 0.012012,
        "MAPE": 0.0021,
        "R2": 0.9686
      }
    },
    "USD_UGX": {
      "current": 3666.6571,
      "next_1h": 3666.6803,
      "next_24h": 3667.1957,
      "change_pct": 0.001,
      "trend": "\ud83d\udcc8 UP",
      "predictions": [
        3666.6803,
        3666.7034,
        3666.7266,
        3666.7496,
        3666.7726,
        3666.7956,
        3666.8185,
        3666.8413,
        3666.864,
        3666.8866,
        3666.9092,
        3666.9317,
        3666.9541,
        3666.9765,
        3666.9987,
        3667.0209,
        3667.043,
        3667.065,
        3667.087,
        3667.1089,
        3667.1307,
        3667.1524,
        3667.1741,
        3667.1957
      ],
      "metrics": {
        "MAE": 0.288031,
        "RMSE": 1.651114,
        "MAPE": 0.0078,
        "R2": 0.9733
      }
    },
    "USD_EUR": {
      "current": 0.8745,
      "next_1h": 0.8745,
      "next_24h": 0.8746,
      "change_pct": 0.001,
      "trend": "\ud83d\udcc8 UP",
      "predictions": [
        0.8745,
        0.8745,
        0.8745,
        0.8745,
        0.8745,
        0.8745,
        0.8745,
        0.8745,
        0.8745,
        0.8745,
        0.8746,
        0.8746,
        0.8746,
        0.8746,
        0.8746,
        0.8746,
        0.8746,
        0.8746,
        0.8746,
        0.8746,
        0.8746,
        0.8746,
        0.8746,
        0.8746
      ],
      "metrics": {
        "MAE": 3.8e-05,
        "RMSE": 0.000232,
        "MAPE": 0.0044,
        "R2": 0.9691
      }
    }
  },
  "crypto": {
    "BTC_USD": {
      "current": 64854.0,
      "next_1h": 64829.69,
      "next_24h": 64536.62,
      "change_pct": -0.037,
      "trend": "\ud83d\udcc9 DOWN",
      "predictions": [
        64829.69,
        64806.16,
        64796.16,
        64792.14,
        64778.29,
        64763.93,
        64750.25,
        64737.48,
        64724.82,
        64711.82,
        64698.86,
        64686.0,
        64673.25,
        64660.55,
        64647.89,
        64635.29,
        64622.76,
        64610.28,
        64597.86,
        64585.5,
        64573.19,
        64560.95,
        64548.76,
        64536.62
      ],
      "metrics": {
        "MAE": 100.841072,
        "RMSE": 151.480097,
        "MAPE": 0.1571,
        "R2": 0.9347
      }
    },
    "ETH_USD": {
      "current": 1882.72,
      "next_1h": 1880.92,
      "next_24h": 1861.7,
      "change_pct": -0.096,
      "trend": "\ud83d\udcc9 DOWN",
      "predictions": [
        1880.92,
        1879.93,
        1879.24,
        1878.16,
        1877.28,
        1876.44,
        1875.59,
        1874.73,
        1873.88,
        1873.04,
        1872.2,
        1871.37,
        1870.54,
        1869.72,
        1868.9,
        1868.08,
        1867.27,
        1866.46,
        1865.66,
        1864.86,
        1864.06,
        1863.27,
        1862.49,
        1861.7
      ],
      "metrics": {
        "MAE": 4.273471,
        "RMSE": 6.680212,
        "MAPE": 0.2286,
        "R2": 0.9481
      }
    },
    "BNB_USD": {
      "current": 571.54,
      "next_1h": 571.55,
      "next_24h": 572.03,
      "change_pct": 0.001,
      "trend": "\ud83d\udcc8 UP",
      "predictions": [
        571.55,
        571.57,
        571.6,
        571.62,
        571.64,
        571.66,
        571.69,
        571.71,
        571.73,
        571.75,
        571.77,
        571.79,
        571.81,
        571.83,
        571.85,
        571.87,
        571.89,
        571.91,
        571.93,
        571.95,
        571.97,
        571.99,
        572.01,
        572.03
      ],
      "metrics": {
        "MAE": 0.810367,
        "RMSE": 1.144775,
        "MAPE": 0.1414,
        "R2": 0.9632
      }
    }
  }
}