{
  "generated_at": "2026-05-06 21:31:36",
  "exchange_rates": {
    "USD_TZS": {
      "current": 2606.0856,
      "next_1h": 2605.7937,
      "next_24h": 2601.8134,
      "change_pct": -0.011,
      "trend": "\ud83d\udcc9 DOWN",
      "predictions": [
        2605.7937,
        2605.5097,
        2605.2335,
        2604.9648,
        2604.7033,
        2604.449,
        2604.2094,
        2603.984,
        2603.772,
        2603.573,
        2603.3863,
        2603.2116,
        2603.048,
        2602.8949,
        2602.7516,
        2602.6175,
        2602.492,
        2602.3747,
        2602.2649,
        2602.1622,
        2602.0661,
        2601.9762,
        2601.8921,
        2601.8134
      ],
      "metrics": {
        "MAE": 1.148673,
        "RMSE": 3.57268,
        "MAPE": 0.0442,
        "R2": 0.8958
      }
    },
    "USD_KES": {
      "current": 129.1793,
      "next_1h": 129.1791,
      "next_24h": 129.176,
      "change_pct": 0.0,
      "trend": "\ud83d\udcc9 DOWN",
      "predictions": [
        129.1791,
        129.179,
        129.1788,
        129.1787,
        129.1786,
        129.1784,
        129.1783,
        129.1781,
        129.178,
        129.1779,
        129.1777,
        129.1776,
        129.1774,
        129.1773,
        129.1772,
        129.177,
        129.1769,
        129.1768,
        129.1766,
        129.1765,
        129.1764,
        129.1763,
        129.1761,
        129.176
      ],
      "metrics": {
        "MAE": 0.002496,
        "RMSE": 0.014653,
        "MAPE": 0.0019,
        "R2": 0.8254
      }
    },
    "USD_UGX": {
      "current": 3730.2488,
      "next_1h": 3729.9523,
      "next_24h": 3723.8373,
      "change_pct": -0.008,
      "trend": "\ud83d\udcc9 DOWN",
      "predictions": [
        3729.9523,
        3729.6579,
        3729.3657,
        3729.0756,
        3728.7876,
        3728.5016,
        3728.2187,
        3727.9387,
        3727.6617,
        3727.3875,
        3727.1162,
        3726.8477,
        3726.5821,
        3726.3192,
        3726.0591,
        3725.8017,
        3725.547,
        3725.295,
        3725.0456,
        3724.7988,
        3724.5546,
        3724.313,
        3724.0739,
        3723.8373
      ],
      "metrics": {
        "MAE": 0.506386,
        "RMSE": 1.542175,
        "MAPE": 0.0136,
        "R2": 0.9688
      }
    },
    "USD_EUR": {
      "current": 0.8543,
      "next_1h": 0.8543,
      "next_24h": 0.854,
      "change_pct": -0.002,
      "trend": "\ud83d\udcc9 DOWN",
      "predictions": [
        0.8543,
        0.8543,
        0.8543,
        0.8543,
        0.8543,
        0.8542,
        0.8542,
        0.8542,
        0.8542,
        0.8542,
        0.8542,
        0.8541,
        0.8541,
        0.8541,
        0.8541,
        0.8541,
        0.8541,
        0.854,
        0.854,
        0.854,
        0.854,
        0.854,
        0.854,
        0.854
      ],
      "metrics": {
        "MAE": 7.1e-05,
        "RMSE": 0.000335,
        "MAPE": 0.0083,
        "R2": 0.9154
      }
    }
  },
  "crypto": {
    "BTC_USD": {
      "current": 81424.0,
      "next_1h": 81380.01,
      "next_24h": 80507.86,
      "change_pct": -0.054,
      "trend": "\ud83d\udcc9 DOWN",
      "predictions": [
        81380.01,
        81343.58,
        81308.94,
        81267.38,
        81230.44,
        81189.8,
        81149.64,
        81110.01,
        81070.12,
        81030.78,
        80991.58,
        80952.66,
        80914.05,
        80875.71,
        80837.67,
        80799.91,
        80762.43,
        80725.23,
        80688.32,
        80651.68,
        80615.32,
        80579.23,
        80543.41,
        80507.86
      ],
      "metrics": {
        "MAE": 200.504428,
        "RMSE": 299.89479,
        "MAPE": 0.2533,
        "R2": 0.9738
      }
    },
    "ETH_USD": {
      "current": 2350.52,
      "next_1h": 2349.68,
      "next_24h": 2331.16,
      "change_pct": -0.036,
      "trend": "\ud83d\udcc9 DOWN",
      "predictions": [
        2349.68,
        2349.12,
        2348.46,
        2347.57,
        2346.92,
        2346.0,
        2345.11,
        2344.22,
        2343.31,
        2342.43,
        2341.55,
        2340.68,
        2339.82,
        2338.97,
        2338.14,
        2337.32,
        2336.5,
        2335.71,
        2334.92,
        2334.14,
        2333.38,
        2332.63,
        2331.89,
        2331.16
      ],
      "metrics": {
        "MAE": 6.839443,
        "RMSE": 10.710683,
        "MAPE": 0.2932,
        "R2": 0.9398
      }
    },
    "BNB_USD": {
      "current": 648.53,
      "next_1h": 648.27,
      "next_24h": 641.95,
      "change_pct": -0.04,
      "trend": "\ud83d\udcc9 DOWN",
      "predictions": [
        648.27,
        647.93,
        647.69,
        647.35,
        647.06,
        646.77,
        646.47,
        646.18,
        645.89,
        645.61,
        645.33,
        645.05,
        644.77,
        644.5,
        644.23,
        643.97,
        643.71,
        643.45,
        643.19,
        642.94,
        642.69,
        642.44,
        642.19,
        641.95
      ],
      "metrics": {
        "MAE": 1.287116,
        "RMSE": 2.036841,
        "MAPE": 0.2049,
        "R2": 0.9553
      }
    }
  }
}