{
  "generated_at": "2026-03-31 18:00:39",
  "exchange_rates": {
    "USD_TZS": {
      "current": 2585.777,
      "next_1h": 2585.7079,
      "next_24h": 2584.4092,
      "change_pct": -0.003,
      "trend": "\ud83d\udcc9 DOWN",
      "predictions": [
        2585.7079,
        2585.6405,
        2585.5738,
        2585.5081,
        2585.4425,
        2585.3779,
        2585.3146,
        2585.2525,
        2585.1916,
        2585.1318,
        2585.0733,
        2585.0159,
        2584.9596,
        2584.9045,
        2584.8504,
        2584.7974,
        2584.7454,
        2584.6945,
        2584.6445,
        2584.5956,
        2584.5476,
        2584.5005,
        2584.4544,
        2584.4092
      ],
      "metrics": {
        "MAE": 0.576475,
        "RMSE": 2.084049,
        "MAPE": 0.0224,
        "R2": 0.9246
      }
    },
    "USD_KES": {
      "current": 129.9298,
      "next_1h": 129.9145,
      "next_24h": 129.6676,
      "change_pct": -0.012,
      "trend": "\ud83d\udcc9 DOWN",
      "predictions": [
        129.9145,
        129.8978,
        129.8829,
        129.8692,
        129.8563,
        129.844,
        129.8321,
        129.8204,
        129.8089,
        129.7977,
        129.7867,
        129.7761,
        129.7657,
        129.7556,
        129.7458,
        129.7362,
        129.7268,
        129.7177,
        129.7088,
        129.7001,
        129.6917,
        129.6835,
        129.6755,
        129.6676
      ],
      "metrics": {
        "MAE": 0.015929,
        "RMSE": 0.026591,
        "MAPE": 0.0123,
        "R2": 0.9348
      }
    },
    "USD_UGX": {
      "current": 3733.1644,
      "next_1h": 3733.3318,
      "next_24h": 3736.7971,
      "change_pct": 0.004,
      "trend": "\ud83d\udcc8 UP",
      "predictions": [
        3733.3318,
        3733.4973,
        3733.6608,
        3733.8233,
        3733.9838,
        3734.1425,
        3734.2999,
        3734.4561,
        3734.6111,
        3734.7649,
        3734.9176,
        3735.069,
        3735.2193,
        3735.3684,
        3735.5163,
        3735.6631,
        3735.8087,
        3735.9532,
        3736.0966,
        3736.2389,
        3736.3801,
        3736.5202,
        3736.6592,
        3736.7971
      ],
      "metrics": {
        "MAE": 0.563242,
        "RMSE": 2.05048,
        "MAPE": 0.0151,
        "R2": 0.9397
      }
    },
    "USD_EUR": {
      "current": 0.8721,
      "next_1h": 0.872,
      "next_24h": 0.8705,
      "change_pct": -0.01,
      "trend": "\ud83d\udcc9 DOWN",
      "predictions": [
        0.872,
        0.8719,
        0.8719,
        0.8718,
        0.8717,
        0.8716,
        0.8716,
        0.8715,
        0.8714,
        0.8714,
        0.8713,
        0.8712,
        0.8712,
        0.8711,
        0.871,
        0.871,
        0.8709,
        0.8708,
        0.8708,
        0.8707,
        0.8707,
        0.8706,
        0.8706,
        0.8705
      ],
      "metrics": {
        "MAE": 0.000115,
        "RMSE": 0.000401,
        "MAPE": 0.0132,
        "R2": 0.9598
      }
    }
  },
  "crypto": {
    "BTC_USD": {
      "current": 67411.0,
      "next_1h": 67440.03,
      "next_24h": 68459.12,
      "change_pct": 0.043,
      "trend": "\ud83d\udcc8 UP",
      "predictions": [
        67440.03,
        67539.69,
        67557.94,
        67559.14,
        67626.42,
        67677.69,
        67724.97,
        67777.87,
        67828.65,
        67874.37,
        67920.63,
        67966.22,
        68010.66,
        68054.65,
        68098.19,
        68140.93,
        68182.99,
        68224.4,
        68265.12,
        68305.18,
        68344.6,
        68383.39,
        68421.56,
        68459.12
      ],
      "metrics": {
        "MAE": 214.257869,
        "RMSE": 301.821213,
        "MAPE": 0.3204,
        "R2": 0.8443
      }
    },
    "ETH_USD": {
      "current": 2091.23,
      "next_1h": 2093.32,
      "next_24h": 2105.42,
      "change_pct": 0.1,
      "trend": "\ud83d\udcc8 UP",
      "predictions": [
        2093.32,
        2095.26,
        2095.83,
        2096.38,
        2096.96,
        2097.48,
        2098.0,
        2098.51,
        2099.01,
        2099.5,
        2099.98,
        2100.45,
        2100.92,
        2101.37,
        2101.81,
        2102.25,
        2102.67,
        2103.09,
        2103.5,
        2103.9,
        2104.29,
        2104.67,
        2105.05,
        2105.42
      ],
      "metrics": {
        "MAE": 8.170864,
        "RMSE": 11.712888,
        "MAPE": 0.4032,
        "R2": 0.8576
      }
    },
    "BNB_USD": {
      "current": 613.39,
      "next_1h": 613.81,
      "next_24h": 627.48,
      "change_pct": 0.069,
      "trend": "\ud83d\udcc8 UP",
      "predictions": [
        613.81,
        614.93,
        615.55,
        615.99,
        616.75,
        617.44,
        618.08,
        618.74,
        619.39,
        620.0,
        620.61,
        621.21,
        621.79,
        622.37,
        622.93,
        623.48,
        624.01,
        624.54,
        625.06,
        625.56,
        626.06,
        626.54,
        627.01,
        627.48
      ],
      "metrics": {
        "MAE": 1.780427,
        "RMSE": 2.586932,
        "MAPE": 0.2908,
        "R2": 0.8075
      }
    }
  }
}