{
  "generated_at": "2026-07-14 16:13:09",
  "exchange_rates": {
    "USD_TZS": {
      "current": 2602.9439,
      "next_1h": 2603.3381,
      "next_24h": 2609.9175,
      "change_pct": 0.015,
      "trend": "\ud83d\udcc8 UP",
      "predictions": [
        2603.3381,
        2603.7239,
        2604.1015,
        2604.471,
        2604.8326,
        2605.1865,
        2605.5291,
        2605.8608,
        2606.1818,
        2606.4924,
        2606.793,
        2607.0839,
        2607.3652,
        2607.6375,
        2607.9009,
        2608.1557,
        2608.4022,
        2608.6407,
        2608.8715,
        2609.0947,
        2609.3107,
        2609.5197,
        2609.7219,
        2609.9175
      ],
      "metrics": {
        "MAE": 0.472711,
        "RMSE": 1.892699,
        "MAPE": 0.0181,
        "R2": 0.9087
      }
    },
    "USD_KES": {
      "current": 129.2818,
      "next_1h": 129.2835,
      "next_24h": 129.3186,
      "change_pct": 0.001,
      "trend": "\ud83d\udcc8 UP",
      "predictions": [
        129.2835,
        129.2852,
        129.2869,
        129.2886,
        129.2903,
        129.292,
        129.2937,
        129.2953,
        129.2969,
        129.2985,
        129.3001,
        129.3016,
        129.3032,
        129.3047,
        129.3061,
        129.3076,
        129.309,
        129.3105,
        129.3119,
        129.3132,
        129.3146,
        129.316,
        129.3173,
        129.3186
      ],
      "metrics": {
        "MAE": 0.004997,
        "RMSE": 0.015089,
        "MAPE": 0.0039,
        "R2": 0.8887
      }
    },
    "USD_UGX": {
      "current": 3658.9043,
      "next_1h": 3658.9542,
      "next_24h": 3660.0646,
      "change_pct": 0.001,
      "trend": "\ud83d\udcc8 UP",
      "predictions": [
        3658.9542,
        3659.004,
        3659.0537,
        3659.1033,
        3659.1528,
        3659.2022,
        3659.2514,
        3659.3005,
        3659.3494,
        3659.3982,
        3659.4468,
        3659.4953,
        3659.5436,
        3659.5917,
        3659.6397,
        3659.6875,
        3659.7352,
        3659.7827,
        3659.83,
        3659.8772,
        3659.9243,
        3659.9712,
        3660.018,
        3660.0646
      ],
      "metrics": {
        "MAE": 0.48525,
        "RMSE": 2.813648,
        "MAPE": 0.0133,
        "R2": 0.9157
      }
    },
    "USD_EUR": {
      "current": 0.8774,
      "next_1h": 0.8774,
      "next_24h": 0.8774,
      "change_pct": 0.0,
      "trend": "\ud83d\udcc9 DOWN",
      "predictions": [
        0.8774,
        0.8774,
        0.8774,
        0.8774,
        0.8774,
        0.8774,
        0.8774,
        0.8774,
        0.8774,
        0.8774,
        0.8774,
        0.8774,
        0.8774,
        0.8774,
        0.8774,
        0.8774,
        0.8774,
        0.8774,
        0.8774,
        0.8774,
        0.8774,
        0.8774,
        0.8774,
        0.8774
      ],
      "metrics": {
        "MAE": 3.3e-05,
        "RMSE": 0.00018,
        "MAPE": 0.0038,
        "R2": 0.9518
      }
    }
  },
  "crypto": {
    "BTC_USD": {
      "current": 64815.0,
      "next_1h": 64755.71,
      "next_24h": 64473.78,
      "change_pct": -0.091,
      "trend": "\ud83d\udcc9 DOWN",
      "predictions": [
        64755.71,
        64724.64,
        64721.89,
        64727.0,
        64717.57,
        64701.0,
        64686.62,
        64674.25,
        64662.02,
        64649.1,
        64636.01,
        64623.13,
        64610.4,
        64597.72,
        64585.07,
        64572.46,
        64559.92,
        64547.45,
        64535.03,
        64522.66,
        64510.36,
        64498.11,
        64485.91,
        64473.78
      ],
      "metrics": {
        "MAE": 97.356714,
        "RMSE": 136.621915,
        "MAPE": 0.1534,
        "R2": 0.9661
      }
    },
    "ETH_USD": {
      "current": 1874.16,
      "next_1h": 1873.4,
      "next_24h": 1852.68,
      "change_pct": -0.04,
      "trend": "\ud83d\udcc9 DOWN",
      "predictions": [
        1873.4,
        1872.55,
        1871.46,
        1870.47,
        1869.57,
        1868.64,
        1867.71,
        1866.79,
        1865.87,
        1864.96,
        1864.05,
        1863.15,
        1862.25,
        1861.36,
        1860.47,
        1859.59,
        1858.71,
        1857.83,
        1856.96,
        1856.1,
        1855.23,
        1854.38,
        1853.53,
        1852.68
      ],
      "metrics": {
        "MAE": 4.174733,
        "RMSE": 6.680905,
        "MAPE": 0.2317,
        "R2": 0.9014
      }
    },
    "BNB_USD": {
      "current": 582.63,
      "next_1h": 582.63,
      "next_24h": 582.3,
      "change_pct": 0.0,
      "trend": "\ud83d\udcc9 DOWN",
      "predictions": [
        582.63,
        582.65,
        582.67,
        582.63,
        582.62,
        582.6,
        582.58,
        582.57,
        582.55,
        582.53,
        582.51,
        582.5,
        582.48,
        582.46,
        582.45,
        582.43,
        582.41,
        582.4,
        582.38,
        582.36,
        582.35,
        582.33,
        582.31,
        582.3
      ],
      "metrics": {
        "MAE": 0.804739,
        "RMSE": 1.192706,
        "MAPE": 0.1403,
        "R2": 0.9374
      }
    }
  }
}