{
  "generated_at": "2026-05-11 05:29:40",
  "exchange_rates": {
    "USD_TZS": {
      "current": 2596.2404,
      "next_1h": 2596.4825,
      "next_24h": 2600.8946,
      "change_pct": 0.009,
      "trend": "\ud83d\udcc8 UP",
      "predictions": [
        2596.4825,
        2596.7179,
        2596.9468,
        2597.2503,
        2597.5454,
        2597.8324,
        2598.105,
        2598.364,
        2598.6098,
        2598.8409,
        2599.0578,
        2599.2613,
        2599.4519,
        2599.6305,
        2599.7977,
        2599.9543,
        2600.1008,
        2600.2379,
        2600.3663,
        2600.4864,
        2600.5988,
        2600.704,
        2600.8025,
        2600.8946
      ],
      "metrics": {
        "MAE": 0.692079,
        "RMSE": 2.674827,
        "MAPE": 0.0267,
        "R2": 0.8623
      }
    },
    "USD_KES": {
      "current": 129.1444,
      "next_1h": 129.1447,
      "next_24h": 129.1471,
      "change_pct": 0.0,
      "trend": "\ud83d\udcc9 DOWN",
      "predictions": [
        129.1447,
        129.1449,
        129.1451,
        129.1452,
        129.1453,
        129.1454,
        129.1455,
        129.1456,
        129.1457,
        129.1458,
        129.1459,
        129.146,
        129.1461,
        129.1462,
        129.1463,
        129.1464,
        129.1465,
        129.1466,
        129.1466,
        129.1467,
        129.1468,
        129.1469,
        129.147,
        129.1471
      ],
      "metrics": {
        "MAE": 0.001578,
        "RMSE": 0.006636,
        "MAPE": 0.0012,
        "R2": 0.8617
      }
    },
    "USD_UGX": {
      "current": 3726.2528,
      "next_1h": 3725.8083,
      "next_24h": 3716.6921,
      "change_pct": -0.012,
      "trend": "\ud83d\udcc9 DOWN",
      "predictions": [
        3725.8083,
        3725.3702,
        3724.9385,
        3724.4618,
        3723.9919,
        3723.5289,
        3723.0755,
        3722.6314,
        3722.1965,
        3721.7709,
        3721.3545,
        3720.9471,
        3720.5484,
        3720.1584,
        3719.7767,
        3719.4033,
        3719.038,
        3718.6805,
        3718.3308,
        3717.9886,
        3717.6538,
        3717.3262,
        3717.0057,
        3716.6921
      ],
      "metrics": {
        "MAE": 1.170458,
        "RMSE": 3.267784,
        "MAPE": 0.0313,
        "R2": 0.9276
      }
    },
    "USD_EUR": {
      "current": 0.8497,
      "next_1h": 0.8498,
      "next_24h": 0.8505,
      "change_pct": 0.005,
      "trend": "\ud83d\udcc8 UP",
      "predictions": [
        0.8498,
        0.8498,
        0.8499,
        0.8499,
        0.8499,
        0.85,
        0.85,
        0.85,
        0.8501,
        0.8501,
        0.8501,
        0.8502,
        0.8502,
        0.8502,
        0.8503,
        0.8503,
        0.8503,
        0.8504,
        0.8504,
        0.8504,
        0.8504,
        0.8505,
        0.8505,
        0.8505
      ],
      "metrics": {
        "MAE": 0.000106,
        "RMSE": 0.000415,
        "MAPE": 0.0124,
        "R2": 0.96
      }
    }
  },
  "crypto": {
    "BTC_USD": {
      "current": 80944.0,
      "next_1h": 80809.04,
      "next_24h": 79937.36,
      "change_pct": -0.167,
      "trend": "\ud83d\udcc9 DOWN",
      "predictions": [
        80809.04,
        80782.3,
        80733.68,
        80657.37,
        80634.39,
        80587.73,
        80547.67,
        80509.42,
        80468.82,
        80431.42,
        80393.28,
        80355.79,
        80318.89,
        80282.19,
        80246.03,
        80210.21,
        80174.79,
        80139.76,
        80105.1,
        80070.82,
        80036.91,
        80003.36,
        79970.18,
        79937.36
      ],
      "metrics": {
        "MAE": 222.16653,
        "RMSE": 335.08095,
        "MAPE": 0.2755,
        "R2": 0.7929
      }
    },
    "ETH_USD": {
      "current": 2337.77,
      "next_1h": 2334.18,
      "next_24h": 2319.45,
      "change_pct": -0.154,
      "trend": "\ud83d\udcc9 DOWN",
      "predictions": [
        2334.18,
        2333.98,
        2333.03,
        2330.74,
        2330.55,
        2329.52,
        2328.74,
        2328.1,
        2327.3,
        2326.69,
        2326.04,
        2325.41,
        2324.83,
        2324.25,
        2323.7,
        2323.16,
        2322.64,
        2322.14,
        2321.65,
        2321.18,
        2320.73,
        2320.29,
        2319.86,
        2319.45
      ],
      "metrics": {
        "MAE": 7.780801,
        "RMSE": 11.553356,
        "MAPE": 0.3319,
        "R2": 0.8752
      }
    },
    "BNB_USD": {
      "current": 653.16,
      "next_1h": 652.24,
      "next_24h": 643.68,
      "change_pct": -0.142,
      "trend": "\ud83d\udcc9 DOWN",
      "predictions": [
        652.24,
        651.6,
        651.22,
        650.66,
        650.28,
        649.88,
        649.48,
        649.1,
        648.72,
        648.35,
        647.98,
        647.62,
        647.26,
        646.91,
        646.57,
        646.23,
        645.89,
        645.56,
        645.24,
        644.92,
        644.6,
        644.29,
        643.98,
        643.68
      ],
      "metrics": {
        "MAE": 1.887951,
        "RMSE": 2.681231,
        "MAPE": 0.2936,
        "R2": 0.9366
      }
    }
  }
}