{
  "generated_at": "2026-03-18 05:00:32",
  "exchange_rates": {
    "USD_TZS": {
      "current": 2589.1453,
      "next_1h": 2588.5947,
      "next_24h": 2580.8547,
      "change_pct": -0.021,
      "trend": "\ud83d\udcc9 DOWN",
      "predictions": [
        2588.5947,
        2588.0709,
        2587.5604,
        2587.0705,
        2586.5842,
        2586.1165,
        2585.6724,
        2585.251,
        2584.8509,
        2584.4715,
        2584.112,
        2583.7716,
        2583.4492,
        2583.1439,
        2582.8547,
        2582.581,
        2582.3218,
        2582.0764,
        2581.844,
        2581.6239,
        2581.4156,
        2581.2183,
        2581.0316,
        2580.8547
      ],
      "metrics": {
        "MAE": 0.589822,
        "RMSE": 0.608616,
        "MAPE": 0.0228,
        "R2": 0.6142
      }
    },
    "USD_KES": {
      "current": 129.335,
      "next_1h": 129.3249,
      "next_24h": 129.256,
      "change_pct": -0.008,
      "trend": "\ud83d\udcc9 DOWN",
      "predictions": [
        129.3249,
        129.3161,
        129.3096,
        129.3039,
        129.2989,
        129.2945,
        129.2903,
        129.2865,
        129.283,
        129.2799,
        129.277,
        129.2743,
        129.2719,
        129.2697,
        129.2677,
        129.2659,
        129.2642,
        129.2627,
        129.2613,
        129.26,
        129.2589,
        129.2578,
        129.2569,
        129.256
      ],
      "metrics": {
        "MAE": 0.011228,
        "RMSE": 0.023324,
        "MAPE": 0.0087,
        "R2": 0.8017
      }
    },
    "USD_UGX": {
      "current": 3774.0215,
      "next_1h": 3773.5784,
      "next_24h": 3767.2244,
      "change_pct": -0.012,
      "trend": "\ud83d\udcc9 DOWN",
      "predictions": [
        3773.5784,
        3773.2653,
        3772.9584,
        3772.6531,
        3772.3549,
        3772.0621,
        3771.771,
        3771.4826,
        3771.1969,
        3770.9139,
        3770.6336,
        3770.356,
        3770.0811,
        3769.8087,
        3769.539,
        3769.2718,
        3769.0072,
        3768.7451,
        3768.4856,
        3768.2285,
        3767.9738,
        3767.7216,
        3767.4718,
        3767.2244
      ],
      "metrics": {
        "MAE": 0.76927,
        "RMSE": 3.263957,
        "MAPE": 0.0204,
        "R2": 0.9121
      }
    },
    "USD_EUR": {
      "current": 0.8672,
      "next_1h": 0.8673,
      "next_24h": 0.8684,
      "change_pct": 0.016,
      "trend": "\ud83d\udcc8 UP",
      "predictions": [
        0.8673,
        0.8674,
        0.8674,
        0.8675,
        0.8676,
        0.8676,
        0.8676,
        0.8677,
        0.8677,
        0.8678,
        0.8678,
        0.8679,
        0.8679,
        0.868,
        0.868,
        0.8681,
        0.8681,
        0.8682,
        0.8682,
        0.8683,
        0.8683,
        0.8683,
        0.8684,
        0.8684
      ],
      "metrics": {
        "MAE": 0.000205,
        "RMSE": 0.000753,
        "MAPE": 0.0235,
        "R2": 0.9094
      }
    }
  },
  "crypto": {
    "BTC_USD": {
      "current": 74182.0,
      "next_1h": 74138.48,
      "next_24h": 73515.54,
      "change_pct": -0.059,
      "trend": "\ud83d\udcc9 DOWN",
      "predictions": [
        74138.48,
        74101.35,
        74070.61,
        74061.14,
        74027.43,
        73996.11,
        73965.65,
        73934.82,
        73906.3,
        73877.73,
        73849.48,
        73821.65,
        73794.08,
        73766.95,
        73740.21,
        73713.83,
        73687.82,
        73662.17,
        73636.87,
        73611.92,
        73587.32,
        73563.06,
        73539.13,
        73515.54
      ],
      "metrics": {
        "MAE": 291.578211,
        "RMSE": 351.375676,
        "MAPE": 0.3933,
        "R2": 0.6171
      }
    },
    "ETH_USD": {
      "current": 2327.99,
      "next_1h": 2312.05,
      "next_24h": 2090.36,
      "change_pct": -0.685,
      "trend": "\ud83d\udcc9 DOWN",
      "predictions": [
        2312.05,
        2296.04,
        2279.39,
        2263.13,
        2246.06,
        2229.91,
        2214.81,
        2200.67,
        2187.63,
        2175.58,
        2164.6,
        2154.64,
        2145.6,
        2137.44,
        2130.09,
        2123.49,
        2117.56,
        2112.26,
        2107.5,
        2103.26,
        2099.46,
        2096.08,
        2093.06,
        2090.36
      ],
      "metrics": {
        "MAE": 19.956428,
        "RMSE": 23.516132,
        "MAPE": 0.8635,
        "R2": 0.6564
      }
    },
    "BNB_USD": {
      "current": 672.04,
      "next_1h": 671.75,
      "next_24h": 668.41,
      "change_pct": -0.042,
      "trend": "\ud83d\udcc9 DOWN",
      "predictions": [
        671.75,
        671.62,
        671.39,
        671.28,
        671.1,
        670.92,
        670.76,
        670.6,
        670.44,
        670.28,
        670.13,
        669.98,
        669.84,
        669.69,
        669.55,
        669.42,
        669.28,
        669.15,
        669.02,
        668.89,
        668.77,
        668.65,
        668.53,
        668.41
      ],
      "metrics": {
        "MAE": 2.202778,
        "RMSE": 2.776181,
        "MAPE": 0.3259,
        "R2": 0.6649
      }
    }
  }
}