{
  "generated_at": "2026-07-07 18:17:10",
  "exchange_rates": {
    "USD_TZS": {
      "current": 2622.6358,
      "next_1h": 2622.3118,
      "next_24h": 2617.0468,
      "change_pct": -0.012,
      "trend": "\ud83d\udcc9 DOWN",
      "predictions": [
        2622.3118,
        2621.9953,
        2621.6862,
        2621.3843,
        2621.0893,
        2620.8012,
        2620.5232,
        2620.2547,
        2619.9957,
        2619.7458,
        2619.5046,
        2619.272,
        2619.0477,
        2618.8313,
        2618.6225,
        2618.4211,
        2618.2269,
        2618.0395,
        2617.8588,
        2617.6845,
        2617.5164,
        2617.3542,
        2617.1977,
        2617.0468
      ],
      "metrics": {
        "MAE": 0.672119,
        "RMSE": 2.215505,
        "MAPE": 0.0256,
        "R2": 0.9027
      }
    },
    "USD_KES": {
      "current": 129.2243,
      "next_1h": 129.2279,
      "next_24h": 129.2996,
      "change_pct": 0.003,
      "trend": "\ud83d\udcc8 UP",
      "predictions": [
        129.2279,
        129.2315,
        129.2351,
        129.2387,
        129.2422,
        129.2458,
        129.2492,
        129.2526,
        129.2559,
        129.2592,
        129.2624,
        129.2656,
        129.2687,
        129.2718,
        129.2748,
        129.2777,
        129.2806,
        129.2835,
        129.2863,
        129.289,
        129.2918,
        129.2944,
        129.297,
        129.2996
      ],
      "metrics": {
        "MAE": 0.004967,
        "RMSE": 0.018368,
        "MAPE": 0.0038,
        "R2": 0.9817
      }
    },
    "USD_UGX": {
      "current": 3659.5308,
      "next_1h": 3659.5944,
      "next_24h": 3661.0118,
      "change_pct": 0.002,
      "trend": "\ud83d\udcc8 UP",
      "predictions": [
        3659.5944,
        3659.658,
        3659.7214,
        3659.7847,
        3659.8478,
        3659.9108,
        3659.9737,
        3660.0363,
        3660.0987,
        3660.161,
        3660.223,
        3660.2849,
        3660.3465,
        3660.408,
        3660.4692,
        3660.5303,
        3660.5911,
        3660.6518,
        3660.7123,
        3660.7725,
        3660.8326,
        3660.8925,
        3660.9522,
        3661.0118
      ],
      "metrics": {
        "MAE": 0.819078,
        "RMSE": 3.413311,
        "MAPE": 0.0225,
        "R2": 0.8993
      }
    },
    "USD_EUR": {
      "current": 0.8746,
      "next_1h": 0.8747,
      "next_24h": 0.8753,
      "change_pct": 0.003,
      "trend": "\ud83d\udcc8 UP",
      "predictions": [
        0.8747,
        0.8747,
        0.8747,
        0.8748,
        0.8748,
        0.8748,
        0.8748,
        0.8749,
        0.8749,
        0.8749,
        0.875,
        0.875,
        0.875,
        0.8751,
        0.8751,
        0.8751,
        0.8751,
        0.8752,
        0.8752,
        0.8752,
        0.8753,
        0.8753,
        0.8753,
        0.8753
      ],
      "metrics": {
        "MAE": 9.2e-05,
        "RMSE": 0.000359,
        "MAPE": 0.0105,
        "R2": 0.9483
      }
    }
  },
  "crypto": {
    "BTC_USD": {
      "current": 63979.0,
      "next_1h": 63950.09,
      "next_24h": 63519.04,
      "change_pct": -0.045,
      "trend": "\ud83d\udcc9 DOWN",
      "predictions": [
        63950.09,
        63945.57,
        63934.53,
        63917.06,
        63890.24,
        63869.43,
        63850.63,
        63831.22,
        63811.15,
        63790.84,
        63770.96,
        63751.27,
        63731.59,
        63711.91,
        63692.3,
        63672.79,
        63653.34,
        63633.96,
        63614.64,
        63595.38,
        63576.2,
        63557.08,
        63538.03,
        63519.04
      ],
      "metrics": {
        "MAE": 222.124984,
        "RMSE": 339.938898,
        "MAPE": 0.3619,
        "R2": 0.966
      }
    },
    "ETH_USD": {
      "current": 1802.09,
      "next_1h": 1801.05,
      "next_24h": 1779.76,
      "change_pct": -0.058,
      "trend": "\ud83d\udcc9 DOWN",
      "predictions": [
        1801.05,
        1800.14,
        1799.13,
        1798.04,
        1797.15,
        1796.22,
        1795.27,
        1794.33,
        1793.39,
        1792.46,
        1791.53,
        1790.6,
        1789.68,
        1788.76,
        1787.85,
        1786.93,
        1786.03,
        1785.12,
        1784.22,
        1783.32,
        1782.43,
        1781.53,
        1780.65,
        1779.76
      ],
      "metrics": {
        "MAE": 7.616051,
        "RMSE": 11.370084,
        "MAPE": 0.4502,
        "R2": 0.984
      }
    },
    "BNB_USD": {
      "current": 584.35,
      "next_1h": 584.33,
      "next_24h": 582.71,
      "change_pct": -0.003,
      "trend": "\ud83d\udcc9 DOWN",
      "predictions": [
        584.33,
        584.26,
        584.2,
        584.08,
        584.02,
        583.95,
        583.88,
        583.81,
        583.74,
        583.67,
        583.6,
        583.53,
        583.46,
        583.39,
        583.32,
        583.25,
        583.18,
        583.11,
        583.04,
        582.98,
        582.91,
        582.84,
        582.78,
        582.71
      ],
      "metrics": {
        "MAE": 1.813009,
        "RMSE": 2.66241,
        "MAPE": 0.3209,
        "R2": 0.968
      }
    }
  }
}