{
  "generated_at": "2026-03-31 14:00:41",
  "exchange_rates": {
    "USD_TZS": {
      "current": 2585.777,
      "next_1h": 2585.7089,
      "next_24h": 2584.4311,
      "change_pct": -0.003,
      "trend": "\ud83d\udcc9 DOWN",
      "predictions": [
        2585.7089,
        2585.6425,
        2585.5766,
        2585.5119,
        2585.4473,
        2585.3836,
        2585.3212,
        2585.26,
        2585.2,
        2585.1412,
        2585.0836,
        2585.0271,
        2584.9718,
        2584.9175,
        2584.8644,
        2584.8122,
        2584.7612,
        2584.7111,
        2584.6621,
        2584.614,
        2584.5669,
        2584.5207,
        2584.4755,
        2584.4311
      ],
      "metrics": {
        "MAE": 0.588993,
        "RMSE": 2.093555,
        "MAPE": 0.0229,
        "R2": 0.9188
      }
    },
    "USD_KES": {
      "current": 129.9298,
      "next_1h": 129.9141,
      "next_24h": 129.6625,
      "change_pct": -0.012,
      "trend": "\ud83d\udcc9 DOWN",
      "predictions": [
        129.9141,
        129.897,
        129.8818,
        129.8677,
        129.8545,
        129.842,
        129.8298,
        129.8178,
        129.8061,
        129.7947,
        129.7835,
        129.7727,
        129.7621,
        129.7518,
        129.7418,
        129.732,
        129.7225,
        129.7132,
        129.7042,
        129.6954,
        129.6869,
        129.6785,
        129.6704,
        129.6625
      ],
      "metrics": {
        "MAE": 0.016028,
        "RMSE": 0.026756,
        "MAPE": 0.0123,
        "R2": 0.9369
      }
    },
    "USD_UGX": {
      "current": 3733.1644,
      "next_1h": 3733.3334,
      "next_24h": 3736.8314,
      "change_pct": 0.005,
      "trend": "\ud83d\udcc8 UP",
      "predictions": [
        3733.3334,
        3733.5005,
        3733.6656,
        3733.8296,
        3733.9917,
        3734.1519,
        3734.3108,
        3734.4685,
        3734.625,
        3734.7803,
        3734.9343,
        3735.0872,
        3735.2389,
        3735.3894,
        3735.5387,
        3735.6868,
        3735.8339,
        3735.9797,
        3736.1245,
        3736.2681,
        3736.4106,
        3736.552,
        3736.6922,
        3736.8314
      ],
      "metrics": {
        "MAE": 0.569988,
        "RMSE": 2.059736,
        "MAPE": 0.0153,
        "R2": 0.9389
      }
    },
    "USD_EUR": {
      "current": 0.8721,
      "next_1h": 0.872,
      "next_24h": 0.8705,
      "change_pct": -0.01,
      "trend": "\ud83d\udcc9 DOWN",
      "predictions": [
        0.872,
        0.8719,
        0.8719,
        0.8718,
        0.8717,
        0.8716,
        0.8716,
        0.8715,
        0.8714,
        0.8714,
        0.8713,
        0.8712,
        0.8712,
        0.8711,
        0.871,
        0.871,
        0.8709,
        0.8708,
        0.8708,
        0.8707,
        0.8707,
        0.8706,
        0.8706,
        0.8705
      ],
      "metrics": {
        "MAE": 0.000113,
        "RMSE": 0.0004,
        "MAPE": 0.013,
        "R2": 0.9624
      }
    }
  },
  "crypto": {
    "BTC_USD": {
      "current": 67172.0,
      "next_1h": 67264.33,
      "next_24h": 68270.99,
      "change_pct": 0.137,
      "trend": "\ud83d\udcc8 UP",
      "predictions": [
        67264.33,
        67285.76,
        67324.97,
        67367.39,
        67385.87,
        67438.96,
        67495.01,
        67547.99,
        67600.59,
        67652.71,
        67701.44,
        67749.26,
        67796.53,
        67843.0,
        67888.8,
        67934.06,
        67978.59,
        68022.41,
        68065.53,
        68107.95,
        68149.69,
        68190.77,
        68231.2,
        68270.99
      ],
      "metrics": {
        "MAE": 204.596596,
        "RMSE": 286.578241,
        "MAPE": 0.3059,
        "R2": 0.8786
      }
    },
    "ETH_USD": {
      "current": 2071.4,
      "next_1h": 2072.99,
      "next_24h": 2091.9,
      "change_pct": 0.077,
      "trend": "\ud83d\udcc8 UP",
      "predictions": [
        2072.99,
        2074.96,
        2076.74,
        2077.62,
        2078.5,
        2079.36,
        2080.18,
        2080.99,
        2081.77,
        2082.55,
        2083.31,
        2084.05,
        2084.78,
        2085.49,
        2086.19,
        2086.88,
        2087.55,
        2088.21,
        2088.86,
        2089.49,
        2090.11,
        2090.72,
        2091.32,
        2091.9
      ],
      "metrics": {
        "MAE": 7.78699,
        "RMSE": 11.073509,
        "MAPE": 0.3847,
        "R2": 0.8664
      }
    },
    "BNB_USD": {
      "current": 611.42,
      "next_1h": 612.48,
      "next_24h": 625.96,
      "change_pct": 0.174,
      "trend": "\ud83d\udcc8 UP",
      "predictions": [
        612.48,
        612.92,
        613.67,
        614.28,
        614.74,
        615.45,
        616.16,
        616.83,
        617.51,
        618.17,
        618.8,
        619.42,
        620.03,
        620.62,
        621.21,
        621.78,
        622.34,
        622.89,
        623.43,
        623.96,
        624.47,
        624.98,
        625.48,
        625.96
      ],
      "metrics": {
        "MAE": 1.725941,
        "RMSE": 2.525899,
        "MAPE": 0.2817,
        "R2": 0.8415
      }
    }
  }
}