{
  "generated_at": "2026-07-15 23:13:09",
  "exchange_rates": {
    "USD_TZS": {
      "current": 2605.8011,
      "next_1h": 2606.1114,
      "next_24h": 2611.3129,
      "change_pct": 0.012,
      "trend": "\ud83d\udcc8 UP",
      "predictions": [
        2606.1114,
        2606.415,
        2606.7123,
        2607.0032,
        2607.288,
        2607.5667,
        2607.8367,
        2608.0982,
        2608.3514,
        2608.5966,
        2608.8341,
        2609.064,
        2609.2866,
        2609.502,
        2609.7106,
        2609.9126,
        2610.1081,
        2610.2974,
        2610.4806,
        2610.658,
        2610.8298,
        2610.996,
        2611.157,
        2611.3129
      ],
      "metrics": {
        "MAE": 0.482693,
        "RMSE": 1.872423,
        "MAPE": 0.0185,
        "R2": 0.9581
      }
    },
    "USD_KES": {
      "current": 129.2468,
      "next_1h": 129.2484,
      "next_24h": 129.2825,
      "change_pct": 0.001,
      "trend": "\ud83d\udcc8 UP",
      "predictions": [
        129.2484,
        129.2501,
        129.2517,
        129.2533,
        129.2549,
        129.2565,
        129.2581,
        129.2597,
        129.2613,
        129.2628,
        129.2643,
        129.2658,
        129.2673,
        129.2688,
        129.2702,
        129.2716,
        129.2731,
        129.2745,
        129.2758,
        129.2772,
        129.2786,
        129.2799,
        129.2812,
        129.2825
      ],
      "metrics": {
        "MAE": 0.004145,
        "RMSE": 0.014522,
        "MAPE": 0.0032,
        "R2": 0.9112
      }
    },
    "USD_UGX": {
      "current": 3673.063,
      "next_1h": 3673.0091,
      "next_24h": 3671.8023,
      "change_pct": -0.001,
      "trend": "\ud83d\udcc9 DOWN",
      "predictions": [
        3673.0091,
        3672.9553,
        3672.9016,
        3672.8479,
        3672.7944,
        3672.741,
        3672.6878,
        3672.6346,
        3672.5816,
        3672.5288,
        3672.476,
        3672.4234,
        3672.3709,
        3672.3186,
        3672.2664,
        3672.2143,
        3672.1624,
        3672.1105,
        3672.0589,
        3672.0073,
        3671.9559,
        3671.9046,
        3671.8534,
        3671.8023
      ],
      "metrics": {
        "MAE": 0.384042,
        "RMSE": 2.32255,
        "MAPE": 0.0105,
        "R2": 0.9509
      }
    },
    "USD_EUR": {
      "current": 0.8758,
      "next_1h": 0.8758,
      "next_24h": 0.8759,
      "change_pct": 0.001,
      "trend": "\ud83d\udcc8 UP",
      "predictions": [
        0.8758,
        0.8758,
        0.8758,
        0.8758,
        0.8758,
        0.8758,
        0.8758,
        0.8758,
        0.8758,
        0.8758,
        0.8758,
        0.8758,
        0.8758,
        0.8758,
        0.8758,
        0.8759,
        0.8759,
        0.8759,
        0.8759,
        0.8759,
        0.8759,
        0.8759,
        0.8759,
        0.8759
      ],
      "metrics": {
        "MAE": 3.7e-05,
        "RMSE": 0.000196,
        "MAPE": 0.0043,
        "R2": 0.934
      }
    }
  },
  "crypto": {
    "BTC_USD": {
      "current": 64884.0,
      "next_1h": 64860.03,
      "next_24h": 64573.83,
      "change_pct": -0.037,
      "trend": "\ud83d\udcc9 DOWN",
      "predictions": [
        64860.03,
        64841.0,
        64828.68,
        64818.98,
        64807.68,
        64794.2,
        64781.09,
        64768.49,
        64756.05,
        64743.54,
        64731.01,
        64718.55,
        64706.19,
        64693.88,
        64681.62,
        64669.41,
        64657.27,
        64645.18,
        64633.15,
        64621.17,
        64609.25,
        64597.39,
        64585.58,
        64573.83
      ],
      "metrics": {
        "MAE": 103.841803,
        "RMSE": 147.617176,
        "MAPE": 0.1629,
        "R2": 0.9738
      }
    },
    "ETH_USD": {
      "current": 1925.2,
      "next_1h": 1923.94,
      "next_24h": 1898.46,
      "change_pct": -0.066,
      "trend": "\ud83d\udcc9 DOWN",
      "predictions": [
        1923.94,
        1922.6,
        1921.4,
        1920.31,
        1919.09,
        1917.95,
        1916.82,
        1915.7,
        1914.57,
        1913.46,
        1912.35,
        1911.25,
        1910.15,
        1909.06,
        1907.97,
        1906.89,
        1905.82,
        1904.75,
        1903.69,
        1902.63,
        1901.58,
        1900.53,
        1899.49,
        1898.46
      ],
      "metrics": {
        "MAE": 4.615418,
        "RMSE": 7.466748,
        "MAPE": 0.2522,
        "R2": 0.9758
      }
    },
    "BNB_USD": {
      "current": 580.99,
      "next_1h": 580.99,
      "next_24h": 580.76,
      "change_pct": 0.0,
      "trend": "\ud83d\udcc9 DOWN",
      "predictions": [
        580.99,
        580.98,
        580.96,
        580.96,
        580.95,
        580.94,
        580.93,
        580.92,
        580.91,
        580.9,
        580.89,
        580.88,
        580.87,
        580.86,
        580.85,
        580.84,
        580.83,
        580.82,
        580.81,
        580.8,
        580.79,
        580.78,
        580.77,
        580.76
      ],
      "metrics": {
        "MAE": 0.829672,
        "RMSE": 1.223714,
        "MAPE": 0.1442,
        "R2": 0.9489
      }
    }
  }
}