{
  "generated_at": "2026-04-07 10:30:08",
  "exchange_rates": {
    "USD_TZS": {
      "current": 2587.8802,
      "next_1h": 2587.7287,
      "next_24h": 2584.906,
      "change_pct": -0.006,
      "trend": "\ud83d\udcc9 DOWN",
      "predictions": [
        2587.7287,
        2587.5799,
        2587.4326,
        2587.2868,
        2587.1421,
        2586.9996,
        2586.8602,
        2586.7238,
        2586.5904,
        2586.4598,
        2586.3321,
        2586.2073,
        2586.0851,
        2585.9656,
        2585.8488,
        2585.7345,
        2585.6227,
        2585.5134,
        2585.4065,
        2585.3019,
        2585.1996,
        2585.0996,
        2585.0017,
        2584.906
      ],
      "metrics": {
        "MAE": 0.681241,
        "RMSE": 2.554829,
        "MAPE": 0.0263,
        "R2": 0.8993
      }
    },
    "USD_KES": {
      "current": 129.9956,
      "next_1h": 129.9912,
      "next_24h": 129.9077,
      "change_pct": -0.003,
      "trend": "\ud83d\udcc9 DOWN",
      "predictions": [
        129.9912,
        129.9869,
        129.9831,
        129.9794,
        129.9755,
        129.9716,
        129.9678,
        129.9641,
        129.9603,
        129.9566,
        129.9529,
        129.9493,
        129.9457,
        129.9421,
        129.9385,
        129.935,
        129.9315,
        129.928,
        129.9245,
        129.9211,
        129.9177,
        129.9143,
        129.911,
        129.9077
      ],
      "metrics": {
        "MAE": 0.006994,
        "RMSE": 0.020774,
        "MAPE": 0.0054,
        "R2": 0.9431
      }
    },
    "USD_UGX": {
      "current": 3754.382,
      "next_1h": 3754.3903,
      "next_24h": 3754.5605,
      "change_pct": 0.0,
      "trend": "\ud83d\udcc9 DOWN",
      "predictions": [
        3754.3903,
        3754.3985,
        3754.4066,
        3754.4146,
        3754.4226,
        3754.4305,
        3754.4382,
        3754.446,
        3754.4536,
        3754.4612,
        3754.4687,
        3754.4762,
        3754.4835,
        3754.4909,
        3754.4981,
        3754.5053,
        3754.5124,
        3754.5195,
        3754.5265,
        3754.5334,
        3754.5403,
        3754.5471,
        3754.5539,
        3754.5605
      ],
      "metrics": {
        "MAE": 0.46326,
        "RMSE": 2.406649,
        "MAPE": 0.0124,
        "R2": 0.8869
      }
    },
    "USD_EUR": {
      "current": 0.8662,
      "next_1h": 0.8663,
      "next_24h": 0.8669,
      "change_pct": 0.004,
      "trend": "\ud83d\udcc8 UP",
      "predictions": [
        0.8663,
        0.8663,
        0.8663,
        0.8664,
        0.8664,
        0.8664,
        0.8665,
        0.8665,
        0.8665,
        0.8666,
        0.8666,
        0.8666,
        0.8666,
        0.8667,
        0.8667,
        0.8667,
        0.8667,
        0.8668,
        0.8668,
        0.8668,
        0.8668,
        0.8669,
        0.8669,
        0.8669
      ],
      "metrics": {
        "MAE": 0.000129,
        "RMSE": 0.000558,
        "MAPE": 0.0149,
        "R2": 0.9154
      }
    }
  },
  "crypto": {
    "BTC_USD": {
      "current": 68715.0,
      "next_1h": 68735.5,
      "next_24h": 69007.09,
      "change_pct": 0.03,
      "trend": "\ud83d\udcc8 UP",
      "predictions": [
        68735.5,
        68749.1,
        68737.73,
        68755.92,
        68787.31,
        68799.1,
        68812.32,
        68825.92,
        68837.3,
        68848.75,
        68860.91,
        68872.82,
        68884.64,
        68896.44,
        68908.06,
        68919.54,
        68930.89,
        68942.13,
        68953.24,
        68964.24,
        68975.12,
        68985.89,
        68996.54,
        69007.09
      ],
      "metrics": {
        "MAE": 178.66415,
        "RMSE": 268.125948,
        "MAPE": 0.2632,
        "R2": 0.933
      }
    },
    "ETH_USD": {
      "current": 2106.69,
      "next_1h": 2107.04,
      "next_24h": 2103.53,
      "change_pct": 0.017,
      "trend": "\ud83d\udcc8 UP",
      "predictions": [
        2107.04,
        2107.06,
        2106.22,
        2106.14,
        2105.97,
        2105.8,
        2105.66,
        2105.51,
        2105.37,
        2105.23,
        2105.1,
        2104.96,
        2104.83,
        2104.7,
        2104.58,
        2104.45,
        2104.33,
        2104.21,
        2104.09,
        2103.97,
        2103.86,
        2103.75,
        2103.64,
        2103.53
      ],
      "metrics": {
        "MAE": 7.209968,
        "RMSE": 11.179881,
        "MAPE": 0.3445,
        "R2": 0.9211
      }
    },
    "BNB_USD": {
      "current": 601.47,
      "next_1h": 602.28,
      "next_24h": 616.34,
      "change_pct": 0.134,
      "trend": "\ud83d\udcc8 UP",
      "predictions": [
        602.28,
        603.2,
        603.71,
        604.41,
        605.25,
        605.92,
        606.59,
        607.26,
        607.9,
        608.54,
        609.16,
        609.78,
        610.38,
        610.97,
        611.55,
        612.12,
        612.69,
        613.24,
        613.78,
        614.31,
        614.83,
        615.34,
        615.84,
        616.34
      ],
      "metrics": {
        "MAE": 1.73788,
        "RMSE": 2.480733,
        "MAPE": 0.2926,
        "R2": 0.9402
      }
    }
  }
}