{
  "generated_at": "2026-04-07 18:29:35",
  "exchange_rates": {
    "USD_TZS": {
      "current": 2587.8802,
      "next_1h": 2587.725,
      "next_24h": 2584.8024,
      "change_pct": -0.006,
      "trend": "\ud83d\udcc9 DOWN",
      "predictions": [
        2587.725,
        2587.5714,
        2587.4194,
        2587.2689,
        2587.1199,
        2586.9724,
        2586.8281,
        2586.6868,
        2586.5486,
        2586.4134,
        2586.281,
        2586.1516,
        2586.025,
        2585.9012,
        2585.7801,
        2585.6616,
        2585.5457,
        2585.4323,
        2585.3214,
        2585.213,
        2585.1069,
        2585.0031,
        2584.9016,
        2584.8024
      ],
      "metrics": {
        "MAE": 0.681383,
        "RMSE": 2.555424,
        "MAPE": 0.0263,
        "R2": 0.8516
      }
    },
    "USD_KES": {
      "current": 129.9956,
      "next_1h": 129.9932,
      "next_24h": 129.941,
      "change_pct": -0.002,
      "trend": "\ud83d\udcc9 DOWN",
      "predictions": [
        129.9932,
        129.9907,
        129.9883,
        129.9859,
        129.9836,
        129.9812,
        129.9788,
        129.9765,
        129.9741,
        129.9718,
        129.9695,
        129.9672,
        129.965,
        129.9627,
        129.9605,
        129.9582,
        129.956,
        129.9538,
        129.9517,
        129.9495,
        129.9473,
        129.9452,
        129.9431,
        129.941
      ],
      "metrics": {
        "MAE": 0.004948,
        "RMSE": 0.020146,
        "MAPE": 0.0038,
        "R2": 0.9082
      }
    },
    "USD_UGX": {
      "current": 3754.382,
      "next_1h": 3754.3901,
      "next_24h": 3754.5539,
      "change_pct": 0.0,
      "trend": "\ud83d\udcc9 DOWN",
      "predictions": [
        3754.3901,
        3754.398,
        3754.4059,
        3754.4137,
        3754.4214,
        3754.429,
        3754.4366,
        3754.444,
        3754.4514,
        3754.4587,
        3754.466,
        3754.4732,
        3754.4803,
        3754.4873,
        3754.4943,
        3754.5012,
        3754.508,
        3754.5147,
        3754.5214,
        3754.528,
        3754.5346,
        3754.5411,
        3754.5475,
        3754.5539
      ],
      "metrics": {
        "MAE": 0.468403,
        "RMSE": 2.40564,
        "MAPE": 0.0125,
        "R2": 0.8836
      }
    },
    "USD_EUR": {
      "current": 0.8662,
      "next_1h": 0.8663,
      "next_24h": 0.8667,
      "change_pct": 0.003,
      "trend": "\ud83d\udcc8 UP",
      "predictions": [
        0.8663,
        0.8663,
        0.8663,
        0.8663,
        0.8664,
        0.8664,
        0.8664,
        0.8664,
        0.8664,
        0.8665,
        0.8665,
        0.8665,
        0.8665,
        0.8665,
        0.8665,
        0.8666,
        0.8666,
        0.8666,
        0.8666,
        0.8666,
        0.8667,
        0.8667,
        0.8667,
        0.8667
      ],
      "metrics": {
        "MAE": 0.00011,
        "RMSE": 0.000555,
        "MAPE": 0.0127,
        "R2": 0.9155
      }
    }
  },
  "crypto": {
    "BTC_USD": {
      "current": 68627.0,
      "next_1h": 68656.33,
      "next_24h": 68960.16,
      "change_pct": 0.043,
      "trend": "\ud83d\udcc8 UP",
      "predictions": [
        68656.33,
        68656.72,
        68669.63,
        68677.14,
        68683.07,
        68699.43,
        68716.14,
        68732.08,
        68748.26,
        68763.91,
        68778.93,
        68793.79,
        68808.5,
        68823.04,
        68837.45,
        68851.71,
        68865.81,
        68879.75,
        68893.53,
        68907.16,
        68920.64,
        68933.96,
        68947.13,
        68960.16
      ],
      "metrics": {
        "MAE": 176.398809,
        "RMSE": 267.141311,
        "MAPE": 0.26,
        "R2": 0.9322
      }
    },
    "ETH_USD": {
      "current": 2095.38,
      "next_1h": 2095.96,
      "next_24h": 2104.65,
      "change_pct": 0.028,
      "trend": "\ud83d\udcc8 UP",
      "predictions": [
        2095.96,
        2096.14,
        2096.7,
        2096.97,
        2097.26,
        2097.7,
        2098.13,
        2098.56,
        2098.98,
        2099.4,
        2099.81,
        2100.21,
        2100.61,
        2101.0,
        2101.38,
        2101.77,
        2102.14,
        2102.51,
        2102.88,
        2103.24,
        2103.6,
        2103.95,
        2104.3,
        2104.65
      ],
      "metrics": {
        "MAE": 7.299547,
        "RMSE": 11.28738,
        "MAPE": 0.3492,
        "R2": 0.9114
      }
    },
    "BNB_USD": {
      "current": 604.48,
      "next_1h": 604.9,
      "next_24h": 610.52,
      "change_pct": 0.069,
      "trend": "\ud83d\udcc8 UP",
      "predictions": [
        604.9,
        605.01,
        605.21,
        605.38,
        605.56,
        605.83,
        606.12,
        606.4,
        606.68,
        606.96,
        607.22,
        607.49,
        607.75,
        608.01,
        608.27,
        608.53,
        608.79,
        609.04,
        609.29,
        609.54,
        609.79,
        610.03,
        610.28,
        610.52
      ],
      "metrics": {
        "MAE": 1.610407,
        "RMSE": 2.356558,
        "MAPE": 0.271,
        "R2": 0.9325
      }
    }
  }
}