{
  "generated_at": "2026-04-21 14:43:17",
  "exchange_rates": {
    "USD_TZS": {
      "current": 2603.7655,
      "next_1h": 2603.5706,
      "next_24h": 2599.6291,
      "change_pct": -0.007,
      "trend": "\ud83d\udcc9 DOWN",
      "predictions": [
        2603.5706,
        2603.377,
        2603.1847,
        2602.9937,
        2602.8038,
        2602.6152,
        2602.4292,
        2602.2457,
        2602.0646,
        2601.8861,
        2601.7099,
        2601.5362,
        2601.3649,
        2601.196,
        2601.0293,
        2600.865,
        2600.7029,
        2600.5431,
        2600.3854,
        2600.2299,
        2600.0766,
        2599.9253,
        2599.7762,
        2599.6291
      ],
      "metrics": {
        "MAE": 0.303187,
        "RMSE": 0.864338,
        "MAPE": 0.0117,
        "R2": 0.9073
      }
    },
    "USD_KES": {
      "current": 129.059,
      "next_1h": 129.0625,
      "next_24h": 129.1383,
      "change_pct": 0.003,
      "trend": "\ud83d\udcc8 UP",
      "predictions": [
        129.0625,
        129.066,
        129.0695,
        129.073,
        129.0764,
        129.0799,
        129.0833,
        129.0867,
        129.0901,
        129.0934,
        129.0968,
        129.1001,
        129.1034,
        129.1067,
        129.1099,
        129.1132,
        129.1164,
        129.1196,
        129.1228,
        129.1259,
        129.129,
        129.1322,
        129.1353,
        129.1383
      ],
      "metrics": {
        "MAE": 0.004992,
        "RMSE": 0.012793,
        "MAPE": 0.0039,
        "R2": 0.9809
      }
    },
    "USD_UGX": {
      "current": 3698.5495,
      "next_1h": 3698.8561,
      "next_24h": 3705.2022,
      "change_pct": 0.008,
      "trend": "\ud83d\udcc8 UP",
      "predictions": [
        3698.8561,
        3699.1605,
        3699.4628,
        3699.763,
        3700.0611,
        3700.3572,
        3700.6503,
        3700.9404,
        3701.2275,
        3701.5118,
        3701.7932,
        3702.0718,
        3702.3475,
        3702.6204,
        3702.8906,
        3703.158,
        3703.4227,
        3703.6848,
        3703.9442,
        3704.2009,
        3704.4551,
        3704.7067,
        3704.9557,
        3705.2022
      ],
      "metrics": {
        "MAE": 0.590799,
        "RMSE": 2.304081,
        "MAPE": 0.016,
        "R2": 0.9485
      }
    },
    "USD_EUR": {
      "current": 0.849,
      "next_1h": 0.8489,
      "next_24h": 0.8477,
      "change_pct": -0.006,
      "trend": "\ud83d\udcc9 DOWN",
      "predictions": [
        0.8489,
        0.8489,
        0.8488,
        0.8487,
        0.8487,
        0.8486,
        0.8486,
        0.8485,
        0.8485,
        0.8484,
        0.8484,
        0.8483,
        0.8483,
        0.8482,
        0.8482,
        0.8481,
        0.8481,
        0.848,
        0.8479,
        0.8479,
        0.8478,
        0.8478,
        0.8477,
        0.8477
      ],
      "metrics": {
        "MAE": 0.0001,
        "RMSE": 0.000306,
        "MAPE": 0.0118,
        "R2": 0.9244
      }
    }
  },
  "crypto": {
    "BTC_USD": {
      "current": 76446.0,
      "next_1h": 76416.92,
      "next_24h": 75664.3,
      "change_pct": -0.038,
      "trend": "\ud83d\udcc9 DOWN",
      "predictions": [
        76416.92,
        76340.3,
        76385.17,
        76310.89,
        76278.79,
        76253.39,
        76211.53,
        76180.69,
        76147.2,
        76112.62,
        76080.05,
        76046.72,
        76013.74,
        75981.14,
        75948.54,
        75916.22,
        75884.08,
        75852.11,
        75820.35,
        75788.77,
        75757.38,
        75726.17,
        75695.14,
        75664.3
      ],
      "metrics": {
        "MAE": 237.095907,
        "RMSE": 307.9782,
        "MAPE": 0.3141,
        "R2": 0.9067
      }
    },
    "ETH_USD": {
      "current": 2322.72,
      "next_1h": 2321.85,
      "next_24h": 2290.82,
      "change_pct": -0.038,
      "trend": "\ud83d\udcc9 DOWN",
      "predictions": [
        2321.85,
        2319.94,
        2320.68,
        2317.75,
        2316.67,
        2315.42,
        2313.69,
        2312.42,
        2310.93,
        2309.48,
        2308.1,
        2306.67,
        2305.29,
        2303.91,
        2302.54,
        2301.2,
        2299.86,
        2298.53,
        2297.21,
        2295.91,
        2294.62,
        2293.34,
        2292.08,
        2290.82
      ],
      "metrics": {
        "MAE": 8.664939,
        "RMSE": 11.514346,
        "MAPE": 0.3703,
        "R2": 0.9097
      }
    },
    "BNB_USD": {
      "current": 634.71,
      "next_1h": 634.7,
      "next_24h": 627.6,
      "change_pct": -0.001,
      "trend": "\ud83d\udcc9 DOWN",
      "predictions": [
        634.7,
        634.45,
        634.37,
        633.8,
        633.38,
        633.03,
        632.66,
        632.34,
        632.02,
        631.69,
        631.38,
        631.06,
        630.75,
        630.44,
        630.14,
        629.84,
        629.55,
        629.26,
        628.97,
        628.69,
        628.41,
        628.13,
        627.86,
        627.6
      ],
      "metrics": {
        "MAE": 1.609462,
        "RMSE": 2.142323,
        "MAPE": 0.2561,
        "R2": 0.9275
      }
    }
  }
}