{
  "generated_at": "2026-03-16 15:00:32",
  "exchange_rates": {
    "USD_TZS": {
      "current": 2590.779,
      "next_1h": 2590.0186,
      "next_24h": 2579.7739,
      "change_pct": -0.029,
      "trend": "\ud83d\udcc9 DOWN",
      "predictions": [
        2590.0186,
        2589.3031,
        2588.6062,
        2587.9385,
        2587.2765,
        2586.6411,
        2586.0405,
        2585.4732,
        2584.9371,
        2584.4311,
        2583.9542,
        2583.505,
        2583.0818,
        2582.6831,
        2582.3077,
        2581.954,
        2581.621,
        2581.3073,
        2581.012,
        2580.7338,
        2580.4718,
        2580.2251,
        2579.9927,
        2579.7739
      ],
      "metrics": {
        "MAE": 0.646885,
        "RMSE": 2.007686,
        "MAPE": 0.025,
        "R2": 0.8838
      }
    },
    "USD_KES": {
      "current": 129.1502,
      "next_1h": 129.1602,
      "next_24h": 129.2492,
      "change_pct": 0.008,
      "trend": "\ud83d\udcc8 UP",
      "predictions": [
        129.1602,
        129.1713,
        129.1804,
        129.1881,
        129.1948,
        129.2008,
        129.2062,
        129.2111,
        129.2156,
        129.2197,
        129.2234,
        129.2267,
        129.2298,
        129.2325,
        129.235,
        129.2373,
        129.2393,
        129.2412,
        129.2428,
        129.2444,
        129.2457,
        129.247,
        129.2481,
        129.2492
      ],
      "metrics": {
        "MAE": 0.008045,
        "RMSE": 0.01122,
        "MAPE": 0.0062,
        "R2": 0.7807
      }
    },
    "USD_UGX": {
      "current": 3741.4821,
      "next_1h": 3741.5591,
      "next_24h": 3743.1048,
      "change_pct": 0.002,
      "trend": "\ud83d\udcc8 UP",
      "predictions": [
        3741.5591,
        3741.6347,
        3741.7089,
        3741.7824,
        3741.8544,
        3741.9251,
        3741.9953,
        3742.0649,
        3742.1339,
        3742.2024,
        3742.2704,
        3742.3378,
        3742.4046,
        3742.4709,
        3742.5367,
        3742.6019,
        3742.6666,
        3742.7307,
        3742.7944,
        3742.8575,
        3742.9201,
        3742.9821,
        3743.0437,
        3743.1048
      ],
      "metrics": {
        "MAE": 0.252023,
        "RMSE": 0.813686,
        "MAPE": 0.0067,
        "R2": 0.7387
      }
    },
    "USD_EUR": {
      "current": 0.8746,
      "next_1h": 0.8746,
      "next_24h": 0.8735,
      "change_pct": -0.007,
      "trend": "\ud83d\udcc9 DOWN",
      "predictions": [
        0.8746,
        0.8745,
        0.8745,
        0.8744,
        0.8744,
        0.8743,
        0.8743,
        0.8742,
        0.8742,
        0.8741,
        0.8741,
        0.874,
        0.874,
        0.8739,
        0.8739,
        0.8738,
        0.8738,
        0.8738,
        0.8737,
        0.8737,
        0.8736,
        0.8736,
        0.8736,
        0.8735
      ],
      "metrics": {
        "MAE": 9.3e-05,
        "RMSE": 0.000245,
        "MAPE": 0.0106,
        "R2": 0.87
      }
    }
  },
  "crypto": {
    "BTC_USD": {
      "current": 73459.0,
      "next_1h": 73428.51,
      "next_24h": 72347.91,
      "change_pct": -0.042,
      "trend": "\ud83d\udcc9 DOWN",
      "predictions": [
        73428.51,
        73372.16,
        73320.48,
        73288.37,
        73225.94,
        73168.85,
        73113.76,
        73059.83,
        73008.51,
        72957.8,
        72908.04,
        72859.3,
        72811.53,
        72764.8,
        72719.04,
        72674.24,
        72630.38,
        72587.43,
        72545.37,
        72504.2,
        72463.88,
        72424.41,
        72385.75,
        72347.91
      ],
      "metrics": {
        "MAE": 230.808899,
        "RMSE": 319.342665,
        "MAPE": 0.3177,
        "R2": 0.9055
      }
    },
    "ETH_USD": {
      "current": 2283.22,
      "next_1h": 2266.21,
      "next_24h": 2063.68,
      "change_pct": -0.745,
      "trend": "\ud83d\udcc9 DOWN",
      "predictions": [
        2266.21,
        2249.12,
        2233.13,
        2216.53,
        2199.99,
        2183.71,
        2168.78,
        2155.15,
        2142.69,
        2131.45,
        2121.39,
        2112.49,
        2104.64,
        2097.75,
        2091.73,
        2086.49,
        2081.94,
        2078.02,
        2074.63,
        2071.71,
        2069.21,
        2067.07,
        2065.24,
        2063.68
      ],
      "metrics": {
        "MAE": 13.419737,
        "RMSE": 19.375677,
        "MAPE": 0.6113,
        "R2": 0.9291
      }
    },
    "BNB_USD": {
      "current": 674.1,
      "next_1h": 673.91,
      "next_24h": 665.88,
      "change_pct": -0.028,
      "trend": "\ud83d\udcc9 DOWN",
      "predictions": [
        673.91,
        673.83,
        673.29,
        672.93,
        672.48,
        672.04,
        671.62,
        671.22,
        670.82,
        670.43,
        670.05,
        669.68,
        669.32,
        668.97,
        668.63,
        668.29,
        667.96,
        667.64,
        667.33,
        667.03,
        666.73,
        666.44,
        666.16,
        665.88
      ],
      "metrics": {
        "MAE": 2.185915,
        "RMSE": 3.007458,
        "MAPE": 0.3258,
        "R2": 0.8989
      }
    }
  }
}