{
  "generated_at": "2026-03-31 08:00:18",
  "exchange_rates": {
    "USD_TZS": {
      "current": 2585.777,
      "next_1h": 2585.7106,
      "next_24h": 2584.4693,
      "change_pct": -0.003,
      "trend": "\ud83d\udcc9 DOWN",
      "predictions": [
        2585.7106,
        2585.6458,
        2585.5817,
        2585.5186,
        2585.4556,
        2585.3936,
        2585.3328,
        2585.2733,
        2585.2149,
        2585.1577,
        2585.1017,
        2585.0468,
        2584.9931,
        2584.9404,
        2584.8888,
        2584.8383,
        2584.7888,
        2584.7403,
        2584.6928,
        2584.6462,
        2584.6006,
        2584.556,
        2584.5122,
        2584.4693
      ],
      "metrics": {
        "MAE": 0.608154,
        "RMSE": 2.103489,
        "MAPE": 0.0236,
        "R2": 0.9061
      }
    },
    "USD_KES": {
      "current": 129.9298,
      "next_1h": 129.9134,
      "next_24h": 129.6534,
      "change_pct": -0.013,
      "trend": "\ud83d\udcc9 DOWN",
      "predictions": [
        129.9134,
        129.8956,
        129.8797,
        129.8651,
        129.8514,
        129.8384,
        129.8257,
        129.8133,
        129.8011,
        129.7893,
        129.7777,
        129.7665,
        129.7556,
        129.745,
        129.7347,
        129.7246,
        129.7149,
        129.7053,
        129.6961,
        129.6871,
        129.6783,
        129.6698,
        129.6615,
        129.6534
      ],
      "metrics": {
        "MAE": 0.016202,
        "RMSE": 0.026988,
        "MAPE": 0.0125,
        "R2": 0.9388
      }
    },
    "USD_UGX": {
      "current": 3733.1644,
      "next_1h": 3733.3362,
      "next_24h": 3736.8898,
      "change_pct": 0.005,
      "trend": "\ud83d\udcc8 UP",
      "predictions": [
        3733.3362,
        3733.506,
        3733.6738,
        3733.8404,
        3734.0051,
        3734.1678,
        3734.3293,
        3734.4896,
        3734.6485,
        3734.8063,
        3734.9628,
        3735.1181,
        3735.2722,
        3735.425,
        3735.5767,
        3735.7272,
        3735.8766,
        3736.0247,
        3736.1718,
        3736.3176,
        3736.4624,
        3736.6059,
        3736.7484,
        3736.8898
      ],
      "metrics": {
        "MAE": 0.579067,
        "RMSE": 2.069302,
        "MAPE": 0.0155,
        "R2": 0.9374
      }
    },
    "USD_EUR": {
      "current": 0.8721,
      "next_1h": 0.872,
      "next_24h": 0.8705,
      "change_pct": -0.01,
      "trend": "\ud83d\udcc9 DOWN",
      "predictions": [
        0.872,
        0.8719,
        0.8719,
        0.8718,
        0.8717,
        0.8716,
        0.8716,
        0.8715,
        0.8714,
        0.8714,
        0.8713,
        0.8712,
        0.8712,
        0.8711,
        0.871,
        0.871,
        0.8709,
        0.8708,
        0.8708,
        0.8707,
        0.8707,
        0.8706,
        0.8706,
        0.8705
      ],
      "metrics": {
        "MAE": 0.000112,
        "RMSE": 0.000403,
        "MAPE": 0.0129,
        "R2": 0.9607
      }
    }
  },
  "crypto": {
    "BTC_USD": {
      "current": 67300.0,
      "next_1h": 67402.74,
      "next_24h": 68548.15,
      "change_pct": 0.153,
      "trend": "\ud83d\udcc8 UP",
      "predictions": [
        67402.74,
        67477.17,
        67535.94,
        67614.57,
        67680.98,
        67729.67,
        67780.64,
        67831.35,
        67880.11,
        67929.45,
        67979.0,
        68027.44,
        68075.05,
        68121.9,
        68167.83,
        68212.95,
        68257.34,
        68300.99,
        68343.92,
        68386.14,
        68427.67,
        68468.51,
        68508.66,
        68548.15
      ],
      "metrics": {
        "MAE": 199.209508,
        "RMSE": 276.713217,
        "MAPE": 0.2972,
        "R2": 0.9072
      }
    },
    "ETH_USD": {
      "current": 2053.78,
      "next_1h": 2055.27,
      "next_24h": 2081.27,
      "change_pct": 0.072,
      "trend": "\ud83d\udcc8 UP",
      "predictions": [
        2055.27,
        2056.31,
        2057.41,
        2058.81,
        2060.16,
        2061.48,
        2062.78,
        2064.06,
        2065.3,
        2066.53,
        2067.73,
        2068.9,
        2070.05,
        2071.18,
        2072.28,
        2073.37,
        2074.43,
        2075.47,
        2076.48,
        2077.48,
        2078.46,
        2079.42,
        2080.35,
        2081.27
      ],
      "metrics": {
        "MAE": 7.404998,
        "RMSE": 10.58649,
        "MAPE": 0.3659,
        "R2": 0.8836
      }
    },
    "BNB_USD": {
      "current": 610.49,
      "next_1h": 611.6,
      "next_24h": 626.56,
      "change_pct": 0.182,
      "trend": "\ud83d\udcc8 UP",
      "predictions": [
        611.6,
        612.54,
        613.32,
        614.23,
        615.07,
        615.77,
        616.48,
        617.18,
        617.85,
        618.52,
        619.18,
        619.82,
        620.45,
        621.07,
        621.67,
        622.26,
        622.84,
        623.4,
        623.96,
        624.5,
        625.03,
        625.55,
        626.06,
        626.56
      ],
      "metrics": {
        "MAE": 1.653222,
        "RMSE": 2.376447,
        "MAPE": 0.2692,
        "R2": 0.8645
      }
    }
  }
}