{
  "generated_at": "2026-06-15 21:57:39",
  "exchange_rates": {
    "USD_TZS": {
      "current": 2619.1825,
      "next_1h": 2618.8905,
      "next_24h": 2613.23,
      "change_pct": -0.011,
      "trend": "\ud83d\udcc9 DOWN",
      "predictions": [
        2618.8905,
        2618.6009,
        2618.3136,
        2618.0288,
        2617.7462,
        2617.466,
        2617.191,
        2616.921,
        2616.656,
        2616.3959,
        2616.1407,
        2615.8904,
        2615.6447,
        2615.4037,
        2615.1672,
        2614.9352,
        2614.7076,
        2614.4842,
        2614.2651,
        2614.0501,
        2613.8392,
        2613.6323,
        2613.4292,
        2613.23
      ],
      "metrics": {
        "MAE": 0.425357,
        "RMSE": 1.115969,
        "MAPE": 0.0163,
        "R2": 0.8951
      }
    },
    "USD_KES": {
      "current": 129.4545,
      "next_1h": 129.4537,
      "next_24h": 129.4377,
      "change_pct": -0.001,
      "trend": "\ud83d\udcc9 DOWN",
      "predictions": [
        129.4537,
        129.453,
        129.4523,
        129.4515,
        129.4508,
        129.4501,
        129.4493,
        129.4486,
        129.4479,
        129.4472,
        129.4465,
        129.4458,
        129.4451,
        129.4444,
        129.4437,
        129.443,
        129.4423,
        129.4417,
        129.441,
        129.4403,
        129.4397,
        129.439,
        129.4384,
        129.4377
      ],
      "metrics": {
        "MAE": 0.002724,
        "RMSE": 0.011684,
        "MAPE": 0.0021,
        "R2": 0.9747
      }
    },
    "USD_UGX": {
      "current": 3738.3711,
      "next_1h": 3738.3912,
      "next_24h": 3738.7782,
      "change_pct": 0.001,
      "trend": "\ud83d\udcc8 UP",
      "predictions": [
        3738.3912,
        3738.4111,
        3738.4309,
        3738.4504,
        3738.4698,
        3738.489,
        3738.5079,
        3738.5264,
        3738.5445,
        3738.5623,
        3738.5797,
        3738.5969,
        3738.6136,
        3738.6301,
        3738.6462,
        3738.6621,
        3738.6776,
        3738.6928,
        3738.7078,
        3738.7224,
        3738.7368,
        3738.7509,
        3738.7647,
        3738.7782
      ],
      "metrics": {
        "MAE": 0.656184,
        "RMSE": 2.633069,
        "MAPE": 0.0176,
        "R2": 0.909
      }
    },
    "USD_EUR": {
      "current": 0.8632,
      "next_1h": 0.8632,
      "next_24h": 0.8633,
      "change_pct": 0.001,
      "trend": "\ud83d\udcc8 UP",
      "predictions": [
        0.8632,
        0.8632,
        0.8632,
        0.8632,
        0.8632,
        0.8632,
        0.8632,
        0.8632,
        0.8632,
        0.8632,
        0.8632,
        0.8633,
        0.8633,
        0.8633,
        0.8633,
        0.8633,
        0.8633,
        0.8633,
        0.8633,
        0.8633,
        0.8633,
        0.8633,
        0.8633,
        0.8633
      ],
      "metrics": {
        "MAE": 6.7e-05,
        "RMSE": 0.000303,
        "MAPE": 0.0077,
        "R2": 0.9369
      }
    }
  },
  "crypto": {
    "BTC_USD": {
      "current": 66353.0,
      "next_1h": 66361.38,
      "next_24h": 64200.26,
      "change_pct": 0.013,
      "trend": "\ud83d\udcc8 UP",
      "predictions": [
        66361.38,
        66297.61,
        66178.72,
        66075.36,
        65990.94,
        65908.05,
        65816.26,
        65722.74,
        65631.43,
        65540.56,
        65448.46,
        65355.34,
        65261.9,
        65168.15,
        65073.84,
        64978.92,
        64883.46,
        64787.5,
        64691.0,
        64593.95,
        64496.35,
        64398.2,
        64299.51,
        64200.26
      ],
      "metrics": {
        "MAE": 286.741484,
        "RMSE": 386.8922,
        "MAPE": 0.4546,
        "R2": 0.9199
      }
    },
    "ETH_USD": {
      "current": 1810.2,
      "next_1h": 1807.17,
      "next_24h": 1730.65,
      "change_pct": -0.168,
      "trend": "\ud83d\udcc9 DOWN",
      "predictions": [
        1807.17,
        1803.41,
        1800.22,
        1796.8,
        1793.92,
        1790.72,
        1787.52,
        1784.31,
        1781.11,
        1777.86,
        1774.6,
        1771.33,
        1768.04,
        1764.73,
        1761.4,
        1758.06,
        1754.69,
        1751.31,
        1747.92,
        1744.5,
        1741.07,
        1737.61,
        1734.14,
        1730.65
      ],
      "metrics": {
        "MAE": 10.547928,
        "RMSE": 15.363667,
        "MAPE": 0.631,
        "R2": 0.8866
      }
    },
    "BNB_USD": {
      "current": 619.0,
      "next_1h": 619.04,
      "next_24h": 620.48,
      "change_pct": 0.006,
      "trend": "\ud83d\udcc8 UP",
      "predictions": [
        619.04,
        618.54,
        618.32,
        618.23,
        618.29,
        618.34,
        618.42,
        618.52,
        618.64,
        618.75,
        618.88,
        619.0,
        619.13,
        619.25,
        619.38,
        619.5,
        619.63,
        619.75,
        619.87,
        620.0,
        620.12,
        620.24,
        620.36,
        620.48
      ],
      "metrics": {
        "MAE": 2.454601,
        "RMSE": 3.359587,
        "MAPE": 0.4097,
        "R2": 0.9036
      }
    }
  }
}