{
  "generated_at": "2026-07-20 18:17:11",
  "exchange_rates": {
    "USD_TZS": {
      "current": 2628.4738,
      "next_1h": 2628.1629,
      "next_24h": 2622.8261,
      "change_pct": -0.012,
      "trend": "\ud83d\udcc9 DOWN",
      "predictions": [
        2628.1629,
        2627.8582,
        2627.5595,
        2627.2667,
        2626.9796,
        2626.6983,
        2626.425,
        2626.1596,
        2625.9019,
        2625.6516,
        2625.4087,
        2625.1728,
        2624.9438,
        2624.7215,
        2624.5057,
        2624.2962,
        2624.0929,
        2623.8954,
        2623.7037,
        2623.5177,
        2623.337,
        2623.1616,
        2622.9914,
        2622.8261
      ],
      "metrics": {
        "MAE": 0.543038,
        "RMSE": 2.082286,
        "MAPE": 0.0207,
        "R2": 0.9554
      }
    },
    "USD_KES": {
      "current": 129.2866,
      "next_1h": 129.2874,
      "next_24h": 129.3035,
      "change_pct": 0.001,
      "trend": "\ud83d\udcc8 UP",
      "predictions": [
        129.2874,
        129.2881,
        129.2889,
        129.2896,
        129.2904,
        129.2911,
        129.2919,
        129.2926,
        129.2934,
        129.2941,
        129.2948,
        129.2955,
        129.2962,
        129.2969,
        129.2976,
        129.2983,
        129.299,
        129.2996,
        129.3003,
        129.301,
        129.3016,
        129.3023,
        129.3029,
        129.3035
      ],
      "metrics": {
        "MAE": 0.002731,
        "RMSE": 0.012205,
        "MAPE": 0.0021,
        "R2": 0.9624
      }
    },
    "USD_UGX": {
      "current": 3691.0959,
      "next_1h": 3691.0349,
      "next_24h": 3689.6797,
      "change_pct": -0.002,
      "trend": "\ud83d\udcc9 DOWN",
      "predictions": [
        3691.0349,
        3690.974,
        3690.9133,
        3690.8526,
        3690.7921,
        3690.7318,
        3690.6716,
        3690.6116,
        3690.5519,
        3690.4923,
        3690.433,
        3690.3739,
        3690.3149,
        3690.2562,
        3690.1976,
        3690.1393,
        3690.0811,
        3690.0232,
        3689.9655,
        3689.9079,
        3689.8506,
        3689.7934,
        3689.7364,
        3689.6797
      ],
      "metrics": {
        "MAE": 0.400268,
        "RMSE": 2.350829,
        "MAPE": 0.0109,
        "R2": 0.9582
      }
    },
    "USD_EUR": {
      "current": 0.875,
      "next_1h": 0.875,
      "next_24h": 0.8751,
      "change_pct": 0.001,
      "trend": "\ud83d\udcc8 UP",
      "predictions": [
        0.875,
        0.875,
        0.875,
        0.875,
        0.875,
        0.875,
        0.875,
        0.8751,
        0.8751,
        0.8751,
        0.8751,
        0.8751,
        0.8751,
        0.8751,
        0.8751,
        0.8751,
        0.8751,
        0.8751,
        0.8751,
        0.8751,
        0.8751,
        0.8751,
        0.8751,
        0.8751
      ],
      "metrics": {
        "MAE": 4e-05,
        "RMSE": 0.000233,
        "MAPE": 0.0046,
        "R2": 0.9682
      }
    }
  },
  "crypto": {
    "BTC_USD": {
      "current": 65555.0,
      "next_1h": 65556.31,
      "next_24h": 65227.2,
      "change_pct": 0.002,
      "trend": "\ud83d\udcc8 UP",
      "predictions": [
        65556.31,
        65525.75,
        65504.53,
        65491.0,
        65486.02,
        65472.18,
        65456.8,
        65442.23,
        65428.48,
        65414.98,
        65401.13,
        65387.28,
        65373.56,
        65359.94,
        65346.39,
        65332.89,
        65319.44,
        65306.07,
        65292.77,
        65279.53,
        65266.35,
        65253.23,
        65240.18,
        65227.2
      ],
      "metrics": {
        "MAE": 99.533041,
        "RMSE": 148.297055,
        "MAPE": 0.1548,
        "R2": 0.9315
      }
    },
    "ETH_USD": {
      "current": 1910.48,
      "next_1h": 1909.52,
      "next_24h": 1889.26,
      "change_pct": -0.05,
      "trend": "\ud83d\udcc9 DOWN",
      "predictions": [
        1909.52,
        1907.92,
        1906.91,
        1906.28,
        1905.25,
        1904.35,
        1903.48,
        1902.61,
        1901.74,
        1900.88,
        1900.02,
        1899.17,
        1898.32,
        1897.48,
        1896.64,
        1895.8,
        1894.97,
        1894.14,
        1893.32,
        1892.5,
        1891.68,
        1890.87,
        1890.07,
        1889.26
      ],
      "metrics": {
        "MAE": 4.17512,
        "RMSE": 6.196905,
        "MAPE": 0.223,
        "R2": 0.949
      }
    },
    "BNB_USD": {
      "current": 573.61,
      "next_1h": 573.59,
      "next_24h": 574.21,
      "change_pct": -0.004,
      "trend": "\ud83d\udcc9 DOWN",
      "predictions": [
        573.59,
        573.62,
        573.63,
        573.7,
        573.71,
        573.74,
        573.77,
        573.8,
        573.82,
        573.85,
        573.88,
        573.9,
        573.93,
        573.96,
        573.98,
        574.01,
        574.03,
        574.06,
        574.09,
        574.11,
        574.14,
        574.16,
        574.19,
        574.21
      ],
      "metrics": {
        "MAE": 0.814115,
        "RMSE": 1.132636,
        "MAPE": 0.1424,
        "R2": 0.9606
      }
    }
  }
}