{
  "generated_at": "2026-03-18 03:00:32",
  "exchange_rates": {
    "USD_TZS": {
      "current": 2589.1453,
      "next_1h": 2588.4827,
      "next_24h": 2579.5037,
      "change_pct": -0.026,
      "trend": "\ud83d\udcc9 DOWN",
      "predictions": [
        2588.4827,
        2587.8707,
        2587.2645,
        2586.6788,
        2586.0984,
        2585.5417,
        2585.0151,
        2584.5173,
        2584.0466,
        2583.6024,
        2583.1835,
        2582.7888,
        2582.4167,
        2582.0662,
        2581.736,
        2581.4248,
        2581.1317,
        2580.8555,
        2580.5953,
        2580.3502,
        2580.1193,
        2579.9017,
        2579.6968,
        2579.5037
      ],
      "metrics": {
        "MAE": 0.938274,
        "RMSE": 1.929371,
        "MAPE": 0.0362,
        "R2": -2.7534
      }
    },
    "USD_KES": {
      "current": 129.335,
      "next_1h": 129.3267,
      "next_24h": 129.2581,
      "change_pct": -0.006,
      "trend": "\ud83d\udcc9 DOWN",
      "predictions": [
        129.3267,
        129.3148,
        129.3055,
        129.3002,
        129.2961,
        129.2923,
        129.2887,
        129.2853,
        129.2822,
        129.2793,
        129.2767,
        129.2743,
        129.2722,
        129.2702,
        129.2684,
        129.2668,
        129.2653,
        129.264,
        129.2627,
        129.2616,
        129.2606,
        129.2597,
        129.2588,
        129.2581
      ],
      "metrics": {
        "MAE": 0.012467,
        "RMSE": 0.024759,
        "MAPE": 0.0096,
        "R2": 0.6627
      }
    },
    "USD_UGX": {
      "current": 3774.0215,
      "next_1h": 3773.6608,
      "next_24h": 3766.0023,
      "change_pct": -0.01,
      "trend": "\ud83d\udcc9 DOWN",
      "predictions": [
        3773.6608,
        3773.1638,
        3772.6888,
        3772.3329,
        3771.9826,
        3771.6389,
        3771.2998,
        3770.9629,
        3770.6286,
        3770.2976,
        3769.9699,
        3769.6456,
        3769.3247,
        3769.0069,
        3768.6925,
        3768.3812,
        3768.0731,
        3767.7681,
        3767.4662,
        3767.1674,
        3766.8716,
        3766.5789,
        3766.2891,
        3766.0023
      ],
      "metrics": {
        "MAE": 0.86028,
        "RMSE": 3.325425,
        "MAPE": 0.0229,
        "R2": 0.8975
      }
    },
    "USD_EUR": {
      "current": 0.8672,
      "next_1h": 0.8671,
      "next_24h": 0.868,
      "change_pct": -0.008,
      "trend": "\ud83d\udcc9 DOWN",
      "predictions": [
        0.8671,
        0.8671,
        0.8672,
        0.8673,
        0.8673,
        0.8673,
        0.8674,
        0.8674,
        0.8675,
        0.8675,
        0.8675,
        0.8676,
        0.8676,
        0.8677,
        0.8677,
        0.8677,
        0.8678,
        0.8678,
        0.8679,
        0.8679,
        0.8679,
        0.868,
        0.868,
        0.868
      ],
      "metrics": {
        "MAE": 0.000234,
        "RMSE": 0.000777,
        "MAPE": 0.0269,
        "R2": 0.8894
      }
    }
  },
  "crypto": {
    "BTC_USD": {
      "current": 74358.0,
      "next_1h": 74293.04,
      "next_24h": 73569.93,
      "change_pct": -0.087,
      "trend": "\ud83d\udcc9 DOWN",
      "predictions": [
        74293.04,
        74230.12,
        74172.62,
        74126.42,
        74103.39,
        74074.01,
        74043.5,
        74012.57,
        73980.98,
        73950.77,
        73921.03,
        73891.71,
        73862.84,
        73834.28,
        73806.14,
        73778.39,
        73751.03,
        73724.06,
        73697.46,
        73671.23,
        73645.37,
        73619.87,
        73594.72,
        73569.93
      ],
      "metrics": {
        "MAE": 289.997999,
        "RMSE": 350.790428,
        "MAPE": 0.3914,
        "R2": 0.685
      }
    },
    "ETH_USD": {
      "current": 2332.06,
      "next_1h": 2313.7,
      "next_24h": 2091.48,
      "change_pct": -0.787,
      "trend": "\ud83d\udcc9 DOWN",
      "predictions": [
        2313.7,
        2297.05,
        2281.93,
        2265.31,
        2249.7,
        2233.27,
        2218.06,
        2203.99,
        2190.77,
        2178.66,
        2167.49,
        2157.35,
        2148.15,
        2139.82,
        2132.31,
        2125.54,
        2119.47,
        2114.02,
        2109.14,
        2104.77,
        2100.87,
        2097.38,
        2094.26,
        2091.48
      ],
      "metrics": {
        "MAE": 19.256842,
        "RMSE": 23.074668,
        "MAPE": 0.8338,
        "R2": 0.7626
      }
    },
    "BNB_USD": {
      "current": 671.79,
      "next_1h": 671.44,
      "next_24h": 668.45,
      "change_pct": -0.053,
      "trend": "\ud83d\udcc9 DOWN",
      "predictions": [
        671.44,
        671.13,
        670.97,
        670.77,
        670.66,
        670.53,
        670.39,
        670.25,
        670.12,
        669.99,
        669.87,
        669.75,
        669.63,
        669.51,
        669.39,
        669.28,
        669.17,
        669.06,
        668.95,
        668.85,
        668.74,
        668.64,
        668.55,
        668.45
      ],
      "metrics": {
        "MAE": 2.187504,
        "RMSE": 2.765608,
        "MAPE": 0.3237,
        "R2": 0.6669
      }
    }
  }
}