{
  "generated_at": "2026-05-15 10:55:36",
  "exchange_rates": {
    "USD_TZS": {
      "current": 2593.9873,
      "next_1h": 2594.4612,
      "next_24h": 2600.4397,
      "change_pct": 0.018,
      "trend": "\ud83d\udcc8 UP",
      "predictions": [
        2594.4612,
        2594.9204,
        2595.3654,
        2595.7966,
        2596.2144,
        2596.6193,
        2596.9968,
        2597.3484,
        2597.6752,
        2597.9784,
        2598.2593,
        2598.5188,
        2598.7585,
        2598.9798,
        2599.1841,
        2599.3727,
        2599.5466,
        2599.7071,
        2599.8551,
        2599.9916,
        2600.1176,
        2600.2338,
        2600.3409,
        2600.4397
      ],
      "metrics": {
        "MAE": 0.348399,
        "RMSE": 0.791114,
        "MAPE": 0.0134,
        "R2": 0.9173
      }
    },
    "USD_KES": {
      "current": 129.1901,
      "next_1h": 129.1895,
      "next_24h": 129.1799,
      "change_pct": 0.0,
      "trend": "\ud83d\udcc9 DOWN",
      "predictions": [
        129.1895,
        129.189,
        129.1885,
        129.188,
        129.1875,
        129.187,
        129.1866,
        129.1861,
        129.1856,
        129.1852,
        129.1847,
        129.1843,
        129.1839,
        129.1835,
        129.1831,
        129.1827,
        129.1823,
        129.182,
        129.1816,
        129.1812,
        129.1809,
        129.1805,
        129.1802,
        129.1799
      ],
      "metrics": {
        "MAE": 0.002377,
        "RMSE": 0.011461,
        "MAPE": 0.0018,
        "R2": 0.8582
      }
    },
    "USD_UGX": {
      "current": 3724.2529,
      "next_1h": 3724.1911,
      "next_24h": 3722.8659,
      "change_pct": -0.002,
      "trend": "\ud83d\udcc9 DOWN",
      "predictions": [
        3724.1911,
        3724.1294,
        3724.0679,
        3724.0066,
        3723.9454,
        3723.8844,
        3723.8239,
        3723.7639,
        3723.7044,
        3723.6453,
        3723.5867,
        3723.5285,
        3723.4708,
        3723.4136,
        3723.3569,
        3723.3006,
        3723.2447,
        3723.1893,
        3723.1343,
        3723.0798,
        3723.0257,
        3722.972,
        3722.9187,
        3722.8659
      ],
      "metrics": {
        "MAE": 0.513538,
        "RMSE": 2.489269,
        "MAPE": 0.0138,
        "R2": 0.941
      }
    },
    "USD_EUR": {
      "current": 0.8561,
      "next_1h": 0.856,
      "next_24h": 0.8547,
      "change_pct": -0.008,
      "trend": "\ud83d\udcc9 DOWN",
      "predictions": [
        0.856,
        0.856,
        0.8559,
        0.8558,
        0.8558,
        0.8557,
        0.8556,
        0.8556,
        0.8555,
        0.8554,
        0.8554,
        0.8553,
        0.8552,
        0.8552,
        0.8551,
        0.8551,
        0.855,
        0.855,
        0.8549,
        0.8549,
        0.8548,
        0.8548,
        0.8547,
        0.8547
      ],
      "metrics": {
        "MAE": 9.4e-05,
        "RMSE": 0.000367,
        "MAPE": 0.011,
        "R2": 0.9603
      }
    }
  },
  "crypto": {
    "BTC_USD": {
      "current": 80732.0,
      "next_1h": 80717.13,
      "next_24h": 80458.01,
      "change_pct": -0.018,
      "trend": "\ud83d\udcc9 DOWN",
      "predictions": [
        80717.13,
        80711.92,
        80711.85,
        80695.58,
        80680.33,
        80668.24,
        80655.26,
        80642.95,
        80630.99,
        80618.96,
        80607.02,
        80595.15,
        80583.33,
        80571.58,
        80559.91,
        80548.3,
        80536.77,
        80525.31,
        80513.92,
        80502.6,
        80491.35,
        80480.17,
        80469.05,
        80458.01
      ],
      "metrics": {
        "MAE": 201.479466,
        "RMSE": 281.490969,
        "MAPE": 0.25,
        "R2": 0.8274
      }
    },
    "ETH_USD": {
      "current": 2263.3,
      "next_1h": 2264.85,
      "next_24h": 2295.2,
      "change_pct": 0.068,
      "trend": "\ud83d\udcc8 UP",
      "predictions": [
        2264.85,
        2266.29,
        2268.68,
        2270.01,
        2271.86,
        2273.54,
        2275.08,
        2276.66,
        2278.13,
        2279.56,
        2280.96,
        2282.29,
        2283.59,
        2284.83,
        2286.04,
        2287.21,
        2288.33,
        2289.42,
        2290.47,
        2291.48,
        2292.46,
        2293.41,
        2294.32,
        2295.2
      ],
      "metrics": {
        "MAE": 6.746373,
        "RMSE": 9.24422,
        "MAPE": 0.2931,
        "R2": 0.896
      }
    },
    "BNB_USD": {
      "current": 689.54,
      "next_1h": 689.07,
      "next_24h": 673.72,
      "change_pct": -0.067,
      "trend": "\ud83d\udcc9 DOWN",
      "predictions": [
        689.07,
        688.28,
        687.75,
        687.04,
        686.17,
        685.43,
        684.72,
        683.99,
        683.28,
        682.59,
        681.9,
        681.22,
        680.54,
        679.88,
        679.23,
        678.58,
        677.95,
        677.32,
        676.7,
        676.09,
        675.48,
        674.89,
        674.3,
        673.72
      ],
      "metrics": {
        "MAE": 2.084733,
        "RMSE": 2.89942,
        "MAPE": 0.3151,
        "R2": 0.9536
      }
    }
  }
}