{
  "generated_at": "2026-05-04 12:48:48",
  "exchange_rates": {
    "USD_TZS": {
      "current": 2600.67,
      "next_1h": 2600.5812,
      "next_24h": 2599.5197,
      "change_pct": -0.003,
      "trend": "\ud83d\udcc9 DOWN",
      "predictions": [
        2600.5812,
        2600.496,
        2600.4141,
        2600.3354,
        2600.2598,
        2600.1871,
        2600.1196,
        2600.0571,
        2599.9993,
        2599.9458,
        2599.8965,
        2599.851,
        2599.8092,
        2599.7706,
        2599.7352,
        2599.7025,
        2599.6725,
        2599.6449,
        2599.6194,
        2599.596,
        2599.5745,
        2599.5547,
        2599.5365,
        2599.5197
      ],
      "metrics": {
        "MAE": 1.034834,
        "RMSE": 2.699652,
        "MAPE": 0.0397,
        "R2": 0.8819
      }
    },
    "USD_KES": {
      "current": 129.159,
      "next_1h": 129.1594,
      "next_24h": 129.1675,
      "change_pct": 0.0,
      "trend": "\ud83d\udcc9 DOWN",
      "predictions": [
        129.1594,
        129.1597,
        129.1601,
        129.1605,
        129.1608,
        129.1612,
        129.1616,
        129.1619,
        129.1623,
        129.1626,
        129.163,
        129.1633,
        129.1637,
        129.164,
        129.1644,
        129.1647,
        129.1651,
        129.1654,
        129.1658,
        129.1661,
        129.1665,
        129.1668,
        129.1671,
        129.1675
      ],
      "metrics": {
        "MAE": 0.003038,
        "RMSE": 0.017972,
        "MAPE": 0.0024,
        "R2": 0.9594
      }
    },
    "USD_UGX": {
      "current": 3731.8419,
      "next_1h": 3731.5787,
      "next_24h": 3726.0989,
      "change_pct": -0.007,
      "trend": "\ud83d\udcc9 DOWN",
      "predictions": [
        3731.5787,
        3731.3173,
        3731.0578,
        3730.8001,
        3730.5442,
        3730.2901,
        3730.0384,
        3729.789,
        3729.5419,
        3729.297,
        3729.0545,
        3728.8142,
        3728.5762,
        3728.3403,
        3728.1067,
        3727.8752,
        3727.6458,
        3727.4186,
        3727.1935,
        3726.9705,
        3726.7495,
        3726.5306,
        3726.3137,
        3726.0989
      ],
      "metrics": {
        "MAE": 0.683075,
        "RMSE": 2.993129,
        "MAPE": 0.0185,
        "R2": 0.9701
      }
    },
    "USD_EUR": {
      "current": 0.8521,
      "next_1h": 0.8521,
      "next_24h": 0.8521,
      "change_pct": 0.0,
      "trend": "\ud83d\udcc9 DOWN",
      "predictions": [
        0.8521,
        0.8521,
        0.8521,
        0.8521,
        0.8521,
        0.8521,
        0.8521,
        0.8521,
        0.8521,
        0.8521,
        0.8521,
        0.8521,
        0.8521,
        0.8521,
        0.8521,
        0.8521,
        0.8521,
        0.8521,
        0.8521,
        0.8521,
        0.8521,
        0.8521,
        0.8521,
        0.8521
      ],
      "metrics": {
        "MAE": 6.5e-05,
        "RMSE": 0.000296,
        "MAPE": 0.0076,
        "R2": 0.9156
      }
    }
  },
  "crypto": {
    "BTC_USD": {
      "current": 78946.0,
      "next_1h": 78880.36,
      "next_24h": 78917.28,
      "change_pct": -0.083,
      "trend": "\ud83d\udcc9 DOWN",
      "predictions": [
        78880.36,
        78903.64,
        78881.85,
        78867.12,
        78882.0,
        78877.34,
        78881.41,
        78883.43,
        78884.06,
        78887.33,
        78889.0,
        78891.29,
        78893.57,
        78895.61,
        78897.89,
        78900.03,
        78902.2,
        78904.39,
        78906.54,
        78908.7,
        78910.85,
        78913.0,
        78915.14,
        78917.28
      ],
      "metrics": {
        "MAE": 207.628233,
        "RMSE": 309.673216,
        "MAPE": 0.2679,
        "R2": 0.9233
      }
    },
    "ETH_USD": {
      "current": 2340.17,
      "next_1h": 2337.62,
      "next_24h": 2328.29,
      "change_pct": -0.109,
      "trend": "\ud83d\udcc9 DOWN",
      "predictions": [
        2337.62,
        2337.25,
        2336.18,
        2334.91,
        2334.99,
        2334.36,
        2333.99,
        2333.64,
        2333.18,
        2332.88,
        2332.51,
        2332.16,
        2331.83,
        2331.48,
        2331.15,
        2330.82,
        2330.5,
        2330.17,
        2329.85,
        2329.53,
        2329.22,
        2328.9,
        2328.6,
        2328.29
      ],
      "metrics": {
        "MAE": 7.477147,
        "RMSE": 12.099614,
        "MAPE": 0.325,
        "R2": 0.8221
      }
    },
    "BNB_USD": {
      "current": 622.99,
      "next_1h": 622.55,
      "next_24h": 621.83,
      "change_pct": -0.07,
      "trend": "\ud83d\udcc9 DOWN",
      "predictions": [
        622.55,
        622.61,
        622.45,
        622.3,
        622.3,
        622.24,
        622.22,
        622.19,
        622.16,
        622.14,
        622.11,
        622.09,
        622.07,
        622.05,
        622.02,
        622.0,
        621.98,
        621.96,
        621.94,
        621.91,
        621.89,
        621.87,
        621.85,
        621.83
      ],
      "metrics": {
        "MAE": 1.239435,
        "RMSE": 1.885893,
        "MAPE": 0.1995,
        "R2": 0.7848
      }
    }
  }
}