{
  "generated_at": "2026-03-30 17:00:42",
  "exchange_rates": {
    "USD_TZS": {
      "current": 2577.9763,
      "next_1h": 2578.0751,
      "next_24h": 2579.9016,
      "change_pct": 0.004,
      "trend": "\ud83d\udcc8 UP",
      "predictions": [
        2578.0751,
        2578.1715,
        2578.2667,
        2578.3603,
        2578.4536,
        2578.5454,
        2578.6352,
        2578.7232,
        2578.8093,
        2578.8936,
        2578.9761,
        2579.0568,
        2579.1359,
        2579.2132,
        2579.2889,
        2579.363,
        2579.4355,
        2579.5065,
        2579.5759,
        2579.6439,
        2579.7104,
        2579.7755,
        2579.8393,
        2579.9016
      ],
      "metrics": {
        "MAE": 0.587684,
        "RMSE": 2.002316,
        "MAPE": 0.0228,
        "R2": 0.8812
      }
    },
    "USD_KES": {
      "current": 129.9849,
      "next_1h": 129.9648,
      "next_24h": 129.6543,
      "change_pct": -0.015,
      "trend": "\ud83d\udcc9 DOWN",
      "predictions": [
        129.9648,
        129.943,
        129.9236,
        129.9058,
        129.889,
        129.8732,
        129.8579,
        129.8428,
        129.8282,
        129.814,
        129.8002,
        129.7868,
        129.7738,
        129.7612,
        129.749,
        129.7372,
        129.7257,
        129.7145,
        129.7037,
        129.6932,
        129.683,
        129.6731,
        129.6636,
        129.6543
      ],
      "metrics": {
        "MAE": 0.016524,
        "RMSE": 0.027457,
        "MAPE": 0.0127,
        "R2": 0.9273
      }
    },
    "USD_UGX": {
      "current": 3741.1488,
      "next_1h": 3741.2675,
      "next_24h": 3743.6939,
      "change_pct": 0.003,
      "trend": "\ud83d\udcc8 UP",
      "predictions": [
        3741.2675,
        3741.3848,
        3741.5002,
        3741.6147,
        3741.7273,
        3741.8382,
        3741.9482,
        3742.0574,
        3742.1658,
        3742.2733,
        3742.38,
        3742.4859,
        3742.5909,
        3742.6951,
        3742.7986,
        3742.9012,
        3743.003,
        3743.104,
        3743.2043,
        3743.3037,
        3743.4024,
        3743.5003,
        3743.5975,
        3743.6939
      ],
      "metrics": {
        "MAE": 0.545411,
        "RMSE": 1.952063,
        "MAPE": 0.0146,
        "R2": 0.9282
      }
    },
    "USD_EUR": {
      "current": 0.8697,
      "next_1h": 0.8697,
      "next_24h": 0.8689,
      "change_pct": -0.005,
      "trend": "\ud83d\udcc9 DOWN",
      "predictions": [
        0.8697,
        0.8696,
        0.8696,
        0.8696,
        0.8695,
        0.8695,
        0.8694,
        0.8694,
        0.8694,
        0.8693,
        0.8693,
        0.8692,
        0.8692,
        0.8692,
        0.8691,
        0.8691,
        0.8691,
        0.869,
        0.869,
        0.869,
        0.8689,
        0.8689,
        0.8689,
        0.8689
      ],
      "metrics": {
        "MAE": 9e-05,
        "RMSE": 0.000335,
        "MAPE": 0.0104,
        "R2": 0.971
      }
    }
  },
  "crypto": {
    "BTC_USD": {
      "current": 67269.0,
      "next_1h": 67351.01,
      "next_24h": 68585.69,
      "change_pct": 0.122,
      "trend": "\ud83d\udcc8 UP",
      "predictions": [
        67351.01,
        67448.81,
        67502.43,
        67592.07,
        67674.28,
        67725.39,
        67776.96,
        67830.3,
        67880.4,
        67931.39,
        67983.76,
        68034.98,
        68085.21,
        68134.75,
        68183.27,
        68230.86,
        68277.74,
        68323.87,
        68369.27,
        68413.96,
        68457.95,
        68501.22,
        68543.8,
        68585.69
      ],
      "metrics": {
        "MAE": 197.113098,
        "RMSE": 276.98678,
        "MAPE": 0.2927,
        "R2": 0.9546
      }
    },
    "ETH_USD": {
      "current": 2061.54,
      "next_1h": 2063.53,
      "next_24h": 2089.38,
      "change_pct": 0.096,
      "trend": "\ud83d\udcc8 UP",
      "predictions": [
        2063.53,
        2064.6,
        2065.5,
        2066.96,
        2068.35,
        2069.65,
        2070.94,
        2072.21,
        2073.45,
        2074.66,
        2075.85,
        2077.02,
        2078.16,
        2079.28,
        2080.38,
        2081.46,
        2082.52,
        2083.56,
        2084.58,
        2085.57,
        2086.55,
        2087.51,
        2088.45,
        2089.38
      ],
      "metrics": {
        "MAE": 7.393409,
        "RMSE": 10.749776,
        "MAPE": 0.364,
        "R2": 0.9338
      }
    },
    "BNB_USD": {
      "current": 615.9,
      "next_1h": 616.76,
      "next_24h": 630.57,
      "change_pct": 0.14,
      "trend": "\ud83d\udcc8 UP",
      "predictions": [
        616.76,
        617.81,
        618.49,
        619.25,
        620.07,
        620.72,
        621.35,
        621.99,
        622.6,
        623.21,
        623.81,
        624.4,
        624.97,
        625.54,
        626.09,
        626.63,
        627.16,
        627.68,
        628.18,
        628.68,
        629.17,
        629.64,
        630.11,
        630.57
      ],
      "metrics": {
        "MAE": 1.640184,
        "RMSE": 2.443233,
        "MAPE": 0.2657,
        "R2": 0.9241
      }
    }
  }
}