{
  "generated_at": "2026-04-05 00:56:14",
  "exchange_rates": {
    "USD_TZS": {
      "current": 2596.8995,
      "next_1h": 2596.5846,
      "next_24h": 2590.7193,
      "change_pct": -0.012,
      "trend": "\ud83d\udcc9 DOWN",
      "predictions": [
        2596.5846,
        2596.2763,
        2595.9715,
        2595.6709,
        2595.3722,
        2595.0783,
        2594.7905,
        2594.5085,
        2594.2324,
        2593.962,
        2593.6973,
        2593.4381,
        2593.1843,
        2592.9358,
        2592.6924,
        2592.4542,
        2592.221,
        2591.9926,
        2591.769,
        2591.5501,
        2591.3358,
        2591.1259,
        2590.9205,
        2590.7193
      ],
      "metrics": {
        "MAE": 0.63932,
        "RMSE": 2.692823,
        "MAPE": 0.0247,
        "R2": 0.9142
      }
    },
    "USD_KES": {
      "current": 130.0617,
      "next_1h": 130.0565,
      "next_24h": 129.9575,
      "change_pct": -0.004,
      "trend": "\ud83d\udcc9 DOWN",
      "predictions": [
        130.0565,
        130.0508,
        130.0456,
        130.0407,
        130.0361,
        130.0317,
        130.0274,
        130.023,
        130.0186,
        130.0143,
        130.01,
        130.0057,
        130.0015,
        129.9973,
        129.9932,
        129.9891,
        129.985,
        129.981,
        129.977,
        129.973,
        129.9691,
        129.9652,
        129.9613,
        129.9575
      ],
      "metrics": {
        "MAE": 0.008589,
        "RMSE": 0.025363,
        "MAPE": 0.0066,
        "R2": 0.9356
      }
    },
    "USD_UGX": {
      "current": 3754.2575,
      "next_1h": 3754.2508,
      "next_24h": 3754.1413,
      "change_pct": 0.0,
      "trend": "\ud83d\udcc9 DOWN",
      "predictions": [
        3754.2508,
        3754.2438,
        3754.2395,
        3754.2327,
        3754.2261,
        3754.2214,
        3754.2166,
        3754.2119,
        3754.2073,
        3754.2026,
        3754.198,
        3754.1935,
        3754.1889,
        3754.1844,
        3754.18,
        3754.1755,
        3754.1711,
        3754.1668,
        3754.1625,
        3754.1582,
        3754.1539,
        3754.1497,
        3754.1455,
        3754.1413
      ],
      "metrics": {
        "MAE": 0.608262,
        "RMSE": 3.067799,
        "MAPE": 0.0162,
        "R2": 0.8886
      }
    },
    "USD_EUR": {
      "current": 0.8675,
      "next_1h": 0.8675,
      "next_24h": 0.8675,
      "change_pct": 0.0,
      "trend": "\ud83d\udcc9 DOWN",
      "predictions": [
        0.8675,
        0.8675,
        0.8675,
        0.8675,
        0.8675,
        0.8675,
        0.8675,
        0.8675,
        0.8675,
        0.8675,
        0.8675,
        0.8675,
        0.8675,
        0.8675,
        0.8675,
        0.8675,
        0.8675,
        0.8675,
        0.8675,
        0.8675,
        0.8675,
        0.8675,
        0.8675,
        0.8675
      ],
      "metrics": {
        "MAE": 0.000179,
        "RMSE": 0.000719,
        "MAPE": 0.0206,
        "R2": 0.9437
      }
    }
  },
  "crypto": {
    "BTC_USD": {
      "current": 67221.0,
      "next_1h": 67264.34,
      "next_24h": 67847.51,
      "change_pct": 0.064,
      "trend": "\ud83d\udcc8 UP",
      "predictions": [
        67264.34,
        67292.56,
        67314.77,
        67348.77,
        67384.2,
        67409.88,
        67436.46,
        67462.83,
        67488.17,
        67513.49,
        67539.01,
        67564.2,
        67589.15,
        67613.88,
        67638.34,
        67662.53,
        67686.48,
        67710.19,
        67733.65,
        67756.89,
        67779.89,
        67802.65,
        67825.19,
        67847.51
      ],
      "metrics": {
        "MAE": 202.999218,
        "RMSE": 288.579624,
        "MAPE": 0.3015,
        "R2": 0.8226
      }
    },
    "ETH_USD": {
      "current": 2062.03,
      "next_1h": 2062.78,
      "next_24h": 2075.99,
      "change_pct": 0.036,
      "trend": "\ud83d\udcc8 UP",
      "predictions": [
        2062.78,
        2063.2,
        2063.77,
        2064.46,
        2065.12,
        2065.78,
        2066.43,
        2067.08,
        2067.71,
        2068.33,
        2068.94,
        2069.54,
        2070.13,
        2070.71,
        2071.28,
        2071.84,
        2072.39,
        2072.93,
        2073.46,
        2073.98,
        2074.5,
        2075.01,
        2075.5,
        2075.99
      ],
      "metrics": {
        "MAE": 8.110028,
        "RMSE": 11.713743,
        "MAPE": 0.3906,
        "R2": 0.8759
      }
    },
    "BNB_USD": {
      "current": 592.48,
      "next_1h": 593.44,
      "next_24h": 608.68,
      "change_pct": 0.163,
      "trend": "\ud83d\udcc8 UP",
      "predictions": [
        593.44,
        594.27,
        595.01,
        595.85,
        596.66,
        597.37,
        598.09,
        598.79,
        599.48,
        600.15,
        600.83,
        601.49,
        602.14,
        602.78,
        603.41,
        604.03,
        604.65,
        605.25,
        605.84,
        606.43,
        607.0,
        607.57,
        608.13,
        608.68
      ],
      "metrics": {
        "MAE": 1.827684,
        "RMSE": 2.540883,
        "MAPE": 0.3051,
        "R2": 0.9653
      }
    }
  }
}