{
  "generated_at": "2026-07-08 14:13:08",
  "exchange_rates": {
    "USD_TZS": {
      "current": 2623.2861,
      "next_1h": 2622.9476,
      "next_24h": 2617.5712,
      "change_pct": -0.013,
      "trend": "\ud83d\udcc9 DOWN",
      "predictions": [
        2622.9476,
        2622.6172,
        2622.2951,
        2621.9811,
        2621.6749,
        2621.3764,
        2621.089,
        2620.8123,
        2620.5459,
        2620.2896,
        2620.0429,
        2619.8056,
        2619.5773,
        2619.3576,
        2619.1463,
        2618.943,
        2618.7474,
        2618.5593,
        2618.3783,
        2618.2041,
        2618.0366,
        2617.8754,
        2617.7204,
        2617.5712
      ],
      "metrics": {
        "MAE": 0.498436,
        "RMSE": 0.779454,
        "MAPE": 0.019,
        "R2": 0.9293
      }
    },
    "USD_KES": {
      "current": 129.175,
      "next_1h": 129.1794,
      "next_24h": 129.2663,
      "change_pct": 0.003,
      "trend": "\ud83d\udcc8 UP",
      "predictions": [
        129.1794,
        129.1838,
        129.1881,
        129.1924,
        129.1967,
        129.201,
        129.2051,
        129.2092,
        129.2133,
        129.2172,
        129.2211,
        129.225,
        129.2287,
        129.2325,
        129.2361,
        129.2397,
        129.2432,
        129.2467,
        129.2501,
        129.2534,
        129.2567,
        129.26,
        129.2631,
        129.2663
      ],
      "metrics": {
        "MAE": 0.005476,
        "RMSE": 0.018672,
        "MAPE": 0.0042,
        "R2": 0.9816
      }
    },
    "USD_UGX": {
      "current": 3634.4997,
      "next_1h": 3634.631,
      "next_24h": 3637.5562,
      "change_pct": 0.004,
      "trend": "\ud83d\udcc8 UP",
      "predictions": [
        3634.631,
        3634.7621,
        3634.8928,
        3635.0233,
        3635.1536,
        3635.2836,
        3635.4132,
        3635.5424,
        3635.6712,
        3635.7996,
        3635.9276,
        3636.0552,
        3636.1824,
        3636.3092,
        3636.4357,
        3636.5617,
        3636.6874,
        3636.8126,
        3636.9375,
        3637.062,
        3637.1861,
        3637.3099,
        3637.4332,
        3637.5562
      ],
      "metrics": {
        "MAE": 0.953067,
        "RMSE": 3.934128,
        "MAPE": 0.0261,
        "R2": 0.8754
      }
    },
    "USD_EUR": {
      "current": 0.8758,
      "next_1h": 0.8758,
      "next_24h": 0.8765,
      "change_pct": 0.003,
      "trend": "\ud83d\udcc8 UP",
      "predictions": [
        0.8758,
        0.8759,
        0.8759,
        0.8759,
        0.8759,
        0.876,
        0.876,
        0.876,
        0.8761,
        0.8761,
        0.8761,
        0.8761,
        0.8762,
        0.8762,
        0.8762,
        0.8763,
        0.8763,
        0.8763,
        0.8763,
        0.8764,
        0.8764,
        0.8764,
        0.8765,
        0.8765
      ],
      "metrics": {
        "MAE": 9.5e-05,
        "RMSE": 0.000366,
        "MAPE": 0.0109,
        "R2": 0.9404
      }
    }
  },
  "crypto": {
    "BTC_USD": {
      "current": 61990.0,
      "next_1h": 61970.96,
      "next_24h": 61602.15,
      "change_pct": -0.031,
      "trend": "\ud83d\udcc9 DOWN",
      "predictions": [
        61970.96,
        61937.3,
        61917.72,
        61908.56,
        61894.34,
        61877.6,
        61860.92,
        61845.36,
        61830.15,
        61814.65,
        61799.07,
        61783.58,
        61768.21,
        61752.89,
        61737.6,
        61722.35,
        61707.15,
        61692.01,
        61676.91,
        61661.86,
        61646.86,
        61631.91,
        61617.01,
        61602.15
      ],
      "metrics": {
        "MAE": 197.579472,
        "RMSE": 313.528294,
        "MAPE": 0.3181,
        "R2": 0.949
      }
    },
    "ETH_USD": {
      "current": 1734.64,
      "next_1h": 1733.4,
      "next_24h": 1718.66,
      "change_pct": -0.071,
      "trend": "\ud83d\udcc9 DOWN",
      "predictions": [
        1733.4,
        1733.13,
        1732.59,
        1731.72,
        1731.15,
        1730.51,
        1729.81,
        1729.13,
        1728.46,
        1727.79,
        1727.12,
        1726.45,
        1725.79,
        1725.13,
        1724.47,
        1723.82,
        1723.16,
        1722.51,
        1721.87,
        1721.22,
        1720.58,
        1719.94,
        1719.3,
        1718.66
      ],
      "metrics": {
        "MAE": 6.993688,
        "RMSE": 10.399114,
        "MAPE": 0.4044,
        "R2": 0.973
      }
    },
    "BNB_USD": {
      "current": 564.72,
      "next_1h": 564.6,
      "next_24h": 564.08,
      "change_pct": -0.021,
      "trend": "\ud83d\udcc9 DOWN",
      "predictions": [
        564.6,
        564.59,
        564.63,
        564.57,
        564.55,
        564.52,
        564.5,
        564.47,
        564.45,
        564.42,
        564.4,
        564.37,
        564.35,
        564.32,
        564.3,
        564.27,
        564.25,
        564.22,
        564.2,
        564.17,
        564.15,
        564.12,
        564.1,
        564.08
      ],
      "metrics": {
        "MAE": 1.667943,
        "RMSE": 2.456806,
        "MAPE": 0.2931,
        "R2": 0.96
      }
    }
  }
}