{
  "generated_at": "2026-07-19 08:13:10",
  "exchange_rates": {
    "USD_TZS": {
      "current": 2627.1477,
      "next_1h": 2626.8511,
      "next_24h": 2621.8062,
      "change_pct": -0.011,
      "trend": "\ud83d\udcc9 DOWN",
      "predictions": [
        2626.8511,
        2626.5605,
        2626.2759,
        2625.997,
        2625.7238,
        2625.4562,
        2625.1965,
        2624.9446,
        2624.7003,
        2624.4632,
        2624.2333,
        2624.0103,
        2623.7941,
        2623.5844,
        2623.381,
        2623.1838,
        2622.9926,
        2622.8071,
        2622.6272,
        2622.4528,
        2622.2836,
        2622.1195,
        2621.9604,
        2621.8062
      ],
      "metrics": {
        "MAE": 0.562272,
        "RMSE": 2.12151,
        "MAPE": 0.0215,
        "R2": 0.9531
      }
    },
    "USD_KES": {
      "current": 129.3243,
      "next_1h": 129.3248,
      "next_24h": 129.3352,
      "change_pct": 0.0,
      "trend": "\ud83d\udcc9 DOWN",
      "predictions": [
        129.3248,
        129.3253,
        129.3258,
        129.3263,
        129.3268,
        129.3273,
        129.3278,
        129.3282,
        129.3287,
        129.3292,
        129.3296,
        129.3301,
        129.3305,
        129.331,
        129.3314,
        129.3319,
        129.3323,
        129.3327,
        129.3332,
        129.3336,
        129.334,
        129.3344,
        129.3348,
        129.3352
      ],
      "metrics": {
        "MAE": 0.002983,
        "RMSE": 0.012208,
        "MAPE": 0.0023,
        "R2": 0.9695
      }
    },
    "USD_UGX": {
      "current": 3666.6571,
      "next_1h": 3666.7014,
      "next_24h": 3667.6831,
      "change_pct": 0.001,
      "trend": "\ud83d\udcc8 UP",
      "predictions": [
        3666.7014,
        3666.7455,
        3666.7896,
        3666.8336,
        3666.8775,
        3666.9213,
        3666.965,
        3667.0084,
        3667.0518,
        3667.0949,
        3667.138,
        3667.1808,
        3667.2235,
        3667.2661,
        3667.3084,
        3667.3507,
        3667.3928,
        3667.4347,
        3667.4765,
        3667.5181,
        3667.5596,
        3667.6009,
        3667.6421,
        3667.6831
      ],
      "metrics": {
        "MAE": 0.361699,
        "RMSE": 1.84995,
        "MAPE": 0.0099,
        "R2": 0.9682
      }
    },
    "USD_EUR": {
      "current": 0.8745,
      "next_1h": 0.8745,
      "next_24h": 0.8746,
      "change_pct": 0.001,
      "trend": "\ud83d\udcc8 UP",
      "predictions": [
        0.8745,
        0.8745,
        0.8745,
        0.8745,
        0.8745,
        0.8745,
        0.8745,
        0.8745,
        0.8745,
        0.8745,
        0.8745,
        0.8745,
        0.8745,
        0.8746,
        0.8746,
        0.8746,
        0.8746,
        0.8746,
        0.8746,
        0.8746,
        0.8746,
        0.8746,
        0.8746,
        0.8746
      ],
      "metrics": {
        "MAE": 4.1e-05,
        "RMSE": 0.00024,
        "MAPE": 0.0047,
        "R2": 0.9669
      }
    }
  },
  "crypto": {
    "BTC_USD": {
      "current": 64647.0,
      "next_1h": 64631.42,
      "next_24h": 64353.08,
      "change_pct": -0.024,
      "trend": "\ud83d\udcc9 DOWN",
      "predictions": [
        64631.42,
        64620.63,
        64610.21,
        64599.52,
        64584.42,
        64571.5,
        64559.04,
        64546.65,
        64534.17,
        64521.61,
        64509.2,
        64496.86,
        64484.58,
        64472.35,
        64460.17,
        64448.05,
        64435.98,
        64423.98,
        64412.02,
        64400.13,
        64388.28,
        64376.5,
        64364.76,
        64353.08
      ],
      "metrics": {
        "MAE": 105.030348,
        "RMSE": 154.808809,
        "MAPE": 0.1642,
        "R2": 0.9631
      }
    },
    "ETH_USD": {
      "current": 1868.38,
      "next_1h": 1867.33,
      "next_24h": 1849.31,
      "change_pct": -0.056,
      "trend": "\ud83d\udcc9 DOWN",
      "predictions": [
        1867.33,
        1866.48,
        1865.73,
        1864.85,
        1864.04,
        1863.23,
        1862.42,
        1861.61,
        1860.82,
        1860.02,
        1859.23,
        1858.44,
        1857.66,
        1856.88,
        1856.1,
        1855.33,
        1854.56,
        1853.8,
        1853.04,
        1852.29,
        1851.54,
        1850.79,
        1850.05,
        1849.31
      ],
      "metrics": {
        "MAE": 4.343269,
        "RMSE": 6.745716,
        "MAPE": 0.2334,
        "R2": 0.9717
      }
    },
    "BNB_USD": {
      "current": 568.71,
      "next_1h": 568.74,
      "next_24h": 569.39,
      "change_pct": 0.006,
      "trend": "\ud83d\udcc8 UP",
      "predictions": [
        568.74,
        568.77,
        568.81,
        568.83,
        568.86,
        568.89,
        568.92,
        568.95,
        568.98,
        569.01,
        569.03,
        569.06,
        569.09,
        569.12,
        569.15,
        569.17,
        569.2,
        569.23,
        569.26,
        569.28,
        569.31,
        569.34,
        569.37,
        569.39
      ],
      "metrics": {
        "MAE": 0.835782,
        "RMSE": 1.167981,
        "MAPE": 0.1458,
        "R2": 0.9628
      }
    }
  }
}