{
  "generated_at": "2026-05-01 23:25:05",
  "exchange_rates": {
    "USD_TZS": {
      "current": 2607.9679,
      "next_1h": 2607.5985,
      "next_24h": 2601.3678,
      "change_pct": -0.014,
      "trend": "\ud83d\udcc9 DOWN",
      "predictions": [
        2607.5985,
        2607.2351,
        2606.8774,
        2606.5254,
        2606.179,
        2605.8381,
        2605.5086,
        2605.1902,
        2604.8825,
        2604.5855,
        2604.2986,
        2604.0218,
        2603.7547,
        2603.497,
        2603.2483,
        2603.0083,
        2602.7767,
        2602.5533,
        2602.3376,
        2602.1296,
        2601.9288,
        2601.7351,
        2601.5482,
        2601.3678
      ],
      "metrics": {
        "MAE": 0.924679,
        "RMSE": 3.677666,
        "MAPE": 0.0355,
        "R2": 0.7751
      }
    },
    "USD_KES": {
      "current": 129.1051,
      "next_1h": 129.1049,
      "next_24h": 129.1,
      "change_pct": 0.0,
      "trend": "\ud83d\udcc9 DOWN",
      "predictions": [
        129.1049,
        129.1047,
        129.1044,
        129.1042,
        129.104,
        129.1038,
        129.1036,
        129.1034,
        129.1032,
        129.1029,
        129.1027,
        129.1025,
        129.1023,
        129.1021,
        129.1019,
        129.1017,
        129.1015,
        129.1013,
        129.1011,
        129.1008,
        129.1006,
        129.1004,
        129.1002,
        129.1
      ],
      "metrics": {
        "MAE": 0.004991,
        "RMSE": 0.024371,
        "MAPE": 0.0039,
        "R2": 0.9301
      }
    },
    "USD_UGX": {
      "current": 3715.3893,
      "next_1h": 3715.2926,
      "next_24h": 3713.1841,
      "change_pct": -0.003,
      "trend": "\ud83d\udcc9 DOWN",
      "predictions": [
        3715.2926,
        3715.1962,
        3715.1002,
        3715.0045,
        3714.909,
        3714.814,
        3714.7194,
        3714.6252,
        3714.5316,
        3714.4385,
        3714.3458,
        3714.2536,
        3714.1619,
        3714.0707,
        3713.98,
        3713.8897,
        3713.7999,
        3713.7105,
        3713.6217,
        3713.5332,
        3713.4453,
        3713.3578,
        3713.2707,
        3713.1841
      ],
      "metrics": {
        "MAE": 0.69852,
        "RMSE": 3.569224,
        "MAPE": 0.0189,
        "R2": 0.9099
      }
    },
    "USD_EUR": {
      "current": 0.8533,
      "next_1h": 0.8533,
      "next_24h": 0.8532,
      "change_pct": -0.001,
      "trend": "\ud83d\udcc9 DOWN",
      "predictions": [
        0.8533,
        0.8533,
        0.8533,
        0.8533,
        0.8533,
        0.8533,
        0.8533,
        0.8533,
        0.8533,
        0.8533,
        0.8533,
        0.8533,
        0.8533,
        0.8533,
        0.8533,
        0.8533,
        0.8533,
        0.8532,
        0.8532,
        0.8532,
        0.8532,
        0.8532,
        0.8532,
        0.8532
      ],
      "metrics": {
        "MAE": 6.7e-05,
        "RMSE": 0.000311,
        "MAPE": 0.0079,
        "R2": 0.8582
      }
    }
  },
  "crypto": {
    "BTC_USD": {
      "current": 78078.0,
      "next_1h": 78093.87,
      "next_24h": 78054.11,
      "change_pct": 0.02,
      "trend": "\ud83d\udcc8 UP",
      "predictions": [
        78093.87,
        78102.26,
        78056.7,
        78093.76,
        78073.56,
        78072.72,
        78075.27,
        78069.14,
        78071.17,
        78068.97,
        78067.64,
        78067.1,
        78065.54,
        78064.7,
        78063.59,
        78062.47,
        78061.47,
        78060.37,
        78059.34,
        78058.29,
        78057.23,
        78056.19,
        78055.15,
        78054.11
      ],
      "metrics": {
        "MAE": 193.565252,
        "RMSE": 280.139851,
        "MAPE": 0.2507,
        "R2": 0.8958
      }
    },
    "ETH_USD": {
      "current": 2290.84,
      "next_1h": 2290.5,
      "next_24h": 2285.92,
      "change_pct": -0.015,
      "trend": "\ud83d\udcc9 DOWN",
      "predictions": [
        2290.5,
        2290.6,
        2288.72,
        2289.59,
        2288.84,
        2288.57,
        2288.55,
        2288.18,
        2288.12,
        2287.93,
        2287.75,
        2287.63,
        2287.45,
        2287.31,
        2287.17,
        2287.02,
        2286.88,
        2286.74,
        2286.6,
        2286.46,
        2286.32,
        2286.19,
        2286.05,
        2285.92
      ],
      "metrics": {
        "MAE": 6.876336,
        "RMSE": 11.118993,
        "MAPE": 0.2989,
        "R2": 0.8851
      }
    },
    "BNB_USD": {
      "current": 614.85,
      "next_1h": 614.83,
      "next_24h": 614.93,
      "change_pct": -0.003,
      "trend": "\ud83d\udcc9 DOWN",
      "predictions": [
        614.83,
        614.68,
        614.5,
        614.68,
        614.52,
        614.54,
        614.57,
        614.56,
        614.61,
        614.62,
        614.64,
        614.67,
        614.69,
        614.71,
        614.73,
        614.76,
        614.78,
        614.8,
        614.83,
        614.85,
        614.87,
        614.89,
        614.91,
        614.93
      ],
      "metrics": {
        "MAE": 1.190787,
        "RMSE": 1.692557,
        "MAPE": 0.1907,
        "R2": 0.9456
      }
    }
  }
}