{
  "generated_at": "2026-07-14 14:43:17",
  "exchange_rates": {
    "USD_TZS": {
      "current": 2602.9439,
      "next_1h": 2603.338,
      "next_24h": 2609.9151,
      "change_pct": 0.015,
      "trend": "\ud83d\udcc8 UP",
      "predictions": [
        2603.338,
        2603.7238,
        2604.1013,
        2604.4708,
        2604.8323,
        2605.1862,
        2605.5288,
        2605.8604,
        2606.1813,
        2606.4918,
        2606.7924,
        2607.0831,
        2607.3644,
        2607.6365,
        2607.8997,
        2608.1544,
        2608.4008,
        2608.6392,
        2608.8698,
        2609.093,
        2609.3088,
        2609.5176,
        2609.7197,
        2609.9151
      ],
      "metrics": {
        "MAE": 0.4724,
        "RMSE": 1.892599,
        "MAPE": 0.018,
        "R2": 0.9031
      }
    },
    "USD_KES": {
      "current": 129.2818,
      "next_1h": 129.2835,
      "next_24h": 129.3188,
      "change_pct": 0.001,
      "trend": "\ud83d\udcc8 UP",
      "predictions": [
        129.2835,
        129.2853,
        129.287,
        129.2887,
        129.2904,
        129.2921,
        129.2938,
        129.2954,
        129.297,
        129.2986,
        129.3002,
        129.3018,
        129.3033,
        129.3048,
        129.3063,
        129.3078,
        129.3092,
        129.3107,
        129.3121,
        129.3135,
        129.3149,
        129.3162,
        129.3175,
        129.3188
      ],
      "metrics": {
        "MAE": 0.00502,
        "RMSE": 0.015092,
        "MAPE": 0.0039,
        "R2": 0.8869
      }
    },
    "USD_UGX": {
      "current": 3658.9043,
      "next_1h": 3658.9544,
      "next_24h": 3660.0686,
      "change_pct": 0.001,
      "trend": "\ud83d\udcc8 UP",
      "predictions": [
        3658.9544,
        3659.0044,
        3659.0542,
        3659.104,
        3659.1537,
        3659.2033,
        3659.2527,
        3659.3019,
        3659.351,
        3659.3999,
        3659.4487,
        3659.4973,
        3659.5458,
        3659.5941,
        3659.6422,
        3659.6902,
        3659.7381,
        3659.7857,
        3659.8333,
        3659.8806,
        3659.9279,
        3659.9749,
        3660.0219,
        3660.0686
      ],
      "metrics": {
        "MAE": 0.485465,
        "RMSE": 2.813651,
        "MAPE": 0.0133,
        "R2": 0.9158
      }
    },
    "USD_EUR": {
      "current": 0.8774,
      "next_1h": 0.8774,
      "next_24h": 0.8774,
      "change_pct": 0.0,
      "trend": "\ud83d\udcc9 DOWN",
      "predictions": [
        0.8774,
        0.8774,
        0.8774,
        0.8774,
        0.8774,
        0.8774,
        0.8774,
        0.8774,
        0.8774,
        0.8774,
        0.8774,
        0.8774,
        0.8774,
        0.8774,
        0.8774,
        0.8774,
        0.8774,
        0.8774,
        0.8774,
        0.8774,
        0.8774,
        0.8774,
        0.8774,
        0.8774
      ],
      "metrics": {
        "MAE": 3.3e-05,
        "RMSE": 0.00018,
        "MAPE": 0.0038,
        "R2": 0.9512
      }
    }
  },
  "crypto": {
    "BTC_USD": {
      "current": 63970.0,
      "next_1h": 63981.68,
      "next_24h": 63744.67,
      "change_pct": 0.018,
      "trend": "\ud83d\udcc8 UP",
      "predictions": [
        63981.68,
        63966.99,
        63944.23,
        63934.57,
        63933.6,
        63924.01,
        63912.69,
        63901.73,
        63891.77,
        63881.98,
        63871.89,
        63861.77,
        63851.73,
        63841.79,
        63831.89,
        63822.02,
        63812.19,
        63802.41,
        63792.68,
        63782.99,
        63773.35,
        63763.75,
        63754.19,
        63744.67
      ],
      "metrics": {
        "MAE": 96.296748,
        "RMSE": 135.55678,
        "MAPE": 0.1518,
        "R2": 0.9658
      }
    },
    "ETH_USD": {
      "current": 1869.17,
      "next_1h": 1868.64,
      "next_24h": 1847.2,
      "change_pct": -0.028,
      "trend": "\ud83d\udcc9 DOWN",
      "predictions": [
        1868.64,
        1867.21,
        1865.58,
        1865.0,
        1863.99,
        1863.04,
        1862.12,
        1861.22,
        1860.3,
        1859.4,
        1858.5,
        1857.6,
        1856.71,
        1855.82,
        1854.94,
        1854.06,
        1853.19,
        1852.32,
        1851.45,
        1850.59,
        1849.74,
        1848.89,
        1848.04,
        1847.2
      ],
      "metrics": {
        "MAE": 4.244252,
        "RMSE": 6.782891,
        "MAPE": 0.2358,
        "R2": 0.8769
      }
    },
    "BNB_USD": {
      "current": 579.33,
      "next_1h": 579.36,
      "next_24h": 579.21,
      "change_pct": 0.005,
      "trend": "\ud83d\udcc8 UP",
      "predictions": [
        579.36,
        579.44,
        579.35,
        579.37,
        579.36,
        579.35,
        579.34,
        579.33,
        579.32,
        579.32,
        579.31,
        579.3,
        579.29,
        579.28,
        579.28,
        579.27,
        579.26,
        579.25,
        579.25,
        579.24,
        579.23,
        579.22,
        579.22,
        579.21
      ],
      "metrics": {
        "MAE": 0.80498,
        "RMSE": 1.198825,
        "MAPE": 0.1403,
        "R2": 0.934
      }
    }
  }
}