{
  "generated_at": "2026-07-19 05:17:11",
  "exchange_rates": {
    "USD_TZS": {
      "current": 2627.1477,
      "next_1h": 2626.8337,
      "next_24h": 2621.7811,
      "change_pct": -0.012,
      "trend": "\ud83d\udcc9 DOWN",
      "predictions": [
        2626.8337,
        2626.5424,
        2626.2571,
        2625.9776,
        2625.7039,
        2625.4357,
        2625.1756,
        2624.9233,
        2624.6786,
        2624.4412,
        2624.2109,
        2623.9877,
        2623.7712,
        2623.5612,
        2623.3576,
        2623.1602,
        2622.9687,
        2622.783,
        2622.6029,
        2622.4283,
        2622.259,
        2622.0948,
        2621.9356,
        2621.7811
      ],
      "metrics": {
        "MAE": 0.561925,
        "RMSE": 2.121449,
        "MAPE": 0.0215,
        "R2": 0.953
      }
    },
    "USD_KES": {
      "current": 129.3243,
      "next_1h": 129.3248,
      "next_24h": 129.3355,
      "change_pct": 0.0,
      "trend": "\ud83d\udcc9 DOWN",
      "predictions": [
        129.3248,
        129.3253,
        129.3258,
        129.3263,
        129.3268,
        129.3273,
        129.3278,
        129.3283,
        129.3288,
        129.3293,
        129.3297,
        129.3302,
        129.3307,
        129.3311,
        129.3316,
        129.332,
        129.3325,
        129.3329,
        129.3333,
        129.3338,
        129.3342,
        129.3346,
        129.335,
        129.3355
      ],
      "metrics": {
        "MAE": 0.003016,
        "RMSE": 0.01221,
        "MAPE": 0.0023,
        "R2": 0.9697
      }
    },
    "USD_UGX": {
      "current": 3666.6571,
      "next_1h": 3666.6975,
      "next_24h": 3667.6819,
      "change_pct": 0.001,
      "trend": "\ud83d\udcc8 UP",
      "predictions": [
        3666.6975,
        3666.7418,
        3666.786,
        3666.8301,
        3666.8741,
        3666.918,
        3666.9618,
        3667.0054,
        3667.0488,
        3667.0921,
        3667.1352,
        3667.1782,
        3667.221,
        3667.2637,
        3667.3062,
        3667.3486,
        3667.3908,
        3667.4328,
        3667.4747,
        3667.5165,
        3667.5581,
        3667.5995,
        3667.6408,
        3667.6819
      ],
      "metrics": {
        "MAE": 0.361644,
        "RMSE": 1.849951,
        "MAPE": 0.0099,
        "R2": 0.9682
      }
    },
    "USD_EUR": {
      "current": 0.8745,
      "next_1h": 0.8745,
      "next_24h": 0.8746,
      "change_pct": 0.001,
      "trend": "\ud83d\udcc8 UP",
      "predictions": [
        0.8745,
        0.8745,
        0.8745,
        0.8745,
        0.8745,
        0.8745,
        0.8745,
        0.8745,
        0.8745,
        0.8745,
        0.8745,
        0.8745,
        0.8745,
        0.8746,
        0.8746,
        0.8746,
        0.8746,
        0.8746,
        0.8746,
        0.8746,
        0.8746,
        0.8746,
        0.8746,
        0.8746
      ],
      "metrics": {
        "MAE": 4.1e-05,
        "RMSE": 0.00024,
        "MAPE": 0.0047,
        "R2": 0.9668
      }
    }
  },
  "crypto": {
    "BTC_USD": {
      "current": 64717.0,
      "next_1h": 64690.21,
      "next_24h": 64394.28,
      "change_pct": -0.041,
      "trend": "\ud83d\udcc9 DOWN",
      "predictions": [
        64690.21,
        64669.5,
        64657.36,
        64649.56,
        64636.54,
        64622.39,
        64608.81,
        64595.86,
        64583.05,
        64570.05,
        64557.07,
        64544.18,
        64531.38,
        64518.64,
        64505.94,
        64493.3,
        64480.72,
        64468.2,
        64455.74,
        64443.34,
        64430.99,
        64418.69,
        64406.46,
        64394.28
      ],
      "metrics": {
        "MAE": 105.673236,
        "RMSE": 155.290254,
        "MAPE": 0.1652,
        "R2": 0.9662
      }
    },
    "ETH_USD": {
      "current": 1867.97,
      "next_1h": 1866.92,
      "next_24h": 1848.56,
      "change_pct": -0.056,
      "trend": "\ud83d\udcc9 DOWN",
      "predictions": [
        1866.92,
        1866.01,
        1865.21,
        1864.34,
        1863.49,
        1862.67,
        1861.85,
        1861.04,
        1860.22,
        1859.42,
        1858.61,
        1857.82,
        1857.02,
        1856.23,
        1855.45,
        1854.66,
        1853.89,
        1853.11,
        1852.34,
        1851.58,
        1850.82,
        1850.06,
        1849.31,
        1848.56
      ],
      "metrics": {
        "MAE": 4.393507,
        "RMSE": 6.777674,
        "MAPE": 0.2364,
        "R2": 0.9741
      }
    },
    "BNB_USD": {
      "current": 568.57,
      "next_1h": 568.57,
      "next_24h": 569.16,
      "change_pct": -0.001,
      "trend": "\ud83d\udcc9 DOWN",
      "predictions": [
        568.57,
        568.59,
        568.64,
        568.66,
        568.68,
        568.71,
        568.74,
        568.76,
        568.79,
        568.81,
        568.84,
        568.86,
        568.89,
        568.92,
        568.94,
        568.97,
        568.99,
        569.01,
        569.04,
        569.06,
        569.09,
        569.11,
        569.14,
        569.16
      ],
      "metrics": {
        "MAE": 0.846288,
        "RMSE": 1.17503,
        "MAPE": 0.1477,
        "R2": 0.9634
      }
    }
  }
}