{
  "generated_at": "2026-07-18 09:17:11",
  "exchange_rates": {
    "USD_TZS": {
      "current": 2629.0886,
      "next_1h": 2628.7258,
      "next_24h": 2622.5758,
      "change_pct": -0.014,
      "trend": "\ud83d\udcc9 DOWN",
      "predictions": [
        2628.7258,
        2628.3704,
        2628.0224,
        2627.6815,
        2627.3475,
        2627.0205,
        2626.7033,
        2626.3957,
        2626.0974,
        2625.8081,
        2625.5277,
        2625.2559,
        2624.9924,
        2624.737,
        2624.4894,
        2624.2494,
        2624.0167,
        2623.7911,
        2623.5725,
        2623.3606,
        2623.1551,
        2622.956,
        2622.7629,
        2622.5758
      ],
      "metrics": {
        "MAE": 0.554115,
        "RMSE": 2.138304,
        "MAPE": 0.0212,
        "R2": 0.9501
      }
    },
    "USD_KES": {
      "current": 129.3268,
      "next_1h": 129.3273,
      "next_24h": 129.3393,
      "change_pct": 0.0,
      "trend": "\ud83d\udcc9 DOWN",
      "predictions": [
        129.3273,
        129.3279,
        129.3285,
        129.329,
        129.3296,
        129.3302,
        129.3307,
        129.3313,
        129.3318,
        129.3324,
        129.3329,
        129.3334,
        129.3339,
        129.3345,
        129.335,
        129.3355,
        129.336,
        129.3365,
        129.3369,
        129.3374,
        129.3379,
        129.3384,
        129.3388,
        129.3393
      ],
      "metrics": {
        "MAE": 0.003312,
        "RMSE": 0.012348,
        "MAPE": 0.0026,
        "R2": 0.9698
      }
    },
    "USD_UGX": {
      "current": 3669.5216,
      "next_1h": 3669.5568,
      "next_24h": 3670.3365,
      "change_pct": 0.001,
      "trend": "\ud83d\udcc8 UP",
      "predictions": [
        3669.5568,
        3669.5919,
        3669.6269,
        3669.6618,
        3669.6967,
        3669.7315,
        3669.7662,
        3669.8007,
        3669.8351,
        3669.8694,
        3669.9036,
        3669.9376,
        3669.9715,
        3670.0053,
        3670.039,
        3670.0725,
        3670.1059,
        3670.1392,
        3670.1724,
        3670.2055,
        3670.2384,
        3670.2712,
        3670.304,
        3670.3365
      ],
      "metrics": {
        "MAE": 0.354463,
        "RMSE": 1.857134,
        "MAPE": 0.0097,
        "R2": 0.9686
      }
    },
    "USD_EUR": {
      "current": 0.8744,
      "next_1h": 0.8745,
      "next_24h": 0.8746,
      "change_pct": 0.001,
      "trend": "\ud83d\udcc8 UP",
      "predictions": [
        0.8745,
        0.8745,
        0.8745,
        0.8745,
        0.8745,
        0.8745,
        0.8745,
        0.8745,
        0.8745,
        0.8745,
        0.8745,
        0.8745,
        0.8745,
        0.8745,
        0.8745,
        0.8745,
        0.8745,
        0.8745,
        0.8745,
        0.8745,
        0.8745,
        0.8746,
        0.8746,
        0.8746
      ],
      "metrics": {
        "MAE": 4.2e-05,
        "RMSE": 0.000242,
        "MAPE": 0.0048,
        "R2": 0.9658
      }
    }
  },
  "crypto": {
    "BTC_USD": {
      "current": 63929.0,
      "next_1h": 63921.2,
      "next_24h": 63733.17,
      "change_pct": -0.012,
      "trend": "\ud83d\udcc9 DOWN",
      "predictions": [
        63921.2,
        63912.02,
        63903.09,
        63895.21,
        63886.72,
        63878.28,
        63869.85,
        63861.5,
        63853.22,
        63844.95,
        63836.72,
        63828.52,
        63820.37,
        63812.26,
        63804.18,
        63796.14,
        63788.14,
        63780.18,
        63772.25,
        63764.36,
        63756.51,
        63748.69,
        63740.91,
        63733.17
      ],
      "metrics": {
        "MAE": 115.611088,
        "RMSE": 164.788667,
        "MAPE": 0.1814,
        "R2": 0.9683
      }
    },
    "ETH_USD": {
      "current": 1845.36,
      "next_1h": 1844.52,
      "next_24h": 1829.56,
      "change_pct": -0.045,
      "trend": "\ud83d\udcc9 DOWN",
      "predictions": [
        1844.52,
        1843.78,
        1843.16,
        1842.41,
        1841.73,
        1841.07,
        1840.4,
        1839.73,
        1839.07,
        1838.42,
        1837.76,
        1837.11,
        1836.46,
        1835.82,
        1835.18,
        1834.54,
        1833.91,
        1833.28,
        1832.65,
        1832.03,
        1831.41,
        1830.79,
        1830.17,
        1829.56
      ],
      "metrics": {
        "MAE": 4.749872,
        "RMSE": 7.156382,
        "MAPE": 0.2569,
        "R2": 0.9795
      }
    },
    "BNB_USD": {
      "current": 567.73,
      "next_1h": 567.77,
      "next_24h": 568.76,
      "change_pct": 0.008,
      "trend": "\ud83d\udcc8 UP",
      "predictions": [
        567.77,
        567.83,
        567.88,
        567.91,
        567.96,
        568.0,
        568.05,
        568.09,
        568.13,
        568.18,
        568.22,
        568.26,
        568.3,
        568.35,
        568.39,
        568.43,
        568.47,
        568.51,
        568.55,
        568.6,
        568.64,
        568.68,
        568.72,
        568.76
      ],
      "metrics": {
        "MAE": 0.877397,
        "RMSE": 1.233917,
        "MAPE": 0.1532,
        "R2": 0.9625
      }
    }
  }
}