{
  "generated_at": "2026-07-18 05:17:11",
  "exchange_rates": {
    "USD_TZS": {
      "current": 2629.0886,
      "next_1h": 2628.7326,
      "next_24h": 2622.5753,
      "change_pct": -0.014,
      "trend": "\ud83d\udcc9 DOWN",
      "predictions": [
        2628.7326,
        2628.3768,
        2628.0284,
        2627.6871,
        2627.3528,
        2627.0254,
        2626.7077,
        2626.3997,
        2626.1011,
        2625.8115,
        2625.5307,
        2625.2586,
        2624.9947,
        2624.739,
        2624.4911,
        2624.2508,
        2624.0178,
        2623.792,
        2623.5732,
        2623.361,
        2623.1553,
        2622.9559,
        2622.7626,
        2622.5753
      ],
      "metrics": {
        "MAE": 0.554031,
        "RMSE": 2.143393,
        "MAPE": 0.0212,
        "R2": 0.9493
      }
    },
    "USD_KES": {
      "current": 129.3268,
      "next_1h": 129.3278,
      "next_24h": 129.3453,
      "change_pct": 0.001,
      "trend": "\ud83d\udcc8 UP",
      "predictions": [
        129.3278,
        129.3286,
        129.3294,
        129.3303,
        129.3311,
        129.332,
        129.3328,
        129.3336,
        129.3344,
        129.3352,
        129.336,
        129.3367,
        129.3375,
        129.3382,
        129.339,
        129.3397,
        129.3404,
        129.3412,
        129.3419,
        129.3426,
        129.3432,
        129.3439,
        129.3446,
        129.3453
      ],
      "metrics": {
        "MAE": 0.00434,
        "RMSE": 0.015272,
        "MAPE": 0.0034,
        "R2": 0.9534
      }
    },
    "USD_UGX": {
      "current": 3669.5216,
      "next_1h": 3669.5127,
      "next_24h": 3669.6145,
      "change_pct": 0.0,
      "trend": "\ud83d\udcc9 DOWN",
      "predictions": [
        3669.5127,
        3669.5173,
        3669.5219,
        3669.5264,
        3669.5309,
        3669.5354,
        3669.5399,
        3669.5445,
        3669.5489,
        3669.5534,
        3669.5579,
        3669.5623,
        3669.5667,
        3669.5712,
        3669.5756,
        3669.58,
        3669.5843,
        3669.5887,
        3669.593,
        3669.5974,
        3669.6017,
        3669.606,
        3669.6103,
        3669.6145
      ],
      "metrics": {
        "MAE": 0.415144,
        "RMSE": 2.142794,
        "MAPE": 0.0113,
        "R2": 0.9588
      }
    },
    "USD_EUR": {
      "current": 0.8744,
      "next_1h": 0.8745,
      "next_24h": 0.8746,
      "change_pct": 0.001,
      "trend": "\ud83d\udcc8 UP",
      "predictions": [
        0.8745,
        0.8745,
        0.8745,
        0.8745,
        0.8745,
        0.8745,
        0.8745,
        0.8745,
        0.8745,
        0.8745,
        0.8745,
        0.8745,
        0.8746,
        0.8746,
        0.8746,
        0.8746,
        0.8746,
        0.8746,
        0.8746,
        0.8746,
        0.8746,
        0.8746,
        0.8746,
        0.8746
      ],
      "metrics": {
        "MAE": 5.2e-05,
        "RMSE": 0.000261,
        "MAPE": 0.006,
        "R2": 0.9604
      }
    }
  },
  "crypto": {
    "BTC_USD": {
      "current": 63893.0,
      "next_1h": 63885.77,
      "next_24h": 63711.55,
      "change_pct": -0.011,
      "trend": "\ud83d\udcc9 DOWN",
      "predictions": [
        63885.77,
        63879.85,
        63872.83,
        63863.53,
        63855.37,
        63847.58,
        63839.85,
        63832.02,
        63824.17,
        63816.4,
        63808.69,
        63801.01,
        63793.36,
        63785.75,
        63778.17,
        63770.62,
        63763.12,
        63755.65,
        63748.21,
        63740.81,
        63733.44,
        63726.11,
        63718.81,
        63711.55
      ],
      "metrics": {
        "MAE": 122.363785,
        "RMSE": 172.915647,
        "MAPE": 0.192,
        "R2": 0.9654
      }
    },
    "ETH_USD": {
      "current": 1842.36,
      "next_1h": 1841.73,
      "next_24h": 1826.98,
      "change_pct": -0.034,
      "trend": "\ud83d\udcc9 DOWN",
      "predictions": [
        1841.73,
        1841.03,
        1840.29,
        1839.66,
        1838.98,
        1838.31,
        1837.66,
        1837.0,
        1836.35,
        1835.7,
        1835.06,
        1834.42,
        1833.78,
        1833.14,
        1832.51,
        1831.88,
        1831.26,
        1830.64,
        1830.02,
        1829.4,
        1828.79,
        1828.18,
        1827.58,
        1826.98
      ],
      "metrics": {
        "MAE": 5.11328,
        "RMSE": 7.73352,
        "MAPE": 0.2769,
        "R2": 0.9765
      }
    },
    "BNB_USD": {
      "current": 566.58,
      "next_1h": 566.63,
      "next_24h": 567.76,
      "change_pct": 0.009,
      "trend": "\ud83d\udcc8 UP",
      "predictions": [
        566.63,
        566.68,
        566.71,
        566.76,
        566.82,
        566.87,
        566.92,
        566.97,
        567.02,
        567.07,
        567.12,
        567.17,
        567.22,
        567.27,
        567.32,
        567.37,
        567.42,
        567.47,
        567.52,
        567.57,
        567.62,
        567.66,
        567.71,
        567.76
      ],
      "metrics": {
        "MAE": 0.928286,
        "RMSE": 1.307794,
        "MAPE": 0.1621,
        "R2": 0.9573
      }
    }
  }
}