{
  "generated_at": "2026-07-04 16:38:18",
  "exchange_rates": {
    "USD_TZS": {
      "current": 2621.8002,
      "next_1h": 2621.6227,
      "next_24h": 2618.3551,
      "change_pct": -0.007,
      "trend": "\ud83d\udcc9 DOWN",
      "predictions": [
        2621.6227,
        2621.4477,
        2621.2752,
        2621.1053,
        2620.9379,
        2620.7729,
        2620.6116,
        2620.4538,
        2620.2994,
        2620.1485,
        2620.0009,
        2619.8566,
        2619.7155,
        2619.5775,
        2619.4425,
        2619.3106,
        2619.1816,
        2619.0554,
        2618.9321,
        2618.8114,
        2618.6935,
        2618.5781,
        2618.4653,
        2618.3551
      ],
      "metrics": {
        "MAE": 0.66724,
        "RMSE": 2.771617,
        "MAPE": 0.0255,
        "R2": 0.8926
      }
    },
    "USD_KES": {
      "current": 129.2531,
      "next_1h": 129.2568,
      "next_24h": 129.327,
      "change_pct": 0.003,
      "trend": "\ud83d\udcc8 UP",
      "predictions": [
        129.2568,
        129.2605,
        129.2642,
        129.2678,
        129.2713,
        129.2748,
        129.2783,
        129.2816,
        129.2849,
        129.2882,
        129.2913,
        129.2945,
        129.2975,
        129.3005,
        129.3034,
        129.3062,
        129.309,
        129.3118,
        129.3144,
        129.3171,
        129.3196,
        129.3221,
        129.3246,
        129.327
      ],
      "metrics": {
        "MAE": 0.005197,
        "RMSE": 0.021328,
        "MAPE": 0.004,
        "R2": 0.9528
      }
    },
    "USD_UGX": {
      "current": 3635.4806,
      "next_1h": 3635.5177,
      "next_24h": 3636.3545,
      "change_pct": 0.001,
      "trend": "\ud83d\udcc8 UP",
      "predictions": [
        3635.5177,
        3635.5549,
        3635.592,
        3635.629,
        3635.6659,
        3635.7028,
        3635.7396,
        3635.7764,
        3635.8131,
        3635.8497,
        3635.8862,
        3635.9227,
        3635.959,
        3635.9954,
        3636.0316,
        3636.0678,
        3636.1039,
        3636.1399,
        3636.1758,
        3636.2117,
        3636.2475,
        3636.2833,
        3636.3189,
        3636.3545
      ],
      "metrics": {
        "MAE": 0.926587,
        "RMSE": 4.251948,
        "MAPE": 0.0253,
        "R2": 0.8959
      }
    },
    "USD_EUR": {
      "current": 0.8743,
      "next_1h": 0.8743,
      "next_24h": 0.8763,
      "change_pct": 0.01,
      "trend": "\ud83d\udcc8 UP",
      "predictions": [
        0.8743,
        0.8744,
        0.8745,
        0.8746,
        0.8747,
        0.8747,
        0.8748,
        0.8749,
        0.875,
        0.8751,
        0.8752,
        0.8752,
        0.8753,
        0.8754,
        0.8755,
        0.8756,
        0.8757,
        0.8757,
        0.8758,
        0.8759,
        0.876,
        0.8761,
        0.8762,
        0.8763
      ],
      "metrics": {
        "MAE": 0.000179,
        "RMSE": 0.000437,
        "MAPE": 0.0204,
        "R2": 0.9392
      }
    }
  },
  "crypto": {
    "BTC_USD": {
      "current": 62856.0,
      "next_1h": 62822.57,
      "next_24h": 62533.42,
      "change_pct": -0.053,
      "trend": "\ud83d\udcc9 DOWN",
      "predictions": [
        62822.57,
        62798.76,
        62795.74,
        62799.58,
        62791.4,
        62774.71,
        62759.96,
        62747.42,
        62734.94,
        62721.41,
        62707.46,
        62693.79,
        62680.34,
        62666.88,
        62653.36,
        62639.87,
        62626.43,
        62613.05,
        62599.69,
        62586.37,
        62573.08,
        62559.82,
        62546.61,
        62533.42
      ],
      "metrics": {
        "MAE": 236.067451,
        "RMSE": 357.831695,
        "MAPE": 0.3939,
        "R2": 0.8927
      }
    },
    "ETH_USD": {
      "current": 1788.95,
      "next_1h": 1786.61,
      "next_24h": 1771.42,
      "change_pct": -0.131,
      "trend": "\ud83d\udcc9 DOWN",
      "predictions": [
        1786.61,
        1785.9,
        1785.97,
        1784.84,
        1783.94,
        1783.33,
        1782.69,
        1781.97,
        1781.3,
        1780.63,
        1779.96,
        1779.29,
        1778.62,
        1777.96,
        1777.29,
        1776.63,
        1775.97,
        1775.32,
        1774.66,
        1774.01,
        1773.36,
        1772.71,
        1772.06,
        1771.42
      ],
      "metrics": {
        "MAE": 8.245005,
        "RMSE": 12.515723,
        "MAPE": 0.5119,
        "R2": 0.9608
      }
    },
    "BNB_USD": {
      "current": 575.57,
      "next_1h": 575.62,
      "next_24h": 576.51,
      "change_pct": 0.009,
      "trend": "\ud83d\udcc8 UP",
      "predictions": [
        575.62,
        575.76,
        575.91,
        575.9,
        575.94,
        575.98,
        576.01,
        576.04,
        576.07,
        576.1,
        576.13,
        576.16,
        576.19,
        576.22,
        576.25,
        576.28,
        576.31,
        576.34,
        576.37,
        576.4,
        576.43,
        576.46,
        576.49,
        576.51
      ],
      "metrics": {
        "MAE": 2.005062,
        "RMSE": 2.847662,
        "MAPE": 0.3605,
        "R2": 0.8725
      }
    }
  }
}