{
  "generated_at": "2026-07-20 20:13:08",
  "exchange_rates": {
    "USD_TZS": {
      "current": 2628.4738,
      "next_1h": 2628.1573,
      "next_24h": 2622.735,
      "change_pct": -0.012,
      "trend": "\ud83d\udcc9 DOWN",
      "predictions": [
        2628.1573,
        2627.847,
        2627.5429,
        2627.2449,
        2626.9528,
        2626.6665,
        2626.3884,
        2626.1185,
        2625.8565,
        2625.6021,
        2625.3552,
        2625.1155,
        2624.8829,
        2624.6572,
        2624.4381,
        2624.2255,
        2624.0191,
        2623.8188,
        2623.6244,
        2623.4357,
        2623.2526,
        2623.0749,
        2622.9024,
        2622.735
      ],
      "metrics": {
        "MAE": 0.537048,
        "RMSE": 2.077062,
        "MAPE": 0.0205,
        "R2": 0.9557
      }
    },
    "USD_KES": {
      "current": 129.2866,
      "next_1h": 129.2873,
      "next_24h": 129.3028,
      "change_pct": 0.001,
      "trend": "\ud83d\udcc8 UP",
      "predictions": [
        129.2873,
        129.288,
        129.2888,
        129.2895,
        129.2902,
        129.2909,
        129.2917,
        129.2924,
        129.2931,
        129.2938,
        129.2944,
        129.2951,
        129.2958,
        129.2965,
        129.2971,
        129.2978,
        129.2984,
        129.2991,
        129.2997,
        129.3004,
        129.301,
        129.3016,
        129.3022,
        129.3028
      ],
      "metrics": {
        "MAE": 0.002646,
        "RMSE": 0.012179,
        "MAPE": 0.002,
        "R2": 0.962
      }
    },
    "USD_UGX": {
      "current": 3691.0959,
      "next_1h": 3691.0315,
      "next_24h": 3689.6007,
      "change_pct": -0.002,
      "trend": "\ud83d\udcc9 DOWN",
      "predictions": [
        3691.0315,
        3690.9673,
        3690.9032,
        3690.8392,
        3690.7753,
        3690.7116,
        3690.6481,
        3690.5848,
        3690.5218,
        3690.4589,
        3690.3963,
        3690.3338,
        3690.2716,
        3690.2096,
        3690.1478,
        3690.0862,
        3690.0248,
        3689.9636,
        3689.9026,
        3689.8418,
        3689.7812,
        3689.7209,
        3689.6607,
        3689.6007
      ],
      "metrics": {
        "MAE": 0.387746,
        "RMSE": 2.345012,
        "MAPE": 0.0105,
        "R2": 0.9588
      }
    },
    "USD_EUR": {
      "current": 0.875,
      "next_1h": 0.875,
      "next_24h": 0.8751,
      "change_pct": 0.001,
      "trend": "\ud83d\udcc8 UP",
      "predictions": [
        0.875,
        0.875,
        0.875,
        0.875,
        0.875,
        0.875,
        0.875,
        0.875,
        0.8751,
        0.8751,
        0.8751,
        0.8751,
        0.8751,
        0.8751,
        0.8751,
        0.8751,
        0.8751,
        0.8751,
        0.8751,
        0.8751,
        0.8751,
        0.8751,
        0.8751,
        0.8751
      ],
      "metrics": {
        "MAE": 4e-05,
        "RMSE": 0.000233,
        "MAPE": 0.0046,
        "R2": 0.9682
      }
    }
  },
  "crypto": {
    "BTC_USD": {
      "current": 65101.0,
      "next_1h": 65104.28,
      "next_24h": 64815.26,
      "change_pct": 0.005,
      "trend": "\ud83d\udcc8 UP",
      "predictions": [
        65104.28,
        65083.67,
        65061.92,
        65048.6,
        65037.92,
        65026.49,
        65013.83,
        65001.28,
        64989.22,
        64977.32,
        64965.42,
        64953.5,
        64941.65,
        64929.88,
        64918.17,
        64906.52,
        64894.91,
        64883.37,
        64871.88,
        64860.45,
        64849.07,
        64837.75,
        64826.48,
        64815.26
      ],
      "metrics": {
        "MAE": 99.89509,
        "RMSE": 148.707989,
        "MAPE": 0.1554,
        "R2": 0.9328
      }
    },
    "ETH_USD": {
      "current": 1897.46,
      "next_1h": 1896.23,
      "next_24h": 1877.68,
      "change_pct": -0.065,
      "trend": "\ud83d\udcc9 DOWN",
      "predictions": [
        1896.23,
        1895.23,
        1894.52,
        1893.67,
        1892.81,
        1891.97,
        1891.15,
        1890.32,
        1889.5,
        1888.68,
        1887.87,
        1887.06,
        1886.25,
        1885.45,
        1884.66,
        1883.87,
        1883.08,
        1882.29,
        1881.51,
        1880.74,
        1879.97,
        1879.2,
        1878.44,
        1877.68
      ],
      "metrics": {
        "MAE": 4.184094,
        "RMSE": 6.20359,
        "MAPE": 0.2234,
        "R2": 0.9496
      }
    },
    "BNB_USD": {
      "current": 571.25,
      "next_1h": 571.26,
      "next_24h": 572.05,
      "change_pct": 0.001,
      "trend": "\ud83d\udcc8 UP",
      "predictions": [
        571.26,
        571.27,
        571.31,
        571.35,
        571.39,
        571.42,
        571.46,
        571.5,
        571.53,
        571.57,
        571.6,
        571.64,
        571.67,
        571.71,
        571.75,
        571.78,
        571.81,
        571.85,
        571.88,
        571.92,
        571.95,
        571.99,
        572.02,
        572.05
      ],
      "metrics": {
        "MAE": 0.811335,
        "RMSE": 1.132136,
        "MAPE": 0.142,
        "R2": 0.959
      }
    }
  }
}