{
  "generated_at": "2026-05-17 17:28:01",
  "exchange_rates": {
    "USD_TZS": {
      "current": 2604.5088,
      "next_1h": 2604.3381,
      "next_24h": 2602.2101,
      "change_pct": -0.007,
      "trend": "\ud83d\udcc9 DOWN",
      "predictions": [
        2604.3381,
        2604.1727,
        2604.0127,
        2603.8577,
        2603.7077,
        2603.5625,
        2603.4272,
        2603.3015,
        2603.1848,
        2603.0768,
        2602.9769,
        2602.8847,
        2602.7997,
        2602.7215,
        2602.6493,
        2602.5829,
        2602.5218,
        2602.4655,
        2602.4137,
        2602.3659,
        2602.322,
        2602.2816,
        2602.2444,
        2602.2101
      ],
      "metrics": {
        "MAE": 0.428232,
        "RMSE": 0.907858,
        "MAPE": 0.0165,
        "R2": 0.923
      }
    },
    "USD_KES": {
      "current": 129.2136,
      "next_1h": 129.2128,
      "next_24h": 129.198,
      "change_pct": -0.001,
      "trend": "\ud83d\udcc9 DOWN",
      "predictions": [
        129.2128,
        129.212,
        129.2113,
        129.2105,
        129.2097,
        129.209,
        129.2083,
        129.2075,
        129.2068,
        129.2061,
        129.2055,
        129.2048,
        129.2042,
        129.2035,
        129.2029,
        129.2023,
        129.2017,
        129.2012,
        129.2006,
        129.2,
        129.1995,
        129.199,
        129.1985,
        129.198
      ],
      "metrics": {
        "MAE": 0.002646,
        "RMSE": 0.011665,
        "MAPE": 0.002,
        "R2": 0.8986
      }
    },
    "USD_UGX": {
      "current": 3718.9113,
      "next_1h": 3718.7877,
      "next_24h": 3716.2869,
      "change_pct": -0.003,
      "trend": "\ud83d\udcc9 DOWN",
      "predictions": [
        3718.7877,
        3718.6649,
        3718.543,
        3718.4218,
        3718.3014,
        3718.1818,
        3718.0638,
        3717.9474,
        3717.8326,
        3717.7193,
        3717.6076,
        3717.4974,
        3717.3887,
        3717.2815,
        3717.1757,
        3717.0714,
        3716.9686,
        3716.8671,
        3716.7671,
        3716.6684,
        3716.571,
        3716.475,
        3716.3803,
        3716.2869
      ],
      "metrics": {
        "MAE": 0.382408,
        "RMSE": 1.057312,
        "MAPE": 0.0103,
        "R2": 0.9237
      }
    },
    "USD_EUR": {
      "current": 0.8597,
      "next_1h": 0.8596,
      "next_24h": 0.8572,
      "change_pct": -0.014,
      "trend": "\ud83d\udcc9 DOWN",
      "predictions": [
        0.8596,
        0.8594,
        0.8593,
        0.8592,
        0.8591,
        0.859,
        0.8588,
        0.8587,
        0.8586,
        0.8585,
        0.8584,
        0.8583,
        0.8582,
        0.8581,
        0.858,
        0.8579,
        0.8578,
        0.8577,
        0.8576,
        0.8575,
        0.8574,
        0.8573,
        0.8572,
        0.8572
      ],
      "metrics": {
        "MAE": 0.000125,
        "RMSE": 0.000454,
        "MAPE": 0.0146,
        "R2": 0.9875
      }
    }
  },
  "crypto": {
    "BTC_USD": {
      "current": 77914.0,
      "next_1h": 77957.77,
      "next_24h": 78155.55,
      "change_pct": 0.056,
      "trend": "\ud83d\udcc8 UP",
      "predictions": [
        77957.77,
        77972.95,
        77971.86,
        77988.2,
        77999.85,
        78007.35,
        78016.96,
        78025.8,
        78034.26,
        78042.99,
        78051.58,
        78060.06,
        78068.49,
        78076.82,
        78085.06,
        78093.22,
        78101.29,
        78109.28,
        78117.19,
        78125.02,
        78132.77,
        78140.44,
        78148.03,
        78155.55
      ],
      "metrics": {
        "MAE": 202.953628,
        "RMSE": 288.696928,
        "MAPE": 0.253,
        "R2": 0.9461
      }
    },
    "ETH_USD": {
      "current": 2178.46,
      "next_1h": 2184.64,
      "next_24h": 2277.35,
      "change_pct": 0.284,
      "trend": "\ud83d\udcc8 UP",
      "predictions": [
        2184.64,
        2190.52,
        2195.67,
        2201.92,
        2207.17,
        2212.51,
        2217.72,
        2222.58,
        2227.32,
        2231.82,
        2236.11,
        2240.23,
        2244.16,
        2247.91,
        2251.49,
        2254.92,
        2258.19,
        2261.32,
        2264.3,
        2267.16,
        2269.88,
        2272.49,
        2274.98,
        2277.35
      ],
      "metrics": {
        "MAE": 7.573466,
        "RMSE": 10.006769,
        "MAPE": 0.3342,
        "R2": 0.9688
      }
    },
    "BNB_USD": {
      "current": 650.51,
      "next_1h": 650.13,
      "next_24h": 644.11,
      "change_pct": -0.059,
      "trend": "\ud83d\udcc9 DOWN",
      "predictions": [
        650.13,
        650.0,
        649.57,
        649.25,
        648.96,
        648.65,
        648.36,
        648.07,
        647.78,
        647.5,
        647.23,
        646.96,
        646.7,
        646.44,
        646.18,
        645.93,
        645.69,
        645.45,
        645.22,
        644.99,
        644.76,
        644.54,
        644.32,
        644.11
      ],
      "metrics": {
        "MAE": 2.215227,
        "RMSE": 3.020996,
        "MAPE": 0.3327,
        "R2": 0.9213
      }
    }
  }
}