{
  "generated_at": "2026-04-26 01:02:33",
  "exchange_rates": {
    "USD_TZS": {
      "current": 2607.0519,
      "next_1h": 2606.8705,
      "next_24h": 2603.521,
      "change_pct": -0.007,
      "trend": "\ud83d\udcc9 DOWN",
      "predictions": [
        2606.8705,
        2606.6904,
        2606.5115,
        2606.3338,
        2606.1574,
        2606.0018,
        2605.8483,
        2605.6968,
        2605.5473,
        2605.3998,
        2605.2543,
        2605.1106,
        2604.9687,
        2604.8286,
        2604.6902,
        2604.5536,
        2604.4188,
        2604.2856,
        2604.1541,
        2604.0242,
        2603.896,
        2603.7695,
        2603.6445,
        2603.521
      ],
      "metrics": {
        "MAE": 0.657514,
        "RMSE": 3.795671,
        "MAPE": 0.0253,
        "R2": 0.864
      }
    },
    "USD_KES": {
      "current": 129.242,
      "next_1h": 129.2415,
      "next_24h": 129.2324,
      "change_pct": 0.0,
      "trend": "\ud83d\udcc9 DOWN",
      "predictions": [
        129.2415,
        129.2411,
        129.2407,
        129.2403,
        129.2399,
        129.2395,
        129.2391,
        129.2387,
        129.2383,
        129.2379,
        129.2375,
        129.2371,
        129.2367,
        129.2363,
        129.2359,
        129.2355,
        129.2351,
        129.2347,
        129.2344,
        129.234,
        129.2336,
        129.2332,
        129.2328,
        129.2324
      ],
      "metrics": {
        "MAE": 0.002956,
        "RMSE": 0.01595,
        "MAPE": 0.0023,
        "R2": 0.9516
      }
    },
    "USD_UGX": {
      "current": 3695.4875,
      "next_1h": 3695.6879,
      "next_24h": 3700.1715,
      "change_pct": 0.005,
      "trend": "\ud83d\udcc8 UP",
      "predictions": [
        3695.6879,
        3695.8868,
        3696.0843,
        3696.2804,
        3696.475,
        3696.6903,
        3696.9032,
        3697.1137,
        3697.3219,
        3697.5277,
        3697.7313,
        3697.9324,
        3698.1313,
        3698.3278,
        3698.522,
        3698.714,
        3698.9038,
        3699.0913,
        3699.2767,
        3699.4598,
        3699.6409,
        3699.8199,
        3699.9967,
        3700.1715
      ],
      "metrics": {
        "MAE": 0.722134,
        "RMSE": 3.158691,
        "MAPE": 0.0196,
        "R2": 0.8652
      }
    },
    "USD_EUR": {
      "current": 0.854,
      "next_1h": 0.854,
      "next_24h": 0.8536,
      "change_pct": -0.002,
      "trend": "\ud83d\udcc9 DOWN",
      "predictions": [
        0.854,
        0.854,
        0.854,
        0.854,
        0.8539,
        0.8539,
        0.8539,
        0.8539,
        0.8539,
        0.8539,
        0.8538,
        0.8538,
        0.8538,
        0.8538,
        0.8538,
        0.8537,
        0.8537,
        0.8537,
        0.8537,
        0.8537,
        0.8536,
        0.8536,
        0.8536,
        0.8536
      ],
      "metrics": {
        "MAE": 0.000104,
        "RMSE": 0.000425,
        "MAPE": 0.0122,
        "R2": 0.9632
      }
    }
  },
  "crypto": {
    "BTC_USD": {
      "current": 77515.0,
      "next_1h": 77496.34,
      "next_24h": 77241.2,
      "change_pct": -0.024,
      "trend": "\ud83d\udcc9 DOWN",
      "predictions": [
        77496.34,
        77499.27,
        77479.8,
        77475.4,
        77461.78,
        77447.95,
        77438.11,
        77425.27,
        77413.92,
        77402.36,
        77390.33,
        77378.88,
        77367.17,
        77355.55,
        77344.03,
        77332.44,
        77320.95,
        77309.46,
        77298.0,
        77286.59,
        77275.19,
        77263.83,
        77252.5,
        77241.2
      ],
      "metrics": {
        "MAE": 223.181119,
        "RMSE": 305.545795,
        "MAPE": 0.2908,
        "R2": 0.9414
      }
    },
    "ETH_USD": {
      "current": 2315.21,
      "next_1h": 2314.07,
      "next_24h": 2299.89,
      "change_pct": -0.049,
      "trend": "\ud83d\udcc9 DOWN",
      "predictions": [
        2314.07,
        2314.11,
        2313.02,
        2312.69,
        2311.91,
        2311.13,
        2310.57,
        2309.85,
        2309.22,
        2308.58,
        2307.91,
        2307.28,
        2306.64,
        2306.01,
        2305.38,
        2304.75,
        2304.13,
        2303.52,
        2302.9,
        2302.29,
        2301.69,
        2301.08,
        2300.49,
        2299.89
      ],
      "metrics": {
        "MAE": 7.718219,
        "RMSE": 10.578224,
        "MAPE": 0.3319,
        "R2": 0.8812
      }
    },
    "BNB_USD": {
      "current": 628.97,
      "next_1h": 628.58,
      "next_24h": 621.47,
      "change_pct": -0.063,
      "trend": "\ud83d\udcc9 DOWN",
      "predictions": [
        628.58,
        628.27,
        627.87,
        627.54,
        627.18,
        626.82,
        626.48,
        626.14,
        625.81,
        625.48,
        625.15,
        624.84,
        624.53,
        624.22,
        623.93,
        623.63,
        623.34,
        623.06,
        622.78,
        622.51,
        622.25,
        621.98,
        621.73,
        621.47
      ],
      "metrics": {
        "MAE": 1.502226,
        "RMSE": 2.039793,
        "MAPE": 0.2371,
        "R2": 0.9011
      }
    }
  }
}