{
  "generated_at": "2026-05-11 15:12:50",
  "exchange_rates": {
    "USD_TZS": {
      "current": 2596.2404,
      "next_1h": 2596.5836,
      "next_24h": 2600.9885,
      "change_pct": 0.013,
      "trend": "\ud83d\udcc8 UP",
      "predictions": [
        2596.5836,
        2596.9159,
        2597.2378,
        2597.5494,
        2597.8512,
        2598.1437,
        2598.4173,
        2598.6729,
        2598.9113,
        2599.1333,
        2599.3397,
        2599.5314,
        2599.7092,
        2599.8742,
        2600.0272,
        2600.1691,
        2600.3006,
        2600.4226,
        2600.5356,
        2600.6404,
        2600.7376,
        2600.8276,
        2600.9111,
        2600.9885
      ],
      "metrics": {
        "MAE": 0.633253,
        "RMSE": 2.485285,
        "MAPE": 0.0244,
        "R2": 0.8814
      }
    },
    "USD_KES": {
      "current": 129.1444,
      "next_1h": 129.1447,
      "next_24h": 129.1489,
      "change_pct": 0.0,
      "trend": "\ud83d\udcc9 DOWN",
      "predictions": [
        129.1447,
        129.1449,
        129.1451,
        129.1453,
        129.1455,
        129.1457,
        129.1459,
        129.1461,
        129.1463,
        129.1465,
        129.1467,
        129.1469,
        129.1471,
        129.1473,
        129.1474,
        129.1476,
        129.1478,
        129.148,
        129.1481,
        129.1483,
        129.1484,
        129.1486,
        129.1487,
        129.1489
      ],
      "metrics": {
        "MAE": 0.001341,
        "RMSE": 0.006095,
        "MAPE": 0.001,
        "R2": 0.8878
      }
    },
    "USD_UGX": {
      "current": 3726.2528,
      "next_1h": 3725.7573,
      "next_24h": 3716.6119,
      "change_pct": -0.013,
      "trend": "\ud83d\udcc9 DOWN",
      "predictions": [
        3725.7573,
        3725.2688,
        3724.7871,
        3724.3122,
        3723.8439,
        3723.3826,
        3722.9313,
        3722.4898,
        3722.058,
        3721.6356,
        3721.2225,
        3720.8185,
        3720.4235,
        3720.0371,
        3719.6592,
        3719.2897,
        3718.9283,
        3718.5748,
        3718.2292,
        3717.8912,
        3717.5606,
        3717.2373,
        3716.9211,
        3716.6119
      ],
      "metrics": {
        "MAE": 1.119098,
        "RMSE": 3.20484,
        "MAPE": 0.03,
        "R2": 0.931
      }
    },
    "USD_EUR": {
      "current": 0.8497,
      "next_1h": 0.8498,
      "next_24h": 0.8506,
      "change_pct": 0.005,
      "trend": "\ud83d\udcc8 UP",
      "predictions": [
        0.8498,
        0.8498,
        0.8499,
        0.8499,
        0.85,
        0.85,
        0.85,
        0.8501,
        0.8501,
        0.8501,
        0.8502,
        0.8502,
        0.8503,
        0.8503,
        0.8503,
        0.8504,
        0.8504,
        0.8504,
        0.8505,
        0.8505,
        0.8505,
        0.8505,
        0.8506,
        0.8506
      ],
      "metrics": {
        "MAE": 0.000107,
        "RMSE": 0.000412,
        "MAPE": 0.0125,
        "R2": 0.9619
      }
    }
  },
  "crypto": {
    "BTC_USD": {
      "current": 80912.0,
      "next_1h": 80893.18,
      "next_24h": 79909.63,
      "change_pct": -0.023,
      "trend": "\ud83d\udcc9 DOWN",
      "predictions": [
        80893.18,
        80865.86,
        80802.24,
        80772.03,
        80711.64,
        80666.08,
        80620.85,
        80573.15,
        80528.51,
        80482.9,
        80438.46,
        80394.65,
        80351.19,
        80308.45,
        80266.17,
        80224.47,
        80183.31,
        80142.67,
        80102.56,
        80062.97,
        80023.88,
        79985.3,
        79947.22,
        79909.63
      ],
      "metrics": {
        "MAE": 211.414222,
        "RMSE": 299.351065,
        "MAPE": 0.2618,
        "R2": 0.8196
      }
    },
    "ETH_USD": {
      "current": 2317.96,
      "next_1h": 2316.53,
      "next_24h": 2311.79,
      "change_pct": -0.062,
      "trend": "\ud83d\udcc9 DOWN",
      "predictions": [
        2316.53,
        2316.27,
        2314.46,
        2314.47,
        2313.5,
        2313.17,
        2313.06,
        2312.77,
        2312.69,
        2312.55,
        2312.45,
        2312.38,
        2312.3,
        2312.24,
        2312.18,
        2312.13,
        2312.08,
        2312.03,
        2311.98,
        2311.94,
        2311.9,
        2311.86,
        2311.82,
        2311.79
      ],
      "metrics": {
        "MAE": 7.192887,
        "RMSE": 9.93471,
        "MAPE": 0.3072,
        "R2": 0.904
      }
    },
    "BNB_USD": {
      "current": 656.97,
      "next_1h": 656.58,
      "next_24h": 646.42,
      "change_pct": -0.059,
      "trend": "\ud83d\udcc9 DOWN",
      "predictions": [
        656.58,
        656.28,
        655.95,
        655.48,
        655.01,
        654.5,
        653.99,
        653.49,
        652.99,
        652.5,
        652.02,
        651.54,
        651.07,
        650.61,
        650.16,
        649.71,
        649.27,
        648.85,
        648.42,
        648.01,
        647.6,
        647.2,
        646.81,
        646.42
      ],
      "metrics": {
        "MAE": 1.801585,
        "RMSE": 2.524932,
        "MAPE": 0.2794,
        "R2": 0.9413
      }
    }
  }
}