{
  "generated_at": "2026-07-03 08:30:15",
  "exchange_rates": {
    "USD_TZS": {
      "current": 2621.5058,
      "next_1h": 2621.261,
      "next_24h": 2616.9922,
      "change_pct": -0.009,
      "trend": "\ud83d\udcc9 DOWN",
      "predictions": [
        2621.261,
        2621.0187,
        2620.7787,
        2620.5627,
        2620.3488,
        2620.1371,
        2619.9298,
        2619.7268,
        2619.5282,
        2619.3335,
        2619.1429,
        2618.9561,
        2618.7732,
        2618.594,
        2618.4185,
        2618.2466,
        2618.0782,
        2617.9133,
        2617.7517,
        2617.5935,
        2617.4385,
        2617.2866,
        2617.1379,
        2616.9922
      ],
      "metrics": {
        "MAE": 0.768572,
        "RMSE": 2.995152,
        "MAPE": 0.0293,
        "R2": 0.8835
      }
    },
    "USD_KES": {
      "current": 129.2535,
      "next_1h": 129.2564,
      "next_24h": 129.3201,
      "change_pct": 0.002,
      "trend": "\ud83d\udcc8 UP",
      "predictions": [
        129.2564,
        129.2593,
        129.2621,
        129.2653,
        129.2686,
        129.2717,
        129.2749,
        129.2779,
        129.2809,
        129.2839,
        129.2868,
        129.2897,
        129.2925,
        129.2952,
        129.2979,
        129.3006,
        129.3032,
        129.3057,
        129.3082,
        129.3107,
        129.3131,
        129.3155,
        129.3178,
        129.3201
      ],
      "metrics": {
        "MAE": 0.005339,
        "RMSE": 0.02226,
        "MAPE": 0.0041,
        "R2": 0.9068
      }
    },
    "USD_UGX": {
      "current": 3644.8929,
      "next_1h": 3644.812,
      "next_24h": 3642.7121,
      "change_pct": -0.002,
      "trend": "\ud83d\udcc9 DOWN",
      "predictions": [
        3644.812,
        3644.7312,
        3644.6505,
        3644.5572,
        3644.4641,
        3644.3711,
        3644.2782,
        3644.1855,
        3644.0928,
        3644.0002,
        3643.9076,
        3643.8152,
        3643.7228,
        3643.6305,
        3643.5383,
        3643.4462,
        3643.3542,
        3643.2622,
        3643.1703,
        3643.0785,
        3642.9868,
        3642.8952,
        3642.8036,
        3642.7121
      ],
      "metrics": {
        "MAE": 1.01706,
        "RMSE": 4.288487,
        "MAPE": 0.0278,
        "R2": 0.8923
      }
    },
    "USD_EUR": {
      "current": 0.8754,
      "next_1h": 0.8754,
      "next_24h": 0.877,
      "change_pct": 0.01,
      "trend": "\ud83d\udcc8 UP",
      "predictions": [
        0.8754,
        0.8755,
        0.8756,
        0.8757,
        0.8757,
        0.8758,
        0.8759,
        0.8759,
        0.876,
        0.876,
        0.8761,
        0.8762,
        0.8762,
        0.8763,
        0.8764,
        0.8764,
        0.8765,
        0.8766,
        0.8766,
        0.8767,
        0.8768,
        0.8768,
        0.8769,
        0.877
      ],
      "metrics": {
        "MAE": 0.000164,
        "RMSE": 0.000477,
        "MAPE": 0.0187,
        "R2": 0.9018
      }
    }
  },
  "crypto": {
    "BTC_USD": {
      "current": 61760.0,
      "next_1h": 61744.71,
      "next_24h": 61539.36,
      "change_pct": -0.025,
      "trend": "\ud83d\udcc9 DOWN",
      "predictions": [
        61744.71,
        61690.14,
        61669.61,
        61683.86,
        61708.79,
        61694.74,
        61678.75,
        61670.39,
        61665.58,
        61659.29,
        61649.55,
        61640.17,
        61631.88,
        61623.8,
        61615.38,
        61606.7,
        61598.15,
        61589.74,
        61581.33,
        61572.9,
        61564.47,
        61556.07,
        61547.71,
        61539.36
      ],
      "metrics": {
        "MAE": 275.19469,
        "RMSE": 410.035698,
        "MAPE": 0.459,
        "R2": 0.7439
      }
    },
    "ETH_USD": {
      "current": 1717.22,
      "next_1h": 1715.6,
      "next_24h": 1706.89,
      "change_pct": -0.094,
      "trend": "\ud83d\udcc9 DOWN",
      "predictions": [
        1715.6,
        1714.46,
        1714.35,
        1714.61,
        1713.82,
        1713.4,
        1713.09,
        1712.74,
        1712.33,
        1711.97,
        1711.61,
        1711.24,
        1710.87,
        1710.5,
        1710.14,
        1709.77,
        1709.41,
        1709.04,
        1708.68,
        1708.32,
        1707.96,
        1707.6,
        1707.24,
        1706.89
      ],
      "metrics": {
        "MAE": 8.796003,
        "RMSE": 13.629918,
        "MAPE": 0.5511,
        "R2": 0.8563
      }
    },
    "BNB_USD": {
      "current": 561.47,
      "next_1h": 561.61,
      "next_24h": 565.66,
      "change_pct": 0.025,
      "trend": "\ud83d\udcc8 UP",
      "predictions": [
        561.61,
        561.95,
        562.25,
        562.46,
        562.61,
        562.79,
        562.96,
        563.13,
        563.29,
        563.45,
        563.62,
        563.78,
        563.94,
        564.1,
        564.26,
        564.42,
        564.57,
        564.73,
        564.89,
        565.04,
        565.2,
        565.35,
        565.5,
        565.66
      ],
      "metrics": {
        "MAE": 2.227361,
        "RMSE": 3.260896,
        "MAPE": 0.4006,
        "R2": 0.7809
      }
    }
  }
}