{
  "generated_at": "2026-05-09 19:31:15",
  "exchange_rates": {
    "USD_TZS": {
      "current": 2599.6294,
      "next_1h": 2599.7138,
      "next_24h": 2600.815,
      "change_pct": 0.003,
      "trend": "\ud83d\udcc8 UP",
      "predictions": [
        2599.7138,
        2599.7958,
        2599.8755,
        2599.953,
        2600.0282,
        2600.1013,
        2600.1697,
        2600.2337,
        2600.2935,
        2600.3492,
        2600.401,
        2600.4491,
        2600.4937,
        2600.5351,
        2600.5735,
        2600.6092,
        2600.6422,
        2600.6728,
        2600.7012,
        2600.7276,
        2600.752,
        2600.7746,
        2600.7956,
        2600.815
      ],
      "metrics": {
        "MAE": 0.779031,
        "RMSE": 2.670638,
        "MAPE": 0.03,
        "R2": 0.9135
      }
    },
    "USD_KES": {
      "current": 129.1807,
      "next_1h": 129.1803,
      "next_24h": 129.1725,
      "change_pct": 0.0,
      "trend": "\ud83d\udcc9 DOWN",
      "predictions": [
        129.1803,
        129.1799,
        129.1795,
        129.1792,
        129.1788,
        129.1784,
        129.1781,
        129.1777,
        129.1774,
        129.177,
        129.1767,
        129.1764,
        129.176,
        129.1757,
        129.1754,
        129.175,
        129.1747,
        129.1744,
        129.1741,
        129.1738,
        129.1735,
        129.1731,
        129.1728,
        129.1725
      ],
      "metrics": {
        "MAE": 0.001252,
        "RMSE": 0.006008,
        "MAPE": 0.001,
        "R2": 0.9204
      }
    },
    "USD_UGX": {
      "current": 3720.7838,
      "next_1h": 3720.5184,
      "next_24h": 3715.3163,
      "change_pct": -0.007,
      "trend": "\ud83d\udcc9 DOWN",
      "predictions": [
        3720.5184,
        3720.2555,
        3719.9952,
        3719.7373,
        3719.4822,
        3719.2299,
        3718.9815,
        3718.7371,
        3718.4965,
        3718.2598,
        3718.0268,
        3717.7976,
        3717.572,
        3717.35,
        3717.1316,
        3716.9166,
        3716.7051,
        3716.497,
        3716.2922,
        3716.0907,
        3715.8924,
        3715.6973,
        3715.5052,
        3715.3163
      ],
      "metrics": {
        "MAE": 0.952014,
        "RMSE": 3.161984,
        "MAPE": 0.0255,
        "R2": 0.9203
      }
    },
    "USD_EUR": {
      "current": 0.8492,
      "next_1h": 0.8493,
      "next_24h": 0.8499,
      "change_pct": 0.004,
      "trend": "\ud83d\udcc8 UP",
      "predictions": [
        0.8493,
        0.8493,
        0.8493,
        0.8493,
        0.8494,
        0.8494,
        0.8494,
        0.8495,
        0.8495,
        0.8495,
        0.8496,
        0.8496,
        0.8496,
        0.8496,
        0.8497,
        0.8497,
        0.8497,
        0.8497,
        0.8498,
        0.8498,
        0.8498,
        0.8498,
        0.8499,
        0.8499
      ],
      "metrics": {
        "MAE": 9e-05,
        "RMSE": 0.000414,
        "MAPE": 0.0106,
        "R2": 0.9443
      }
    }
  },
  "crypto": {
    "BTC_USD": {
      "current": 80804.0,
      "next_1h": 80799.24,
      "next_24h": 80079.93,
      "change_pct": -0.006,
      "trend": "\ud83d\udcc9 DOWN",
      "predictions": [
        80799.24,
        80781.1,
        80736.21,
        80714.67,
        80675.01,
        80642.16,
        80609.53,
        80575.41,
        80542.92,
        80509.95,
        80477.47,
        80445.31,
        80413.33,
        80381.7,
        80350.31,
        80319.2,
        80288.37,
        80257.8,
        80227.5,
        80197.47,
        80167.69,
        80138.18,
        80108.93,
        80079.93
      ],
      "metrics": {
        "MAE": 203.795856,
        "RMSE": 304.669742,
        "MAPE": 0.2538,
        "R2": 0.9156
      }
    },
    "ETH_USD": {
      "current": 2327.88,
      "next_1h": 2327.97,
      "next_24h": 2316.32,
      "change_pct": 0.004,
      "trend": "\ud83d\udcc8 UP",
      "predictions": [
        2327.97,
        2328.04,
        2326.82,
        2326.9,
        2325.89,
        2325.29,
        2324.76,
        2324.09,
        2323.56,
        2322.97,
        2322.41,
        2321.88,
        2321.35,
        2320.83,
        2320.33,
        2319.84,
        2319.36,
        2318.89,
        2318.44,
        2317.99,
        2317.56,
        2317.14,
        2316.72,
        2316.32
      ],
      "metrics": {
        "MAE": 7.174965,
        "RMSE": 10.84802,
        "MAPE": 0.3064,
        "R2": 0.8936
      }
    },
    "BNB_USD": {
      "current": 650.65,
      "next_1h": 650.27,
      "next_24h": 642.54,
      "change_pct": -0.058,
      "trend": "\ud83d\udcc9 DOWN",
      "predictions": [
        650.27,
        650.11,
        649.67,
        649.36,
        648.97,
        648.58,
        648.22,
        647.84,
        647.47,
        647.11,
        646.75,
        646.4,
        646.05,
        645.71,
        645.37,
        645.04,
        644.71,
        644.38,
        644.07,
        643.75,
        643.44,
        643.14,
        642.84,
        642.54
      ],
      "metrics": {
        "MAE": 1.549222,
        "RMSE": 2.313871,
        "MAPE": 0.243,
        "R2": 0.9625
      }
    }
  }
}