{
  "generated_at": "2026-07-18 07:13:09",
  "exchange_rates": {
    "USD_TZS": {
      "current": 2629.0886,
      "next_1h": 2628.7262,
      "next_24h": 2622.5821,
      "change_pct": -0.014,
      "trend": "\ud83d\udcc9 DOWN",
      "predictions": [
        2628.7262,
        2628.3712,
        2628.0236,
        2627.683,
        2627.3494,
        2627.0227,
        2626.7059,
        2626.3985,
        2626.1006,
        2625.8116,
        2625.5315,
        2625.2599,
        2624.9967,
        2624.7415,
        2624.4941,
        2624.2543,
        2624.0218,
        2623.7965,
        2623.578,
        2623.3663,
        2623.161,
        2622.962,
        2622.7691,
        2622.5821
      ],
      "metrics": {
        "MAE": 0.554299,
        "RMSE": 2.143447,
        "MAPE": 0.0212,
        "R2": 0.9495
      }
    },
    "USD_KES": {
      "current": 129.3268,
      "next_1h": 129.3276,
      "next_24h": 129.3451,
      "change_pct": 0.001,
      "trend": "\ud83d\udcc8 UP",
      "predictions": [
        129.3276,
        129.3285,
        129.3293,
        129.3301,
        129.331,
        129.3318,
        129.3326,
        129.3334,
        129.3342,
        129.335,
        129.3358,
        129.3366,
        129.3373,
        129.3381,
        129.3388,
        129.3396,
        129.3403,
        129.341,
        129.3417,
        129.3424,
        129.3431,
        129.3438,
        129.3444,
        129.3451
      ],
      "metrics": {
        "MAE": 0.004334,
        "RMSE": 0.015271,
        "MAPE": 0.0034,
        "R2": 0.9537
      }
    },
    "USD_UGX": {
      "current": 3669.5216,
      "next_1h": 3669.5261,
      "next_24h": 3669.6247,
      "change_pct": 0.0,
      "trend": "\ud83d\udcc9 DOWN",
      "predictions": [
        3669.5261,
        3669.5305,
        3669.5349,
        3669.5393,
        3669.5437,
        3669.5481,
        3669.5525,
        3669.5568,
        3669.5612,
        3669.5655,
        3669.5698,
        3669.5741,
        3669.5784,
        3669.5827,
        3669.5869,
        3669.5912,
        3669.5954,
        3669.5996,
        3669.6039,
        3669.608,
        3669.6122,
        3669.6164,
        3669.6205,
        3669.6247
      ],
      "metrics": {
        "MAE": 0.414899,
        "RMSE": 2.142796,
        "MAPE": 0.0113,
        "R2": 0.9585
      }
    },
    "USD_EUR": {
      "current": 0.8744,
      "next_1h": 0.8745,
      "next_24h": 0.8746,
      "change_pct": 0.001,
      "trend": "\ud83d\udcc8 UP",
      "predictions": [
        0.8745,
        0.8745,
        0.8745,
        0.8745,
        0.8745,
        0.8745,
        0.8745,
        0.8745,
        0.8745,
        0.8745,
        0.8745,
        0.8745,
        0.8746,
        0.8746,
        0.8746,
        0.8746,
        0.8746,
        0.8746,
        0.8746,
        0.8746,
        0.8746,
        0.8746,
        0.8746,
        0.8746
      ],
      "metrics": {
        "MAE": 5.2e-05,
        "RMSE": 0.000261,
        "MAPE": 0.006,
        "R2": 0.9605
      }
    }
  },
  "crypto": {
    "BTC_USD": {
      "current": 63957.0,
      "next_1h": 63947.03,
      "next_24h": 63762.81,
      "change_pct": -0.016,
      "trend": "\ud83d\udcc9 DOWN",
      "predictions": [
        63947.03,
        63936.54,
        63927.06,
        63919.69,
        63912.87,
        63904.52,
        63896.13,
        63887.92,
        63879.89,
        63871.87,
        63863.83,
        63855.83,
        63847.87,
        63839.96,
        63832.08,
        63824.24,
        63816.43,
        63808.66,
        63800.93,
        63793.23,
        63785.57,
        63777.95,
        63770.36,
        63762.81
      ],
      "metrics": {
        "MAE": 118.482972,
        "RMSE": 167.623709,
        "MAPE": 0.1859,
        "R2": 0.9674
      }
    },
    "ETH_USD": {
      "current": 1842.69,
      "next_1h": 1842.06,
      "next_24h": 1827.55,
      "change_pct": -0.034,
      "trend": "\ud83d\udcc9 DOWN",
      "predictions": [
        1842.06,
        1841.34,
        1840.69,
        1840.02,
        1839.37,
        1838.72,
        1838.07,
        1837.43,
        1836.79,
        1836.15,
        1835.51,
        1834.88,
        1834.25,
        1833.63,
        1833.0,
        1832.39,
        1831.77,
        1831.16,
        1830.55,
        1829.94,
        1829.34,
        1828.74,
        1828.14,
        1827.55
      ],
      "metrics": {
        "MAE": 4.866729,
        "RMSE": 7.28439,
        "MAPE": 0.2634,
        "R2": 0.979
      }
    },
    "BNB_USD": {
      "current": 567.07,
      "next_1h": 567.13,
      "next_24h": 568.28,
      "change_pct": 0.011,
      "trend": "\ud83d\udcc8 UP",
      "predictions": [
        567.13,
        567.2,
        567.24,
        567.29,
        567.34,
        567.39,
        567.45,
        567.5,
        567.55,
        567.6,
        567.65,
        567.7,
        567.75,
        567.8,
        567.85,
        567.9,
        567.95,
        568.0,
        568.04,
        568.09,
        568.14,
        568.19,
        568.24,
        568.28
      ],
      "metrics": {
        "MAE": 0.905695,
        "RMSE": 1.28362,
        "MAPE": 0.1581,
        "R2": 0.9592
      }
    }
  }
}