{
  "generated_at": "2026-05-25 15:12:23",
  "exchange_rates": {
    "USD_TZS": {
      "current": 2606.4229,
      "next_1h": 2606.0943,
      "next_24h": 2601.9114,
      "change_pct": -0.013,
      "trend": "\ud83d\udcc9 DOWN",
      "predictions": [
        2606.0943,
        2605.7757,
        2605.467,
        2605.1677,
        2604.8777,
        2604.5965,
        2604.3341,
        2604.0893,
        2603.8615,
        2603.6497,
        2603.4533,
        2603.2715,
        2603.1033,
        2602.9476,
        2602.8037,
        2602.6706,
        2602.5476,
        2602.4339,
        2602.3288,
        2602.2317,
        2602.1419,
        2602.059,
        2601.9823,
        2601.9114
      ],
      "metrics": {
        "MAE": 1.345323,
        "RMSE": 3.482055,
        "MAPE": 0.052,
        "R2": 0.8983
      }
    },
    "USD_KES": {
      "current": 129.7613,
      "next_1h": 129.7457,
      "next_24h": 129.4664,
      "change_pct": -0.012,
      "trend": "\ud83d\udcc9 DOWN",
      "predictions": [
        129.7457,
        129.7303,
        129.7151,
        129.7001,
        129.6853,
        129.6707,
        129.6564,
        129.6426,
        129.6291,
        129.616,
        129.6032,
        129.5908,
        129.5788,
        129.5671,
        129.5557,
        129.5446,
        129.5339,
        129.5234,
        129.5132,
        129.5033,
        129.4937,
        129.4844,
        129.4753,
        129.4664
      ],
      "metrics": {
        "MAE": 0.01231,
        "RMSE": 0.029569,
        "MAPE": 0.0095,
        "R2": 0.9697
      }
    },
    "USD_UGX": {
      "current": 3774.1527,
      "next_1h": 3773.5227,
      "next_24h": 3760.5558,
      "change_pct": -0.017,
      "trend": "\ud83d\udcc9 DOWN",
      "predictions": [
        3773.5227,
        3772.8966,
        3772.2747,
        3771.6567,
        3771.0427,
        3770.4327,
        3769.8295,
        3769.233,
        3768.6433,
        3768.0602,
        3767.4836,
        3766.9136,
        3766.35,
        3765.7928,
        3765.2419,
        3764.6972,
        3764.1587,
        3763.6263,
        3763.0999,
        3762.5794,
        3762.0649,
        3761.5561,
        3761.0531,
        3760.5558
      ],
      "metrics": {
        "MAE": 0.801614,
        "RMSE": 2.943037,
        "MAPE": 0.0214,
        "R2": 0.9639
      }
    },
    "USD_EUR": {
      "current": 0.8599,
      "next_1h": 0.8598,
      "next_24h": 0.8591,
      "change_pct": -0.004,
      "trend": "\ud83d\udcc9 DOWN",
      "predictions": [
        0.8598,
        0.8598,
        0.8598,
        0.8597,
        0.8597,
        0.8597,
        0.8596,
        0.8596,
        0.8596,
        0.8595,
        0.8595,
        0.8595,
        0.8594,
        0.8594,
        0.8594,
        0.8593,
        0.8593,
        0.8593,
        0.8592,
        0.8592,
        0.8592,
        0.8591,
        0.8591,
        0.8591
      ],
      "metrics": {
        "MAE": 0.000103,
        "RMSE": 0.000353,
        "MAPE": 0.012,
        "R2": 0.897
      }
    }
  },
  "crypto": {
    "BTC_USD": {
      "current": 77713.0,
      "next_1h": 77692.38,
      "next_24h": 77950.37,
      "change_pct": -0.027,
      "trend": "\ud83d\udcc9 DOWN",
      "predictions": [
        77692.38,
        77703.63,
        77719.51,
        77726.32,
        77735.8,
        77748.75,
        77760.94,
        77773.1,
        77785.16,
        77797.02,
        77808.74,
        77820.33,
        77831.81,
        77843.17,
        77854.4,
        77865.52,
        77876.53,
        77887.41,
        77898.19,
        77908.85,
        77919.39,
        77929.83,
        77940.16,
        77950.37
      ],
      "metrics": {
        "MAE": 185.081563,
        "RMSE": 261.935112,
        "MAPE": 0.2408,
        "R2": 0.9093
      }
    },
    "ETH_USD": {
      "current": 2130.71,
      "next_1h": 2133.4,
      "next_24h": 2188.07,
      "change_pct": 0.126,
      "trend": "\ud83d\udcc8 UP",
      "predictions": [
        2133.4,
        2136.64,
        2139.3,
        2141.61,
        2144.34,
        2147.03,
        2149.69,
        2152.31,
        2154.86,
        2157.36,
        2159.82,
        2162.24,
        2164.61,
        2166.94,
        2169.23,
        2171.48,
        2173.69,
        2175.85,
        2177.98,
        2180.07,
        2182.13,
        2184.14,
        2186.12,
        2188.07
      ],
      "metrics": {
        "MAE": 7.761028,
        "RMSE": 11.618228,
        "MAPE": 0.3674,
        "R2": 0.9057
      }
    },
    "BNB_USD": {
      "current": 670.57,
      "next_1h": 669.6,
      "next_24h": 666.29,
      "change_pct": -0.145,
      "trend": "\ud83d\udcc9 DOWN",
      "predictions": [
        669.6,
        669.39,
        669.47,
        669.31,
        669.11,
        668.96,
        668.81,
        668.65,
        668.49,
        668.34,
        668.19,
        668.04,
        667.88,
        667.74,
        667.59,
        667.44,
        667.29,
        667.15,
        667.0,
        666.86,
        666.71,
        666.57,
        666.43,
        666.29
      ],
      "metrics": {
        "MAE": 1.790234,
        "RMSE": 2.486898,
        "MAPE": 0.2751,
        "R2": 0.88
      }
    }
  }
}