{
  "generated_at": "2026-07-10 06:43:17",
  "exchange_rates": {
    "USD_TZS": {
      "current": 2624.3773,
      "next_1h": 2624.0633,
      "next_24h": 2618.906,
      "change_pct": -0.012,
      "trend": "\ud83d\udcc9 DOWN",
      "predictions": [
        2624.0633,
        2623.7561,
        2623.4556,
        2623.1617,
        2622.8743,
        2622.5932,
        2622.3216,
        2622.0592,
        2621.8059,
        2621.5612,
        2621.325,
        2621.097,
        2620.8768,
        2620.6644,
        2620.4593,
        2620.2613,
        2620.0702,
        2619.8858,
        2619.7077,
        2619.5358,
        2619.3699,
        2619.2098,
        2619.0552,
        2618.906
      ],
      "metrics": {
        "MAE": 0.402025,
        "RMSE": 0.703539,
        "MAPE": 0.0153,
        "R2": 0.8718
      }
    },
    "USD_KES": {
      "current": 129.1614,
      "next_1h": 129.1661,
      "next_24h": 129.2582,
      "change_pct": 0.004,
      "trend": "\ud83d\udcc8 UP",
      "predictions": [
        129.1661,
        129.1708,
        129.1754,
        129.18,
        129.1845,
        129.1891,
        129.1935,
        129.1979,
        129.2022,
        129.2064,
        129.2105,
        129.2146,
        129.2186,
        129.2225,
        129.2264,
        129.2302,
        129.2339,
        129.2376,
        129.2412,
        129.2447,
        129.2482,
        129.2516,
        129.255,
        129.2582
      ],
      "metrics": {
        "MAE": 0.00667,
        "RMSE": 0.021543,
        "MAPE": 0.0052,
        "R2": 0.956
      }
    },
    "USD_UGX": {
      "current": 3670.526,
      "next_1h": 3670.4927,
      "next_24h": 3669.747,
      "change_pct": -0.001,
      "trend": "\ud83d\udcc9 DOWN",
      "predictions": [
        3670.4927,
        3670.4595,
        3670.4263,
        3670.3932,
        3670.3602,
        3670.3272,
        3670.2943,
        3670.2615,
        3670.2287,
        3670.1961,
        3670.1635,
        3670.131,
        3670.0986,
        3670.0662,
        3670.0339,
        3670.0017,
        3669.9696,
        3669.9376,
        3669.9056,
        3669.8737,
        3669.8419,
        3669.8102,
        3669.7785,
        3669.747
      ],
      "metrics": {
        "MAE": 0.95701,
        "RMSE": 4.13564,
        "MAPE": 0.0262,
        "R2": 0.8659
      }
    },
    "USD_EUR": {
      "current": 0.8748,
      "next_1h": 0.8748,
      "next_24h": 0.8751,
      "change_pct": 0.002,
      "trend": "\ud83d\udcc8 UP",
      "predictions": [
        0.8748,
        0.8748,
        0.8749,
        0.8749,
        0.8749,
        0.8749,
        0.8749,
        0.8749,
        0.8749,
        0.8749,
        0.875,
        0.875,
        0.875,
        0.875,
        0.875,
        0.875,
        0.875,
        0.8751,
        0.8751,
        0.8751,
        0.8751,
        0.8751,
        0.8751,
        0.8751
      ],
      "metrics": {
        "MAE": 7.2e-05,
        "RMSE": 0.000324,
        "MAPE": 0.0082,
        "R2": 0.904
      }
    }
  },
  "crypto": {
    "BTC_USD": {
      "current": 63861.0,
      "next_1h": 63852.78,
      "next_24h": 63581.96,
      "change_pct": -0.013,
      "trend": "\ud83d\udcc9 DOWN",
      "predictions": [
        63852.78,
        63850.0,
        63842.26,
        63826.29,
        63809.36,
        63797.37,
        63785.65,
        63773.38,
        63760.82,
        63748.39,
        63736.2,
        63724.06,
        63711.93,
        63699.85,
        63687.82,
        63675.86,
        63663.94,
        63652.08,
        63640.26,
        63628.5,
        63616.79,
        63605.13,
        63593.52,
        63581.96
      ],
      "metrics": {
        "MAE": 154.721143,
        "RMSE": 245.82967,
        "MAPE": 0.2454,
        "R2": 0.871
      }
    },
    "ETH_USD": {
      "current": 1771.64,
      "next_1h": 1771.09,
      "next_24h": 1760.73,
      "change_pct": -0.031,
      "trend": "\ud83d\udcc9 DOWN",
      "predictions": [
        1771.09,
        1770.98,
        1770.42,
        1769.78,
        1769.42,
        1768.96,
        1768.47,
        1767.99,
        1767.53,
        1767.06,
        1766.59,
        1766.12,
        1765.66,
        1765.2,
        1764.74,
        1764.29,
        1763.84,
        1763.39,
        1762.94,
        1762.49,
        1762.05,
        1761.61,
        1761.17,
        1760.73
      ],
      "metrics": {
        "MAE": 4.974918,
        "RMSE": 7.57829,
        "MAPE": 0.282,
        "R2": 0.89
      }
    },
    "BNB_USD": {
      "current": 575.83,
      "next_1h": 575.89,
      "next_24h": 576.88,
      "change_pct": 0.011,
      "trend": "\ud83d\udcc8 UP",
      "predictions": [
        575.89,
        575.99,
        575.98,
        576.01,
        576.07,
        576.12,
        576.16,
        576.2,
        576.25,
        576.29,
        576.33,
        576.38,
        576.42,
        576.46,
        576.51,
        576.55,
        576.59,
        576.63,
        576.68,
        576.72,
        576.76,
        576.8,
        576.84,
        576.88
      ],
      "metrics": {
        "MAE": 1.147358,
        "RMSE": 1.71072,
        "MAPE": 0.1998,
        "R2": 0.9461
      }
    }
  }
}