{
  "generated_at": "2026-07-15 14:13:09",
  "exchange_rates": {
    "USD_TZS": {
      "current": 2605.8011,
      "next_1h": 2606.11,
      "next_24h": 2611.279,
      "change_pct": 0.012,
      "trend": "\ud83d\udcc8 UP",
      "predictions": [
        2606.11,
        2606.4123,
        2606.7081,
        2606.9976,
        2607.281,
        2607.5583,
        2607.8268,
        2608.0869,
        2608.3388,
        2608.5826,
        2608.8186,
        2609.0471,
        2609.2682,
        2609.4822,
        2609.6894,
        2609.8899,
        2610.084,
        2610.2719,
        2610.4537,
        2610.6297,
        2610.8,
        2610.9649,
        2611.1245,
        2611.279
      ],
      "metrics": {
        "MAE": 0.487546,
        "RMSE": 1.882899,
        "MAPE": 0.0186,
        "R2": 0.9523
      }
    },
    "USD_KES": {
      "current": 129.2468,
      "next_1h": 129.2487,
      "next_24h": 129.289,
      "change_pct": 0.002,
      "trend": "\ud83d\udcc8 UP",
      "predictions": [
        129.2487,
        129.2507,
        129.2526,
        129.2546,
        129.2565,
        129.2584,
        129.2603,
        129.2622,
        129.264,
        129.2658,
        129.2676,
        129.2694,
        129.2712,
        129.2729,
        129.2746,
        129.2763,
        129.2779,
        129.2796,
        129.2812,
        129.2828,
        129.2844,
        129.2859,
        129.2874,
        129.289
      ],
      "metrics": {
        "MAE": 0.004803,
        "RMSE": 0.015122,
        "MAPE": 0.0037,
        "R2": 0.9031
      }
    },
    "USD_UGX": {
      "current": 3673.063,
      "next_1h": 3673.0654,
      "next_24h": 3673.1174,
      "change_pct": 0.0,
      "trend": "\ud83d\udcc9 DOWN",
      "predictions": [
        3673.0654,
        3673.0677,
        3673.07,
        3673.0723,
        3673.0747,
        3673.077,
        3673.0793,
        3673.0816,
        3673.0839,
        3673.0862,
        3673.0884,
        3673.0907,
        3673.093,
        3673.0952,
        3673.0975,
        3673.0997,
        3673.1019,
        3673.1042,
        3673.1064,
        3673.1086,
        3673.1108,
        3673.113,
        3673.1152,
        3673.1174
      ],
      "metrics": {
        "MAE": 0.546946,
        "RMSE": 2.970117,
        "MAPE": 0.015,
        "R2": 0.9193
      }
    },
    "USD_EUR": {
      "current": 0.8758,
      "next_1h": 0.8758,
      "next_24h": 0.8758,
      "change_pct": 0.0,
      "trend": "\ud83d\udcc9 DOWN",
      "predictions": [
        0.8758,
        0.8758,
        0.8758,
        0.8758,
        0.8758,
        0.8758,
        0.8758,
        0.8758,
        0.8758,
        0.8758,
        0.8758,
        0.8758,
        0.8758,
        0.8758,
        0.8758,
        0.8758,
        0.8758,
        0.8758,
        0.8758,
        0.8758,
        0.8758,
        0.8758,
        0.8758,
        0.8758
      ],
      "metrics": {
        "MAE": 4.1e-05,
        "RMSE": 0.000215,
        "MAPE": 0.0047,
        "R2": 0.9262
      }
    }
  },
  "crypto": {
    "BTC_USD": {
      "current": 65283.0,
      "next_1h": 65247.53,
      "next_24h": 64936.2,
      "change_pct": -0.054,
      "trend": "\ud83d\udcc9 DOWN",
      "predictions": [
        65247.53,
        65242.61,
        65243.14,
        65228.06,
        65212.09,
        65195.93,
        65181.47,
        65167.03,
        65152.07,
        65137.11,
        65122.28,
        65107.6,
        65092.97,
        65078.38,
        65063.85,
        65049.4,
        65035.02,
        65020.71,
        65006.46,
        64992.28,
        64978.16,
        64964.11,
        64950.12,
        64936.2
      ],
      "metrics": {
        "MAE": 102.716917,
        "RMSE": 146.255664,
        "MAPE": 0.1613,
        "R2": 0.9706
      }
    },
    "ETH_USD": {
      "current": 1930.9,
      "next_1h": 1929.49,
      "next_24h": 1903.24,
      "change_pct": -0.073,
      "trend": "\ud83d\udcc9 DOWN",
      "predictions": [
        1929.49,
        1929.04,
        1926.99,
        1925.78,
        1924.64,
        1923.48,
        1922.27,
        1921.12,
        1919.96,
        1918.8,
        1917.65,
        1916.51,
        1915.37,
        1914.24,
        1913.11,
        1911.99,
        1910.88,
        1909.77,
        1908.67,
        1907.57,
        1906.48,
        1905.39,
        1904.31,
        1903.24
      ],
      "metrics": {
        "MAE": 4.44812,
        "RMSE": 7.360988,
        "MAPE": 0.2441,
        "R2": 0.9641
      }
    },
    "BNB_USD": {
      "current": 582.74,
      "next_1h": 582.75,
      "next_24h": 582.43,
      "change_pct": 0.002,
      "trend": "\ud83d\udcc8 UP",
      "predictions": [
        582.75,
        582.84,
        582.8,
        582.76,
        582.75,
        582.73,
        582.71,
        582.7,
        582.68,
        582.66,
        582.64,
        582.63,
        582.61,
        582.59,
        582.58,
        582.56,
        582.54,
        582.53,
        582.51,
        582.49,
        582.48,
        582.46,
        582.44,
        582.43
      ],
      "metrics": {
        "MAE": 0.812947,
        "RMSE": 1.210202,
        "MAPE": 0.1414,
        "R2": 0.9472
      }
    }
  }
}