{
  "generated_at": "2026-04-25 05:42:21",
  "exchange_rates": {
    "USD_TZS": {
      "current": 2610.733,
      "next_1h": 2610.7278,
      "next_24h": 2607.0141,
      "change_pct": 0.0,
      "trend": "\ud83d\udcc9 DOWN",
      "predictions": [
        2610.7278,
        2610.5505,
        2610.3742,
        2610.1989,
        2610.0245,
        2609.851,
        2609.6784,
        2609.5077,
        2609.3388,
        2609.1718,
        2609.0065,
        2608.843,
        2608.6813,
        2608.5214,
        2608.3631,
        2608.2066,
        2608.0518,
        2607.8987,
        2607.7472,
        2607.5974,
        2607.4492,
        2607.3025,
        2607.1575,
        2607.0141
      ],
      "metrics": {
        "MAE": 0.649939,
        "RMSE": 3.822557,
        "MAPE": 0.025,
        "R2": 0.8451
      }
    },
    "USD_KES": {
      "current": 129.2685,
      "next_1h": 129.2687,
      "next_24h": 129.2712,
      "change_pct": 0.0,
      "trend": "\ud83d\udcc9 DOWN",
      "predictions": [
        129.2687,
        129.2689,
        129.269,
        129.2691,
        129.2692,
        129.2693,
        129.2694,
        129.2695,
        129.2696,
        129.2697,
        129.2698,
        129.27,
        129.2701,
        129.2702,
        129.2703,
        129.2704,
        129.2705,
        129.2706,
        129.2707,
        129.2708,
        129.2709,
        129.271,
        129.2711,
        129.2712
      ],
      "metrics": {
        "MAE": 0.00376,
        "RMSE": 0.01782,
        "MAPE": 0.0029,
        "R2": 0.8647
      }
    },
    "USD_UGX": {
      "current": 3700.8354,
      "next_1h": 3701.1312,
      "next_24h": 3705.3848,
      "change_pct": 0.008,
      "trend": "\ud83d\udcc8 UP",
      "predictions": [
        3701.1312,
        3701.3428,
        3701.5523,
        3701.7596,
        3701.9649,
        3702.168,
        3702.3682,
        3702.5656,
        3702.7604,
        3702.9526,
        3703.1421,
        3703.3291,
        3703.5136,
        3703.6955,
        3703.875,
        3704.0521,
        3704.2267,
        3704.399,
        3704.569,
        3704.7366,
        3704.902,
        3705.0651,
        3705.2261,
        3705.3848
      ],
      "metrics": {
        "MAE": 0.763791,
        "RMSE": 3.128332,
        "MAPE": 0.0207,
        "R2": 0.8565
      }
    },
    "USD_EUR": {
      "current": 0.854,
      "next_1h": 0.8539,
      "next_24h": 0.8534,
      "change_pct": -0.002,
      "trend": "\ud83d\udcc9 DOWN",
      "predictions": [
        0.8539,
        0.8539,
        0.8539,
        0.8539,
        0.8538,
        0.8538,
        0.8538,
        0.8538,
        0.8538,
        0.8537,
        0.8537,
        0.8537,
        0.8537,
        0.8537,
        0.8536,
        0.8536,
        0.8536,
        0.8536,
        0.8536,
        0.8535,
        0.8535,
        0.8535,
        0.8535,
        0.8534
      ],
      "metrics": {
        "MAE": 0.000108,
        "RMSE": 0.000426,
        "MAPE": 0.0126,
        "R2": 0.9663
      }
    }
  },
  "crypto": {
    "BTC_USD": {
      "current": 77561.0,
      "next_1h": 77552.62,
      "next_24h": 77449.8,
      "change_pct": -0.011,
      "trend": "\ud83d\udcc9 DOWN",
      "predictions": [
        77552.62,
        77556.64,
        77547.53,
        77548.44,
        77540.56,
        77534.54,
        77530.96,
        77525.28,
        77520.92,
        77516.09,
        77511.08,
        77506.45,
        77501.6,
        77496.84,
        77492.12,
        77487.34,
        77482.63,
        77477.9,
        77473.19,
        77468.49,
        77463.8,
        77459.12,
        77454.45,
        77449.8
      ],
      "metrics": {
        "MAE": 233.956337,
        "RMSE": 311.221151,
        "MAPE": 0.3054,
        "R2": 0.9448
      }
    },
    "ETH_USD": {
      "current": 2316.36,
      "next_1h": 2315.63,
      "next_24h": 2303.4,
      "change_pct": -0.031,
      "trend": "\ud83d\udcc9 DOWN",
      "predictions": [
        2315.63,
        2315.4,
        2314.75,
        2314.16,
        2313.59,
        2312.99,
        2312.46,
        2311.89,
        2311.33,
        2310.78,
        2310.23,
        2309.68,
        2309.14,
        2308.6,
        2308.07,
        2307.54,
        2307.01,
        2306.48,
        2305.96,
        2305.44,
        2304.93,
        2304.41,
        2303.9,
        2303.4
      ],
      "metrics": {
        "MAE": 8.246052,
        "RMSE": 10.976524,
        "MAPE": 0.3544,
        "R2": 0.8763
      }
    },
    "BNB_USD": {
      "current": 636.9,
      "next_1h": 636.55,
      "next_24h": 630.26,
      "change_pct": -0.054,
      "trend": "\ud83d\udcc9 DOWN",
      "predictions": [
        636.55,
        636.31,
        635.91,
        635.71,
        635.38,
        635.06,
        634.78,
        634.48,
        634.19,
        633.91,
        633.62,
        633.35,
        633.07,
        632.8,
        632.53,
        632.26,
        632.0,
        631.74,
        631.49,
        631.24,
        630.99,
        630.74,
        630.5,
        630.26
      ],
      "metrics": {
        "MAE": 1.574666,
        "RMSE": 2.106973,
        "MAPE": 0.249,
        "R2": 0.9097
      }
    }
  }
}