{
  "generated_at": "2026-05-06 07:09:52",
  "exchange_rates": {
    "USD_TZS": {
      "current": 2606.0856,
      "next_1h": 2606.4138,
      "next_24h": 2601.6142,
      "change_pct": 0.013,
      "trend": "\ud83d\udcc8 UP",
      "predictions": [
        2606.4138,
        2606.0874,
        2605.7698,
        2605.4607,
        2605.1605,
        2604.8683,
        2604.5747,
        2604.2978,
        2604.037,
        2603.7917,
        2603.5611,
        2603.3446,
        2603.1419,
        2602.9522,
        2602.7747,
        2602.6086,
        2602.4533,
        2602.308,
        2602.1722,
        2602.0451,
        2601.9263,
        2601.8152,
        2601.7113,
        2601.6142
      ],
      "metrics": {
        "MAE": 1.177374,
        "RMSE": 3.575494,
        "MAPE": 0.0453,
        "R2": 0.8998
      }
    },
    "USD_KES": {
      "current": 129.1793,
      "next_1h": 129.1791,
      "next_24h": 129.1756,
      "change_pct": 0.0,
      "trend": "\ud83d\udcc9 DOWN",
      "predictions": [
        129.1791,
        129.1789,
        129.1788,
        129.1786,
        129.1784,
        129.1783,
        129.1781,
        129.178,
        129.1778,
        129.1777,
        129.1775,
        129.1774,
        129.1772,
        129.1771,
        129.1769,
        129.1768,
        129.1766,
        129.1765,
        129.1763,
        129.1762,
        129.176,
        129.1759,
        129.1758,
        129.1756
      ],
      "metrics": {
        "MAE": 0.00249,
        "RMSE": 0.014657,
        "MAPE": 0.0019,
        "R2": 0.888
      }
    },
    "USD_UGX": {
      "current": 3730.2488,
      "next_1h": 3729.9941,
      "next_24h": 3724.3223,
      "change_pct": -0.007,
      "trend": "\ud83d\udcc9 DOWN",
      "predictions": [
        3729.9941,
        3729.7237,
        3729.455,
        3729.1881,
        3728.9225,
        3728.6583,
        3728.3966,
        3728.1375,
        3727.8809,
        3727.6268,
        3727.3753,
        3727.1262,
        3726.8795,
        3726.6354,
        3726.3936,
        3726.1542,
        3725.9172,
        3725.6825,
        3725.4501,
        3725.2201,
        3724.9923,
        3724.7667,
        3724.5434,
        3724.3223
      ],
      "metrics": {
        "MAE": 0.468326,
        "RMSE": 1.535691,
        "MAPE": 0.0126,
        "R2": 0.9795
      }
    },
    "USD_EUR": {
      "current": 0.8543,
      "next_1h": 0.8543,
      "next_24h": 0.854,
      "change_pct": -0.002,
      "trend": "\ud83d\udcc9 DOWN",
      "predictions": [
        0.8543,
        0.8543,
        0.8543,
        0.8543,
        0.8543,
        0.8542,
        0.8542,
        0.8542,
        0.8542,
        0.8542,
        0.8542,
        0.8542,
        0.8541,
        0.8541,
        0.8541,
        0.8541,
        0.8541,
        0.8541,
        0.8541,
        0.854,
        0.854,
        0.854,
        0.854,
        0.854
      ],
      "metrics": {
        "MAE": 7e-05,
        "RMSE": 0.000335,
        "MAPE": 0.0082,
        "R2": 0.9139
      }
    }
  },
  "crypto": {
    "BTC_USD": {
      "current": 81513.0,
      "next_1h": 81465.74,
      "next_24h": 80869.96,
      "change_pct": -0.058,
      "trend": "\ud83d\udcc9 DOWN",
      "predictions": [
        81465.74,
        81450.23,
        81437.38,
        81402.52,
        81381.93,
        81353.01,
        81324.84,
        81297.54,
        81269.27,
        81241.72,
        81214.09,
        81186.62,
        81159.36,
        81132.23,
        81105.27,
        81078.48,
        81051.85,
        81025.39,
        80999.08,
        80972.94,
        80946.96,
        80921.13,
        80895.47,
        80869.96
      ],
      "metrics": {
        "MAE": 202.366354,
        "RMSE": 303.389331,
        "MAPE": 0.2575,
        "R2": 0.9694
      }
    },
    "ETH_USD": {
      "current": 2370.18,
      "next_1h": 2368.99,
      "next_24h": 2352.5,
      "change_pct": -0.05,
      "trend": "\ud83d\udcc9 DOWN",
      "predictions": [
        2368.99,
        2368.64,
        2368.33,
        2367.13,
        2366.7,
        2365.86,
        2365.04,
        2364.29,
        2363.46,
        2362.68,
        2361.9,
        2361.12,
        2360.36,
        2359.59,
        2358.85,
        2358.11,
        2357.37,
        2356.65,
        2355.94,
        2355.23,
        2354.54,
        2353.85,
        2353.17,
        2352.5
      ],
      "metrics": {
        "MAE": 6.949037,
        "RMSE": 10.899635,
        "MAPE": 0.2997,
        "R2": 0.9315
      }
    },
    "BNB_USD": {
      "current": 636.59,
      "next_1h": 636.34,
      "next_24h": 634.0,
      "change_pct": -0.039,
      "trend": "\ud83d\udcc9 DOWN",
      "predictions": [
        636.34,
        636.4,
        636.34,
        636.17,
        636.12,
        636.0,
        635.88,
        635.76,
        635.64,
        635.53,
        635.41,
        635.29,
        635.18,
        635.07,
        634.95,
        634.84,
        634.73,
        634.63,
        634.52,
        634.41,
        634.31,
        634.2,
        634.1,
        634.0
      ],
      "metrics": {
        "MAE": 1.196483,
        "RMSE": 1.724692,
        "MAPE": 0.1922,
        "R2": 0.905
      }
    }
  }
}