{
  "generated_at": "2026-05-29 22:37:27",
  "exchange_rates": {
    "USD_TZS": {
      "current": 2621.4993,
      "next_1h": 2620.5917,
      "next_24h": 2606.2848,
      "change_pct": -0.035,
      "trend": "\ud83d\udcc9 DOWN",
      "predictions": [
        2620.5917,
        2619.6995,
        2618.8226,
        2617.9607,
        2617.1135,
        2616.2808,
        2615.4831,
        2614.7195,
        2613.9889,
        2613.2905,
        2612.6235,
        2611.9869,
        2611.3794,
        2610.7998,
        2610.2468,
        2609.7192,
        2609.2158,
        2608.7357,
        2608.2776,
        2607.8406,
        2607.4238,
        2607.0261,
        2606.6467,
        2606.2848
      ],
      "metrics": {
        "MAE": 1.097378,
        "RMSE": 3.557894,
        "MAPE": 0.0422,
        "R2": 0.8994
      }
    },
    "USD_KES": {
      "current": 129.4688,
      "next_1h": 129.4639,
      "next_24h": 129.3692,
      "change_pct": -0.004,
      "trend": "\ud83d\udcc9 DOWN",
      "predictions": [
        129.4639,
        129.459,
        129.4541,
        129.4493,
        129.4446,
        129.4398,
        129.4352,
        129.4307,
        129.4262,
        129.4218,
        129.4176,
        129.4134,
        129.4093,
        129.4052,
        129.4013,
        129.3974,
        129.3936,
        129.3899,
        129.3863,
        129.3827,
        129.3792,
        129.3758,
        129.3725,
        129.3692
      ],
      "metrics": {
        "MAE": 0.011622,
        "RMSE": 0.030599,
        "MAPE": 0.009,
        "R2": 0.9301
      }
    },
    "USD_UGX": {
      "current": 3766.3072,
      "next_1h": 3765.7894,
      "next_24h": 3755.1649,
      "change_pct": -0.014,
      "trend": "\ud83d\udcc9 DOWN",
      "predictions": [
        3765.7894,
        3765.2748,
        3764.7634,
        3764.2552,
        3763.7502,
        3763.2483,
        3762.7524,
        3762.2622,
        3761.7778,
        3761.2992,
        3760.8262,
        3760.3588,
        3759.897,
        3759.4406,
        3758.9897,
        3758.5442,
        3758.1039,
        3757.6688,
        3757.2389,
        3756.8142,
        3756.3944,
        3755.9797,
        3755.5698,
        3755.1649
      ],
      "metrics": {
        "MAE": 1.135623,
        "RMSE": 3.64761,
        "MAPE": 0.0302,
        "R2": 0.8193
      }
    },
    "USD_EUR": {
      "current": 0.8589,
      "next_1h": 0.8589,
      "next_24h": 0.8588,
      "change_pct": -0.001,
      "trend": "\ud83d\udcc9 DOWN",
      "predictions": [
        0.8589,
        0.8589,
        0.8589,
        0.8589,
        0.8589,
        0.8589,
        0.8589,
        0.8589,
        0.8589,
        0.8589,
        0.8588,
        0.8588,
        0.8588,
        0.8588,
        0.8588,
        0.8588,
        0.8588,
        0.8588,
        0.8588,
        0.8588,
        0.8588,
        0.8588,
        0.8588,
        0.8588
      ],
      "metrics": {
        "MAE": 5.1e-05,
        "RMSE": 0.000208,
        "MAPE": 0.0059,
        "R2": 0.9653
      }
    }
  },
  "crypto": {
    "BTC_USD": {
      "current": 73408.0,
      "next_1h": 73507.81,
      "next_24h": 74931.97,
      "change_pct": 0.136,
      "trend": "\ud83d\udcc8 UP",
      "predictions": [
        73507.81,
        73593.26,
        73660.55,
        73737.55,
        73807.29,
        73872.25,
        73937.68,
        74002.23,
        74065.87,
        74128.99,
        74191.33,
        74252.83,
        74313.55,
        74373.48,
        74432.64,
        74491.03,
        74548.68,
        74605.58,
        74661.75,
        74717.2,
        74771.94,
        74825.97,
        74879.31,
        74931.97
      ],
      "metrics": {
        "MAE": 220.314262,
        "RMSE": 307.972491,
        "MAPE": 0.2917,
        "R2": 0.9558
      }
    },
    "ETH_USD": {
      "current": 2011.44,
      "next_1h": 2012.94,
      "next_24h": 2033.64,
      "change_pct": 0.074,
      "trend": "\ud83d\udcc8 UP",
      "predictions": [
        2012.94,
        2014.57,
        2015.57,
        2016.61,
        2017.49,
        2018.32,
        2019.18,
        2020.05,
        2020.93,
        2021.81,
        2022.68,
        2023.55,
        2024.41,
        2025.27,
        2026.12,
        2026.97,
        2027.82,
        2028.66,
        2029.5,
        2030.33,
        2031.17,
        2032.0,
        2032.82,
        2033.64
      ],
      "metrics": {
        "MAE": 7.623656,
        "RMSE": 11.293596,
        "MAPE": 0.3683,
        "R2": 0.9388
      }
    },
    "BNB_USD": {
      "current": 642.29,
      "next_1h": 642.1,
      "next_24h": 642.59,
      "change_pct": -0.029,
      "trend": "\ud83d\udcc9 DOWN",
      "predictions": [
        642.1,
        642.17,
        642.23,
        642.24,
        642.25,
        642.27,
        642.29,
        642.31,
        642.33,
        642.35,
        642.37,
        642.39,
        642.4,
        642.42,
        642.44,
        642.46,
        642.48,
        642.49,
        642.51,
        642.53,
        642.54,
        642.56,
        642.58,
        642.59
      ],
      "metrics": {
        "MAE": 1.868509,
        "RMSE": 2.691243,
        "MAPE": 0.2871,
        "R2": 0.9009
      }
    }
  }
}