{
  "generated_at": "2026-06-27 16:32:29",
  "exchange_rates": {
    "USD_TZS": {
      "current": 2602.1351,
      "next_1h": 2602.2625,
      "next_24h": 2604.7199,
      "change_pct": 0.005,
      "trend": "\ud83d\udcc8 UP",
      "predictions": [
        2602.2625,
        2602.3886,
        2602.5136,
        2602.6376,
        2602.7604,
        2602.8821,
        2603.0015,
        2603.1188,
        2603.2338,
        2603.3467,
        2603.4575,
        2603.5661,
        2603.6727,
        2603.7773,
        2603.8799,
        2603.9805,
        2604.0793,
        2604.1761,
        2604.2711,
        2604.3644,
        2604.4558,
        2604.5455,
        2604.6335,
        2604.7199
      ],
      "metrics": {
        "MAE": 0.537514,
        "RMSE": 2.27043,
        "MAPE": 0.0206,
        "R2": 0.8957
      }
    },
    "USD_KES": {
      "current": 129.5375,
      "next_1h": 129.536,
      "next_24h": 129.506,
      "change_pct": -0.001,
      "trend": "\ud83d\udcc9 DOWN",
      "predictions": [
        129.536,
        129.5345,
        129.5331,
        129.5316,
        129.5301,
        129.5287,
        129.5273,
        129.5259,
        129.5245,
        129.5231,
        129.5218,
        129.5205,
        129.5191,
        129.5179,
        129.5166,
        129.5153,
        129.5141,
        129.5129,
        129.5117,
        129.5105,
        129.5094,
        129.5082,
        129.5071,
        129.506
      ],
      "metrics": {
        "MAE": 0.00324,
        "RMSE": 0.015307,
        "MAPE": 0.0025,
        "R2": 0.896
      }
    },
    "USD_UGX": {
      "current": 3659.6107,
      "next_1h": 3659.2613,
      "next_24h": 3651.1395,
      "change_pct": -0.01,
      "trend": "\ud83d\udcc9 DOWN",
      "predictions": [
        3659.2613,
        3658.9127,
        3658.5647,
        3658.2174,
        3657.8707,
        3657.5247,
        3657.1778,
        3656.83,
        3656.4812,
        3656.1315,
        3655.7809,
        3655.4294,
        3655.077,
        3654.7236,
        3654.3694,
        3654.0142,
        3653.6581,
        3653.3011,
        3652.9432,
        3652.5843,
        3652.2245,
        3651.8638,
        3651.5021,
        3651.1395
      ],
      "metrics": {
        "MAE": 1.482266,
        "RMSE": 5.358919,
        "MAPE": 0.0405,
        "R2": 0.8826
      }
    },
    "USD_EUR": {
      "current": 0.8778,
      "next_1h": 0.8776,
      "next_24h": 0.8741,
      "change_pct": -0.021,
      "trend": "\ud83d\udcc9 DOWN",
      "predictions": [
        0.8776,
        0.8775,
        0.8773,
        0.8771,
        0.8769,
        0.8768,
        0.8766,
        0.8764,
        0.8763,
        0.8761,
        0.876,
        0.8758,
        0.8756,
        0.8755,
        0.8753,
        0.8752,
        0.875,
        0.8749,
        0.8748,
        0.8746,
        0.8745,
        0.8743,
        0.8742,
        0.8741
      ],
      "metrics": {
        "MAE": 0.000272,
        "RMSE": 0.000728,
        "MAPE": 0.031,
        "R2": 0.959
      }
    }
  },
  "crypto": {
    "BTC_USD": {
      "current": 60622.0,
      "next_1h": 60600.99,
      "next_24h": 60360.39,
      "change_pct": -0.035,
      "trend": "\ud83d\udcc9 DOWN",
      "predictions": [
        60600.99,
        60608.94,
        60604.93,
        60609.18,
        60590.56,
        60576.58,
        60566.39,
        60555.11,
        60543.85,
        60530.84,
        60518.36,
        60506.31,
        60494.15,
        60481.95,
        60469.64,
        60457.4,
        60445.23,
        60433.06,
        60420.9,
        60408.76,
        60396.63,
        60384.53,
        60372.45,
        60360.39
      ],
      "metrics": {
        "MAE": 235.419131,
        "RMSE": 361.518368,
        "MAPE": 0.3821,
        "R2": 0.9585
      }
    },
    "ETH_USD": {
      "current": 1600.77,
      "next_1h": 1600.23,
      "next_24h": 1598.71,
      "change_pct": -0.034,
      "trend": "\ud83d\udcc9 DOWN",
      "predictions": [
        1600.23,
        1600.25,
        1600.47,
        1600.21,
        1600.1,
        1600.05,
        1599.98,
        1599.89,
        1599.82,
        1599.75,
        1599.67,
        1599.6,
        1599.52,
        1599.45,
        1599.37,
        1599.3,
        1599.23,
        1599.15,
        1599.08,
        1599.0,
        1598.93,
        1598.86,
        1598.79,
        1598.71
      ],
      "metrics": {
        "MAE": 7.807308,
        "RMSE": 12.302604,
        "MAPE": 0.4759,
        "R2": 0.9662
      }
    },
    "BNB_USD": {
      "current": 564.93,
      "next_1h": 565.14,
      "next_24h": 569.46,
      "change_pct": 0.038,
      "trend": "\ud83d\udcc8 UP",
      "predictions": [
        565.14,
        565.39,
        565.64,
        565.81,
        566.01,
        566.2,
        566.39,
        566.58,
        566.77,
        566.95,
        567.14,
        567.32,
        567.51,
        567.69,
        567.87,
        568.05,
        568.23,
        568.41,
        568.59,
        568.76,
        568.94,
        569.11,
        569.29,
        569.46
      ],
      "metrics": {
        "MAE": 1.978359,
        "RMSE": 2.980668,
        "MAPE": 0.346,
        "R2": 0.9396
      }
    }
  }
}