{
  "generated_at": "2026-04-27 16:41:29",
  "exchange_rates": {
    "USD_TZS": {
      "current": 2602.6561,
      "next_1h": 2602.541,
      "next_24h": 2600.3019,
      "change_pct": -0.004,
      "trend": "\ud83d\udcc9 DOWN",
      "predictions": [
        2602.541,
        2602.4272,
        2602.3146,
        2602.2032,
        2602.093,
        2601.984,
        2601.8768,
        2601.7714,
        2601.6677,
        2601.5657,
        2601.4653,
        2601.3666,
        2601.2696,
        2601.1741,
        2601.0802,
        2600.9879,
        2600.8971,
        2600.8077,
        2600.7199,
        2600.6335,
        2600.5485,
        2600.4649,
        2600.3827,
        2600.3019
      ],
      "metrics": {
        "MAE": 0.73184,
        "RMSE": 3.806854,
        "MAPE": 0.0282,
        "R2": 0.8674
      }
    },
    "USD_KES": {
      "current": 129.3716,
      "next_1h": 129.371,
      "next_24h": 129.3577,
      "change_pct": 0.0,
      "trend": "\ud83d\udcc9 DOWN",
      "predictions": [
        129.371,
        129.3704,
        129.3698,
        129.3692,
        129.3686,
        129.3681,
        129.3675,
        129.3669,
        129.3663,
        129.3657,
        129.3652,
        129.3646,
        129.364,
        129.3634,
        129.3629,
        129.3623,
        129.3617,
        129.3611,
        129.3606,
        129.36,
        129.3594,
        129.3589,
        129.3583,
        129.3577
      ],
      "metrics": {
        "MAE": 0.003652,
        "RMSE": 0.01912,
        "MAPE": 0.0028,
        "R2": 0.9598
      }
    },
    "USD_UGX": {
      "current": 3694.1174,
      "next_1h": 3694.2426,
      "next_24h": 3696.9541,
      "change_pct": 0.003,
      "trend": "\ud83d\udcc8 UP",
      "predictions": [
        3694.2426,
        3694.3674,
        3694.4919,
        3694.616,
        3694.7398,
        3694.8631,
        3694.9858,
        3695.1076,
        3695.2286,
        3695.3489,
        3695.4684,
        3695.5872,
        3695.7052,
        3695.8224,
        3695.9389,
        3696.0546,
        3696.1696,
        3696.2838,
        3696.3973,
        3696.5101,
        3696.6222,
        3696.7336,
        3696.8442,
        3696.9541
      ],
      "metrics": {
        "MAE": 0.614576,
        "RMSE": 3.162178,
        "MAPE": 0.0167,
        "R2": 0.8594
      }
    },
    "USD_EUR": {
      "current": 0.8542,
      "next_1h": 0.8542,
      "next_24h": 0.8539,
      "change_pct": -0.001,
      "trend": "\ud83d\udcc9 DOWN",
      "predictions": [
        0.8542,
        0.8542,
        0.8542,
        0.8542,
        0.8542,
        0.8542,
        0.8541,
        0.8541,
        0.8541,
        0.8541,
        0.8541,
        0.8541,
        0.8541,
        0.8541,
        0.854,
        0.854,
        0.854,
        0.854,
        0.854,
        0.854,
        0.854,
        0.854,
        0.8539,
        0.8539
      ],
      "metrics": {
        "MAE": 8.1e-05,
        "RMSE": 0.000376,
        "MAPE": 0.0095,
        "R2": 0.967
      }
    }
  },
  "crypto": {
    "BTC_USD": {
      "current": 76687.0,
      "next_1h": 76675.97,
      "next_24h": 76412.09,
      "change_pct": -0.014,
      "trend": "\ud83d\udcc9 DOWN",
      "predictions": [
        76675.97,
        76583.94,
        76637.03,
        76560.43,
        76520.39,
        76522.7,
        76501.91,
        76502.51,
        76493.95,
        76484.34,
        76480.9,
        76473.85,
        76468.95,
        76463.84,
        76458.07,
        76453.15,
        76447.83,
        76442.66,
        76437.58,
        76432.39,
        76427.32,
        76422.22,
        76417.14,
        76412.09
      ],
      "metrics": {
        "MAE": 219.71861,
        "RMSE": 327.182454,
        "MAPE": 0.2835,
        "R2": 0.8547
      }
    },
    "ETH_USD": {
      "current": 2275.69,
      "next_1h": 2274.23,
      "next_24h": 2261.46,
      "change_pct": -0.064,
      "trend": "\ud83d\udcc9 DOWN",
      "predictions": [
        2274.23,
        2269.55,
        2271.48,
        2267.63,
        2266.38,
        2266.31,
        2265.25,
        2265.26,
        2264.79,
        2264.39,
        2264.23,
        2263.91,
        2263.71,
        2263.49,
        2263.26,
        2263.06,
        2262.85,
        2262.64,
        2262.44,
        2262.24,
        2262.04,
        2261.84,
        2261.65,
        2261.46
      ],
      "metrics": {
        "MAE": 7.600642,
        "RMSE": 11.760808,
        "MAPE": 0.3254,
        "R2": 0.8432
      }
    },
    "BNB_USD": {
      "current": 621.5,
      "next_1h": 620.97,
      "next_24h": 616.87,
      "change_pct": -0.085,
      "trend": "\ud83d\udcc9 DOWN",
      "predictions": [
        620.97,
        620.38,
        620.64,
        619.97,
        619.75,
        619.59,
        619.32,
        619.22,
        619.01,
        618.84,
        618.7,
        618.53,
        618.38,
        618.23,
        618.08,
        617.94,
        617.79,
        617.66,
        617.52,
        617.38,
        617.25,
        617.12,
        616.99,
        616.87
      ],
      "metrics": {
        "MAE": 1.47281,
        "RMSE": 2.058391,
        "MAPE": 0.2318,
        "R2": 0.8329
      }
    }
  }
}