{
  "generated_at": "2026-03-21 07:00:32",
  "exchange_rates": {
    "USD_TZS": {
      "current": 2590.7005,
      "next_1h": 2590.4326,
      "next_24h": 2585.8784,
      "change_pct": -0.01,
      "trend": "\ud83d\udcc9 DOWN",
      "predictions": [
        2590.4326,
        2590.1758,
        2589.9226,
        2589.6763,
        2589.4299,
        2589.1896,
        2588.9561,
        2588.7293,
        2588.509,
        2588.295,
        2588.0873,
        2587.8856,
        2587.6898,
        2587.4997,
        2587.3151,
        2587.136,
        2586.962,
        2586.7931,
        2586.6292,
        2586.47,
        2586.3155,
        2586.1654,
        2586.0198,
        2585.8784
      ],
      "metrics": {
        "MAE": 1.055548,
        "RMSE": 3.113246,
        "MAPE": 0.0406,
        "R2": 0.8669
      }
    },
    "USD_KES": {
      "current": 129.4993,
      "next_1h": 129.4785,
      "next_24h": 129.2761,
      "change_pct": -0.016,
      "trend": "\ud83d\udcc9 DOWN",
      "predictions": [
        129.4785,
        129.4555,
        129.4364,
        129.42,
        129.4055,
        129.3925,
        129.3806,
        129.3695,
        129.3593,
        129.3499,
        129.3412,
        129.3333,
        129.326,
        129.3193,
        129.3132,
        129.3075,
        129.3023,
        129.2976,
        129.2932,
        129.2892,
        129.2855,
        129.2821,
        129.279,
        129.2761
      ],
      "metrics": {
        "MAE": 0.022155,
        "RMSE": 0.029504,
        "MAPE": 0.0171,
        "R2": 0.7927
      }
    },
    "USD_UGX": {
      "current": 3778.1187,
      "next_1h": 3778.2888,
      "next_24h": 3781.822,
      "change_pct": 0.005,
      "trend": "\ud83d\udcc8 UP",
      "predictions": [
        3778.2888,
        3778.4559,
        3778.6199,
        3778.7822,
        3778.9415,
        3779.098,
        3779.2541,
        3779.4096,
        3779.5647,
        3779.7192,
        3779.8731,
        3780.0265,
        3780.1792,
        3780.3314,
        3780.483,
        3780.6341,
        3780.7845,
        3780.9344,
        3781.0838,
        3781.2326,
        3781.3808,
        3781.5284,
        3781.6755,
        3781.822
      ],
      "metrics": {
        "MAE": 0.382356,
        "RMSE": 0.987743,
        "MAPE": 0.0101,
        "R2": 0.8947
      }
    },
    "USD_EUR": {
      "current": 0.8656,
      "next_1h": 0.8656,
      "next_24h": 0.8665,
      "change_pct": 0.006,
      "trend": "\ud83d\udcc8 UP",
      "predictions": [
        0.8656,
        0.8657,
        0.8657,
        0.8657,
        0.8658,
        0.8658,
        0.8659,
        0.8659,
        0.866,
        0.866,
        0.866,
        0.8661,
        0.8661,
        0.8662,
        0.8662,
        0.8662,
        0.8663,
        0.8663,
        0.8664,
        0.8664,
        0.8664,
        0.8665,
        0.8665,
        0.8665
      ],
      "metrics": {
        "MAE": 0.000208,
        "RMSE": 0.000724,
        "MAPE": 0.0239,
        "R2": 0.8887
      }
    }
  },
  "crypto": {
    "BTC_USD": {
      "current": 70756.0,
      "next_1h": 70779.51,
      "next_24h": 71227.91,
      "change_pct": 0.033,
      "trend": "\ud83d\udcc8 UP",
      "predictions": [
        70779.51,
        70804.28,
        70820.87,
        70839.05,
        70860.58,
        70882.09,
        70903.72,
        70924.84,
        70945.34,
        70965.59,
        70985.62,
        71005.48,
        71025.16,
        71044.63,
        71063.88,
        71082.92,
        71101.74,
        71120.36,
        71138.78,
        71157.0,
        71175.02,
        71192.84,
        71210.47,
        71227.91
      ],
      "metrics": {
        "MAE": 237.909652,
        "RMSE": 304.430355,
        "MAPE": 0.3377,
        "R2": 0.7203
      }
    },
    "ETH_USD": {
      "current": 2154.66,
      "next_1h": 2154.97,
      "next_24h": 2153.57,
      "change_pct": 0.014,
      "trend": "\ud83d\udcc8 UP",
      "predictions": [
        2154.97,
        2154.95,
        2154.85,
        2154.9,
        2154.93,
        2154.88,
        2154.8,
        2154.73,
        2154.65,
        2154.58,
        2154.5,
        2154.42,
        2154.35,
        2154.27,
        2154.2,
        2154.12,
        2154.05,
        2153.98,
        2153.9,
        2153.84,
        2153.77,
        2153.7,
        2153.63,
        2153.57
      ],
      "metrics": {
        "MAE": 9.434882,
        "RMSE": 12.503683,
        "MAPE": 0.4363,
        "R2": 0.7809
      }
    },
    "BNB_USD": {
      "current": 643.12,
      "next_1h": 643.52,
      "next_24h": 650.98,
      "change_pct": 0.063,
      "trend": "\ud83d\udcc8 UP",
      "predictions": [
        643.52,
        643.95,
        644.33,
        644.71,
        645.09,
        645.46,
        645.82,
        646.18,
        646.53,
        646.87,
        647.21,
        647.53,
        647.85,
        648.17,
        648.48,
        648.78,
        649.07,
        649.36,
        649.65,
        649.92,
        650.2,
        650.46,
        650.72,
        650.98
      ],
      "metrics": {
        "MAE": 1.692058,
        "RMSE": 2.225605,
        "MAPE": 0.2628,
        "R2": 0.7734
      }
    }
  }
}