{
  "generated_at": "2026-03-17 05:00:32",
  "exchange_rates": {
    "USD_TZS": {
      "current": 2588.7451,
      "next_1h": 2588.0546,
      "next_24h": 2579.1964,
      "change_pct": -0.027,
      "trend": "\ud83d\udcc9 DOWN",
      "predictions": [
        2588.0546,
        2587.4333,
        2586.8277,
        2586.2483,
        2585.6734,
        2585.1226,
        2584.6026,
        2584.1118,
        2583.6481,
        2583.2107,
        2582.7987,
        2582.4107,
        2582.0453,
        2581.7013,
        2581.3775,
        2581.0726,
        2580.7856,
        2580.5154,
        2580.2611,
        2580.0217,
        2579.7963,
        2579.5841,
        2579.3844,
        2579.1964
      ],
      "metrics": {
        "MAE": 0.751328,
        "RMSE": 1.96291,
        "MAPE": 0.029,
        "R2": 0.8932
      }
    },
    "USD_KES": {
      "current": 129.1762,
      "next_1h": 129.1831,
      "next_24h": 129.248,
      "change_pct": 0.005,
      "trend": "\ud83d\udcc8 UP",
      "predictions": [
        129.1831,
        129.191,
        129.1976,
        129.2032,
        129.2081,
        129.2124,
        129.2163,
        129.2199,
        129.2232,
        129.2262,
        129.2289,
        129.2313,
        129.2336,
        129.2356,
        129.2374,
        129.2391,
        129.2406,
        129.242,
        129.2432,
        129.2444,
        129.2454,
        129.2464,
        129.2472,
        129.248
      ],
      "metrics": {
        "MAE": 0.008725,
        "RMSE": 0.011552,
        "MAPE": 0.0068,
        "R2": 0.7584
      }
    },
    "USD_UGX": {
      "current": 3759.6206,
      "next_1h": 3759.2485,
      "next_24h": 3754.7332,
      "change_pct": -0.01,
      "trend": "\ud83d\udcc9 DOWN",
      "predictions": [
        3759.2485,
        3759.0252,
        3758.8064,
        3758.5882,
        3758.3756,
        3758.1668,
        3757.959,
        3757.7533,
        3757.5497,
        3757.3481,
        3757.1485,
        3756.9511,
        3756.7556,
        3756.5622,
        3756.3707,
        3756.1812,
        3755.9936,
        3755.8079,
        3755.6242,
        3755.4423,
        3755.2623,
        3755.0841,
        3754.9077,
        3754.7332
      ],
      "metrics": {
        "MAE": 0.505202,
        "RMSE": 2.708907,
        "MAPE": 0.0134,
        "R2": 0.8038
      }
    },
    "USD_EUR": {
      "current": 0.8706,
      "next_1h": 0.8706,
      "next_24h": 0.8705,
      "change_pct": 0.01,
      "trend": "\ud83d\udcc8 UP",
      "predictions": [
        0.8706,
        0.8706,
        0.8706,
        0.8706,
        0.8706,
        0.8706,
        0.8706,
        0.8706,
        0.8706,
        0.8706,
        0.8706,
        0.8706,
        0.8706,
        0.8706,
        0.8706,
        0.8706,
        0.8706,
        0.8706,
        0.8706,
        0.8706,
        0.8706,
        0.8706,
        0.8706,
        0.8705
      ],
      "metrics": {
        "MAE": 0.00019,
        "RMSE": 0.000645,
        "MAPE": 0.0217,
        "R2": 0.7443
      }
    }
  },
  "crypto": {
    "BTC_USD": {
      "current": 74269.0,
      "next_1h": 74257.08,
      "next_24h": 73156.44,
      "change_pct": -0.016,
      "trend": "\ud83d\udcc9 DOWN",
      "predictions": [
        74257.08,
        74246.86,
        74219.44,
        74152.5,
        74086.79,
        74026.68,
        73969.65,
        73915.41,
        73861.43,
        73808.08,
        73755.65,
        73704.16,
        73653.69,
        73604.17,
        73555.56,
        73507.84,
        73461.0,
        73415.02,
        73369.9,
        73325.6,
        73282.12,
        73239.44,
        73197.56,
        73156.44
      ],
      "metrics": {
        "MAE": 285.014009,
        "RMSE": 361.378098,
        "MAPE": 0.3877,
        "R2": 0.9133
      }
    },
    "ETH_USD": {
      "current": 2311.72,
      "next_1h": 2289.81,
      "next_24h": 2069.04,
      "change_pct": -0.948,
      "trend": "\ud83d\udcc9 DOWN",
      "predictions": [
        2289.81,
        2268.38,
        2247.94,
        2227.13,
        2209.4,
        2192.03,
        2176.26,
        2162.07,
        2149.23,
        2137.87,
        2127.71,
        2118.74,
        2110.86,
        2103.92,
        2097.87,
        2092.57,
        2087.97,
        2083.97,
        2080.49,
        2077.49,
        2074.89,
        2072.64,
        2070.71,
        2069.04
      ],
      "metrics": {
        "MAE": 17.709826,
        "RMSE": 23.284312,
        "MAPE": 0.7845,
        "R2": 0.9396
      }
    },
    "BNB_USD": {
      "current": 675.04,
      "next_1h": 675.12,
      "next_24h": 667.64,
      "change_pct": 0.012,
      "trend": "\ud83d\udcc8 UP",
      "predictions": [
        675.12,
        674.72,
        674.4,
        673.99,
        673.58,
        673.2,
        672.83,
        672.46,
        672.1,
        671.76,
        671.42,
        671.08,
        670.76,
        670.44,
        670.13,
        669.83,
        669.53,
        669.24,
        668.96,
        668.68,
        668.41,
        668.15,
        667.89,
        667.64
      ],
      "metrics": {
        "MAE": 2.506837,
        "RMSE": 3.26993,
        "MAPE": 0.3718,
        "R2": 0.853
      }
    }
  }
}