{
  "generated_at": "2026-04-14 05:05:11",
  "exchange_rates": {
    "USD_TZS": {
      "current": 2595.9523,
      "next_1h": 2595.7378,
      "next_24h": 2591.9447,
      "change_pct": -0.008,
      "trend": "\ud83d\udcc9 DOWN",
      "predictions": [
        2595.7378,
        2595.5256,
        2595.328,
        2595.1326,
        2594.9392,
        2594.7478,
        2594.5607,
        2594.3778,
        2594.1989,
        2594.0239,
        2593.8528,
        2593.6854,
        2593.5218,
        2593.3618,
        2593.2054,
        2593.0524,
        2592.9028,
        2592.7566,
        2592.6136,
        2592.4737,
        2592.337,
        2592.2033,
        2592.0726,
        2591.9447
      ],
      "metrics": {
        "MAE": 0.417062,
        "RMSE": 1.226901,
        "MAPE": 0.016,
        "R2": 0.9216
      }
    },
    "USD_KES": {
      "current": 129.3167,
      "next_1h": 129.3198,
      "next_24h": 129.3866,
      "change_pct": 0.002,
      "trend": "\ud83d\udcc8 UP",
      "predictions": [
        129.3198,
        129.3228,
        129.3259,
        129.3289,
        129.3319,
        129.3349,
        129.3379,
        129.3409,
        129.3439,
        129.3468,
        129.3498,
        129.3527,
        129.3556,
        129.3585,
        129.3613,
        129.3642,
        129.367,
        129.3699,
        129.3727,
        129.3755,
        129.3783,
        129.3811,
        129.3838,
        129.3866
      ],
      "metrics": {
        "MAE": 0.011483,
        "RMSE": 0.054667,
        "MAPE": 0.0089,
        "R2": 0.9765
      }
    },
    "USD_UGX": {
      "current": 3719.5257,
      "next_1h": 3720.0098,
      "next_24h": 3727.5281,
      "change_pct": 0.013,
      "trend": "\ud83d\udcc8 UP",
      "predictions": [
        3720.0098,
        3720.4913,
        3720.8447,
        3721.1963,
        3721.5459,
        3721.8937,
        3722.2371,
        3722.5761,
        3722.9116,
        3723.2433,
        3723.5715,
        3723.8962,
        3724.2173,
        3724.5349,
        3724.8491,
        3725.1599,
        3725.4674,
        3725.7715,
        3726.0723,
        3726.3698,
        3726.6641,
        3726.9553,
        3727.2432,
        3727.5281
      ],
      "metrics": {
        "MAE": 0.990418,
        "RMSE": 3.94639,
        "MAPE": 0.0267,
        "R2": 0.9623
      }
    },
    "USD_EUR": {
      "current": 0.8521,
      "next_1h": 0.8524,
      "next_24h": 0.857,
      "change_pct": 0.025,
      "trend": "\ud83d\udcc8 UP",
      "predictions": [
        0.8524,
        0.8526,
        0.8528,
        0.853,
        0.8533,
        0.8535,
        0.8537,
        0.8539,
        0.8541,
        0.8543,
        0.8546,
        0.8548,
        0.855,
        0.8552,
        0.8553,
        0.8555,
        0.8557,
        0.8559,
        0.8561,
        0.8563,
        0.8564,
        0.8566,
        0.8568,
        0.857
      ],
      "metrics": {
        "MAE": 0.000301,
        "RMSE": 0.000766,
        "MAPE": 0.0351,
        "R2": 0.9355
      }
    }
  },
  "crypto": {
    "BTC_USD": {
      "current": 74368.0,
      "next_1h": 74318.72,
      "next_24h": 73378.8,
      "change_pct": -0.066,
      "trend": "\ud83d\udcc9 DOWN",
      "predictions": [
        74318.72,
        74294.3,
        74237.52,
        74185.67,
        74142.17,
        74098.2,
        74054.76,
        74013.23,
        73971.49,
        73929.72,
        73888.34,
        73847.22,
        73806.37,
        73765.89,
        73725.76,
        73685.94,
        73646.46,
        73607.29,
        73568.43,
        73529.89,
        73491.66,
        73453.73,
        73416.11,
        73378.8
      ],
      "metrics": {
        "MAE": 233.830655,
        "RMSE": 333.254078,
        "MAPE": 0.3248,
        "R2": 0.8852
      }
    },
    "ETH_USD": {
      "current": 2363.94,
      "next_1h": 2360.47,
      "next_24h": 2300.05,
      "change_pct": -0.147,
      "trend": "\ud83d\udcc9 DOWN",
      "predictions": [
        2360.47,
        2357.41,
        2354.24,
        2351.28,
        2348.44,
        2345.6,
        2342.81,
        2340.04,
        2337.31,
        2334.6,
        2331.93,
        2329.29,
        2326.69,
        2324.12,
        2321.57,
        2319.06,
        2316.58,
        2314.13,
        2311.71,
        2309.32,
        2306.96,
        2304.63,
        2302.33,
        2300.05
      ],
      "metrics": {
        "MAE": 9.760031,
        "RMSE": 15.29472,
        "MAPE": 0.4376,
        "R2": 0.8724
      }
    },
    "BNB_USD": {
      "current": 614.7,
      "next_1h": 614.85,
      "next_24h": 614.01,
      "change_pct": 0.024,
      "trend": "\ud83d\udcc8 UP",
      "predictions": [
        614.85,
        614.91,
        614.74,
        614.69,
        614.66,
        614.61,
        614.58,
        614.55,
        614.51,
        614.48,
        614.45,
        614.41,
        614.38,
        614.34,
        614.31,
        614.27,
        614.24,
        614.21,
        614.17,
        614.14,
        614.11,
        614.07,
        614.04,
        614.01
      ],
      "metrics": {
        "MAE": 1.514374,
        "RMSE": 2.064448,
        "MAPE": 0.2504,
        "R2": 0.901
      }
    }
  }
}