{
  "generated_at": "2026-04-29 03:18:48",
  "exchange_rates": {
    "USD_TZS": {
      "current": 2610.5863,
      "next_1h": 2610.3729,
      "next_24h": 2606.069,
      "change_pct": -0.008,
      "trend": "\ud83d\udcc9 DOWN",
      "predictions": [
        2610.3729,
        2610.1615,
        2609.9526,
        2609.7464,
        2609.5332,
        2609.3226,
        2609.1154,
        2608.9115,
        2608.711,
        2608.5137,
        2608.3197,
        2608.1288,
        2607.9411,
        2607.7565,
        2607.5749,
        2607.3962,
        2607.2206,
        2607.0478,
        2606.8778,
        2606.7106,
        2606.5462,
        2606.3845,
        2606.2254,
        2606.069
      ],
      "metrics": {
        "MAE": 0.753916,
        "RMSE": 3.82311,
        "MAPE": 0.029,
        "R2": 0.8714
      }
    },
    "USD_KES": {
      "current": 129.2315,
      "next_1h": 129.2312,
      "next_24h": 129.2257,
      "change_pct": 0.0,
      "trend": "\ud83d\udcc9 DOWN",
      "predictions": [
        129.2312,
        129.231,
        129.2307,
        129.2305,
        129.2302,
        129.23,
        129.2298,
        129.2295,
        129.2293,
        129.229,
        129.2288,
        129.2286,
        129.2283,
        129.2281,
        129.2278,
        129.2276,
        129.2274,
        129.2271,
        129.2269,
        129.2267,
        129.2264,
        129.2262,
        129.226,
        129.2257
      ],
      "metrics": {
        "MAE": 0.003927,
        "RMSE": 0.021049,
        "MAPE": 0.003,
        "R2": 0.9459
      }
    },
    "USD_UGX": {
      "current": 3697.9044,
      "next_1h": 3698.1001,
      "next_24h": 3700.7285,
      "change_pct": 0.005,
      "trend": "\ud83d\udcc8 UP",
      "predictions": [
        3698.1001,
        3698.2952,
        3698.4897,
        3698.6829,
        3698.7923,
        3698.9015,
        3699.0096,
        3699.1167,
        3699.2228,
        3699.328,
        3699.4324,
        3699.5361,
        3699.6392,
        3699.7415,
        3699.8432,
        3699.9442,
        3700.0446,
        3700.1442,
        3700.2432,
        3700.3416,
        3700.4393,
        3700.5364,
        3700.6328,
        3700.7285
      ],
      "metrics": {
        "MAE": 0.891488,
        "RMSE": 4.068072,
        "MAPE": 0.0242,
        "R2": 0.8558
      }
    },
    "USD_EUR": {
      "current": 0.8541,
      "next_1h": 0.8541,
      "next_24h": 0.8537,
      "change_pct": -0.002,
      "trend": "\ud83d\udcc9 DOWN",
      "predictions": [
        0.8541,
        0.8541,
        0.854,
        0.854,
        0.854,
        0.854,
        0.854,
        0.854,
        0.8539,
        0.8539,
        0.8539,
        0.8539,
        0.8539,
        0.8539,
        0.8538,
        0.8538,
        0.8538,
        0.8538,
        0.8538,
        0.8538,
        0.8537,
        0.8537,
        0.8537,
        0.8537
      ],
      "metrics": {
        "MAE": 7.8e-05,
        "RMSE": 0.000333,
        "MAPE": 0.0091,
        "R2": 0.9247
      }
    }
  },
  "crypto": {
    "BTC_USD": {
      "current": 76690.0,
      "next_1h": 76688.91,
      "next_24h": 76894.66,
      "change_pct": -0.001,
      "trend": "\ud83d\udcc9 DOWN",
      "predictions": [
        76688.91,
        76716.79,
        76721.93,
        76732.86,
        76754.79,
        76760.24,
        76769.96,
        76777.67,
        76784.56,
        76793.18,
        76800.25,
        76807.77,
        76815.19,
        76822.39,
        76829.8,
        76837.05,
        76844.31,
        76851.57,
        76858.78,
        76866.0,
        76873.19,
        76880.36,
        76887.52,
        76894.66
      ],
      "metrics": {
        "MAE": 190.789015,
        "RMSE": 282.475757,
        "MAPE": 0.2455,
        "R2": 0.8422
      }
    },
    "ETH_USD": {
      "current": 2293.86,
      "next_1h": 2293.03,
      "next_24h": 2293.53,
      "change_pct": -0.036,
      "trend": "\ud83d\udcc9 DOWN",
      "predictions": [
        2293.03,
        2293.68,
        2293.57,
        2293.64,
        2294.0,
        2293.87,
        2293.93,
        2293.92,
        2293.88,
        2293.9,
        2293.86,
        2293.84,
        2293.82,
        2293.79,
        2293.76,
        2293.74,
        2293.71,
        2293.68,
        2293.66,
        2293.63,
        2293.6,
        2293.58,
        2293.55,
        2293.53
      ],
      "metrics": {
        "MAE": 6.661194,
        "RMSE": 10.338831,
        "MAPE": 0.2861,
        "R2": 0.9089
      }
    },
    "BNB_USD": {
      "current": 624.8,
      "next_1h": 624.72,
      "next_24h": 623.06,
      "change_pct": -0.013,
      "trend": "\ud83d\udcc9 DOWN",
      "predictions": [
        624.72,
        624.71,
        624.59,
        624.56,
        624.5,
        624.41,
        624.34,
        624.25,
        624.18,
        624.1,
        624.02,
        623.94,
        623.87,
        623.79,
        623.71,
        623.64,
        623.56,
        623.49,
        623.42,
        623.35,
        623.27,
        623.2,
        623.13,
        623.06
      ],
      "metrics": {
        "MAE": 1.243891,
        "RMSE": 1.743358,
        "MAPE": 0.1963,
        "R2": 0.9308
      }
    }
  }
}