{
  "generated_at": "2026-05-10 09:38:34",
  "exchange_rates": {
    "USD_TZS": {
      "current": 2599.3308,
      "next_1h": 2599.4421,
      "next_24h": 2600.9343,
      "change_pct": 0.004,
      "trend": "\ud83d\udcc8 UP",
      "predictions": [
        2599.4421,
        2599.5504,
        2599.6558,
        2599.7583,
        2599.8581,
        2599.9551,
        2600.0464,
        2600.132,
        2600.2122,
        2600.2873,
        2600.3574,
        2600.4229,
        2600.4839,
        2600.5408,
        2600.5938,
        2600.6432,
        2600.6892,
        2600.7321,
        2600.772,
        2600.8093,
        2600.8439,
        2600.8762,
        2600.9063,
        2600.9343
      ],
      "metrics": {
        "MAE": 0.724311,
        "RMSE": 2.664989,
        "MAPE": 0.0279,
        "R2": 0.9025
      }
    },
    "USD_KES": {
      "current": 129.179,
      "next_1h": 129.1786,
      "next_24h": 129.171,
      "change_pct": 0.0,
      "trend": "\ud83d\udcc9 DOWN",
      "predictions": [
        129.1786,
        129.1782,
        129.1778,
        129.1775,
        129.1771,
        129.1767,
        129.1764,
        129.176,
        129.1757,
        129.1754,
        129.175,
        129.1747,
        129.1744,
        129.174,
        129.1737,
        129.1734,
        129.1731,
        129.1728,
        129.1725,
        129.1722,
        129.1719,
        129.1716,
        129.1713,
        129.171
      ],
      "metrics": {
        "MAE": 0.001289,
        "RMSE": 0.006004,
        "MAPE": 0.001,
        "R2": 0.9152
      }
    },
    "USD_UGX": {
      "current": 3718.1034,
      "next_1h": 3717.8631,
      "next_24h": 3713.1889,
      "change_pct": -0.006,
      "trend": "\ud83d\udcc9 DOWN",
      "predictions": [
        3717.8631,
        3717.6252,
        3717.3897,
        3717.1566,
        3716.9258,
        3716.6974,
        3716.4729,
        3716.2521,
        3716.0351,
        3715.8217,
        3715.6119,
        3715.4058,
        3715.2031,
        3715.0039,
        3714.808,
        3714.6155,
        3714.4263,
        3714.2403,
        3714.0574,
        3713.8777,
        3713.7011,
        3713.5274,
        3713.3567,
        3713.1889
      ],
      "metrics": {
        "MAE": 0.98716,
        "RMSE": 3.170525,
        "MAPE": 0.0264,
        "R2": 0.9248
      }
    },
    "USD_EUR": {
      "current": 0.8494,
      "next_1h": 0.8494,
      "next_24h": 0.8501,
      "change_pct": 0.005,
      "trend": "\ud83d\udcc8 UP",
      "predictions": [
        0.8494,
        0.8495,
        0.8495,
        0.8495,
        0.8496,
        0.8496,
        0.8496,
        0.8497,
        0.8497,
        0.8497,
        0.8498,
        0.8498,
        0.8498,
        0.8499,
        0.8499,
        0.8499,
        0.8499,
        0.85,
        0.85,
        0.85,
        0.8501,
        0.8501,
        0.8501,
        0.8501
      ],
      "metrics": {
        "MAE": 9.6e-05,
        "RMSE": 0.000414,
        "MAPE": 0.0112,
        "R2": 0.9531
      }
    }
  },
  "crypto": {
    "BTC_USD": {
      "current": 80761.0,
      "next_1h": 80736.56,
      "next_24h": 79968.22,
      "change_pct": -0.03,
      "trend": "\ud83d\udcc9 DOWN",
      "predictions": [
        80736.56,
        80705.86,
        80668.13,
        80635.97,
        80599.05,
        80563.55,
        80528.22,
        80492.71,
        80457.79,
        80422.99,
        80388.54,
        80354.4,
        80320.55,
        80287.03,
        80253.8,
        80220.88,
        80188.27,
        80155.95,
        80123.94,
        80092.21,
        80060.78,
        80029.64,
        79998.79,
        79968.22
      ],
      "metrics": {
        "MAE": 198.351442,
        "RMSE": 302.159526,
        "MAPE": 0.2467,
        "R2": 0.896
      }
    },
    "ETH_USD": {
      "current": 2327.48,
      "next_1h": 2327.17,
      "next_24h": 2315.07,
      "change_pct": -0.013,
      "trend": "\ud83d\udcc9 DOWN",
      "predictions": [
        2327.17,
        2326.5,
        2325.91,
        2325.29,
        2324.63,
        2324.03,
        2323.42,
        2322.82,
        2322.25,
        2321.68,
        2321.13,
        2320.59,
        2320.06,
        2319.55,
        2319.05,
        2318.56,
        2318.08,
        2317.62,
        2317.17,
        2316.73,
        2316.3,
        2315.88,
        2315.47,
        2315.07
      ],
      "metrics": {
        "MAE": 6.994926,
        "RMSE": 10.741511,
        "MAPE": 0.2986,
        "R2": 0.8918
      }
    },
    "BNB_USD": {
      "current": 650.89,
      "next_1h": 650.61,
      "next_24h": 643.09,
      "change_pct": -0.043,
      "trend": "\ud83d\udcc9 DOWN",
      "predictions": [
        650.61,
        650.38,
        650.11,
        649.76,
        649.43,
        649.06,
        648.69,
        648.33,
        647.97,
        647.62,
        647.26,
        646.91,
        646.57,
        646.23,
        645.9,
        645.57,
        645.24,
        644.92,
        644.61,
        644.29,
        643.99,
        643.68,
        643.38,
        643.09
      ],
      "metrics": {
        "MAE": 1.607079,
        "RMSE": 2.34653,
        "MAPE": 0.2516,
        "R2": 0.9582
      }
    }
  }
}