{
  "generated_at": "2026-03-26 18:00:21",
  "exchange_rates": {
    "USD_TZS": {
      "current": 2569.1397,
      "next_1h": 2569.4813,
      "next_24h": 2575.6985,
      "change_pct": 0.013,
      "trend": "\ud83d\udcc8 UP",
      "predictions": [
        2569.4813,
        2569.8131,
        2570.1411,
        2570.4626,
        2570.7831,
        2571.0978,
        2571.4056,
        2571.7065,
        2572.0008,
        2572.2885,
        2572.5697,
        2572.8446,
        2573.1134,
        2573.376,
        2573.6328,
        2573.8838,
        2574.1291,
        2574.3689,
        2574.6033,
        2574.8324,
        2575.0564,
        2575.2753,
        2575.4893,
        2575.6985
      ],
      "metrics": {
        "MAE": 0.43146,
        "RMSE": 1.431451,
        "MAPE": 0.0167,
        "R2": 0.962
      }
    },
    "USD_KES": {
      "current": 129.6529,
      "next_1h": 129.6402,
      "next_24h": 129.458,
      "change_pct": -0.01,
      "trend": "\ud83d\udcc9 DOWN",
      "predictions": [
        129.6402,
        129.6259,
        129.6137,
        129.6028,
        129.5928,
        129.5835,
        129.5746,
        129.5657,
        129.5571,
        129.5488,
        129.5407,
        129.5329,
        129.5254,
        129.5182,
        129.5112,
        129.5044,
        129.4979,
        129.4916,
        129.4855,
        129.4796,
        129.4739,
        129.4684,
        129.4631,
        129.458
      ],
      "metrics": {
        "MAE": 0.020877,
        "RMSE": 0.056599,
        "MAPE": 0.0161,
        "R2": 0.9238
      }
    },
    "USD_UGX": {
      "current": 3725.4836,
      "next_1h": 3725.8323,
      "next_24h": 3733.0223,
      "change_pct": 0.009,
      "trend": "\ud83d\udcc8 UP",
      "predictions": [
        3725.8323,
        3726.175,
        3726.5114,
        3726.8445,
        3727.1716,
        3727.493,
        3727.813,
        3728.1316,
        3728.4487,
        3728.7643,
        3729.0784,
        3729.3909,
        3729.7019,
        3730.0113,
        3730.3192,
        3730.6255,
        3730.9304,
        3731.2337,
        3731.5355,
        3731.8358,
        3732.1347,
        3732.432,
        3732.7279,
        3733.0223
      ],
      "metrics": {
        "MAE": 0.861517,
        "RMSE": 4.449258,
        "MAPE": 0.023,
        "R2": 0.9529
      }
    },
    "USD_EUR": {
      "current": 0.8638,
      "next_1h": 0.8639,
      "next_24h": 0.8652,
      "change_pct": 0.009,
      "trend": "\ud83d\udcc8 UP",
      "predictions": [
        0.8639,
        0.864,
        0.864,
        0.8641,
        0.8642,
        0.8642,
        0.8643,
        0.8644,
        0.8644,
        0.8645,
        0.8645,
        0.8646,
        0.8647,
        0.8647,
        0.8648,
        0.8648,
        0.8649,
        0.8649,
        0.865,
        0.865,
        0.8651,
        0.8651,
        0.8652,
        0.8652
      ],
      "metrics": {
        "MAE": 0.000132,
        "RMSE": 0.000338,
        "MAPE": 0.0153,
        "R2": 0.9242
      }
    }
  },
  "crypto": {
    "BTC_USD": {
      "current": 68455.0,
      "next_1h": 68538.55,
      "next_24h": 69270.86,
      "change_pct": 0.122,
      "trend": "\ud83d\udcc8 UP",
      "predictions": [
        68538.55,
        68601.27,
        68664.04,
        68710.23,
        68747.9,
        68775.75,
        68804.9,
        68834.48,
        68864.47,
        68894.36,
        68923.91,
        68952.95,
        68981.54,
        69009.72,
        69037.49,
        69064.89,
        69091.91,
        69118.56,
        69144.83,
        69170.75,
        69196.3,
        69221.5,
        69246.35,
        69270.86
      ],
      "metrics": {
        "MAE": 281.877205,
        "RMSE": 401.305267,
        "MAPE": 0.4035,
        "R2": 0.8733
      }
    },
    "ETH_USD": {
      "current": 2049.62,
      "next_1h": 2050.59,
      "next_24h": 2075.87,
      "change_pct": 0.047,
      "trend": "\ud83d\udcc8 UP",
      "predictions": [
        2050.59,
        2050.96,
        2051.62,
        2052.43,
        2053.47,
        2054.8,
        2056.1,
        2057.41,
        2058.71,
        2060.01,
        2061.28,
        2062.54,
        2063.77,
        2064.98,
        2066.17,
        2067.33,
        2068.48,
        2069.6,
        2070.69,
        2071.77,
        2072.83,
        2073.86,
        2074.88,
        2075.87
      ],
      "metrics": {
        "MAE": 9.814813,
        "RMSE": 16.213514,
        "MAPE": 0.4631,
        "R2": 0.8753
      }
    },
    "BNB_USD": {
      "current": 625.54,
      "next_1h": 626.23,
      "next_24h": 636.84,
      "change_pct": 0.11,
      "trend": "\ud83d\udcc8 UP",
      "predictions": [
        626.23,
        626.89,
        627.45,
        628.01,
        628.55,
        629.08,
        629.59,
        630.1,
        630.59,
        631.07,
        631.55,
        632.01,
        632.46,
        632.9,
        633.34,
        633.76,
        634.18,
        634.58,
        634.98,
        635.37,
        635.75,
        636.12,
        636.49,
        636.84
      ],
      "metrics": {
        "MAE": 2.07529,
        "RMSE": 3.004598,
        "MAPE": 0.3267,
        "R2": 0.8367
      }
    }
  }
}