{
  "generated_at": "2026-04-19 09:24:14",
  "exchange_rates": {
    "USD_TZS": {
      "current": 2599.7352,
      "next_1h": 2599.5218,
      "next_24h": 2595.375,
      "change_pct": -0.008,
      "trend": "\ud83d\udcc9 DOWN",
      "predictions": [
        2599.5218,
        2599.3105,
        2599.1012,
        2598.8939,
        2598.6886,
        2598.4852,
        2598.2852,
        2598.0888,
        2597.8958,
        2597.7061,
        2597.5197,
        2597.3367,
        2597.1568,
        2596.9801,
        2596.8065,
        2596.6359,
        2596.4684,
        2596.3037,
        2596.142,
        2595.9831,
        2595.827,
        2595.6737,
        2595.523,
        2595.375
      ],
      "metrics": {
        "MAE": 0.362651,
        "RMSE": 0.870113,
        "MAPE": 0.0139,
        "R2": 0.9405
      }
    },
    "USD_KES": {
      "current": 129.0424,
      "next_1h": 129.0452,
      "next_24h": 129.1069,
      "change_pct": 0.002,
      "trend": "\ud83d\udcc8 UP",
      "predictions": [
        129.0452,
        129.048,
        129.0508,
        129.0536,
        129.0564,
        129.0592,
        129.062,
        129.0647,
        129.0675,
        129.0702,
        129.0729,
        129.0756,
        129.0783,
        129.081,
        129.0836,
        129.0863,
        129.0889,
        129.0915,
        129.0941,
        129.0967,
        129.0993,
        129.1018,
        129.1044,
        129.1069
      ],
      "metrics": {
        "MAE": 0.005101,
        "RMSE": 0.017499,
        "MAPE": 0.0039,
        "R2": 0.9494
      }
    },
    "USD_UGX": {
      "current": 3690.1997,
      "next_1h": 3690.4209,
      "next_24h": 3695.1961,
      "change_pct": 0.006,
      "trend": "\ud83d\udcc8 UP",
      "predictions": [
        3690.4209,
        3690.6411,
        3690.8606,
        3691.0792,
        3691.2969,
        3691.5138,
        3691.7294,
        3691.9437,
        3692.1566,
        3692.3682,
        3692.5784,
        3692.7874,
        3692.9951,
        3693.2015,
        3693.4066,
        3693.6104,
        3693.813,
        3694.0143,
        3694.2143,
        3694.4131,
        3694.6107,
        3694.8071,
        3695.0022,
        3695.1961
      ],
      "metrics": {
        "MAE": 0.60886,
        "RMSE": 3.068185,
        "MAPE": 0.0164,
        "R2": 0.9367
      }
    },
    "USD_EUR": {
      "current": 0.8488,
      "next_1h": 0.8488,
      "next_24h": 0.8492,
      "change_pct": 0.002,
      "trend": "\ud83d\udcc8 UP",
      "predictions": [
        0.8488,
        0.8488,
        0.8488,
        0.8488,
        0.8489,
        0.8489,
        0.8489,
        0.8489,
        0.8489,
        0.849,
        0.849,
        0.849,
        0.849,
        0.849,
        0.8491,
        0.8491,
        0.8491,
        0.8491,
        0.8491,
        0.8492,
        0.8492,
        0.8492,
        0.8492,
        0.8492
      ],
      "metrics": {
        "MAE": 0.000111,
        "RMSE": 0.000562,
        "MAPE": 0.0131,
        "R2": 0.9652
      }
    }
  },
  "crypto": {
    "BTC_USD": {
      "current": 75063.0,
      "next_1h": 74980.74,
      "next_24h": 73594.8,
      "change_pct": -0.11,
      "trend": "\ud83d\udcc9 DOWN",
      "predictions": [
        74980.74,
        74929.86,
        74850.53,
        74785.87,
        74720.33,
        74653.48,
        74589.0,
        74524.72,
        74461.19,
        74398.54,
        74336.56,
        74275.33,
        74214.84,
        74155.05,
        74095.97,
        74037.6,
        73979.91,
        73922.91,
        73866.58,
        73810.92,
        73755.92,
        73701.57,
        73647.87,
        73594.8
      ],
      "metrics": {
        "MAE": 235.85522,
        "RMSE": 320.786574,
        "MAPE": 0.3159,
        "R2": 0.9659
      }
    },
    "ETH_USD": {
      "current": 2313.99,
      "next_1h": 2310.18,
      "next_24h": 2247.84,
      "change_pct": -0.164,
      "trend": "\ud83d\udcc9 DOWN",
      "predictions": [
        2310.18,
        2308.38,
        2304.17,
        2301.26,
        2298.17,
        2295.01,
        2292.07,
        2289.08,
        2286.16,
        2283.3,
        2280.48,
        2277.71,
        2274.99,
        2272.31,
        2269.67,
        2267.08,
        2264.53,
        2262.03,
        2259.56,
        2257.14,
        2254.76,
        2252.41,
        2250.11,
        2247.84
      ],
      "metrics": {
        "MAE": 9.599174,
        "RMSE": 13.997061,
        "MAPE": 0.4116,
        "R2": 0.9525
      }
    },
    "BNB_USD": {
      "current": 621.14,
      "next_1h": 620.94,
      "next_24h": 617.66,
      "change_pct": -0.032,
      "trend": "\ud83d\udcc9 DOWN",
      "predictions": [
        620.94,
        620.98,
        620.84,
        620.62,
        620.45,
        620.28,
        620.11,
        619.96,
        619.81,
        619.65,
        619.5,
        619.35,
        619.2,
        619.05,
        618.91,
        618.76,
        618.62,
        618.48,
        618.34,
        618.2,
        618.06,
        617.93,
        617.79,
        617.66
      ],
      "metrics": {
        "MAE": 1.638717,
        "RMSE": 2.206257,
        "MAPE": 0.2636,
        "R2": 0.9729
      }
    }
  }
}