{
  "generated_at": "2026-07-13 09:17:11",
  "exchange_rates": {
    "USD_TZS": {
      "current": 2627.8658,
      "next_1h": 2627.4757,
      "next_24h": 2621.0008,
      "change_pct": -0.015,
      "trend": "\ud83d\udcc9 DOWN",
      "predictions": [
        2627.4757,
        2627.0941,
        2626.7208,
        2626.3556,
        2625.9985,
        2625.6491,
        2625.311,
        2624.984,
        2624.6676,
        2624.3616,
        2624.0657,
        2623.7795,
        2623.5028,
        2623.2353,
        2622.9765,
        2622.7264,
        2622.4844,
        2622.2505,
        2622.0244,
        2621.8057,
        2621.5942,
        2621.3897,
        2621.192,
        2621.0008
      ],
      "metrics": {
        "MAE": 0.378366,
        "RMSE": 0.658718,
        "MAPE": 0.0144,
        "R2": 0.8383
      }
    },
    "USD_KES": {
      "current": 129.1822,
      "next_1h": 129.1859,
      "next_24h": 129.2603,
      "change_pct": 0.003,
      "trend": "\ud83d\udcc8 UP",
      "predictions": [
        129.1859,
        129.1896,
        129.1933,
        129.197,
        129.2007,
        129.2043,
        129.2078,
        129.2114,
        129.2148,
        129.2182,
        129.2215,
        129.2248,
        129.2281,
        129.2312,
        129.2344,
        129.2374,
        129.2405,
        129.2434,
        129.2464,
        129.2492,
        129.2521,
        129.2548,
        129.2576,
        129.2603
      ],
      "metrics": {
        "MAE": 0.00547,
        "RMSE": 0.013972,
        "MAPE": 0.0042,
        "R2": 0.8809
      }
    },
    "USD_UGX": {
      "current": 3659.3418,
      "next_1h": 3659.3107,
      "next_24h": 3658.6125,
      "change_pct": -0.001,
      "trend": "\ud83d\udcc9 DOWN",
      "predictions": [
        3659.3107,
        3659.2796,
        3659.2486,
        3659.2177,
        3659.1868,
        3659.1559,
        3659.1252,
        3659.0945,
        3659.0638,
        3659.0333,
        3659.0028,
        3658.9724,
        3658.942,
        3658.9117,
        3658.8815,
        3658.8513,
        3658.8213,
        3658.7912,
        3658.7613,
        3658.7314,
        3658.7016,
        3658.6718,
        3658.6422,
        3658.6125
      ],
      "metrics": {
        "MAE": 0.625889,
        "RMSE": 3.211353,
        "MAPE": 0.0171,
        "R2": 0.9191
      }
    },
    "USD_EUR": {
      "current": 0.8768,
      "next_1h": 0.8768,
      "next_24h": 0.8768,
      "change_pct": 0.0,
      "trend": "\ud83d\udcc9 DOWN",
      "predictions": [
        0.8768,
        0.8768,
        0.8768,
        0.8768,
        0.8768,
        0.8768,
        0.8768,
        0.8768,
        0.8768,
        0.8768,
        0.8768,
        0.8768,
        0.8768,
        0.8768,
        0.8768,
        0.8768,
        0.8768,
        0.8768,
        0.8768,
        0.8768,
        0.8768,
        0.8768,
        0.8768,
        0.8768
      ],
      "metrics": {
        "MAE": 3.3e-05,
        "RMSE": 0.000178,
        "MAPE": 0.0038,
        "R2": 0.934
      }
    }
  },
  "crypto": {
    "BTC_USD": {
      "current": 63108.0,
      "next_1h": 63095.52,
      "next_24h": 62901.01,
      "change_pct": -0.02,
      "trend": "\ud83d\udcc9 DOWN",
      "predictions": [
        63095.52,
        63080.18,
        63068.23,
        63064.37,
        63059.08,
        63049.96,
        63040.75,
        63032.13,
        63023.9,
        63015.56,
        63007.1,
        62998.69,
        62990.35,
        62982.06,
        62973.8,
        62965.56,
        62957.37,
        62949.21,
        62941.09,
        62933.0,
        62924.95,
        62916.93,
        62908.95,
        62901.01
      ],
      "metrics": {
        "MAE": 93.601513,
        "RMSE": 128.721104,
        "MAPE": 0.1473,
        "R2": 0.954
      }
    },
    "ETH_USD": {
      "current": 1787.17,
      "next_1h": 1786.67,
      "next_24h": 1774.37,
      "change_pct": -0.028,
      "trend": "\ud83d\udcc9 DOWN",
      "predictions": [
        1786.67,
        1785.69,
        1785.18,
        1784.71,
        1784.1,
        1783.55,
        1783.03,
        1782.5,
        1781.97,
        1781.45,
        1780.93,
        1780.4,
        1779.89,
        1779.37,
        1778.86,
        1778.35,
        1777.85,
        1777.34,
        1776.84,
        1776.34,
        1775.84,
        1775.35,
        1774.86,
        1774.37
      ],
      "metrics": {
        "MAE": 3.746572,
        "RMSE": 5.785208,
        "MAPE": 0.2094,
        "R2": 0.9519
      }
    },
    "BNB_USD": {
      "current": 569.49,
      "next_1h": 569.54,
      "next_24h": 570.24,
      "change_pct": 0.009,
      "trend": "\ud83d\udcc8 UP",
      "predictions": [
        569.54,
        569.55,
        569.59,
        569.62,
        569.66,
        569.69,
        569.72,
        569.75,
        569.78,
        569.82,
        569.85,
        569.88,
        569.91,
        569.94,
        569.97,
        570.0,
        570.03,
        570.06,
        570.09,
        570.12,
        570.15,
        570.18,
        570.21,
        570.24
      ],
      "metrics": {
        "MAE": 0.801305,
        "RMSE": 1.156333,
        "MAPE": 0.1396,
        "R2": 0.9106
      }
    }
  }
}