{
  "generated_at": "2026-04-04 13:00:19",
  "exchange_rates": {
    "USD_TZS": {
      "current": 2596.9564,
      "next_1h": 2596.6404,
      "next_24h": 2590.7519,
      "change_pct": -0.012,
      "trend": "\ud83d\udcc9 DOWN",
      "predictions": [
        2596.6404,
        2596.3316,
        2596.0258,
        2595.7249,
        2595.4249,
        2595.1294,
        2594.84,
        2594.5566,
        2594.279,
        2594.0073,
        2593.7412,
        2593.4808,
        2593.2258,
        2592.9762,
        2592.7319,
        2592.4927,
        2592.2585,
        2592.0293,
        2591.8049,
        2591.5853,
        2591.3702,
        2591.1597,
        2590.9537,
        2590.7519
      ],
      "metrics": {
        "MAE": 0.632441,
        "RMSE": 2.721584,
        "MAPE": 0.0244,
        "R2": 0.9111
      }
    },
    "USD_KES": {
      "current": 130.0613,
      "next_1h": 130.0551,
      "next_24h": 129.9396,
      "change_pct": -0.005,
      "trend": "\ud83d\udcc9 DOWN",
      "predictions": [
        130.0551,
        130.0483,
        130.0422,
        130.0365,
        130.0311,
        130.0259,
        130.0208,
        130.0157,
        130.0105,
        130.0055,
        130.0004,
        129.9955,
        129.9905,
        129.9857,
        129.9808,
        129.9761,
        129.9713,
        129.9667,
        129.962,
        129.9575,
        129.9529,
        129.9484,
        129.944,
        129.9396
      ],
      "metrics": {
        "MAE": 0.009831,
        "RMSE": 0.026017,
        "MAPE": 0.0076,
        "R2": 0.9271
      }
    },
    "USD_UGX": {
      "current": 3753.7694,
      "next_1h": 3753.7694,
      "next_24h": 3753.7682,
      "change_pct": 0.0,
      "trend": "\ud83d\udcc9 DOWN",
      "predictions": [
        3753.7694,
        3753.7693,
        3753.7693,
        3753.7692,
        3753.7691,
        3753.7691,
        3753.769,
        3753.769,
        3753.7689,
        3753.7689,
        3753.7688,
        3753.7688,
        3753.7687,
        3753.7687,
        3753.7686,
        3753.7686,
        3753.7686,
        3753.7685,
        3753.7685,
        3753.7684,
        3753.7684,
        3753.7683,
        3753.7683,
        3753.7682
      ],
      "metrics": {
        "MAE": 0.62355,
        "RMSE": 3.102231,
        "MAPE": 0.0167,
        "R2": 0.8788
      }
    },
    "USD_EUR": {
      "current": 0.8674,
      "next_1h": 0.8674,
      "next_24h": 0.8674,
      "change_pct": 0.0,
      "trend": "\ud83d\udcc9 DOWN",
      "predictions": [
        0.8674,
        0.8674,
        0.8674,
        0.8674,
        0.8674,
        0.8674,
        0.8674,
        0.8674,
        0.8674,
        0.8674,
        0.8674,
        0.8674,
        0.8674,
        0.8674,
        0.8674,
        0.8674,
        0.8674,
        0.8674,
        0.8674,
        0.8674,
        0.8674,
        0.8674,
        0.8674,
        0.8674
      ],
      "metrics": {
        "MAE": 0.000197,
        "RMSE": 0.000738,
        "MAPE": 0.0227,
        "R2": 0.9437
      }
    }
  },
  "crypto": {
    "BTC_USD": {
      "current": 67092.0,
      "next_1h": 67124.41,
      "next_24h": 67613.3,
      "change_pct": 0.048,
      "trend": "\ud83d\udcc8 UP",
      "predictions": [
        67124.41,
        67142.83,
        67158.69,
        67186.86,
        67212.39,
        67234.66,
        67257.76,
        67280.46,
        67302.31,
        67324.21,
        67346.07,
        67367.68,
        67389.13,
        67410.43,
        67431.52,
        67452.42,
        67473.15,
        67493.7,
        67514.06,
        67534.26,
        67554.28,
        67574.12,
        67593.79,
        67613.3
      ],
      "metrics": {
        "MAE": 213.767977,
        "RMSE": 297.229935,
        "MAPE": 0.3175,
        "R2": 0.817
      }
    },
    "ETH_USD": {
      "current": 2049.58,
      "next_1h": 2050.35,
      "next_24h": 2064.77,
      "change_pct": 0.037,
      "trend": "\ud83d\udcc8 UP",
      "predictions": [
        2050.35,
        2050.91,
        2051.59,
        2052.32,
        2053.04,
        2053.75,
        2054.44,
        2055.13,
        2055.81,
        2056.47,
        2057.13,
        2057.77,
        2058.41,
        2059.03,
        2059.65,
        2060.25,
        2060.85,
        2061.43,
        2062.01,
        2062.58,
        2063.14,
        2063.69,
        2064.23,
        2064.77
      ],
      "metrics": {
        "MAE": 8.474516,
        "RMSE": 11.973068,
        "MAPE": 0.4085,
        "R2": 0.8786
      }
    },
    "BNB_USD": {
      "current": 589.58,
      "next_1h": 590.45,
      "next_24h": 605.98,
      "change_pct": 0.148,
      "trend": "\ud83d\udcc8 UP",
      "predictions": [
        590.45,
        591.25,
        592.07,
        592.9,
        593.67,
        594.4,
        595.13,
        595.84,
        596.54,
        597.24,
        597.92,
        598.6,
        599.27,
        599.92,
        600.57,
        601.21,
        601.83,
        602.45,
        603.06,
        603.66,
        604.25,
        604.84,
        605.41,
        605.98
      ],
      "metrics": {
        "MAE": 1.8809,
        "RMSE": 2.573727,
        "MAPE": 0.3132,
        "R2": 0.9674
      }
    }
  }
}