{
  "generated_at": "2026-06-03 09:51:40",
  "exchange_rates": {
    "USD_TZS": {
      "current": 2619.312,
      "next_1h": 2618.4719,
      "next_24h": 2605.1803,
      "change_pct": -0.032,
      "trend": "\ud83d\udcc9 DOWN",
      "predictions": [
        2618.4719,
        2617.613,
        2616.7737,
        2615.9533,
        2615.1515,
        2614.3678,
        2613.6189,
        2612.9043,
        2612.2229,
        2611.5736,
        2610.9552,
        2610.3667,
        2609.8066,
        2609.2737,
        2608.7667,
        2608.2843,
        2607.8254,
        2607.3887,
        2606.9733,
        2606.5781,
        2606.2021,
        2605.8444,
        2605.5041,
        2605.1803
      ],
      "metrics": {
        "MAE": 1.101247,
        "RMSE": 2.989864,
        "MAPE": 0.0422,
        "R2": 0.93
      }
    },
    "USD_KES": {
      "current": 129.4138,
      "next_1h": 129.4141,
      "next_24h": 129.4203,
      "change_pct": 0.0,
      "trend": "\ud83d\udcc9 DOWN",
      "predictions": [
        129.4141,
        129.4143,
        129.4146,
        129.4149,
        129.4152,
        129.4155,
        129.4157,
        129.416,
        129.4163,
        129.4166,
        129.4168,
        129.4171,
        129.4174,
        129.4177,
        129.4179,
        129.4182,
        129.4185,
        129.4187,
        129.419,
        129.4193,
        129.4195,
        129.4198,
        129.4201,
        129.4203
      ],
      "metrics": {
        "MAE": 0.004611,
        "RMSE": 0.024811,
        "MAPE": 0.0036,
        "R2": 0.9347
      }
    },
    "USD_UGX": {
      "current": 3745.7779,
      "next_1h": 3745.6261,
      "next_24h": 3742.7536,
      "change_pct": -0.004,
      "trend": "\ud83d\udcc9 DOWN",
      "predictions": [
        3745.6261,
        3745.4839,
        3745.3433,
        3745.2041,
        3745.0665,
        3744.9304,
        3744.7959,
        3744.6632,
        3744.5322,
        3744.4028,
        3744.275,
        3744.1489,
        3744.0243,
        3743.9013,
        3743.7799,
        3743.66,
        3743.5416,
        3743.4247,
        3743.3093,
        3743.1953,
        3743.0828,
        3742.9717,
        3742.8619,
        3742.7536
      ],
      "metrics": {
        "MAE": 1.004159,
        "RMSE": 3.60561,
        "MAPE": 0.0267,
        "R2": 0.8884
      }
    },
    "USD_EUR": {
      "current": 0.8598,
      "next_1h": 0.8598,
      "next_24h": 0.8599,
      "change_pct": 0.0,
      "trend": "\ud83d\udcc9 DOWN",
      "predictions": [
        0.8598,
        0.8598,
        0.8598,
        0.8598,
        0.8599,
        0.8599,
        0.8599,
        0.8599,
        0.8599,
        0.8599,
        0.8599,
        0.8599,
        0.8599,
        0.8599,
        0.8599,
        0.8599,
        0.8599,
        0.8599,
        0.8599,
        0.8599,
        0.8599,
        0.8599,
        0.8599,
        0.8599
      ],
      "metrics": {
        "MAE": 5.9e-05,
        "RMSE": 0.000262,
        "MAPE": 0.0068,
        "R2": 0.9214
      }
    }
  },
  "crypto": {
    "BTC_USD": {
      "current": 66969.0,
      "next_1h": 67086.05,
      "next_24h": 69033.39,
      "change_pct": 0.175,
      "trend": "\ud83d\udcc8 UP",
      "predictions": [
        67086.05,
        67193.76,
        67264.32,
        67360.52,
        67458.13,
        67545.61,
        67634.05,
        67722.42,
        67809.17,
        67895.4,
        67981.16,
        68066.14,
        68150.42,
        68234.04,
        68316.96,
        68399.2,
        68480.77,
        68561.67,
        68641.91,
        68721.5,
        68800.43,
        68878.72,
        68956.37,
        69033.39
      ],
      "metrics": {
        "MAE": 244.222136,
        "RMSE": 354.949004,
        "MAPE": 0.337,
        "R2": 0.9822
      }
    },
    "ETH_USD": {
      "current": 1874.89,
      "next_1h": 1875.07,
      "next_24h": 1887.0,
      "change_pct": 0.01,
      "trend": "\ud83d\udcc8 UP",
      "predictions": [
        1875.07,
        1875.62,
        1875.11,
        1875.35,
        1876.06,
        1876.68,
        1877.3,
        1877.93,
        1878.52,
        1879.09,
        1879.66,
        1880.23,
        1880.8,
        1881.37,
        1881.94,
        1882.51,
        1883.08,
        1883.64,
        1884.21,
        1884.77,
        1885.33,
        1885.89,
        1886.45,
        1887.0
      ],
      "metrics": {
        "MAE": 8.240629,
        "RMSE": 12.479367,
        "MAPE": 0.4124,
        "R2": 0.956
      }
    },
    "BNB_USD": {
      "current": 641.11,
      "next_1h": 641.21,
      "next_24h": 642.14,
      "change_pct": 0.016,
      "trend": "\ud83d\udcc8 UP",
      "predictions": [
        641.21,
        641.48,
        641.42,
        641.43,
        641.49,
        641.52,
        641.56,
        641.59,
        641.63,
        641.67,
        641.7,
        641.74,
        641.77,
        641.81,
        641.84,
        641.87,
        641.91,
        641.94,
        641.98,
        642.01,
        642.04,
        642.07,
        642.11,
        642.14
      ],
      "metrics": {
        "MAE": 3.574215,
        "RMSE": 5.036129,
        "MAPE": 0.5261,
        "R2": 0.968
      }
    }
  }
}