{
  "generated_at": "2026-07-18 08:43:17",
  "exchange_rates": {
    "USD_TZS": {
      "current": 2629.0886,
      "next_1h": 2628.7252,
      "next_24h": 2622.5659,
      "change_pct": -0.014,
      "trend": "\ud83d\udcc9 DOWN",
      "predictions": [
        2628.7252,
        2628.3692,
        2628.0206,
        2627.6791,
        2627.3446,
        2627.017,
        2626.6993,
        2626.3912,
        2626.0924,
        2625.8027,
        2625.5219,
        2625.2497,
        2624.9858,
        2624.73,
        2624.482,
        2624.2417,
        2624.0087,
        2623.7828,
        2623.5639,
        2623.3517,
        2623.146,
        2622.9466,
        2622.7533,
        2622.5659
      ],
      "metrics": {
        "MAE": 0.55373,
        "RMSE": 2.138236,
        "MAPE": 0.0212,
        "R2": 0.9499
      }
    },
    "USD_KES": {
      "current": 129.3268,
      "next_1h": 129.3273,
      "next_24h": 129.3394,
      "change_pct": 0.0,
      "trend": "\ud83d\udcc9 DOWN",
      "predictions": [
        129.3273,
        129.3279,
        129.3285,
        129.3291,
        129.3296,
        129.3302,
        129.3308,
        129.3313,
        129.3319,
        129.3324,
        129.3329,
        129.3335,
        129.334,
        129.3345,
        129.335,
        129.3355,
        129.336,
        129.3365,
        129.337,
        129.3375,
        129.338,
        129.3384,
        129.3389,
        129.3394
      ],
      "metrics": {
        "MAE": 0.003322,
        "RMSE": 0.012348,
        "MAPE": 0.0026,
        "R2": 0.9698
      }
    },
    "USD_UGX": {
      "current": 3669.5216,
      "next_1h": 3669.5569,
      "next_24h": 3670.3391,
      "change_pct": 0.001,
      "trend": "\ud83d\udcc8 UP",
      "predictions": [
        3669.5569,
        3669.5921,
        3669.6272,
        3669.6623,
        3669.6973,
        3669.7322,
        3669.7669,
        3669.8016,
        3669.8361,
        3669.8705,
        3669.9048,
        3669.9389,
        3669.9729,
        3670.0068,
        3670.0406,
        3670.0742,
        3670.1078,
        3670.1412,
        3670.1745,
        3670.2076,
        3670.2407,
        3670.2736,
        3670.3064,
        3670.3391
      ],
      "metrics": {
        "MAE": 0.354614,
        "RMSE": 1.857138,
        "MAPE": 0.0097,
        "R2": 0.9686
      }
    },
    "USD_EUR": {
      "current": 0.8744,
      "next_1h": 0.8745,
      "next_24h": 0.8746,
      "change_pct": 0.001,
      "trend": "\ud83d\udcc8 UP",
      "predictions": [
        0.8745,
        0.8745,
        0.8745,
        0.8745,
        0.8745,
        0.8745,
        0.8745,
        0.8745,
        0.8745,
        0.8745,
        0.8745,
        0.8745,
        0.8745,
        0.8745,
        0.8745,
        0.8745,
        0.8745,
        0.8745,
        0.8745,
        0.8745,
        0.8745,
        0.8746,
        0.8746,
        0.8746
      ],
      "metrics": {
        "MAE": 4.2e-05,
        "RMSE": 0.000242,
        "MAPE": 0.0048,
        "R2": 0.9658
      }
    }
  },
  "crypto": {
    "BTC_USD": {
      "current": 63940.0,
      "next_1h": 63933.1,
      "next_24h": 63753.27,
      "change_pct": -0.011,
      "trend": "\ud83d\udcc9 DOWN",
      "predictions": [
        63933.1,
        63925.71,
        63916.57,
        63907.91,
        63900.47,
        63892.49,
        63884.43,
        63876.36,
        63868.38,
        63860.48,
        63852.59,
        63844.73,
        63836.9,
        63829.12,
        63821.38,
        63813.67,
        63805.99,
        63798.35,
        63790.75,
        63783.18,
        63775.65,
        63768.16,
        63760.7,
        63753.27
      ],
      "metrics": {
        "MAE": 117.291795,
        "RMSE": 166.917916,
        "MAPE": 0.184,
        "R2": 0.9675
      }
    },
    "ETH_USD": {
      "current": 1846.28,
      "next_1h": 1845.52,
      "next_24h": 1830.68,
      "change_pct": -0.041,
      "trend": "\ud83d\udcc9 DOWN",
      "predictions": [
        1845.52,
        1844.71,
        1843.97,
        1843.37,
        1842.64,
        1841.98,
        1841.33,
        1840.68,
        1840.03,
        1839.38,
        1838.74,
        1838.1,
        1837.46,
        1836.83,
        1836.2,
        1835.57,
        1834.95,
        1834.33,
        1833.72,
        1833.1,
        1832.49,
        1831.89,
        1831.28,
        1830.68
      ],
      "metrics": {
        "MAE": 4.813213,
        "RMSE": 7.234829,
        "MAPE": 0.2604,
        "R2": 0.9791
      }
    },
    "BNB_USD": {
      "current": 567.84,
      "next_1h": 567.89,
      "next_24h": 569.03,
      "change_pct": 0.009,
      "trend": "\ud83d\udcc8 UP",
      "predictions": [
        567.89,
        567.94,
        568.0,
        568.06,
        568.1,
        568.16,
        568.21,
        568.26,
        568.31,
        568.36,
        568.41,
        568.46,
        568.5,
        568.55,
        568.6,
        568.65,
        568.7,
        568.75,
        568.79,
        568.84,
        568.89,
        568.94,
        568.98,
        569.03
      ],
      "metrics": {
        "MAE": 0.898135,
        "RMSE": 1.278848,
        "MAPE": 0.1568,
        "R2": 0.9596
      }
    }
  }
}