{
  "generated_at": "2026-03-13 09:00:06",
  "exchange_rates": {
    "USD_TZS": {
      "current": 2581.7171,
      "next_1h": 2581.2047,
      "next_24h": 2575.0148,
      "change_pct": -0.02,
      "trend": "\ud83d\udcc9 DOWN",
      "predictions": [
        2581.2047,
        2580.7273,
        2580.2655,
        2579.827,
        2579.3944,
        2578.98,
        2578.5939,
        2578.2345,
        2577.8997,
        2577.5883,
        2577.2995,
        2577.0318,
        2576.7839,
        2576.5543,
        2576.3416,
        2576.1448,
        2575.9625,
        2575.7939,
        2575.6377,
        2575.4932,
        2575.3594,
        2575.2355,
        2575.1209,
        2575.0148
      ],
      "metrics": {
        "MAE": 0.427568,
        "RMSE": 1.56702,
        "MAPE": 0.0166,
        "R2": 0.8329
      }
    },
    "USD_KES": {
      "current": 129.2872,
      "next_1h": 129.2857,
      "next_24h": 129.2727,
      "change_pct": -0.001,
      "trend": "\ud83d\udcc9 DOWN",
      "predictions": [
        129.2857,
        129.2841,
        129.2827,
        129.2816,
        129.2806,
        129.2797,
        129.2789,
        129.2782,
        129.2775,
        129.2769,
        129.2764,
        129.2759,
        129.2755,
        129.2751,
        129.2747,
        129.2744,
        129.2741,
        129.2738,
        129.2736,
        129.2734,
        129.2732,
        129.273,
        129.2729,
        129.2727
      ],
      "metrics": {
        "MAE": 0.004991,
        "RMSE": 0.009733,
        "MAPE": 0.0039,
        "R2": 0.8328
      }
    },
    "USD_UGX": {
      "current": 3728.7654,
      "next_1h": 3727.5475,
      "next_24h": 3708.0842,
      "change_pct": -0.033,
      "trend": "\ud83d\udcc9 DOWN",
      "predictions": [
        3727.5475,
        3726.3661,
        3725.2236,
        3724.0972,
        3723.0081,
        3721.9514,
        3720.9306,
        3719.945,
        3718.9931,
        3718.0741,
        3717.1867,
        3716.3299,
        3715.5026,
        3714.7038,
        3713.9326,
        3713.1879,
        3712.4689,
        3711.7747,
        3711.1045,
        3710.4573,
        3709.8325,
        3709.2292,
        3708.6466,
        3708.0842
      ],
      "metrics": {
        "MAE": 1.58867,
        "RMSE": 6.442285,
        "MAPE": 0.0426,
        "R2": 0.834
      }
    },
    "USD_EUR": {
      "current": 0.8672,
      "next_1h": 0.8669,
      "next_24h": 0.8635,
      "change_pct": -0.038,
      "trend": "\ud83d\udcc9 DOWN",
      "predictions": [
        0.8669,
        0.8666,
        0.8663,
        0.8661,
        0.8658,
        0.8656,
        0.8654,
        0.8652,
        0.865,
        0.8649,
        0.8647,
        0.8646,
        0.8645,
        0.8643,
        0.8642,
        0.8641,
        0.864,
        0.8639,
        0.8639,
        0.8638,
        0.8637,
        0.8637,
        0.8636,
        0.8635
      ],
      "metrics": {
        "MAE": 0.00028,
        "RMSE": 0.000568,
        "MAPE": 0.0323,
        "R2": 0.7857
      }
    }
  },
  "crypto": {
    "BTC_USD": {
      "current": 71790.0,
      "next_1h": 71686.94,
      "next_24h": 70854.65,
      "change_pct": -0.144,
      "trend": "\ud83d\udcc9 DOWN",
      "predictions": [
        71686.94,
        71641.47,
        71545.55,
        71503.74,
        71476.64,
        71437.4,
        71402.39,
        71360.67,
        71321.98,
        71285.62,
        71249.77,
        71215.4,
        71181.22,
        71147.84,
        71115.29,
        71083.48,
        71052.48,
        71022.18,
        70992.59,
        70963.68,
        70935.45,
        70907.88,
        70880.95,
        70854.65
      ],
      "metrics": {
        "MAE": 298.307899,
        "RMSE": 368.543491,
        "MAPE": 0.4221,
        "R2": 0.738
      }
    },
    "ETH_USD": {
      "current": 2100.6,
      "next_1h": 2091.82,
      "next_24h": 2032.46,
      "change_pct": -0.418,
      "trend": "\ud83d\udcc9 DOWN",
      "predictions": [
        2091.82,
        2085.01,
        2077.35,
        2071.85,
        2066.09,
        2060.07,
        2055.02,
        2050.5,
        2046.77,
        2043.5,
        2040.72,
        2038.49,
        2036.69,
        2035.3,
        2034.22,
        2033.43,
        2032.87,
        2032.5,
        2032.29,
        2032.19,
        2032.18,
        2032.23,
        2032.33,
        2032.46
      ],
      "metrics": {
        "MAE": 10.789538,
        "RMSE": 14.333337,
        "MAPE": 0.5185,
        "R2": 0.728
      }
    },
    "BNB_USD": {
      "current": 665.98,
      "next_1h": 664.93,
      "next_24h": 657.16,
      "change_pct": -0.158,
      "trend": "\ud83d\udcc9 DOWN",
      "predictions": [
        664.93,
        664.15,
        663.76,
        663.28,
        662.98,
        662.59,
        662.2,
        661.84,
        661.48,
        661.14,
        660.8,
        660.48,
        660.16,
        659.85,
        659.55,
        659.25,
        658.96,
        658.69,
        658.41,
        658.15,
        657.89,
        657.64,
        657.4,
        657.16
      ],
      "metrics": {
        "MAE": 2.219177,
        "RMSE": 2.751423,
        "MAPE": 0.3392,
        "R2": 0.7869
      }
    }
  }
}