{
  "generated_at": "2026-06-17 12:29:41",
  "exchange_rates": {
    "USD_TZS": {
      "current": 2620.183,
      "next_1h": 2619.9072,
      "next_24h": 2614.613,
      "change_pct": -0.011,
      "trend": "\ud83d\udcc9 DOWN",
      "predictions": [
        2619.9072,
        2619.6342,
        2619.364,
        2619.0966,
        2618.8318,
        2618.5697,
        2618.3125,
        2618.0601,
        2617.8124,
        2617.5694,
        2617.331,
        2617.097,
        2616.8676,
        2616.6424,
        2616.4216,
        2616.2049,
        2615.9923,
        2615.7838,
        2615.5792,
        2615.3785,
        2615.1816,
        2614.9884,
        2614.7989,
        2614.613
      ],
      "metrics": {
        "MAE": 0.687544,
        "RMSE": 3.027135,
        "MAPE": 0.0263,
        "R2": 0.7909
      }
    },
    "USD_KES": {
      "current": 129.3535,
      "next_1h": 129.3535,
      "next_24h": 129.3544,
      "change_pct": 0.0,
      "trend": "\ud83d\udcc9 DOWN",
      "predictions": [
        129.3535,
        129.3535,
        129.3536,
        129.3536,
        129.3537,
        129.3537,
        129.3538,
        129.3538,
        129.3538,
        129.3539,
        129.3539,
        129.354,
        129.354,
        129.354,
        129.3541,
        129.3541,
        129.3542,
        129.3542,
        129.3542,
        129.3543,
        129.3543,
        129.3543,
        129.3544,
        129.3544
      ],
      "metrics": {
        "MAE": 0.003348,
        "RMSE": 0.013205,
        "MAPE": 0.0026,
        "R2": 0.9656
      }
    },
    "USD_UGX": {
      "current": 3679.0164,
      "next_1h": 3680.1621,
      "next_24h": 3702.08,
      "change_pct": 0.031,
      "trend": "\ud83d\udcc8 UP",
      "predictions": [
        3680.1621,
        3681.2967,
        3682.4203,
        3683.5329,
        3684.6347,
        3685.7257,
        3686.7957,
        3687.845,
        3688.8738,
        3689.8825,
        3690.8713,
        3691.8406,
        3692.7908,
        3693.7221,
        3694.635,
        3695.5299,
        3696.4071,
        3697.2669,
        3698.1097,
        3698.9358,
        3699.7456,
        3700.5393,
        3701.3173,
        3702.08
      ],
      "metrics": {
        "MAE": 1.125872,
        "RMSE": 4.488035,
        "MAPE": 0.0303,
        "R2": 0.932
      }
    },
    "USD_EUR": {
      "current": 0.8613,
      "next_1h": 0.8613,
      "next_24h": 0.8615,
      "change_pct": 0.001,
      "trend": "\ud83d\udcc8 UP",
      "predictions": [
        0.8613,
        0.8613,
        0.8613,
        0.8614,
        0.8614,
        0.8614,
        0.8614,
        0.8614,
        0.8614,
        0.8614,
        0.8614,
        0.8614,
        0.8614,
        0.8614,
        0.8614,
        0.8615,
        0.8615,
        0.8615,
        0.8615,
        0.8615,
        0.8615,
        0.8615,
        0.8615,
        0.8615
      ],
      "metrics": {
        "MAE": 7.5e-05,
        "RMSE": 0.000317,
        "MAPE": 0.0086,
        "R2": 0.965
      }
    }
  },
  "crypto": {
    "BTC_USD": {
      "current": 64645.0,
      "next_1h": 64655.01,
      "next_24h": 63186.82,
      "change_pct": 0.015,
      "trend": "\ud83d\udcc8 UP",
      "predictions": [
        64655.01,
        64577.65,
        64453.24,
        64364.92,
        64312.81,
        64258.52,
        64192.97,
        64129.23,
        64071.26,
        64014.24,
        63955.47,
        63896.23,
        63837.65,
        63779.31,
        63720.66,
        63661.76,
        63602.8,
        63543.79,
        63484.64,
        63425.33,
        63365.89,
        63306.33,
        63246.64,
        63186.82
      ],
      "metrics": {
        "MAE": 260.023044,
        "RMSE": 357.945616,
        "MAPE": 0.4084,
        "R2": 0.9394
      }
    },
    "ETH_USD": {
      "current": 1745.6,
      "next_1h": 1744.86,
      "next_24h": 1700.15,
      "change_pct": -0.043,
      "trend": "\ud83d\udcc9 DOWN",
      "predictions": [
        1744.86,
        1743.15,
        1739.83,
        1736.66,
        1735.55,
        1733.7,
        1731.66,
        1729.8,
        1728.06,
        1726.19,
        1724.33,
        1722.49,
        1720.65,
        1718.8,
        1716.94,
        1715.09,
        1713.23,
        1711.37,
        1709.51,
        1707.64,
        1705.77,
        1703.9,
        1702.03,
        1700.15
      ],
      "metrics": {
        "MAE": 10.034919,
        "RMSE": 14.932796,
        "MAPE": 0.5907,
        "R2": 0.9212
      }
    },
    "BNB_USD": {
      "current": 605.8,
      "next_1h": 606.2,
      "next_24h": 612.96,
      "change_pct": 0.065,
      "trend": "\ud83d\udcc8 UP",
      "predictions": [
        606.2,
        605.98,
        606.18,
        606.85,
        607.17,
        607.44,
        607.78,
        608.13,
        608.45,
        608.77,
        609.09,
        609.4,
        609.71,
        610.02,
        610.33,
        610.63,
        610.93,
        611.23,
        611.53,
        611.82,
        612.11,
        612.4,
        612.68,
        612.96
      ],
      "metrics": {
        "MAE": 2.43529,
        "RMSE": 3.290071,
        "MAPE": 0.4043,
        "R2": 0.86
      }
    }
  }
}