{
  "generated_at": "2026-04-22 21:25:21",
  "exchange_rates": {
    "USD_TZS": {
      "current": 2603.876,
      "next_1h": 2603.6989,
      "next_24h": 2600.1016,
      "change_pct": -0.007,
      "trend": "\ud83d\udcc9 DOWN",
      "predictions": [
        2603.6989,
        2603.5228,
        2603.3479,
        2603.1741,
        2603.0014,
        2602.8298,
        2602.6604,
        2602.4932,
        2602.3283,
        2602.1655,
        2602.0049,
        2601.8464,
        2601.69,
        2601.5358,
        2601.3835,
        2601.2333,
        2601.0851,
        2600.9389,
        2600.7947,
        2600.6523,
        2600.5119,
        2600.3733,
        2600.2365,
        2600.1016
      ],
      "metrics": {
        "MAE": 0.286078,
        "RMSE": 0.848025,
        "MAPE": 0.011,
        "R2": 0.9024
      }
    },
    "USD_KES": {
      "current": 129.1467,
      "next_1h": 129.1494,
      "next_24h": 129.2067,
      "change_pct": 0.002,
      "trend": "\ud83d\udcc8 UP",
      "predictions": [
        129.1494,
        129.152,
        129.1546,
        129.1572,
        129.1598,
        129.1624,
        129.165,
        129.1676,
        129.1701,
        129.1727,
        129.1752,
        129.1777,
        129.1802,
        129.1827,
        129.1852,
        129.1876,
        129.1901,
        129.1925,
        129.1949,
        129.1973,
        129.1997,
        129.2021,
        129.2044,
        129.2067
      ],
      "metrics": {
        "MAE": 0.005004,
        "RMSE": 0.01334,
        "MAPE": 0.0039,
        "R2": 0.9557
      }
    },
    "USD_UGX": {
      "current": 3697.0944,
      "next_1h": 3697.3511,
      "next_24h": 3702.6537,
      "change_pct": 0.007,
      "trend": "\ud83d\udcc8 UP",
      "predictions": [
        3697.3511,
        3697.6061,
        3697.8592,
        3698.1106,
        3698.3602,
        3698.6081,
        3698.8533,
        3699.0961,
        3699.3363,
        3699.5741,
        3699.8093,
        3700.0421,
        3700.2725,
        3700.5005,
        3700.7261,
        3700.9494,
        3701.1703,
        3701.3889,
        3701.6053,
        3701.8194,
        3702.0313,
        3702.2409,
        3702.4484,
        3702.6537
      ],
      "metrics": {
        "MAE": 0.40079,
        "RMSE": 0.912002,
        "MAPE": 0.0108,
        "R2": 0.9307
      }
    },
    "USD_EUR": {
      "current": 0.8511,
      "next_1h": 0.851,
      "next_24h": 0.8502,
      "change_pct": -0.005,
      "trend": "\ud83d\udcc9 DOWN",
      "predictions": [
        0.851,
        0.851,
        0.851,
        0.8509,
        0.8509,
        0.8509,
        0.8508,
        0.8508,
        0.8507,
        0.8507,
        0.8507,
        0.8506,
        0.8506,
        0.8505,
        0.8505,
        0.8505,
        0.8504,
        0.8504,
        0.8504,
        0.8503,
        0.8503,
        0.8502,
        0.8502,
        0.8502
      ],
      "metrics": {
        "MAE": 0.000102,
        "RMSE": 0.000353,
        "MAPE": 0.012,
        "R2": 0.9124
      }
    }
  },
  "crypto": {
    "BTC_USD": {
      "current": 78582.0,
      "next_1h": 78552.42,
      "next_24h": 77875.32,
      "change_pct": -0.038,
      "trend": "\ud83d\udcc9 DOWN",
      "predictions": [
        78552.42,
        78488.69,
        78483.71,
        78446.69,
        78413.21,
        78388.52,
        78355.95,
        78327.14,
        78298.57,
        78268.74,
        78240.13,
        78211.28,
        78182.46,
        78153.99,
        78125.51,
        78097.2,
        78069.04,
        78040.97,
        78013.05,
        77985.25,
        77957.58,
        77930.04,
        77902.62,
        77875.32
      ],
      "metrics": {
        "MAE": 251.761357,
        "RMSE": 337.272496,
        "MAPE": 0.3311,
        "R2": 0.9256
      }
    },
    "ETH_USD": {
      "current": 2397.16,
      "next_1h": 2395.73,
      "next_24h": 2363.39,
      "change_pct": -0.06,
      "trend": "\ud83d\udcc9 DOWN",
      "predictions": [
        2395.73,
        2393.91,
        2392.86,
        2391.22,
        2389.72,
        2388.31,
        2386.78,
        2385.34,
        2383.89,
        2382.44,
        2381.02,
        2379.6,
        2378.19,
        2376.79,
        2375.4,
        2374.03,
        2372.66,
        2371.31,
        2369.96,
        2368.63,
        2367.3,
        2365.99,
        2364.68,
        2363.39
      ],
      "metrics": {
        "MAE": 8.876747,
        "RMSE": 12.334462,
        "MAPE": 0.3792,
        "R2": 0.9154
      }
    },
    "BNB_USD": {
      "current": 642.6,
      "next_1h": 642.03,
      "next_24h": 633.78,
      "change_pct": -0.089,
      "trend": "\ud83d\udcc9 DOWN",
      "predictions": [
        642.03,
        641.4,
        641.37,
        640.87,
        640.46,
        640.11,
        639.68,
        639.3,
        638.93,
        638.55,
        638.18,
        637.82,
        637.46,
        637.1,
        636.75,
        636.4,
        636.06,
        635.72,
        635.39,
        635.06,
        634.73,
        634.41,
        634.1,
        633.78
      ],
      "metrics": {
        "MAE": 1.716648,
        "RMSE": 2.322766,
        "MAPE": 0.2715,
        "R2": 0.9147
      }
    }
  }
}