{
  "generated_at": "2026-07-15 18:43:17",
  "exchange_rates": {
    "USD_TZS": {
      "current": 2605.8011,
      "next_1h": 2606.1105,
      "next_24h": 2611.2922,
      "change_pct": 0.012,
      "trend": "\ud83d\udcc8 UP",
      "predictions": [
        2606.1105,
        2606.4134,
        2606.7097,
        2606.9998,
        2607.2837,
        2607.5616,
        2607.8307,
        2608.0913,
        2608.3437,
        2608.5881,
        2608.8246,
        2609.0537,
        2609.2753,
        2609.4899,
        2609.6977,
        2609.8987,
        2610.0934,
        2610.2818,
        2610.4642,
        2610.6407,
        2610.8116,
        2610.977,
        2611.1372,
        2611.2922
      ],
      "metrics": {
        "MAE": 0.487539,
        "RMSE": 1.878192,
        "MAPE": 0.0186,
        "R2": 0.9558
      }
    },
    "USD_KES": {
      "current": 129.2468,
      "next_1h": 129.2487,
      "next_24h": 129.2881,
      "change_pct": 0.001,
      "trend": "\ud83d\udcc8 UP",
      "predictions": [
        129.2487,
        129.2506,
        129.2525,
        129.2544,
        129.2563,
        129.2582,
        129.26,
        129.2618,
        129.2636,
        129.2654,
        129.2672,
        129.2689,
        129.2706,
        129.2723,
        129.274,
        129.2756,
        129.2773,
        129.2789,
        129.2804,
        129.282,
        129.2836,
        129.2851,
        129.2866,
        129.2881
      ],
      "metrics": {
        "MAE": 0.004733,
        "RMSE": 0.015075,
        "MAPE": 0.0037,
        "R2": 0.9045
      }
    },
    "USD_UGX": {
      "current": 3673.063,
      "next_1h": 3673.0649,
      "next_24h": 3673.108,
      "change_pct": 0.0,
      "trend": "\ud83d\udcc9 DOWN",
      "predictions": [
        3673.0649,
        3673.0669,
        3673.0688,
        3673.0707,
        3673.0726,
        3673.0746,
        3673.0765,
        3673.0784,
        3673.0803,
        3673.0821,
        3673.084,
        3673.0859,
        3673.0878,
        3673.0896,
        3673.0915,
        3673.0934,
        3673.0952,
        3673.097,
        3673.0989,
        3673.1007,
        3673.1025,
        3673.1044,
        3673.1062,
        3673.108
      ],
      "metrics": {
        "MAE": 0.54263,
        "RMSE": 2.962124,
        "MAPE": 0.0148,
        "R2": 0.9237
      }
    },
    "USD_EUR": {
      "current": 0.8758,
      "next_1h": 0.8758,
      "next_24h": 0.8758,
      "change_pct": 0.0,
      "trend": "\ud83d\udcc9 DOWN",
      "predictions": [
        0.8758,
        0.8758,
        0.8758,
        0.8758,
        0.8758,
        0.8758,
        0.8758,
        0.8758,
        0.8758,
        0.8758,
        0.8758,
        0.8758,
        0.8758,
        0.8758,
        0.8758,
        0.8758,
        0.8758,
        0.8758,
        0.8758,
        0.8758,
        0.8758,
        0.8758,
        0.8758,
        0.8758
      ],
      "metrics": {
        "MAE": 4.1e-05,
        "RMSE": 0.000214,
        "MAPE": 0.0047,
        "R2": 0.9216
      }
    }
  },
  "crypto": {
    "BTC_USD": {
      "current": 64972.0,
      "next_1h": 64952.66,
      "next_24h": 64662.98,
      "change_pct": -0.03,
      "trend": "\ud83d\udcc9 DOWN",
      "predictions": [
        64952.66,
        64946.99,
        64935.42,
        64922.17,
        64906.74,
        64893.26,
        64880.32,
        64867.18,
        64853.92,
        64840.69,
        64827.61,
        64814.61,
        64801.65,
        64788.74,
        64775.9,
        64763.12,
        64750.39,
        64737.73,
        64725.13,
        64712.58,
        64700.09,
        64687.67,
        64675.3,
        64662.98
      ],
      "metrics": {
        "MAE": 104.168277,
        "RMSE": 148.102538,
        "MAPE": 0.1634,
        "R2": 0.9724
      }
    },
    "ETH_USD": {
      "current": 1929.02,
      "next_1h": 1927.75,
      "next_24h": 1901.7,
      "change_pct": -0.066,
      "trend": "\ud83d\udcc9 DOWN",
      "predictions": [
        1927.75,
        1926.31,
        1925.34,
        1923.95,
        1922.79,
        1921.63,
        1920.48,
        1919.32,
        1918.18,
        1917.04,
        1915.91,
        1914.78,
        1913.66,
        1912.54,
        1911.43,
        1910.32,
        1909.23,
        1908.13,
        1907.05,
        1905.96,
        1904.89,
        1903.82,
        1902.75,
        1901.7
      ],
      "metrics": {
        "MAE": 4.61043,
        "RMSE": 7.482084,
        "MAPE": 0.2523,
        "R2": 0.9712
      }
    },
    "BNB_USD": {
      "current": 580.61,
      "next_1h": 580.65,
      "next_24h": 580.47,
      "change_pct": 0.007,
      "trend": "\ud83d\udcc8 UP",
      "predictions": [
        580.65,
        580.64,
        580.65,
        580.64,
        580.63,
        580.62,
        580.62,
        580.61,
        580.6,
        580.59,
        580.58,
        580.57,
        580.56,
        580.55,
        580.54,
        580.54,
        580.53,
        580.52,
        580.51,
        580.5,
        580.49,
        580.48,
        580.48,
        580.47
      ],
      "metrics": {
        "MAE": 0.835035,
        "RMSE": 1.228828,
        "MAPE": 0.1452,
        "R2": 0.947
      }
    }
  }
}