{
  "generated_at": "2026-07-17 16:43:18",
  "exchange_rates": {
    "USD_TZS": {
      "current": 2628.277,
      "next_1h": 2627.931,
      "next_24h": 2622.0811,
      "change_pct": -0.013,
      "trend": "\ud83d\udcc9 DOWN",
      "predictions": [
        2627.931,
        2627.5922,
        2627.2604,
        2626.9355,
        2626.6173,
        2626.3056,
        2626.0034,
        2625.7105,
        2625.4265,
        2625.1512,
        2624.8844,
        2624.6259,
        2624.3753,
        2624.1325,
        2623.8971,
        2623.6691,
        2623.4481,
        2623.234,
        2623.0264,
        2622.8253,
        2622.6304,
        2622.4415,
        2622.2585,
        2622.0811
      ],
      "metrics": {
        "MAE": 0.550903,
        "RMSE": 2.157464,
        "MAPE": 0.0211,
        "R2": 0.9472
      }
    },
    "USD_KES": {
      "current": 129.3048,
      "next_1h": 129.3059,
      "next_24h": 129.3295,
      "change_pct": 0.001,
      "trend": "\ud83d\udcc8 UP",
      "predictions": [
        129.3059,
        129.3071,
        129.3082,
        129.3093,
        129.3105,
        129.3116,
        129.3127,
        129.3138,
        129.3149,
        129.3159,
        129.317,
        129.318,
        129.319,
        129.3201,
        129.3211,
        129.322,
        129.323,
        129.324,
        129.3249,
        129.3259,
        129.3268,
        129.3277,
        129.3286,
        129.3295
      ],
      "metrics": {
        "MAE": 0.004345,
        "RMSE": 0.015321,
        "MAPE": 0.0034,
        "R2": 0.9513
      }
    },
    "USD_UGX": {
      "current": 3681.1587,
      "next_1h": 3681.1264,
      "next_24h": 3680.4094,
      "change_pct": -0.001,
      "trend": "\ud83d\udcc9 DOWN",
      "predictions": [
        3681.1264,
        3681.0943,
        3681.0622,
        3681.0301,
        3680.9981,
        3680.9662,
        3680.9344,
        3680.9027,
        3680.8711,
        3680.8396,
        3680.8083,
        3680.777,
        3680.7458,
        3680.7147,
        3680.6837,
        3680.6528,
        3680.6221,
        3680.5914,
        3680.5608,
        3680.5303,
        3680.4999,
        3680.4697,
        3680.4395,
        3680.4094
      ],
      "metrics": {
        "MAE": 0.363558,
        "RMSE": 1.992858,
        "MAPE": 0.0099,
        "R2": 0.9648
      }
    },
    "USD_EUR": {
      "current": 0.8735,
      "next_1h": 0.8735,
      "next_24h": 0.8737,
      "change_pct": 0.001,
      "trend": "\ud83d\udcc8 UP",
      "predictions": [
        0.8735,
        0.8735,
        0.8735,
        0.8735,
        0.8735,
        0.8735,
        0.8736,
        0.8736,
        0.8736,
        0.8736,
        0.8736,
        0.8736,
        0.8736,
        0.8736,
        0.8736,
        0.8736,
        0.8736,
        0.8737,
        0.8737,
        0.8737,
        0.8737,
        0.8737,
        0.8737,
        0.8737
      ],
      "metrics": {
        "MAE": 4.8e-05,
        "RMSE": 0.000254,
        "MAPE": 0.0055,
        "R2": 0.9598
      }
    }
  },
  "crypto": {
    "BTC_USD": {
      "current": 63400.0,
      "next_1h": 63358.9,
      "next_24h": 63246.18,
      "change_pct": -0.065,
      "trend": "\ud83d\udcc9 DOWN",
      "predictions": [
        63358.9,
        63340.15,
        63349.05,
        63353.58,
        63345.96,
        63338.18,
        63332.48,
        63327.96,
        63323.01,
        63317.59,
        63312.21,
        63306.98,
        63301.82,
        63296.65,
        63291.49,
        63286.36,
        63281.25,
        63276.17,
        63271.11,
        63266.08,
        63261.07,
        63256.08,
        63251.12,
        63246.18
      ],
      "metrics": {
        "MAE": 123.231354,
        "RMSE": 170.5727,
        "MAPE": 0.1934,
        "R2": 0.9671
      }
    },
    "ETH_USD": {
      "current": 1833.49,
      "next_1h": 1832.31,
      "next_24h": 1818.49,
      "change_pct": -0.064,
      "trend": "\ud83d\udcc9 DOWN",
      "predictions": [
        1832.31,
        1831.72,
        1831.09,
        1830.36,
        1829.67,
        1829.07,
        1828.46,
        1827.84,
        1827.24,
        1826.63,
        1826.03,
        1825.43,
        1824.84,
        1824.24,
        1823.66,
        1823.07,
        1822.49,
        1821.91,
        1821.33,
        1820.76,
        1820.19,
        1819.62,
        1819.05,
        1818.49
      ],
      "metrics": {
        "MAE": 5.19871,
        "RMSE": 7.787343,
        "MAPE": 0.2817,
        "R2": 0.9773
      }
    },
    "BNB_USD": {
      "current": 562.8,
      "next_1h": 562.81,
      "next_24h": 564.65,
      "change_pct": 0.001,
      "trend": "\ud83d\udcc8 UP",
      "predictions": [
        562.81,
        562.96,
        563.07,
        563.12,
        563.2,
        563.28,
        563.36,
        563.44,
        563.52,
        563.6,
        563.67,
        563.75,
        563.83,
        563.9,
        563.98,
        564.06,
        564.13,
        564.21,
        564.28,
        564.35,
        564.43,
        564.5,
        564.58,
        564.65
      ],
      "metrics": {
        "MAE": 0.924839,
        "RMSE": 1.305099,
        "MAPE": 0.1613,
        "R2": 0.9564
      }
    }
  }
}