{
  "generated_at": "2026-04-27 22:24:51",
  "exchange_rates": {
    "USD_TZS": {
      "current": 2602.6561,
      "next_1h": 2602.5412,
      "next_24h": 2600.3685,
      "change_pct": -0.004,
      "trend": "\ud83d\udcc9 DOWN",
      "predictions": [
        2602.5412,
        2602.4278,
        2602.316,
        2602.2059,
        2602.0972,
        2601.9899,
        2601.8846,
        2601.7813,
        2601.6799,
        2601.5804,
        2601.4828,
        2601.387,
        2601.293,
        2601.2007,
        2601.1102,
        2601.0214,
        2600.9343,
        2600.8488,
        2600.7649,
        2600.6826,
        2600.6018,
        2600.5226,
        2600.4448,
        2600.3685
      ],
      "metrics": {
        "MAE": 0.717679,
        "RMSE": 3.785995,
        "MAPE": 0.0276,
        "R2": 0.8687
      }
    },
    "USD_KES": {
      "current": 129.3716,
      "next_1h": 129.3708,
      "next_24h": 129.3536,
      "change_pct": -0.001,
      "trend": "\ud83d\udcc9 DOWN",
      "predictions": [
        129.3708,
        129.37,
        129.3693,
        129.3685,
        129.3678,
        129.367,
        129.3662,
        129.3655,
        129.3647,
        129.364,
        129.3632,
        129.3625,
        129.3617,
        129.361,
        129.3602,
        129.3595,
        129.3587,
        129.358,
        129.3573,
        129.3565,
        129.3558,
        129.355,
        129.3543,
        129.3536
      ],
      "metrics": {
        "MAE": 0.00376,
        "RMSE": 0.019108,
        "MAPE": 0.0029,
        "R2": 0.9636
      }
    },
    "USD_UGX": {
      "current": 3694.1174,
      "next_1h": 3694.2871,
      "next_24h": 3697.9397,
      "change_pct": 0.005,
      "trend": "\ud83d\udcc8 UP",
      "predictions": [
        3694.2871,
        3694.4563,
        3694.6249,
        3694.793,
        3694.9606,
        3695.1276,
        3695.2934,
        3695.4581,
        3695.6216,
        3695.784,
        3695.9452,
        3696.1053,
        3696.2642,
        3696.422,
        3696.5787,
        3696.7343,
        3696.8887,
        3697.0421,
        3697.1944,
        3697.3456,
        3697.4957,
        3697.6447,
        3697.7927,
        3697.9397
      ],
      "metrics": {
        "MAE": 0.607143,
        "RMSE": 3.104254,
        "MAPE": 0.0165,
        "R2": 0.8634
      }
    },
    "USD_EUR": {
      "current": 0.8542,
      "next_1h": 0.8542,
      "next_24h": 0.8537,
      "change_pct": -0.003,
      "trend": "\ud83d\udcc9 DOWN",
      "predictions": [
        0.8542,
        0.8542,
        0.8542,
        0.8541,
        0.8541,
        0.8541,
        0.8541,
        0.8541,
        0.854,
        0.854,
        0.854,
        0.854,
        0.8539,
        0.8539,
        0.8539,
        0.8539,
        0.8539,
        0.8538,
        0.8538,
        0.8538,
        0.8538,
        0.8538,
        0.8537,
        0.8537
      ],
      "metrics": {
        "MAE": 7.6e-05,
        "RMSE": 0.000332,
        "MAPE": 0.009,
        "R2": 0.97
      }
    }
  },
  "crypto": {
    "BTC_USD": {
      "current": 76858.0,
      "next_1h": 76880.92,
      "next_24h": 76818.67,
      "change_pct": 0.03,
      "trend": "\ud83d\udcc8 UP",
      "predictions": [
        76880.92,
        76837.39,
        76871.97,
        76865.87,
        76856.17,
        76860.77,
        76853.02,
        76853.43,
        76851.81,
        76848.25,
        76847.08,
        76844.35,
        76842.25,
        76840.27,
        76837.89,
        76835.84,
        76833.65,
        76831.47,
        76829.36,
        76827.19,
        76825.06,
        76822.92,
        76820.79,
        76818.67
      ],
      "metrics": {
        "MAE": 216.620109,
        "RMSE": 325.849493,
        "MAPE": 0.2793,
        "R2": 0.8362
      }
    },
    "ETH_USD": {
      "current": 2289.14,
      "next_1h": 2290.03,
      "next_24h": 2282.93,
      "change_pct": 0.039,
      "trend": "\ud83d\udcc8 UP",
      "predictions": [
        2290.03,
        2288.23,
        2289.11,
        2288.64,
        2288.14,
        2288.12,
        2287.62,
        2287.42,
        2287.14,
        2286.8,
        2286.55,
        2286.24,
        2285.96,
        2285.68,
        2285.39,
        2285.11,
        2284.83,
        2284.55,
        2284.28,
        2284.0,
        2283.73,
        2283.46,
        2283.19,
        2282.93
      ],
      "metrics": {
        "MAE": 7.586248,
        "RMSE": 11.771352,
        "MAPE": 0.3249,
        "R2": 0.8551
      }
    },
    "BNB_USD": {
      "current": 623.92,
      "next_1h": 623.92,
      "next_24h": 620.03,
      "change_pct": 0.0,
      "trend": "\ud83d\udcc9 DOWN",
      "predictions": [
        623.92,
        623.52,
        623.5,
        623.34,
        623.13,
        622.99,
        622.78,
        622.6,
        622.43,
        622.25,
        622.08,
        621.9,
        621.74,
        621.57,
        621.4,
        621.24,
        621.08,
        620.93,
        620.77,
        620.62,
        620.47,
        620.32,
        620.18,
        620.03
      ],
      "metrics": {
        "MAE": 1.435701,
        "RMSE": 2.03187,
        "MAPE": 0.2261,
        "R2": 0.8644
      }
    }
  }
}