{
  "generated_at": "2026-03-31 00:00:39",
  "exchange_rates": {
    "USD_TZS": {
      "current": 2577.9763,
      "next_1h": 2578.07,
      "next_24h": 2579.8126,
      "change_pct": 0.004,
      "trend": "\ud83d\udcc8 UP",
      "predictions": [
        2578.07,
        2578.1613,
        2578.2518,
        2578.3407,
        2578.4294,
        2578.5168,
        2578.6024,
        2578.6863,
        2578.7684,
        2578.8488,
        2578.9275,
        2579.0045,
        2579.08,
        2579.1539,
        2579.2262,
        2579.297,
        2579.3663,
        2579.4342,
        2579.5007,
        2579.5657,
        2579.6294,
        2579.6918,
        2579.7528,
        2579.8126
      ],
      "metrics": {
        "MAE": 0.568787,
        "RMSE": 1.992246,
        "MAPE": 0.0221,
        "R2": 0.8887
      }
    },
    "USD_KES": {
      "current": 129.9849,
      "next_1h": 129.966,
      "next_24h": 129.6689,
      "change_pct": -0.015,
      "trend": "\ud83d\udcc9 DOWN",
      "predictions": [
        129.966,
        129.9454,
        129.9271,
        129.9102,
        129.8943,
        129.8794,
        129.8648,
        129.8505,
        129.8366,
        129.823,
        129.8098,
        129.797,
        129.7845,
        129.7725,
        129.7607,
        129.7493,
        129.7382,
        129.7274,
        129.717,
        129.7068,
        129.6969,
        129.6873,
        129.6779,
        129.6689
      ],
      "metrics": {
        "MAE": 0.016288,
        "RMSE": 0.027181,
        "MAPE": 0.0125,
        "R2": 0.9386
      }
    },
    "USD_UGX": {
      "current": 3741.1488,
      "next_1h": 3741.2606,
      "next_24h": 3743.5712,
      "change_pct": 0.003,
      "trend": "\ud83d\udcc8 UP",
      "predictions": [
        3741.2606,
        3741.3711,
        3741.4802,
        3741.5886,
        3741.6957,
        3741.8015,
        3741.9065,
        3742.0107,
        3742.1141,
        3742.2167,
        3742.3184,
        3742.4194,
        3742.5196,
        3742.619,
        3742.7176,
        3742.8154,
        3742.9125,
        3743.0089,
        3743.1044,
        3743.1992,
        3743.2933,
        3743.3867,
        3743.4793,
        3743.5712
      ],
      "metrics": {
        "MAE": 0.520199,
        "RMSE": 1.940537,
        "MAPE": 0.014,
        "R2": 0.9437
      }
    },
    "USD_EUR": {
      "current": 0.8697,
      "next_1h": 0.8697,
      "next_24h": 0.8689,
      "change_pct": -0.005,
      "trend": "\ud83d\udcc9 DOWN",
      "predictions": [
        0.8697,
        0.8696,
        0.8696,
        0.8696,
        0.8695,
        0.8695,
        0.8694,
        0.8694,
        0.8694,
        0.8693,
        0.8693,
        0.8692,
        0.8692,
        0.8692,
        0.8691,
        0.8691,
        0.8691,
        0.869,
        0.869,
        0.869,
        0.8689,
        0.8689,
        0.8689,
        0.8689
      ],
      "metrics": {
        "MAE": 8.8e-05,
        "RMSE": 0.000331,
        "MAPE": 0.0102,
        "R2": 0.9701
      }
    }
  },
  "crypto": {
    "BTC_USD": {
      "current": 66708.0,
      "next_1h": 66795.0,
      "next_24h": 68132.98,
      "change_pct": 0.13,
      "trend": "\ud83d\udcc8 UP",
      "predictions": [
        66795.0,
        66856.82,
        66922.36,
        67000.84,
        67072.78,
        67136.1,
        67200.24,
        67262.51,
        67322.95,
        67383.14,
        67442.8,
        67501.34,
        67558.99,
        67615.72,
        67671.43,
        67726.19,
        67780.06,
        67833.02,
        67885.12,
        67936.36,
        67986.75,
        68036.31,
        68085.05,
        68132.98
      ],
      "metrics": {
        "MAE": 195.021135,
        "RMSE": 270.541362,
        "MAPE": 0.2906,
        "R2": 0.936
      }
    },
    "ETH_USD": {
      "current": 2024.02,
      "next_1h": 2026.56,
      "next_24h": 2064.61,
      "change_pct": 0.125,
      "trend": "\ud83d\udcc8 UP",
      "predictions": [
        2026.56,
        2027.95,
        2029.63,
        2031.75,
        2033.74,
        2035.66,
        2037.57,
        2039.43,
        2041.25,
        2043.04,
        2044.79,
        2046.5,
        2048.19,
        2049.83,
        2051.45,
        2053.03,
        2054.58,
        2056.1,
        2057.59,
        2059.05,
        2060.49,
        2061.89,
        2063.26,
        2064.61
      ],
      "metrics": {
        "MAE": 7.463387,
        "RMSE": 10.630336,
        "MAPE": 0.3687,
        "R2": 0.8954
      }
    },
    "BNB_USD": {
      "current": 608.63,
      "next_1h": 609.78,
      "next_24h": 625.78,
      "change_pct": 0.189,
      "trend": "\ud83d\udcc8 UP",
      "predictions": [
        609.78,
        610.73,
        611.51,
        612.54,
        613.49,
        614.24,
        614.99,
        615.74,
        616.46,
        617.17,
        617.87,
        618.56,
        619.24,
        619.9,
        620.54,
        621.17,
        621.79,
        622.4,
        622.99,
        623.57,
        624.14,
        624.7,
        625.24,
        625.78
      ],
      "metrics": {
        "MAE": 1.635863,
        "RMSE": 2.376332,
        "MAPE": 0.266,
        "R2": 0.8948
      }
    }
  }
}