{
  "generated_at": "2026-07-18 13:43:17",
  "exchange_rates": {
    "USD_TZS": {
      "current": 2629.0886,
      "next_1h": 2628.7276,
      "next_24h": 2622.6051,
      "change_pct": -0.014,
      "trend": "\ud83d\udcc9 DOWN",
      "predictions": [
        2628.7276,
        2628.374,
        2628.0277,
        2627.6885,
        2627.3562,
        2627.0308,
        2626.7151,
        2626.409,
        2626.1121,
        2625.8242,
        2625.5451,
        2625.2745,
        2625.0121,
        2624.7578,
        2624.5112,
        2624.2722,
        2624.0405,
        2623.8159,
        2623.5981,
        2623.387,
        2623.1823,
        2622.9839,
        2622.7915,
        2622.6051
      ],
      "metrics": {
        "MAE": 0.554301,
        "RMSE": 2.133306,
        "MAPE": 0.0212,
        "R2": 0.9509
      }
    },
    "USD_KES": {
      "current": 129.3268,
      "next_1h": 129.3273,
      "next_24h": 129.3391,
      "change_pct": 0.0,
      "trend": "\ud83d\udcc9 DOWN",
      "predictions": [
        129.3273,
        129.3279,
        129.3284,
        129.329,
        129.3296,
        129.3301,
        129.3307,
        129.3312,
        129.3317,
        129.3323,
        129.3328,
        129.3333,
        129.3338,
        129.3343,
        129.3348,
        129.3353,
        129.3358,
        129.3363,
        129.3368,
        129.3372,
        129.3377,
        129.3382,
        129.3386,
        129.3391
      ],
      "metrics": {
        "MAE": 0.003266,
        "RMSE": 0.012315,
        "MAPE": 0.0025,
        "R2": 0.9701
      }
    },
    "USD_UGX": {
      "current": 3669.5216,
      "next_1h": 3669.5565,
      "next_24h": 3670.329,
      "change_pct": 0.001,
      "trend": "\ud83d\udcc8 UP",
      "predictions": [
        3669.5565,
        3669.5912,
        3669.6259,
        3669.6606,
        3669.6951,
        3669.7296,
        3669.7639,
        3669.7981,
        3669.8322,
        3669.8662,
        3669.9,
        3669.9337,
        3669.9673,
        3670.0008,
        3670.0342,
        3670.0674,
        3670.1005,
        3670.1335,
        3670.1664,
        3670.1991,
        3670.2318,
        3670.2643,
        3670.2967,
        3670.329
      ],
      "metrics": {
        "MAE": 0.352418,
        "RMSE": 1.852475,
        "MAPE": 0.0096,
        "R2": 0.9686
      }
    },
    "USD_EUR": {
      "current": 0.8744,
      "next_1h": 0.8745,
      "next_24h": 0.8746,
      "change_pct": 0.001,
      "trend": "\ud83d\udcc8 UP",
      "predictions": [
        0.8745,
        0.8745,
        0.8745,
        0.8745,
        0.8745,
        0.8745,
        0.8745,
        0.8745,
        0.8745,
        0.8745,
        0.8745,
        0.8745,
        0.8745,
        0.8745,
        0.8745,
        0.8745,
        0.8745,
        0.8745,
        0.8745,
        0.8745,
        0.8745,
        0.8745,
        0.8746,
        0.8746
      ],
      "metrics": {
        "MAE": 4.2e-05,
        "RMSE": 0.000242,
        "MAPE": 0.0048,
        "R2": 0.9661
      }
    }
  },
  "crypto": {
    "BTC_USD": {
      "current": 64024.0,
      "next_1h": 64020.46,
      "next_24h": 63814.23,
      "change_pct": -0.006,
      "trend": "\ud83d\udcc9 DOWN",
      "predictions": [
        64020.46,
        64018.22,
        64009.0,
        63995.57,
        63986.06,
        63977.12,
        63968.07,
        63958.62,
        63949.11,
        63939.82,
        63930.61,
        63921.42,
        63912.25,
        63903.12,
        63894.05,
        63885.01,
        63876.02,
        63867.07,
        63858.16,
        63849.29,
        63840.46,
        63831.68,
        63822.93,
        63814.23
      ],
      "metrics": {
        "MAE": 111.562697,
        "RMSE": 160.491755,
        "MAPE": 0.1749,
        "R2": 0.9689
      }
    },
    "ETH_USD": {
      "current": 1841.08,
      "next_1h": 1840.53,
      "next_24h": 1825.57,
      "change_pct": -0.03,
      "trend": "\ud83d\udcc9 DOWN",
      "predictions": [
        1840.53,
        1839.73,
        1839.02,
        1838.4,
        1837.71,
        1837.03,
        1836.37,
        1835.71,
        1835.05,
        1834.39,
        1833.74,
        1833.09,
        1832.45,
        1831.81,
        1831.17,
        1830.53,
        1829.9,
        1829.27,
        1828.65,
        1828.02,
        1827.41,
        1826.79,
        1826.18,
        1825.57
      ],
      "metrics": {
        "MAE": 4.557195,
        "RMSE": 6.915731,
        "MAPE": 0.2461,
        "R2": 0.9799
      }
    },
    "BNB_USD": {
      "current": 569.38,
      "next_1h": 569.4,
      "next_24h": 570.13,
      "change_pct": 0.004,
      "trend": "\ud83d\udcc8 UP",
      "predictions": [
        569.4,
        569.45,
        569.47,
        569.5,
        569.53,
        569.57,
        569.6,
        569.63,
        569.66,
        569.7,
        569.73,
        569.76,
        569.79,
        569.82,
        569.85,
        569.88,
        569.92,
        569.95,
        569.98,
        570.01,
        570.04,
        570.07,
        570.1,
        570.13
      ],
      "metrics": {
        "MAE": 0.858157,
        "RMSE": 1.195767,
        "MAPE": 0.1498,
        "R2": 0.9645
      }
    }
  }
}