{
  "generated_at": "2026-03-13 05:00:40",
  "exchange_rates": {
    "USD_TZS": {
      "current": 2581.7171,
      "next_1h": 2581.4187,
      "next_24h": 2575.0806,
      "change_pct": -0.012,
      "trend": "\ud83d\udcc9 DOWN",
      "predictions": [
        2581.4187,
        2580.9278,
        2580.4578,
        2580.0045,
        2579.5593,
        2579.125,
        2578.7163,
        2578.3368,
        2577.9844,
        2577.658,
        2577.3566,
        2577.0792,
        2576.824,
        2576.5895,
        2576.3741,
        2576.1763,
        2575.9948,
        2575.8281,
        2575.6753,
        2575.535,
        2575.4063,
        2575.2882,
        2575.1799,
        2575.0806
      ],
      "metrics": {
        "MAE": 0.444366,
        "RMSE": 1.595565,
        "MAPE": 0.0172,
        "R2": 0.7496
      }
    },
    "USD_KES": {
      "current": 129.2872,
      "next_1h": 129.2853,
      "next_24h": 129.2749,
      "change_pct": -0.002,
      "trend": "\ud83d\udcc9 DOWN",
      "predictions": [
        129.2853,
        129.2838,
        129.2828,
        129.2819,
        129.2811,
        129.2804,
        129.2798,
        129.2792,
        129.2787,
        129.2782,
        129.2778,
        129.2774,
        129.2771,
        129.2767,
        129.2765,
        129.2762,
        129.276,
        129.2758,
        129.2756,
        129.2754,
        129.2752,
        129.2751,
        129.275,
        129.2749
      ],
      "metrics": {
        "MAE": 0.005969,
        "RMSE": 0.010401,
        "MAPE": 0.0046,
        "R2": 0.7239
      }
    },
    "USD_UGX": {
      "current": 3728.7654,
      "next_1h": 3727.6731,
      "next_24h": 3707.4183,
      "change_pct": -0.029,
      "trend": "\ud83d\udcc9 DOWN",
      "predictions": [
        3727.6731,
        3726.447,
        3725.2589,
        3724.0828,
        3722.9397,
        3721.8308,
        3720.7598,
        3719.7267,
        3718.7301,
        3717.7691,
        3716.8423,
        3715.9487,
        3715.087,
        3714.2562,
        3713.455,
        3712.6825,
        3711.9376,
        3711.2194,
        3710.5268,
        3709.859,
        3709.2151,
        3708.5943,
        3707.9956,
        3707.4183
      ],
      "metrics": {
        "MAE": 1.511768,
        "RMSE": 6.548544,
        "MAPE": 0.0406,
        "R2": 0.752
      }
    },
    "USD_EUR": {
      "current": 0.8672,
      "next_1h": 0.8669,
      "next_24h": 0.8635,
      "change_pct": -0.037,
      "trend": "\ud83d\udcc9 DOWN",
      "predictions": [
        0.8669,
        0.8666,
        0.8664,
        0.8661,
        0.8659,
        0.8656,
        0.8654,
        0.8652,
        0.8651,
        0.8649,
        0.8647,
        0.8646,
        0.8645,
        0.8643,
        0.8642,
        0.8641,
        0.864,
        0.8639,
        0.8639,
        0.8638,
        0.8637,
        0.8636,
        0.8636,
        0.8635
      ],
      "metrics": {
        "MAE": 0.000298,
        "RMSE": 0.000606,
        "MAPE": 0.0344,
        "R2": 0.6484
      }
    }
  },
  "crypto": {
    "BTC_USD": {
      "current": 71353.0,
      "next_1h": 71354.96,
      "next_24h": 70985.67,
      "change_pct": 0.003,
      "trend": "\ud83d\udcc8 UP",
      "predictions": [
        71354.96,
        71370.07,
        71304.34,
        71297.78,
        71273.3,
        71256.45,
        71244.12,
        71223.93,
        71207.85,
        71190.25,
        71173.51,
        71157.8,
        71141.8,
        71126.39,
        71111.07,
        71096.03,
        71081.34,
        71066.88,
        71052.72,
        71038.81,
        71025.15,
        71011.74,
        70998.59,
        70985.67
      ],
      "metrics": {
        "MAE": 300.426322,
        "RMSE": 380.739343,
        "MAPE": 0.4267,
        "R2": 0.6666
      }
    },
    "ETH_USD": {
      "current": 2111.18,
      "next_1h": 2108.92,
      "next_24h": 2033.7,
      "change_pct": -0.107,
      "trend": "\ud83d\udcc9 DOWN",
      "predictions": [
        2108.92,
        2101.26,
        2092.25,
        2086.53,
        2078.79,
        2072.31,
        2065.82,
        2060.02,
        2055.19,
        2050.75,
        2047.06,
        2043.91,
        2041.33,
        2039.26,
        2037.6,
        2036.32,
        2035.35,
        2034.65,
        2034.17,
        2033.86,
        2033.69,
        2033.62,
        2033.63,
        2033.7
      ],
      "metrics": {
        "MAE": 10.937779,
        "RMSE": 14.729547,
        "MAPE": 0.5272,
        "R2": 0.7421
      }
    },
    "BNB_USD": {
      "current": 660.33,
      "next_1h": 660.07,
      "next_24h": 656.9,
      "change_pct": -0.039,
      "trend": "\ud83d\udcc9 DOWN",
      "predictions": [
        660.07,
        660.06,
        659.79,
        659.67,
        659.49,
        659.31,
        659.15,
        658.99,
        658.84,
        658.68,
        658.54,
        658.39,
        658.25,
        658.11,
        657.98,
        657.84,
        657.71,
        657.59,
        657.47,
        657.35,
        657.23,
        657.12,
        657.01,
        656.9
      ],
      "metrics": {
        "MAE": 2.234671,
        "RMSE": 2.743473,
        "MAPE": 0.3428,
        "R2": 0.7501
      }
    }
  }
}