{
  "generated_at": "2026-04-26 09:27:50",
  "exchange_rates": {
    "USD_TZS": {
      "current": 2607.0519,
      "next_1h": 2606.8905,
      "next_24h": 2603.6115,
      "change_pct": -0.006,
      "trend": "\ud83d\udcc9 DOWN",
      "predictions": [
        2606.8905,
        2606.7303,
        2606.5711,
        2606.4131,
        2606.2562,
        2606.1004,
        2605.9466,
        2605.7947,
        2605.6447,
        2605.4966,
        2605.3505,
        2605.2061,
        2605.0637,
        2604.923,
        2604.7841,
        2604.6471,
        2604.5117,
        2604.3781,
        2604.2462,
        2604.116,
        2603.9874,
        2603.8605,
        2603.7352,
        2603.6115
      ],
      "metrics": {
        "MAE": 0.662004,
        "RMSE": 3.795515,
        "MAPE": 0.0255,
        "R2": 0.8658
      }
    },
    "USD_KES": {
      "current": 129.242,
      "next_1h": 129.2415,
      "next_24h": 129.2322,
      "change_pct": 0.0,
      "trend": "\ud83d\udcc9 DOWN",
      "predictions": [
        129.2415,
        129.2411,
        129.2407,
        129.2403,
        129.2399,
        129.2395,
        129.2391,
        129.2387,
        129.2383,
        129.2379,
        129.2375,
        129.237,
        129.2366,
        129.2362,
        129.2358,
        129.2354,
        129.235,
        129.2346,
        129.2342,
        129.2338,
        129.2334,
        129.233,
        129.2326,
        129.2322
      ],
      "metrics": {
        "MAE": 0.002977,
        "RMSE": 0.015951,
        "MAPE": 0.0023,
        "R2": 0.954
      }
    },
    "USD_UGX": {
      "current": 3695.4875,
      "next_1h": 3695.7082,
      "next_24h": 3700.2099,
      "change_pct": 0.006,
      "trend": "\ud83d\udcc8 UP",
      "predictions": [
        3695.7082,
        3695.9273,
        3696.1447,
        3696.3604,
        3696.5746,
        3696.7871,
        3696.9972,
        3697.2048,
        3697.4099,
        3697.6126,
        3697.8128,
        3698.0107,
        3698.2063,
        3698.3995,
        3698.5904,
        3698.7791,
        3698.9655,
        3699.1497,
        3699.3317,
        3699.5116,
        3699.6893,
        3699.8649,
        3700.0384,
        3700.2099
      ],
      "metrics": {
        "MAE": 0.717394,
        "RMSE": 3.158024,
        "MAPE": 0.0194,
        "R2": 0.8642
      }
    },
    "USD_EUR": {
      "current": 0.854,
      "next_1h": 0.854,
      "next_24h": 0.8536,
      "change_pct": -0.002,
      "trend": "\ud83d\udcc9 DOWN",
      "predictions": [
        0.854,
        0.854,
        0.854,
        0.854,
        0.8539,
        0.8539,
        0.8539,
        0.8539,
        0.8539,
        0.8539,
        0.8538,
        0.8538,
        0.8538,
        0.8538,
        0.8538,
        0.8537,
        0.8537,
        0.8537,
        0.8537,
        0.8537,
        0.8536,
        0.8536,
        0.8536,
        0.8536
      ],
      "metrics": {
        "MAE": 0.000103,
        "RMSE": 0.000425,
        "MAPE": 0.0121,
        "R2": 0.9607
      }
    }
  },
  "crypto": {
    "BTC_USD": {
      "current": 78038.0,
      "next_1h": 78026.29,
      "next_24h": 77580.44,
      "change_pct": -0.015,
      "trend": "\ud83d\udcc9 DOWN",
      "predictions": [
        78026.29,
        78027.62,
        77993.32,
        77988.51,
        77964.25,
        77941.69,
        77924.27,
        77901.52,
        77881.92,
        77861.47,
        77840.49,
        77820.45,
        77799.89,
        77779.6,
        77759.42,
        77739.19,
        77719.13,
        77699.1,
        77679.14,
        77659.27,
        77639.45,
        77619.71,
        77600.04,
        77580.44
      ],
      "metrics": {
        "MAE": 212.871636,
        "RMSE": 296.388187,
        "MAPE": 0.277,
        "R2": 0.9427
      }
    },
    "ETH_USD": {
      "current": 2333.23,
      "next_1h": 2332.02,
      "next_24h": 2313.17,
      "change_pct": -0.052,
      "trend": "\ud83d\udcc9 DOWN",
      "predictions": [
        2332.02,
        2332.61,
        2331.46,
        2330.91,
        2330.17,
        2329.13,
        2328.34,
        2327.39,
        2326.47,
        2325.58,
        2324.63,
        2323.73,
        2322.82,
        2321.91,
        2321.01,
        2320.11,
        2319.22,
        2318.34,
        2317.46,
        2316.59,
        2315.73,
        2314.87,
        2314.02,
        2313.17
      ],
      "metrics": {
        "MAE": 7.389779,
        "RMSE": 10.326471,
        "MAPE": 0.3177,
        "R2": 0.8856
      }
    },
    "BNB_USD": {
      "current": 630.58,
      "next_1h": 630.09,
      "next_24h": 621.86,
      "change_pct": -0.077,
      "trend": "\ud83d\udcc9 DOWN",
      "predictions": [
        630.09,
        629.74,
        629.3,
        628.89,
        628.47,
        628.05,
        627.65,
        627.25,
        626.86,
        626.48,
        626.1,
        625.74,
        625.38,
        625.02,
        624.68,
        624.34,
        624.01,
        623.68,
        623.36,
        623.05,
        622.74,
        622.45,
        622.15,
        621.86
      ],
      "metrics": {
        "MAE": 1.451398,
        "RMSE": 2.00456,
        "MAPE": 0.2289,
        "R2": 0.8967
      }
    }
  }
}