{
  "generated_at": "2026-03-18 13:00:11",
  "exchange_rates": {
    "USD_TZS": {
      "current": 2589.1453,
      "next_1h": 2588.6565,
      "next_24h": 2581.475,
      "change_pct": -0.019,
      "trend": "\ud83d\udcc9 DOWN",
      "predictions": [
        2588.6565,
        2588.1907,
        2587.7338,
        2587.2918,
        2586.8518,
        2586.4253,
        2586.0187,
        2585.6311,
        2585.2618,
        2584.9101,
        2584.5756,
        2584.2577,
        2583.9555,
        2583.6683,
        2583.3954,
        2583.136,
        2582.8895,
        2582.6552,
        2582.4326,
        2582.2211,
        2582.02,
        2581.829,
        2581.6475,
        2581.475
      ],
      "metrics": {
        "MAE": 0.530889,
        "RMSE": 0.550664,
        "MAPE": 0.0205,
        "R2": 0.6019
      }
    },
    "USD_KES": {
      "current": 129.335,
      "next_1h": 129.3271,
      "next_24h": 129.2536,
      "change_pct": -0.006,
      "trend": "\ud83d\udcc9 DOWN",
      "predictions": [
        129.3271,
        129.3184,
        129.3112,
        129.3051,
        129.2997,
        129.295,
        129.2906,
        129.2865,
        129.2828,
        129.2794,
        129.2763,
        129.2735,
        129.2709,
        129.2685,
        129.2664,
        129.2644,
        129.2626,
        129.2609,
        129.2594,
        129.258,
        129.2568,
        129.2556,
        129.2546,
        129.2536
      ],
      "metrics": {
        "MAE": 0.010789,
        "RMSE": 0.023027,
        "MAPE": 0.0083,
        "R2": 0.9029
      }
    },
    "USD_UGX": {
      "current": 3774.0215,
      "next_1h": 3773.7021,
      "next_24h": 3767.3533,
      "change_pct": -0.008,
      "trend": "\ud83d\udcc9 DOWN",
      "predictions": [
        3773.7021,
        3773.3884,
        3773.0809,
        3772.7761,
        3772.4773,
        3772.184,
        3771.8933,
        3771.6054,
        3771.3202,
        3771.0377,
        3770.7578,
        3770.4806,
        3770.2061,
        3769.9341,
        3769.6648,
        3769.398,
        3769.1338,
        3768.8721,
        3768.6128,
        3768.3561,
        3768.1018,
        3767.8499,
        3767.6004,
        3767.3533
      ],
      "metrics": {
        "MAE": 0.803705,
        "RMSE": 3.234819,
        "MAPE": 0.0213,
        "R2": 0.9274
      }
    },
    "USD_EUR": {
      "current": 0.8672,
      "next_1h": 0.8673,
      "next_24h": 0.8684,
      "change_pct": 0.007,
      "trend": "\ud83d\udcc8 UP",
      "predictions": [
        0.8673,
        0.8673,
        0.8674,
        0.8674,
        0.8675,
        0.8675,
        0.8676,
        0.8676,
        0.8677,
        0.8677,
        0.8678,
        0.8678,
        0.8679,
        0.8679,
        0.868,
        0.868,
        0.8681,
        0.8681,
        0.8682,
        0.8682,
        0.8683,
        0.8683,
        0.8684,
        0.8684
      ],
      "metrics": {
        "MAE": 0.0002,
        "RMSE": 0.000739,
        "MAPE": 0.023,
        "R2": 0.9285
      }
    }
  },
  "crypto": {
    "BTC_USD": {
      "current": 72387.0,
      "next_1h": 72530.11,
      "next_24h": 72892.22,
      "change_pct": 0.198,
      "trend": "\ud83d\udcc8 UP",
      "predictions": [
        72530.11,
        72636.1,
        72728.31,
        72733.81,
        72710.55,
        72716.6,
        72725.89,
        72740.64,
        72752.77,
        72761.73,
        72771.28,
        72780.67,
        72790.45,
        72800.23,
        72809.77,
        72819.24,
        72828.61,
        72837.91,
        72847.15,
        72856.32,
        72865.4,
        72874.42,
        72883.35,
        72892.22
      ],
      "metrics": {
        "MAE": 278.879799,
        "RMSE": 343.419346,
        "MAPE": 0.3768,
        "R2": 0.6155
      }
    },
    "ETH_USD": {
      "current": 2238.66,
      "next_1h": 2228.31,
      "next_24h": 2108.23,
      "change_pct": -0.463,
      "trend": "\ud83d\udcc9 DOWN",
      "predictions": [
        2228.31,
        2216.85,
        2205.4,
        2193.62,
        2183.88,
        2176.49,
        2169.42,
        2162.96,
        2157.0,
        2151.61,
        2146.78,
        2142.28,
        2138.13,
        2134.29,
        2130.74,
        2127.46,
        2124.4,
        2121.57,
        2118.93,
        2116.47,
        2114.19,
        2112.06,
        2110.08,
        2108.23
      ],
      "metrics": {
        "MAE": 14.194872,
        "RMSE": 17.518059,
        "MAPE": 0.6127,
        "R2": 0.642
      }
    },
    "BNB_USD": {
      "current": 657.95,
      "next_1h": 659.17,
      "next_24h": 662.53,
      "change_pct": 0.186,
      "trend": "\ud83d\udcc8 UP",
      "predictions": [
        659.17,
        659.75,
        660.1,
        660.19,
        660.18,
        660.35,
        660.5,
        660.64,
        660.78,
        660.91,
        661.04,
        661.17,
        661.29,
        661.42,
        661.54,
        661.66,
        661.77,
        661.89,
        662.0,
        662.11,
        662.22,
        662.33,
        662.43,
        662.53
      ],
      "metrics": {
        "MAE": 2.110846,
        "RMSE": 2.798818,
        "MAPE": 0.3139,
        "R2": 0.6835
      }
    }
  }
}