{
  "generated_at": "2026-07-05 15:33:52",
  "exchange_rates": {
    "USD_TZS": {
      "current": 2621.4188,
      "next_1h": 2621.2257,
      "next_24h": 2617.8829,
      "change_pct": -0.007,
      "trend": "\ud83d\udcc9 DOWN",
      "predictions": [
        2621.2257,
        2621.0396,
        2620.8565,
        2620.6766,
        2620.4997,
        2620.3258,
        2620.1565,
        2619.9918,
        2619.8314,
        2619.6752,
        2619.5233,
        2619.3755,
        2619.2316,
        2619.0916,
        2618.9554,
        2618.8228,
        2618.6938,
        2618.5683,
        2618.4461,
        2618.3272,
        2618.2116,
        2618.099,
        2617.9895,
        2617.8829
      ],
      "metrics": {
        "MAE": 0.695416,
        "RMSE": 2.76848,
        "MAPE": 0.0265,
        "R2": 0.89
      }
    },
    "USD_KES": {
      "current": 129.2349,
      "next_1h": 129.238,
      "next_24h": 129.3006,
      "change_pct": 0.002,
      "trend": "\ud83d\udcc8 UP",
      "predictions": [
        129.238,
        129.2412,
        129.2443,
        129.2475,
        129.2505,
        129.2536,
        129.2566,
        129.2596,
        129.2625,
        129.2653,
        129.2681,
        129.2709,
        129.2736,
        129.2763,
        129.2789,
        129.2815,
        129.284,
        129.2865,
        129.289,
        129.2914,
        129.2937,
        129.2961,
        129.2983,
        129.3006
      ],
      "metrics": {
        "MAE": 0.005341,
        "RMSE": 0.0214,
        "MAPE": 0.0041,
        "R2": 0.9639
      }
    },
    "USD_UGX": {
      "current": 3633.8889,
      "next_1h": 3633.9217,
      "next_24h": 3634.6696,
      "change_pct": 0.001,
      "trend": "\ud83d\udcc8 UP",
      "predictions": [
        3633.9217,
        3633.9549,
        3633.9881,
        3634.0212,
        3634.0542,
        3634.0872,
        3634.1201,
        3634.153,
        3634.1858,
        3634.2185,
        3634.2511,
        3634.2837,
        3634.3162,
        3634.3487,
        3634.3811,
        3634.4134,
        3634.4457,
        3634.4778,
        3634.51,
        3634.542,
        3634.574,
        3634.606,
        3634.6378,
        3634.6696
      ],
      "metrics": {
        "MAE": 0.941178,
        "RMSE": 4.253861,
        "MAPE": 0.0257,
        "R2": 0.909
      }
    },
    "USD_EUR": {
      "current": 0.8743,
      "next_1h": 0.8743,
      "next_24h": 0.8761,
      "change_pct": 0.009,
      "trend": "\ud83d\udcc8 UP",
      "predictions": [
        0.8743,
        0.8744,
        0.8745,
        0.8746,
        0.8746,
        0.8747,
        0.8748,
        0.8749,
        0.8749,
        0.875,
        0.8751,
        0.8752,
        0.8752,
        0.8753,
        0.8754,
        0.8755,
        0.8755,
        0.8756,
        0.8757,
        0.8758,
        0.8759,
        0.8759,
        0.876,
        0.8761
      ],
      "metrics": {
        "MAE": 0.000172,
        "RMSE": 0.000434,
        "MAPE": 0.0196,
        "R2": 0.9412
      }
    }
  },
  "crypto": {
    "BTC_USD": {
      "current": 62757.0,
      "next_1h": 62735.22,
      "next_24h": 62347.47,
      "change_pct": -0.035,
      "trend": "\ud83d\udcc9 DOWN",
      "predictions": [
        62735.22,
        62702.2,
        62684.69,
        62674.6,
        62661.21,
        62643.38,
        62625.49,
        62608.83,
        62592.56,
        62576.04,
        62559.32,
        62542.69,
        62526.17,
        62509.72,
        62493.29,
        62476.9,
        62460.56,
        62444.26,
        62428.02,
        62411.82,
        62395.66,
        62379.55,
        62363.49,
        62347.47
      ],
      "metrics": {
        "MAE": 207.238493,
        "RMSE": 300.12866,
        "MAPE": 0.3444,
        "R2": 0.949
      }
    },
    "ETH_USD": {
      "current": 1775.04,
      "next_1h": 1773.39,
      "next_24h": 1753.74,
      "change_pct": -0.093,
      "trend": "\ud83d\udcc9 DOWN",
      "predictions": [
        1773.39,
        1772.12,
        1771.44,
        1770.68,
        1769.41,
        1768.58,
        1767.77,
        1766.92,
        1766.06,
        1765.24,
        1764.4,
        1763.57,
        1762.73,
        1761.9,
        1761.08,
        1760.25,
        1759.43,
        1758.61,
        1757.79,
        1756.97,
        1756.16,
        1755.35,
        1754.54,
        1753.74
      ],
      "metrics": {
        "MAE": 7.410147,
        "RMSE": 10.955163,
        "MAPE": 0.4548,
        "R2": 0.9799
      }
    },
    "BNB_USD": {
      "current": 587.2,
      "next_1h": 587.28,
      "next_24h": 587.12,
      "change_pct": 0.014,
      "trend": "\ud83d\udcc8 UP",
      "predictions": [
        587.28,
        587.58,
        587.88,
        587.72,
        587.69,
        587.68,
        587.65,
        587.61,
        587.58,
        587.55,
        587.52,
        587.48,
        587.45,
        587.42,
        587.39,
        587.36,
        587.33,
        587.3,
        587.27,
        587.24,
        587.21,
        587.18,
        587.15,
        587.12
      ],
      "metrics": {
        "MAE": 1.937067,
        "RMSE": 2.801192,
        "MAPE": 0.3468,
        "R2": 0.9175
      }
    }
  }
}