{
  "generated_at": "2026-06-21 20:41:05",
  "exchange_rates": {
    "USD_TZS": {
      "current": 2610.4055,
      "next_1h": 2610.3507,
      "next_24h": 2609.2353,
      "change_pct": -0.002,
      "trend": "\ud83d\udcc9 DOWN",
      "predictions": [
        2610.3507,
        2610.2961,
        2610.242,
        2610.1881,
        2610.1346,
        2610.0815,
        2610.029,
        2609.9772,
        2609.9261,
        2609.8756,
        2609.8258,
        2609.7767,
        2609.7282,
        2609.6804,
        2609.6332,
        2609.5866,
        2609.5406,
        2609.4952,
        2609.4505,
        2609.4063,
        2609.3627,
        2609.3197,
        2609.2772,
        2609.2353
      ],
      "metrics": {
        "MAE": 0.641262,
        "RMSE": 3.089646,
        "MAPE": 0.0246,
        "R2": 0.8177
      }
    },
    "USD_KES": {
      "current": 129.4365,
      "next_1h": 129.436,
      "next_24h": 129.4265,
      "change_pct": 0.0,
      "trend": "\ud83d\udcc9 DOWN",
      "predictions": [
        129.436,
        129.4356,
        129.4351,
        129.4347,
        129.4342,
        129.4338,
        129.4334,
        129.4329,
        129.4325,
        129.4321,
        129.4317,
        129.4312,
        129.4308,
        129.4304,
        129.43,
        129.4296,
        129.4292,
        129.4288,
        129.4284,
        129.428,
        129.4277,
        129.4273,
        129.4269,
        129.4265
      ],
      "metrics": {
        "MAE": 0.002839,
        "RMSE": 0.013351,
        "MAPE": 0.0022,
        "R2": 0.878
      }
    },
    "USD_UGX": {
      "current": 3651.2384,
      "next_1h": 3652.9148,
      "next_24h": 3684.928,
      "change_pct": 0.046,
      "trend": "\ud83d\udcc8 UP",
      "predictions": [
        3652.9148,
        3654.5751,
        3656.2192,
        3657.8474,
        3659.4599,
        3661.0567,
        3662.6223,
        3664.1571,
        3665.6616,
        3667.1362,
        3668.5813,
        3669.9975,
        3671.3852,
        3672.7451,
        3674.0776,
        3675.3833,
        3676.6629,
        3677.9167,
        3679.1453,
        3680.3493,
        3681.529,
        3682.6851,
        3683.8179,
        3684.928
      ],
      "metrics": {
        "MAE": 2.307488,
        "RMSE": 6.355952,
        "MAPE": 0.0629,
        "R2": 0.9708
      }
    },
    "USD_EUR": {
      "current": 0.872,
      "next_1h": 0.872,
      "next_24h": 0.8715,
      "change_pct": -0.003,
      "trend": "\ud83d\udcc9 DOWN",
      "predictions": [
        0.872,
        0.8719,
        0.8719,
        0.8719,
        0.8719,
        0.8718,
        0.8718,
        0.8718,
        0.8718,
        0.8718,
        0.8717,
        0.8717,
        0.8717,
        0.8717,
        0.8717,
        0.8716,
        0.8716,
        0.8716,
        0.8716,
        0.8716,
        0.8715,
        0.8715,
        0.8715,
        0.8715
      ],
      "metrics": {
        "MAE": 0.000121,
        "RMSE": 0.000659,
        "MAPE": 0.014,
        "R2": 0.9733
      }
    }
  },
  "crypto": {
    "BTC_USD": {
      "current": 63940.0,
      "next_1h": 63912.56,
      "next_24h": 63358.99,
      "change_pct": -0.043,
      "trend": "\ud83d\udcc9 DOWN",
      "predictions": [
        63912.56,
        63911.73,
        63896.07,
        63862.58,
        63824.56,
        63802.28,
        63780.62,
        63755.61,
        63729.29,
        63703.79,
        63679.57,
        63655.09,
        63630.22,
        63605.35,
        63580.66,
        63556.04,
        63531.38,
        63506.7,
        63482.04,
        63457.41,
        63432.8,
        63408.18,
        63383.58,
        63358.99
      ],
      "metrics": {
        "MAE": 207.435657,
        "RMSE": 298.726571,
        "MAPE": 0.3212,
        "R2": 0.9207
      }
    },
    "ETH_USD": {
      "current": 1725.72,
      "next_1h": 1725.64,
      "next_24h": 1704.54,
      "change_pct": -0.005,
      "trend": "\ud83d\udcc9 DOWN",
      "predictions": [
        1725.64,
        1725.46,
        1724.36,
        1723.11,
        1722.23,
        1721.35,
        1720.39,
        1719.44,
        1718.51,
        1717.57,
        1716.64,
        1715.7,
        1714.77,
        1713.84,
        1712.9,
        1711.97,
        1711.04,
        1710.11,
        1709.18,
        1708.25,
        1707.32,
        1706.39,
        1705.46,
        1704.54
      ],
      "metrics": {
        "MAE": 7.810677,
        "RMSE": 12.808862,
        "MAPE": 0.4486,
        "R2": 0.9116
      }
    },
    "BNB_USD": {
      "current": 589.56,
      "next_1h": 589.96,
      "next_24h": 595.57,
      "change_pct": 0.067,
      "trend": "\ud83d\udcc8 UP",
      "predictions": [
        589.96,
        590.28,
        590.46,
        590.62,
        590.9,
        591.16,
        591.41,
        591.67,
        591.92,
        592.18,
        592.43,
        592.68,
        592.93,
        593.18,
        593.42,
        593.67,
        593.91,
        594.15,
        594.39,
        594.63,
        594.87,
        595.1,
        595.34,
        595.57
      ],
      "metrics": {
        "MAE": 1.839254,
        "RMSE": 2.766252,
        "MAPE": 0.3072,
        "R2": 0.9589
      }
    }
  }
}