{
  "generated_at": "2026-07-10 03:13:09",
  "exchange_rates": {
    "USD_TZS": {
      "current": 2624.3773,
      "next_1h": 2624.0573,
      "next_24h": 2618.9027,
      "change_pct": -0.012,
      "trend": "\ud83d\udcc9 DOWN",
      "predictions": [
        2624.0573,
        2623.7442,
        2623.438,
        2623.1385,
        2622.8522,
        2622.5722,
        2622.3018,
        2622.0406,
        2621.7885,
        2621.5451,
        2621.31,
        2621.0832,
        2620.8641,
        2620.6527,
        2620.4486,
        2620.2516,
        2620.0615,
        2619.8779,
        2619.7007,
        2619.5296,
        2619.3645,
        2619.2051,
        2619.0512,
        2618.9027
      ],
      "metrics": {
        "MAE": 0.40946,
        "RMSE": 0.711882,
        "MAPE": 0.0156,
        "R2": 0.887
      }
    },
    "USD_KES": {
      "current": 129.1614,
      "next_1h": 129.165,
      "next_24h": 129.2535,
      "change_pct": 0.003,
      "trend": "\ud83d\udcc8 UP",
      "predictions": [
        129.165,
        129.1685,
        129.1721,
        129.1756,
        129.18,
        129.1845,
        129.1888,
        129.1931,
        129.1974,
        129.2016,
        129.2057,
        129.2097,
        129.2137,
        129.2176,
        129.2215,
        129.2253,
        129.229,
        129.2327,
        129.2363,
        129.2398,
        129.2433,
        129.2468,
        129.2501,
        129.2535
      ],
      "metrics": {
        "MAE": 0.007078,
        "RMSE": 0.022493,
        "MAPE": 0.0055,
        "R2": 0.9545
      }
    },
    "USD_UGX": {
      "current": 3670.526,
      "next_1h": 3670.5682,
      "next_24h": 3671.1755,
      "change_pct": 0.001,
      "trend": "\ud83d\udcc8 UP",
      "predictions": [
        3670.5682,
        3670.6103,
        3670.6523,
        3670.6943,
        3670.7191,
        3670.7439,
        3670.7686,
        3670.7931,
        3670.8176,
        3670.842,
        3670.8663,
        3670.8906,
        3670.9147,
        3670.9388,
        3670.9628,
        3670.9867,
        3671.0106,
        3671.0344,
        3671.0581,
        3671.0817,
        3671.1053,
        3671.1288,
        3671.1522,
        3671.1755
      ],
      "metrics": {
        "MAE": 1.134332,
        "RMSE": 4.347357,
        "MAPE": 0.0311,
        "R2": 0.838
      }
    },
    "USD_EUR": {
      "current": 0.8748,
      "next_1h": 0.8748,
      "next_24h": 0.8754,
      "change_pct": 0.003,
      "trend": "\ud83d\udcc8 UP",
      "predictions": [
        0.8748,
        0.8749,
        0.8749,
        0.8749,
        0.875,
        0.875,
        0.875,
        0.875,
        0.8751,
        0.8751,
        0.8751,
        0.8751,
        0.8752,
        0.8752,
        0.8752,
        0.8752,
        0.8753,
        0.8753,
        0.8753,
        0.8753,
        0.8754,
        0.8754,
        0.8754,
        0.8754
      ],
      "metrics": {
        "MAE": 9.8e-05,
        "RMSE": 0.000373,
        "MAPE": 0.0112,
        "R2": 0.8813
      }
    }
  },
  "crypto": {
    "BTC_USD": {
      "current": 63856.0,
      "next_1h": 63833.95,
      "next_24h": 63578.91,
      "change_pct": -0.035,
      "trend": "\ud83d\udcc9 DOWN",
      "predictions": [
        63833.95,
        63832.91,
        63834.85,
        63822.99,
        63810.52,
        63797.4,
        63785.27,
        63773.16,
        63760.62,
        63748.09,
        63735.65,
        63723.3,
        63710.99,
        63698.72,
        63686.5,
        63674.34,
        63662.23,
        63650.17,
        63638.17,
        63626.21,
        63614.31,
        63602.46,
        63590.66,
        63578.91
      ],
      "metrics": {
        "MAE": 155.121144,
        "RMSE": 246.430921,
        "MAPE": 0.2461,
        "R2": 0.8606
      }
    },
    "ETH_USD": {
      "current": 1769.68,
      "next_1h": 1769.34,
      "next_24h": 1757.88,
      "change_pct": -0.019,
      "trend": "\ud83d\udcc9 DOWN",
      "predictions": [
        1769.34,
        1768.81,
        1767.88,
        1767.41,
        1766.87,
        1766.36,
        1765.87,
        1765.39,
        1764.9,
        1764.41,
        1763.93,
        1763.45,
        1762.97,
        1762.5,
        1762.03,
        1761.55,
        1761.09,
        1760.62,
        1760.16,
        1759.7,
        1759.24,
        1758.78,
        1758.33,
        1757.88
      ],
      "metrics": {
        "MAE": 5.063261,
        "RMSE": 7.670148,
        "MAPE": 0.287,
        "R2": 0.8879
      }
    },
    "BNB_USD": {
      "current": 574.5,
      "next_1h": 574.59,
      "next_24h": 575.2,
      "change_pct": 0.016,
      "trend": "\ud83d\udcc8 UP",
      "predictions": [
        574.59,
        574.67,
        574.67,
        574.7,
        574.73,
        574.76,
        574.78,
        574.81,
        574.83,
        574.86,
        574.88,
        574.91,
        574.93,
        574.96,
        574.98,
        575.01,
        575.03,
        575.06,
        575.08,
        575.11,
        575.13,
        575.15,
        575.18,
        575.2
      ],
      "metrics": {
        "MAE": 1.216174,
        "RMSE": 1.869422,
        "MAPE": 0.2114,
        "R2": 0.9418
      }
    }
  }
}