{
  "generated_at": "2026-07-11 14:17:10",
  "exchange_rates": {
    "USD_TZS": {
      "current": 2626.6457,
      "next_1h": 2626.2753,
      "next_24h": 2620.1629,
      "change_pct": -0.014,
      "trend": "\ud83d\udcc9 DOWN",
      "predictions": [
        2626.2753,
        2625.913,
        2625.5588,
        2625.2124,
        2624.8736,
        2624.5423,
        2624.222,
        2623.9123,
        2623.613,
        2623.3237,
        2623.0441,
        2622.7739,
        2622.5129,
        2622.2607,
        2622.017,
        2621.7816,
        2621.5541,
        2621.3343,
        2621.1219,
        2620.9167,
        2620.7184,
        2620.5268,
        2620.3417,
        2620.1629
      ],
      "metrics": {
        "MAE": 0.362735,
        "RMSE": 0.600586,
        "MAPE": 0.0138,
        "R2": 0.8491
      }
    },
    "USD_KES": {
      "current": 129.1819,
      "next_1h": 129.1863,
      "next_24h": 129.2732,
      "change_pct": 0.003,
      "trend": "\ud83d\udcc8 UP",
      "predictions": [
        129.1863,
        129.1907,
        129.1951,
        129.1994,
        129.2037,
        129.208,
        129.2121,
        129.2163,
        129.2203,
        129.2243,
        129.2282,
        129.232,
        129.2358,
        129.2395,
        129.2431,
        129.2467,
        129.2502,
        129.2537,
        129.2571,
        129.2604,
        129.2637,
        129.2669,
        129.2701,
        129.2732
      ],
      "metrics": {
        "MAE": 0.007092,
        "RMSE": 0.020932,
        "MAPE": 0.0055,
        "R2": 0.9068
      }
    },
    "USD_UGX": {
      "current": 3659.1295,
      "next_1h": 3659.0697,
      "next_24h": 3657.7237,
      "change_pct": -0.002,
      "trend": "\ud83d\udcc9 DOWN",
      "predictions": [
        3659.0697,
        3659.01,
        3658.9504,
        3658.891,
        3658.8316,
        3658.7724,
        3658.7133,
        3658.6542,
        3658.5953,
        3658.5365,
        3658.4778,
        3658.4192,
        3658.3606,
        3658.3022,
        3658.2439,
        3658.1857,
        3658.1276,
        3658.0696,
        3658.0117,
        3657.9539,
        3657.8962,
        3657.8386,
        3657.7811,
        3657.7237
      ],
      "metrics": {
        "MAE": 0.93712,
        "RMSE": 4.052719,
        "MAPE": 0.0257,
        "R2": 0.8999
      }
    },
    "USD_EUR": {
      "current": 0.8756,
      "next_1h": 0.8756,
      "next_24h": 0.8759,
      "change_pct": 0.002,
      "trend": "\ud83d\udcc8 UP",
      "predictions": [
        0.8756,
        0.8756,
        0.8756,
        0.8756,
        0.8756,
        0.8757,
        0.8757,
        0.8757,
        0.8757,
        0.8757,
        0.8757,
        0.8757,
        0.8757,
        0.8758,
        0.8758,
        0.8758,
        0.8758,
        0.8758,
        0.8758,
        0.8758,
        0.8759,
        0.8759,
        0.8759,
        0.8759
      ],
      "metrics": {
        "MAE": 7.2e-05,
        "RMSE": 0.00032,
        "MAPE": 0.0082,
        "R2": 0.8973
      }
    }
  },
  "crypto": {
    "BTC_USD": {
      "current": 64220.0,
      "next_1h": 64200.71,
      "next_24h": 63936.63,
      "change_pct": -0.03,
      "trend": "\ud83d\udcc9 DOWN",
      "predictions": [
        64200.71,
        64180.84,
        64168.89,
        64160.59,
        64150.79,
        64138.49,
        64126.39,
        64114.84,
        64103.49,
        64092.06,
        64080.6,
        64069.2,
        64057.88,
        64046.61,
        64035.39,
        64024.22,
        64013.09,
        64002.02,
        63991.0,
        63980.03,
        63969.1,
        63958.23,
        63947.4,
        63936.63
      ],
      "metrics": {
        "MAE": 106.086669,
        "RMSE": 149.605661,
        "MAPE": 0.1683,
        "R2": 0.9667
      }
    },
    "ETH_USD": {
      "current": 1802.88,
      "next_1h": 1802.04,
      "next_24h": 1789.04,
      "change_pct": -0.046,
      "trend": "\ud83d\udcc9 DOWN",
      "predictions": [
        1802.04,
        1801.32,
        1800.77,
        1800.18,
        1799.53,
        1798.95,
        1798.38,
        1797.81,
        1797.24,
        1796.67,
        1796.11,
        1795.55,
        1794.99,
        1794.44,
        1793.88,
        1793.33,
        1792.79,
        1792.24,
        1791.7,
        1791.16,
        1790.63,
        1790.09,
        1789.56,
        1789.04
      ],
      "metrics": {
        "MAE": 3.703071,
        "RMSE": 5.481324,
        "MAPE": 0.2104,
        "R2": 0.953
      }
    },
    "BNB_USD": {
      "current": 581.58,
      "next_1h": 581.54,
      "next_24h": 581.78,
      "change_pct": -0.007,
      "trend": "\ud83d\udcc9 DOWN",
      "predictions": [
        581.54,
        581.58,
        581.62,
        581.63,
        581.63,
        581.64,
        581.65,
        581.65,
        581.66,
        581.67,
        581.68,
        581.69,
        581.69,
        581.7,
        581.71,
        581.72,
        581.73,
        581.73,
        581.74,
        581.75,
        581.76,
        581.76,
        581.77,
        581.78
      ],
      "metrics": {
        "MAE": 0.928333,
        "RMSE": 1.28574,
        "MAPE": 0.1624,
        "R2": 0.9414
      }
    }
  }
}