{
  "generated_at": "2026-07-17 04:17:11",
  "exchange_rates": {
    "USD_TZS": {
      "current": 2628.277,
      "next_1h": 2628.0431,
      "next_24h": 2622.0996,
      "change_pct": -0.009,
      "trend": "\ud83d\udcc9 DOWN",
      "predictions": [
        2628.0431,
        2627.814,
        2627.471,
        2627.1352,
        2626.8063,
        2626.4844,
        2626.1712,
        2625.8665,
        2625.5713,
        2625.2851,
        2625.0079,
        2624.7392,
        2624.4789,
        2624.2268,
        2623.9825,
        2623.7458,
        2623.5165,
        2623.2943,
        2623.0791,
        2622.8706,
        2622.6686,
        2622.4729,
        2622.2833,
        2622.0996
      ],
      "metrics": {
        "MAE": 0.552014,
        "RMSE": 2.167982,
        "MAPE": 0.0211,
        "R2": 0.9451
      }
    },
    "USD_KES": {
      "current": 129.3048,
      "next_1h": 129.3055,
      "next_24h": 129.3298,
      "change_pct": 0.001,
      "trend": "\ud83d\udcc8 UP",
      "predictions": [
        129.3055,
        129.3062,
        129.3074,
        129.3086,
        129.3098,
        129.311,
        129.3121,
        129.3133,
        129.3144,
        129.3155,
        129.3166,
        129.3177,
        129.3188,
        129.3199,
        129.3209,
        129.322,
        129.323,
        129.324,
        129.325,
        129.326,
        129.327,
        129.3279,
        129.3289,
        129.3298
      ],
      "metrics": {
        "MAE": 0.004466,
        "RMSE": 0.01541,
        "MAPE": 0.0035,
        "R2": 0.9495
      }
    },
    "USD_UGX": {
      "current": 3681.1587,
      "next_1h": 3681.1206,
      "next_24h": 3680.4237,
      "change_pct": -0.001,
      "trend": "\ud83d\udcc9 DOWN",
      "predictions": [
        3681.1206,
        3681.0826,
        3681.0517,
        3681.0209,
        3680.9901,
        3680.9594,
        3680.9288,
        3680.8983,
        3680.8679,
        3680.8376,
        3680.8074,
        3680.7773,
        3680.7473,
        3680.7174,
        3680.6876,
        3680.6579,
        3680.6283,
        3680.5988,
        3680.5694,
        3680.54,
        3680.5108,
        3680.4817,
        3680.4527,
        3680.4237
      ],
      "metrics": {
        "MAE": 0.369193,
        "RMSE": 2.003095,
        "MAPE": 0.0101,
        "R2": 0.9621
      }
    },
    "USD_EUR": {
      "current": 0.8735,
      "next_1h": 0.8735,
      "next_24h": 0.8737,
      "change_pct": 0.001,
      "trend": "\ud83d\udcc8 UP",
      "predictions": [
        0.8735,
        0.8735,
        0.8735,
        0.8735,
        0.8735,
        0.8735,
        0.8736,
        0.8736,
        0.8736,
        0.8736,
        0.8736,
        0.8736,
        0.8736,
        0.8736,
        0.8736,
        0.8736,
        0.8737,
        0.8737,
        0.8737,
        0.8737,
        0.8737,
        0.8737,
        0.8737,
        0.8737
      ],
      "metrics": {
        "MAE": 4.8e-05,
        "RMSE": 0.000255,
        "MAPE": 0.0055,
        "R2": 0.9526
      }
    }
  },
  "crypto": {
    "BTC_USD": {
      "current": 63460.0,
      "next_1h": 63440.37,
      "next_24h": 63320.03,
      "change_pct": -0.031,
      "trend": "\ud83d\udcc9 DOWN",
      "predictions": [
        63440.37,
        63441.69,
        63444.87,
        63437.68,
        63427.78,
        63421.39,
        63416.15,
        63410.69,
        63404.71,
        63398.71,
        63392.91,
        63387.18,
        63381.46,
        63375.73,
        63370.04,
        63364.37,
        63358.74,
        63353.13,
        63347.55,
        63341.99,
        63336.46,
        63330.96,
        63325.48,
        63320.03
      ],
      "metrics": {
        "MAE": 115.398727,
        "RMSE": 159.568294,
        "MAPE": 0.1808,
        "R2": 0.9697
      }
    },
    "ETH_USD": {
      "current": 1849.21,
      "next_1h": 1848.39,
      "next_24h": 1832.71,
      "change_pct": -0.044,
      "trend": "\ud83d\udcc9 DOWN",
      "predictions": [
        1848.39,
        1847.97,
        1847.21,
        1846.35,
        1845.7,
        1844.99,
        1844.27,
        1843.56,
        1842.86,
        1842.16,
        1841.46,
        1840.76,
        1840.07,
        1839.39,
        1838.7,
        1838.02,
        1837.35,
        1836.67,
        1836.0,
        1835.34,
        1834.68,
        1834.02,
        1833.36,
        1832.71
      ],
      "metrics": {
        "MAE": 4.87282,
        "RMSE": 7.521073,
        "MAPE": 0.264,
        "R2": 0.9801
      }
    },
    "BNB_USD": {
      "current": 571.31,
      "next_1h": 571.35,
      "next_24h": 572.07,
      "change_pct": 0.007,
      "trend": "\ud83d\udcc8 UP",
      "predictions": [
        571.35,
        571.42,
        571.47,
        571.46,
        571.5,
        571.53,
        571.56,
        571.59,
        571.62,
        571.65,
        571.68,
        571.72,
        571.75,
        571.78,
        571.81,
        571.84,
        571.87,
        571.9,
        571.92,
        571.95,
        571.98,
        572.01,
        572.04,
        572.07
      ],
      "metrics": {
        "MAE": 0.873348,
        "RMSE": 1.253618,
        "MAPE": 0.1518,
        "R2": 0.9446
      }
    }
  }
}