{
  "generated_at": "2026-04-02 16:00:33",
  "exchange_rates": {
    "USD_TZS": {
      "current": 2598.782,
      "next_1h": 2598.4498,
      "next_24h": 2592.2599,
      "change_pct": -0.013,
      "trend": "\ud83d\udcc9 DOWN",
      "predictions": [
        2598.4498,
        2598.1255,
        2597.8045,
        2597.489,
        2597.1745,
        2596.8649,
        2596.5616,
        2596.2644,
        2595.9732,
        2595.688,
        2595.4087,
        2595.1351,
        2594.8671,
        2594.6047,
        2594.3477,
        2594.0959,
        2593.8494,
        2593.6079,
        2593.3714,
        2593.1397,
        2592.9129,
        2592.6907,
        2592.473,
        2592.2599
      ],
      "metrics": {
        "MAE": 0.663813,
        "RMSE": 2.873799,
        "MAPE": 0.0257,
        "R2": 0.9022
      }
    },
    "USD_KES": {
      "current": 129.9902,
      "next_1h": 129.9797,
      "next_24h": 129.7972,
      "change_pct": -0.008,
      "trend": "\ud83d\udcc9 DOWN",
      "predictions": [
        129.9797,
        129.9684,
        129.9581,
        129.9487,
        129.9397,
        129.9311,
        129.9227,
        129.9144,
        129.9061,
        129.8979,
        129.8899,
        129.882,
        129.8743,
        129.8667,
        129.8592,
        129.8518,
        129.8446,
        129.8375,
        129.8305,
        129.8236,
        129.8168,
        129.8102,
        129.8036,
        129.7972
      ],
      "metrics": {
        "MAE": 0.01403,
        "RMSE": 0.03352,
        "MAPE": 0.0108,
        "R2": 0.888
      }
    },
    "USD_UGX": {
      "current": 3735.0282,
      "next_1h": 3735.1582,
      "next_24h": 3737.8603,
      "change_pct": 0.003,
      "trend": "\ud83d\udcc8 UP",
      "predictions": [
        3735.1582,
        3735.2869,
        3735.414,
        3735.5404,
        3735.6654,
        3735.7889,
        3735.9116,
        3736.0333,
        3736.1541,
        3736.274,
        3736.393,
        3736.5111,
        3736.6283,
        3736.7446,
        3736.86,
        3736.9746,
        3737.0883,
        3737.2011,
        3737.3131,
        3737.4242,
        3737.5345,
        3737.6439,
        3737.7525,
        3737.8603
      ],
      "metrics": {
        "MAE": 0.702198,
        "RMSE": 3.313507,
        "MAPE": 0.0188,
        "R2": 0.9138
      }
    },
    "USD_EUR": {
      "current": 0.8624,
      "next_1h": 0.8625,
      "next_24h": 0.8639,
      "change_pct": 0.009,
      "trend": "\ud83d\udcc8 UP",
      "predictions": [
        0.8625,
        0.8625,
        0.8626,
        0.8627,
        0.8628,
        0.8628,
        0.8629,
        0.863,
        0.863,
        0.8631,
        0.8632,
        0.8632,
        0.8633,
        0.8634,
        0.8634,
        0.8635,
        0.8636,
        0.8636,
        0.8637,
        0.8637,
        0.8638,
        0.8638,
        0.8639,
        0.8639
      ],
      "metrics": {
        "MAE": 0.000161,
        "RMSE": 0.000673,
        "MAPE": 0.0185,
        "R2": 0.9431
      }
    }
  },
  "crypto": {
    "BTC_USD": {
      "current": 66806.0,
      "next_1h": 66856.61,
      "next_24h": 67553.47,
      "change_pct": 0.076,
      "trend": "\ud83d\udcc8 UP",
      "predictions": [
        66856.61,
        66907.1,
        66916.17,
        66917.82,
        66960.55,
        66993.69,
        67027.11,
        67063.07,
        67097.78,
        67130.07,
        67162.57,
        67194.61,
        67226.16,
        67257.48,
        67288.56,
        67319.27,
        67349.67,
        67379.75,
        67409.49,
        67438.91,
        67468.01,
        67496.81,
        67525.29,
        67553.47
      ],
      "metrics": {
        "MAE": 233.421461,
        "RMSE": 318.635097,
        "MAPE": 0.3471,
        "R2": 0.8317
      }
    },
    "ETH_USD": {
      "current": 2059.05,
      "next_1h": 2061.18,
      "next_24h": 2076.22,
      "change_pct": 0.103,
      "trend": "\ud83d\udcc8 UP",
      "predictions": [
        2061.18,
        2062.64,
        2063.08,
        2063.84,
        2064.59,
        2065.29,
        2065.99,
        2066.68,
        2067.36,
        2068.02,
        2068.67,
        2069.32,
        2069.95,
        2070.57,
        2071.18,
        2071.78,
        2072.37,
        2072.95,
        2073.52,
        2074.08,
        2074.63,
        2075.17,
        2075.7,
        2076.22
      ],
      "metrics": {
        "MAE": 9.581887,
        "RMSE": 13.072993,
        "MAPE": 0.4647,
        "R2": 0.9254
      }
    },
    "BNB_USD": {
      "current": 573.4,
      "next_1h": 574.78,
      "next_24h": 598.54,
      "change_pct": 0.241,
      "trend": "\ud83d\udcc8 UP",
      "predictions": [
        574.78,
        576.49,
        577.69,
        578.85,
        580.17,
        581.28,
        582.36,
        583.45,
        584.52,
        585.57,
        586.6,
        587.62,
        588.62,
        589.6,
        590.56,
        591.51,
        592.44,
        593.36,
        594.26,
        595.15,
        596.02,
        596.87,
        597.71,
        598.54
      ],
      "metrics": {
        "MAE": 2.04029,
        "RMSE": 2.775478,
        "MAPE": 0.337,
        "R2": 0.9242
      }
    }
  }
}