{
  "generated_at": "2026-07-20 16:17:11",
  "exchange_rates": {
    "USD_TZS": {
      "current": 2628.4738,
      "next_1h": 2628.1616,
      "next_24h": 2622.8045,
      "change_pct": -0.012,
      "trend": "\ud83d\udcc9 DOWN",
      "predictions": [
        2628.1616,
        2627.8556,
        2627.5556,
        2627.2615,
        2626.9733,
        2626.6907,
        2626.4163,
        2626.1499,
        2625.8911,
        2625.6399,
        2625.396,
        2625.1593,
        2624.9294,
        2624.7063,
        2624.4897,
        2624.2795,
        2624.0754,
        2623.8773,
        2623.685,
        2623.4983,
        2623.317,
        2623.1411,
        2622.9703,
        2622.8045
      ],
      "metrics": {
        "MAE": 0.543265,
        "RMSE": 2.082276,
        "MAPE": 0.0208,
        "R2": 0.9553
      }
    },
    "USD_KES": {
      "current": 129.2866,
      "next_1h": 129.2874,
      "next_24h": 129.3038,
      "change_pct": 0.001,
      "trend": "\ud83d\udcc8 UP",
      "predictions": [
        129.2874,
        129.2881,
        129.2889,
        129.2897,
        129.2904,
        129.2912,
        129.292,
        129.2927,
        129.2935,
        129.2942,
        129.2949,
        129.2956,
        129.2963,
        129.2971,
        129.2978,
        129.2984,
        129.2991,
        129.2998,
        129.3005,
        129.3012,
        129.3018,
        129.3025,
        129.3031,
        129.3038
      ],
      "metrics": {
        "MAE": 0.002751,
        "RMSE": 0.012206,
        "MAPE": 0.0021,
        "R2": 0.9631
      }
    },
    "USD_UGX": {
      "current": 3691.0959,
      "next_1h": 3691.035,
      "next_24h": 3689.6827,
      "change_pct": -0.002,
      "trend": "\ud83d\udcc9 DOWN",
      "predictions": [
        3691.035,
        3690.9743,
        3690.9136,
        3690.8532,
        3690.7928,
        3690.7325,
        3690.6725,
        3690.6127,
        3690.5531,
        3690.4936,
        3690.4344,
        3690.3754,
        3690.3166,
        3690.258,
        3690.1996,
        3690.1413,
        3690.0833,
        3690.0255,
        3689.9679,
        3689.9105,
        3689.8532,
        3689.7962,
        3689.7394,
        3689.6827
      ],
      "metrics": {
        "MAE": 0.400212,
        "RMSE": 2.350814,
        "MAPE": 0.0109,
        "R2": 0.9574
      }
    },
    "USD_EUR": {
      "current": 0.875,
      "next_1h": 0.875,
      "next_24h": 0.8751,
      "change_pct": 0.001,
      "trend": "\ud83d\udcc8 UP",
      "predictions": [
        0.875,
        0.875,
        0.875,
        0.875,
        0.875,
        0.875,
        0.875,
        0.8751,
        0.8751,
        0.8751,
        0.8751,
        0.8751,
        0.8751,
        0.8751,
        0.8751,
        0.8751,
        0.8751,
        0.8751,
        0.8751,
        0.8751,
        0.8751,
        0.8751,
        0.8751,
        0.8751
      ],
      "metrics": {
        "MAE": 4e-05,
        "RMSE": 0.000233,
        "MAPE": 0.0046,
        "R2": 0.9682
      }
    }
  },
  "crypto": {
    "BTC_USD": {
      "current": 65498.0,
      "next_1h": 65438.36,
      "next_24h": 65120.61,
      "change_pct": -0.091,
      "trend": "\ud83d\udcc9 DOWN",
      "predictions": [
        65438.36,
        65387.9,
        65372.87,
        65375.59,
        65381.96,
        65364.39,
        65347.27,
        65333.09,
        65320.38,
        65307.34,
        65293.36,
        65279.5,
        65265.89,
        65252.43,
        65238.98,
        65225.56,
        65212.21,
        65198.93,
        65185.72,
        65172.57,
        65159.49,
        65146.46,
        65133.5,
        65120.61
      ],
      "metrics": {
        "MAE": 99.973094,
        "RMSE": 149.927233,
        "MAPE": 0.1555,
        "R2": 0.9271
      }
    },
    "ETH_USD": {
      "current": 1898.23,
      "next_1h": 1897.26,
      "next_24h": 1877.96,
      "change_pct": -0.051,
      "trend": "\ud83d\udcc9 DOWN",
      "predictions": [
        1897.26,
        1895.88,
        1894.85,
        1894.18,
        1893.2,
        1892.35,
        1891.52,
        1890.69,
        1889.86,
        1889.04,
        1888.22,
        1887.41,
        1886.6,
        1885.79,
        1884.99,
        1884.19,
        1883.4,
        1882.61,
        1881.82,
        1881.04,
        1880.26,
        1879.49,
        1878.72,
        1877.96
      ],
      "metrics": {
        "MAE": 4.181042,
        "RMSE": 6.200127,
        "MAPE": 0.2233,
        "R2": 0.9483
      }
    },
    "BNB_USD": {
      "current": 573.97,
      "next_1h": 574.03,
      "next_24h": 574.62,
      "change_pct": 0.01,
      "trend": "\ud83d\udcc8 UP",
      "predictions": [
        574.03,
        574.09,
        574.12,
        574.21,
        574.21,
        574.23,
        574.25,
        574.28,
        574.3,
        574.32,
        574.34,
        574.36,
        574.39,
        574.41,
        574.43,
        574.45,
        574.47,
        574.49,
        574.51,
        574.54,
        574.56,
        574.58,
        574.6,
        574.62
      ],
      "metrics": {
        "MAE": 0.814103,
        "RMSE": 1.137196,
        "MAPE": 0.1424,
        "R2": 0.9617
      }
    }
  }
}