{
  "generated_at": "2026-07-24 06:17:12",
  "exchange_rates": {
    "USD_TZS": {
      "current": 2631.1729,
      "next_1h": 2630.7527,
      "next_24h": 2623.5732,
      "change_pct": -0.016,
      "trend": "\ud83d\udcc9 DOWN",
      "predictions": [
        2630.7527,
        2630.3405,
        2629.9363,
        2629.5398,
        2629.151,
        2628.7696,
        2628.3996,
        2628.0406,
        2627.6924,
        2627.3547,
        2627.0271,
        2626.7096,
        2626.4016,
        2626.103,
        2625.8135,
        2625.5328,
        2625.2606,
        2624.9967,
        2624.7408,
        2624.4927,
        2624.2521,
        2624.0188,
        2623.7926,
        2623.5732
      ],
      "metrics": {
        "MAE": 0.449524,
        "RMSE": 1.156162,
        "MAPE": 0.0171,
        "R2": 0.9805
      }
    },
    "USD_KES": {
      "current": 129.4349,
      "next_1h": 129.4343,
      "next_24h": 129.4212,
      "change_pct": 0.0,
      "trend": "\ud83d\udcc9 DOWN",
      "predictions": [
        129.4343,
        129.4337,
        129.4331,
        129.4325,
        129.4318,
        129.4312,
        129.4306,
        129.43,
        129.4294,
        129.4288,
        129.4283,
        129.4277,
        129.4271,
        129.4265,
        129.426,
        129.4254,
        129.4249,
        129.4243,
        129.4238,
        129.4233,
        129.4227,
        129.4222,
        129.4217,
        129.4212
      ],
      "metrics": {
        "MAE": 0.002968,
        "RMSE": 0.014519,
        "MAPE": 0.0023,
        "R2": 0.8826
      }
    },
    "USD_UGX": {
      "current": 3707.508,
      "next_1h": 3707.3881,
      "next_24h": 3704.7236,
      "change_pct": -0.003,
      "trend": "\ud83d\udcc9 DOWN",
      "predictions": [
        3707.3881,
        3707.2685,
        3707.1491,
        3707.0299,
        3706.911,
        3706.7924,
        3706.6742,
        3706.5563,
        3706.4389,
        3706.3218,
        3706.2052,
        3706.0889,
        3705.973,
        3705.8575,
        3705.7424,
        3705.6277,
        3705.5134,
        3705.3994,
        3705.2858,
        3705.1726,
        3705.0598,
        3704.9474,
        3704.8353,
        3704.7236
      ],
      "metrics": {
        "MAE": 0.513074,
        "RMSE": 2.629698,
        "MAPE": 0.0139,
        "R2": 0.9615
      }
    },
    "USD_EUR": {
      "current": 0.8782,
      "next_1h": 0.8782,
      "next_24h": 0.8783,
      "change_pct": 0.0,
      "trend": "\ud83d\udcc9 DOWN",
      "predictions": [
        0.8782,
        0.8782,
        0.8782,
        0.8782,
        0.8782,
        0.8782,
        0.8782,
        0.8782,
        0.8782,
        0.8782,
        0.8782,
        0.8782,
        0.8782,
        0.8782,
        0.8782,
        0.8782,
        0.8782,
        0.8783,
        0.8783,
        0.8783,
        0.8783,
        0.8783,
        0.8783,
        0.8783
      ],
      "metrics": {
        "MAE": 4.9e-05,
        "RMSE": 0.00025,
        "MAPE": 0.0056,
        "R2": 0.9596
      }
    }
  },
  "crypto": {
    "BTC_USD": {
      "current": 65288.0,
      "next_1h": 65279.0,
      "next_24h": 64989.99,
      "change_pct": -0.014,
      "trend": "\ud83d\udcc9 DOWN",
      "predictions": [
        65279.0,
        65261.17,
        65246.39,
        65232.08,
        65222.32,
        65209.74,
        65196.68,
        65183.86,
        65171.29,
        65158.91,
        65146.46,
        65134.04,
        65121.7,
        65109.43,
        65097.23,
        65085.08,
        65072.98,
        65060.95,
        65048.98,
        65037.06,
        65025.21,
        65013.41,
        65001.67,
        64989.99
      ],
      "metrics": {
        "MAE": 90.216314,
        "RMSE": 127.004853,
        "MAPE": 0.1383,
        "R2": 0.9753
      }
    },
    "ETH_USD": {
      "current": 1879.88,
      "next_1h": 1879.07,
      "next_24h": 1863.97,
      "change_pct": -0.043,
      "trend": "\ud83d\udcc9 DOWN",
      "predictions": [
        1879.07,
        1878.33,
        1877.62,
        1876.95,
        1876.26,
        1875.58,
        1874.91,
        1874.24,
        1873.57,
        1872.91,
        1872.25,
        1871.59,
        1870.94,
        1870.29,
        1869.64,
        1869.0,
        1868.36,
        1867.72,
        1867.09,
        1866.46,
        1865.83,
        1865.21,
        1864.59,
        1863.97
      ],
      "metrics": {
        "MAE": 3.5377,
        "RMSE": 4.972797,
        "MAPE": 0.1865,
        "R2": 0.9775
      }
    },
    "BNB_USD": {
      "current": 567.68,
      "next_1h": 567.71,
      "next_24h": 568.52,
      "change_pct": 0.005,
      "trend": "\ud83d\udcc8 UP",
      "predictions": [
        567.71,
        567.73,
        567.76,
        567.82,
        567.85,
        567.89,
        567.92,
        567.96,
        568.0,
        568.03,
        568.07,
        568.1,
        568.14,
        568.17,
        568.21,
        568.24,
        568.28,
        568.31,
        568.35,
        568.38,
        568.42,
        568.45,
        568.48,
        568.52
      ],
      "metrics": {
        "MAE": 0.648211,
        "RMSE": 0.865595,
        "MAPE": 0.1137,
        "R2": 0.9063
      }
    }
  }
}