{
  "generated_at": "2026-03-26 17:00:21",
  "exchange_rates": {
    "USD_TZS": {
      "current": 2569.1397,
      "next_1h": 2569.4813,
      "next_24h": 2575.698,
      "change_pct": 0.013,
      "trend": "\ud83d\udcc8 UP",
      "predictions": [
        2569.4813,
        2569.8131,
        2570.141,
        2570.4625,
        2570.783,
        2571.0977,
        2571.4055,
        2571.7064,
        2572.0006,
        2572.2883,
        2572.5695,
        2572.8444,
        2573.1131,
        2573.3757,
        2573.6325,
        2573.8834,
        2574.1287,
        2574.3685,
        2574.6029,
        2574.832,
        2575.056,
        2575.2749,
        2575.4889,
        2575.698
      ],
      "metrics": {
        "MAE": 0.42778,
        "RMSE": 1.430993,
        "MAPE": 0.0166,
        "R2": 0.9612
      }
    },
    "USD_KES": {
      "current": 129.6529,
      "next_1h": 129.6401,
      "next_24h": 129.4575,
      "change_pct": -0.01,
      "trend": "\ud83d\udcc9 DOWN",
      "predictions": [
        129.6401,
        129.6258,
        129.6135,
        129.6026,
        129.5926,
        129.5833,
        129.5743,
        129.5655,
        129.5568,
        129.5484,
        129.5404,
        129.5326,
        129.525,
        129.5178,
        129.5108,
        129.504,
        129.4975,
        129.4911,
        129.485,
        129.4791,
        129.4734,
        129.4679,
        129.4626,
        129.4575
      ],
      "metrics": {
        "MAE": 0.020812,
        "RMSE": 0.05659,
        "MAPE": 0.0161,
        "R2": 0.9233
      }
    },
    "USD_UGX": {
      "current": 3725.4836,
      "next_1h": 3725.8324,
      "next_24h": 3733.0263,
      "change_pct": 0.009,
      "trend": "\ud83d\udcc8 UP",
      "predictions": [
        3725.8324,
        3726.1753,
        3726.5119,
        3726.8452,
        3727.1725,
        3727.494,
        3727.8142,
        3728.1329,
        3728.4501,
        3728.7659,
        3729.0802,
        3729.3928,
        3729.704,
        3730.0136,
        3730.3216,
        3730.6282,
        3730.9332,
        3731.2367,
        3731.5386,
        3731.8391,
        3732.1381,
        3732.4357,
        3732.7317,
        3733.0263
      ],
      "metrics": {
        "MAE": 0.858878,
        "RMSE": 4.449188,
        "MAPE": 0.0229,
        "R2": 0.9511
      }
    },
    "USD_EUR": {
      "current": 0.8638,
      "next_1h": 0.8639,
      "next_24h": 0.8652,
      "change_pct": 0.009,
      "trend": "\ud83d\udcc8 UP",
      "predictions": [
        0.8639,
        0.864,
        0.864,
        0.8641,
        0.8642,
        0.8642,
        0.8643,
        0.8644,
        0.8644,
        0.8645,
        0.8645,
        0.8646,
        0.8647,
        0.8647,
        0.8648,
        0.8648,
        0.8649,
        0.8649,
        0.865,
        0.865,
        0.8651,
        0.8651,
        0.8652,
        0.8652
      ],
      "metrics": {
        "MAE": 0.000132,
        "RMSE": 0.000338,
        "MAPE": 0.0153,
        "R2": 0.9262
      }
    }
  },
  "crypto": {
    "BTC_USD": {
      "current": 68885.0,
      "next_1h": 68932.53,
      "next_24h": 69544.07,
      "change_pct": 0.069,
      "trend": "\ud83d\udcc8 UP",
      "predictions": [
        68932.53,
        68981.09,
        69029.72,
        69070.09,
        69098.85,
        69123.48,
        69148.43,
        69173.69,
        69199.17,
        69224.57,
        69249.63,
        69274.27,
        69298.54,
        69322.45,
        69346.03,
        69369.28,
        69392.21,
        69414.83,
        69437.13,
        69459.12,
        69480.8,
        69502.19,
        69523.27,
        69544.07
      ],
      "metrics": {
        "MAE": 276.933284,
        "RMSE": 398.120127,
        "MAPE": 0.3963,
        "R2": 0.8741
      }
    },
    "ETH_USD": {
      "current": 2059.71,
      "next_1h": 2060.92,
      "next_24h": 2083.07,
      "change_pct": 0.059,
      "trend": "\ud83d\udcc8 UP",
      "predictions": [
        2060.92,
        2061.53,
        2062.21,
        2062.95,
        2063.83,
        2064.99,
        2066.12,
        2067.24,
        2068.36,
        2069.47,
        2070.57,
        2071.64,
        2072.7,
        2073.74,
        2074.75,
        2075.75,
        2076.73,
        2077.69,
        2078.63,
        2079.55,
        2080.46,
        2081.34,
        2082.21,
        2083.07
      ],
      "metrics": {
        "MAE": 9.689791,
        "RMSE": 16.169675,
        "MAPE": 0.457,
        "R2": 0.8734
      }
    },
    "BNB_USD": {
      "current": 626.74,
      "next_1h": 627.45,
      "next_24h": 637.52,
      "change_pct": 0.113,
      "trend": "\ud83d\udcc8 UP",
      "predictions": [
        627.45,
        628.01,
        628.56,
        629.1,
        629.61,
        630.11,
        630.6,
        631.08,
        631.55,
        632.01,
        632.46,
        632.9,
        633.34,
        633.76,
        634.17,
        634.58,
        634.97,
        635.36,
        635.74,
        636.11,
        636.47,
        636.83,
        637.18,
        637.52
      ],
      "metrics": {
        "MAE": 2.059642,
        "RMSE": 2.99824,
        "MAPE": 0.3242,
        "R2": 0.8348
      }
    }
  }
}