{
  "generated_at": "2026-03-24 09:00:21",
  "exchange_rates": {
    "USD_TZS": {
      "current": 2581.1454,
      "next_1h": 2581.2354,
      "next_24h": 2582.8875,
      "change_pct": 0.003,
      "trend": "\ud83d\udcc8 UP",
      "predictions": [
        2581.2354,
        2581.3228,
        2581.4092,
        2581.494,
        2581.5786,
        2581.6617,
        2581.7431,
        2581.8227,
        2581.9007,
        2581.9769,
        2582.0516,
        2582.1246,
        2582.1961,
        2582.266,
        2582.3344,
        2582.4013,
        2582.4668,
        2582.5309,
        2582.5936,
        2582.655,
        2582.715,
        2582.7738,
        2582.8312,
        2582.8875
      ],
      "metrics": {
        "MAE": 0.326484,
        "RMSE": 1.283064,
        "MAPE": 0.0126,
        "R2": 0.8501
      }
    },
    "USD_KES": {
      "current": 129.5996,
      "next_1h": 129.5866,
      "next_24h": 129.4087,
      "change_pct": -0.01,
      "trend": "\ud83d\udcc9 DOWN",
      "predictions": [
        129.5866,
        129.572,
        129.5595,
        129.5485,
        129.5383,
        129.529,
        129.52,
        129.5112,
        129.5027,
        129.4945,
        129.4866,
        129.479,
        129.4718,
        129.4648,
        129.4581,
        129.4517,
        129.4456,
        129.4396,
        129.434,
        129.4285,
        129.4233,
        129.4182,
        129.4134,
        129.4087
      ],
      "metrics": {
        "MAE": 0.019657,
        "RMSE": 0.059469,
        "MAPE": 0.0152,
        "R2": 0.8581
      }
    },
    "USD_UGX": {
      "current": 3780.9511,
      "next_1h": 3781.0156,
      "next_24h": 3782.347,
      "change_pct": 0.002,
      "trend": "\ud83d\udcc8 UP",
      "predictions": [
        3781.0156,
        3781.079,
        3781.1413,
        3781.2029,
        3781.2635,
        3781.3229,
        3781.3822,
        3781.4411,
        3781.4998,
        3781.5583,
        3781.6164,
        3781.6743,
        3781.7319,
        3781.7892,
        3781.8462,
        3781.9029,
        3781.9594,
        3782.0156,
        3782.0715,
        3782.1271,
        3782.1825,
        3782.2376,
        3782.2925,
        3782.347
      ],
      "metrics": {
        "MAE": 0.196748,
        "RMSE": 0.660812,
        "MAPE": 0.0052,
        "R2": 0.7957
      }
    },
    "USD_EUR": {
      "current": 0.8624,
      "next_1h": 0.8625,
      "next_24h": 0.8645,
      "change_pct": 0.013,
      "trend": "\ud83d\udcc8 UP",
      "predictions": [
        0.8625,
        0.8626,
        0.8627,
        0.8628,
        0.8629,
        0.863,
        0.8631,
        0.8632,
        0.8633,
        0.8634,
        0.8634,
        0.8635,
        0.8636,
        0.8637,
        0.8638,
        0.8639,
        0.8639,
        0.864,
        0.8641,
        0.8642,
        0.8643,
        0.8643,
        0.8644,
        0.8645
      ],
      "metrics": {
        "MAE": 0.000115,
        "RMSE": 0.000337,
        "MAPE": 0.0133,
        "R2": 0.8821
      }
    }
  },
  "crypto": {
    "BTC_USD": {
      "current": 71286.0,
      "next_1h": 71239.04,
      "next_24h": 71233.64,
      "change_pct": -0.066,
      "trend": "\ud83d\udcc9 DOWN",
      "predictions": [
        71239.04,
        71220.64,
        71203.46,
        71189.3,
        71172.48,
        71179.56,
        71184.56,
        71188.9,
        71192.61,
        71195.89,
        71198.69,
        71201.55,
        71204.41,
        71207.26,
        71210.08,
        71212.86,
        71215.6,
        71218.29,
        71220.95,
        71223.56,
        71226.14,
        71228.67,
        71231.17,
        71233.64
      ],
      "metrics": {
        "MAE": 260.196087,
        "RMSE": 408.237891,
        "MAPE": 0.3741,
        "R2": 0.8617
      }
    },
    "ETH_USD": {
      "current": 2166.05,
      "next_1h": 2164.77,
      "next_24h": 2156.93,
      "change_pct": -0.059,
      "trend": "\ud83d\udcc9 DOWN",
      "predictions": [
        2164.77,
        2165.53,
        2165.93,
        2166.52,
        2167.11,
        2166.55,
        2166.09,
        2165.58,
        2165.04,
        2164.47,
        2163.88,
        2163.29,
        2162.71,
        2162.14,
        2161.57,
        2161.01,
        2160.47,
        2159.93,
        2159.41,
        2158.89,
        2158.39,
        2157.89,
        2157.41,
        2156.93
      ],
      "metrics": {
        "MAE": 9.967561,
        "RMSE": 17.495297,
        "MAPE": 0.472,
        "R2": 0.831
      }
    },
    "BNB_USD": {
      "current": 637.64,
      "next_1h": 637.68,
      "next_24h": 645.02,
      "change_pct": 0.007,
      "trend": "\ud83d\udcc8 UP",
      "predictions": [
        637.68,
        637.75,
        638.33,
        638.68,
        639.06,
        639.45,
        639.82,
        640.19,
        640.55,
        640.89,
        641.23,
        641.57,
        641.89,
        642.21,
        642.52,
        642.83,
        643.12,
        643.41,
        643.7,
        643.97,
        644.25,
        644.51,
        644.77,
        645.02
      ],
      "metrics": {
        "MAE": 1.909487,
        "RMSE": 3.102711,
        "MAPE": 0.3013,
        "R2": 0.7771
      }
    }
  }
}