{
  "generated_at": "2026-06-12 15:13:32",
  "exchange_rates": {
    "USD_TZS": {
      "current": 2614.9186,
      "next_1h": 2614.6129,
      "next_24h": 2608.93,
      "change_pct": -0.012,
      "trend": "\ud83d\udcc9 DOWN",
      "predictions": [
        2614.6129,
        2614.3103,
        2614.0109,
        2613.7145,
        2613.4213,
        2613.1311,
        2612.8475,
        2612.5705,
        2612.2999,
        2612.0356,
        2611.7775,
        2611.5256,
        2611.2796,
        2611.0394,
        2610.805,
        2610.5761,
        2610.3526,
        2610.1345,
        2609.9215,
        2609.7136,
        2609.5106,
        2609.3124,
        2609.1189,
        2608.93
      ],
      "metrics": {
        "MAE": 0.486501,
        "RMSE": 0.831895,
        "MAPE": 0.0186,
        "R2": 0.8461
      }
    },
    "USD_KES": {
      "current": 129.3842,
      "next_1h": 129.3842,
      "next_24h": 129.3848,
      "change_pct": 0.0,
      "trend": "\ud83d\udcc9 DOWN",
      "predictions": [
        129.3842,
        129.3843,
        129.3843,
        129.3843,
        129.3843,
        129.3844,
        129.3844,
        129.3844,
        129.3844,
        129.3845,
        129.3845,
        129.3845,
        129.3845,
        129.3846,
        129.3846,
        129.3846,
        129.3846,
        129.3847,
        129.3847,
        129.3847,
        129.3847,
        129.3848,
        129.3848,
        129.3848
      ],
      "metrics": {
        "MAE": 0.003418,
        "RMSE": 0.014877,
        "MAPE": 0.0026,
        "R2": 0.9395
      }
    },
    "USD_UGX": {
      "current": 3741.39,
      "next_1h": 3741.3679,
      "next_24h": 3740.9452,
      "change_pct": -0.001,
      "trend": "\ud83d\udcc9 DOWN",
      "predictions": [
        3741.3679,
        3741.346,
        3741.3244,
        3741.303,
        3741.2818,
        3741.2608,
        3741.2402,
        3741.22,
        3741.2002,
        3741.1808,
        3741.1618,
        3741.1431,
        3741.1248,
        3741.1068,
        3741.0892,
        3741.0719,
        3741.055,
        3741.0383,
        3741.0221,
        3741.0061,
        3740.9904,
        3740.975,
        3740.96,
        3740.9452
      ],
      "metrics": {
        "MAE": 0.457329,
        "RMSE": 2.041318,
        "MAPE": 0.0122,
        "R2": 0.8726
      }
    },
    "USD_EUR": {
      "current": 0.8657,
      "next_1h": 0.8657,
      "next_24h": 0.8652,
      "change_pct": -0.003,
      "trend": "\ud83d\udcc9 DOWN",
      "predictions": [
        0.8657,
        0.8657,
        0.8657,
        0.8656,
        0.8656,
        0.8656,
        0.8656,
        0.8656,
        0.8655,
        0.8655,
        0.8655,
        0.8655,
        0.8655,
        0.8654,
        0.8654,
        0.8654,
        0.8654,
        0.8653,
        0.8653,
        0.8653,
        0.8653,
        0.8653,
        0.8652,
        0.8652
      ],
      "metrics": {
        "MAE": 0.000113,
        "RMSE": 0.000508,
        "MAPE": 0.0131,
        "R2": 0.9597
      }
    }
  },
  "crypto": {
    "BTC_USD": {
      "current": 64181.0,
      "next_1h": 64012.99,
      "next_24h": 61184.86,
      "change_pct": -0.262,
      "trend": "\ud83d\udcc9 DOWN",
      "predictions": [
        64012.99,
        63853.53,
        63801.8,
        63669.19,
        63569.43,
        63453.77,
        63331.61,
        63214.68,
        63093.94,
        62972.76,
        62850.9,
        62727.84,
        62604.12,
        62479.49,
        62353.98,
        62227.63,
        62100.4,
        61972.29,
        61843.29,
        61713.41,
        61582.63,
        61450.95,
        61318.36,
        61184.86
      ],
      "metrics": {
        "MAE": 376.371052,
        "RMSE": 499.862104,
        "MAPE": 0.603,
        "R2": 0.8778
      }
    },
    "ETH_USD": {
      "current": 1686.18,
      "next_1h": 1682.65,
      "next_24h": 1637.11,
      "change_pct": -0.21,
      "trend": "\ud83d\udcc9 DOWN",
      "predictions": [
        1682.65,
        1679.66,
        1678.69,
        1675.92,
        1674.19,
        1672.35,
        1670.37,
        1668.48,
        1666.54,
        1664.61,
        1662.68,
        1660.73,
        1658.79,
        1656.84,
        1654.89,
        1652.93,
        1650.97,
        1649.0,
        1647.03,
        1645.06,
        1643.08,
        1641.09,
        1639.11,
        1637.11
      ],
      "metrics": {
        "MAE": 12.869781,
        "RMSE": 17.48158,
        "MAPE": 0.7755,
        "R2": 0.9478
      }
    },
    "BNB_USD": {
      "current": 610.79,
      "next_1h": 612.05,
      "next_24h": 626.9,
      "change_pct": 0.206,
      "trend": "\ud83d\udcc8 UP",
      "predictions": [
        612.05,
        612.69,
        613.59,
        614.65,
        615.45,
        616.15,
        616.88,
        617.58,
        618.25,
        618.91,
        619.55,
        620.18,
        620.8,
        621.4,
        622.0,
        622.58,
        623.16,
        623.72,
        624.27,
        624.82,
        625.35,
        625.88,
        626.39,
        626.9
      ],
      "metrics": {
        "MAE": 3.467176,
        "RMSE": 4.617966,
        "MAPE": 0.5839,
        "R2": 0.906
      }
    }
  }
}