{
  "generated_at": "2026-06-13 09:14:39",
  "exchange_rates": {
    "USD_TZS": {
      "current": 2612.035,
      "next_1h": 2611.757,
      "next_24h": 2607.2165,
      "change_pct": -0.011,
      "trend": "\ud83d\udcc9 DOWN",
      "predictions": [
        2611.757,
        2611.5153,
        2611.2761,
        2611.0394,
        2610.8052,
        2610.5735,
        2610.3473,
        2610.1263,
        2609.9104,
        2609.6995,
        2609.4935,
        2609.2923,
        2609.0959,
        2608.904,
        2608.7167,
        2608.5337,
        2608.3551,
        2608.1806,
        2608.0102,
        2607.8438,
        2607.6814,
        2607.5227,
        2607.3678,
        2607.2165
      ],
      "metrics": {
        "MAE": 0.494465,
        "RMSE": 0.855669,
        "MAPE": 0.0189,
        "R2": 0.8772
      }
    },
    "USD_KES": {
      "current": 129.4122,
      "next_1h": 129.412,
      "next_24h": 129.4069,
      "change_pct": 0.0,
      "trend": "\ud83d\udcc9 DOWN",
      "predictions": [
        129.412,
        129.4118,
        129.4116,
        129.4113,
        129.4111,
        129.4109,
        129.4106,
        129.4104,
        129.4102,
        129.41,
        129.4097,
        129.4095,
        129.4093,
        129.4091,
        129.4088,
        129.4086,
        129.4084,
        129.4082,
        129.408,
        129.4078,
        129.4076,
        129.4073,
        129.4071,
        129.4069
      ],
      "metrics": {
        "MAE": 0.003275,
        "RMSE": 0.014664,
        "MAPE": 0.0025,
        "R2": 0.9381
      }
    },
    "USD_UGX": {
      "current": 3724.1517,
      "next_1h": 3724.2826,
      "next_24h": 3729.6909,
      "change_pct": 0.004,
      "trend": "\ud83d\udcc8 UP",
      "predictions": [
        3724.2826,
        3724.5593,
        3724.8334,
        3725.1049,
        3725.3739,
        3725.6403,
        3725.9031,
        3726.1611,
        3726.4143,
        3726.6628,
        3726.9067,
        3727.1461,
        3727.3809,
        3727.6114,
        3727.8375,
        3728.0594,
        3728.2771,
        3728.4907,
        3728.7003,
        3728.906,
        3729.1078,
        3729.3059,
        3729.5002,
        3729.6909
      ],
      "metrics": {
        "MAE": 0.546816,
        "RMSE": 2.478564,
        "MAPE": 0.0146,
        "R2": 0.8484
      }
    },
    "USD_EUR": {
      "current": 0.8644,
      "next_1h": 0.8644,
      "next_24h": 0.8642,
      "change_pct": -0.001,
      "trend": "\ud83d\udcc9 DOWN",
      "predictions": [
        0.8644,
        0.8644,
        0.8644,
        0.8643,
        0.8643,
        0.8643,
        0.8643,
        0.8643,
        0.8643,
        0.8643,
        0.8643,
        0.8643,
        0.8643,
        0.8643,
        0.8642,
        0.8642,
        0.8642,
        0.8642,
        0.8642,
        0.8642,
        0.8642,
        0.8642,
        0.8642,
        0.8642
      ],
      "metrics": {
        "MAE": 0.000105,
        "RMSE": 0.000498,
        "MAPE": 0.0121,
        "R2": 0.9467
      }
    }
  },
  "crypto": {
    "BTC_USD": {
      "current": 63778.0,
      "next_1h": 63582.58,
      "next_24h": 59245.54,
      "change_pct": -0.306,
      "trend": "\ud83d\udcc9 DOWN",
      "predictions": [
        63582.58,
        63427.0,
        63266.77,
        63095.38,
        62924.13,
        62747.62,
        62569.56,
        62389.98,
        62208.15,
        62024.54,
        61839.0,
        61651.54,
        61462.15,
        61270.81,
        61077.5,
        60882.19,
        60684.87,
        60485.52,
        60284.12,
        60080.64,
        59875.06,
        59667.37,
        59457.53,
        59245.54
      ],
      "metrics": {
        "MAE": 373.514772,
        "RMSE": 488.636763,
        "MAPE": 0.5999,
        "R2": 0.7994
      }
    },
    "ETH_USD": {
      "current": 1674.16,
      "next_1h": 1670.23,
      "next_24h": 1601.13,
      "change_pct": -0.235,
      "trend": "\ud83d\udcc9 DOWN",
      "predictions": [
        1670.23,
        1667.47,
        1664.28,
        1661.08,
        1658.26,
        1655.36,
        1652.44,
        1649.53,
        1646.59,
        1643.64,
        1640.68,
        1637.7,
        1634.72,
        1631.72,
        1628.71,
        1625.7,
        1622.67,
        1619.62,
        1616.57,
        1613.51,
        1610.43,
        1607.34,
        1604.24,
        1601.13
      ],
      "metrics": {
        "MAE": 12.045898,
        "RMSE": 16.830803,
        "MAPE": 0.733,
        "R2": 0.9113
      }
    },
    "BNB_USD": {
      "current": 603.38,
      "next_1h": 603.71,
      "next_24h": 620.09,
      "change_pct": 0.054,
      "trend": "\ud83d\udcc8 UP",
      "predictions": [
        603.71,
        604.27,
        605.14,
        606.0,
        606.73,
        607.51,
        608.31,
        609.1,
        609.87,
        610.64,
        611.39,
        612.13,
        612.86,
        613.58,
        614.28,
        614.98,
        615.66,
        616.32,
        616.98,
        617.63,
        618.26,
        618.88,
        619.49,
        620.09
      ],
      "metrics": {
        "MAE": 3.245542,
        "RMSE": 4.324309,
        "MAPE": 0.5491,
        "R2": 0.8546
      }
    }
  }
}