{
  "generated_at": "2026-07-07 01:13:06",
  "exchange_rates": {
    "USD_TZS": {
      "current": 2625.9403,
      "next_1h": 2625.5701,
      "next_24h": 2619.4457,
      "change_pct": -0.014,
      "trend": "\ud83d\udcc9 DOWN",
      "predictions": [
        2625.5701,
        2625.2084,
        2624.855,
        2624.5098,
        2624.1725,
        2623.843,
        2623.5241,
        2623.2155,
        2622.9168,
        2622.6279,
        2622.3483,
        2622.0779,
        2621.8164,
        2621.5633,
        2621.3185,
        2621.0818,
        2620.8527,
        2620.6311,
        2620.4168,
        2620.2095,
        2620.0089,
        2619.8149,
        2619.6272,
        2619.4457
      ],
      "metrics": {
        "MAE": 0.743104,
        "RMSE": 2.753084,
        "MAPE": 0.0284,
        "R2": 0.8906
      }
    },
    "USD_KES": {
      "current": 129.206,
      "next_1h": 129.21,
      "next_24h": 129.2879,
      "change_pct": 0.003,
      "trend": "\ud83d\udcc8 UP",
      "predictions": [
        129.21,
        129.2139,
        129.2178,
        129.2217,
        129.2256,
        129.2294,
        129.2332,
        129.2369,
        129.2405,
        129.2441,
        129.2476,
        129.251,
        129.2544,
        129.2577,
        129.261,
        129.2642,
        129.2674,
        129.2705,
        129.2735,
        129.2765,
        129.2794,
        129.2823,
        129.2852,
        129.2879
      ],
      "metrics": {
        "MAE": 0.004811,
        "RMSE": 0.018564,
        "MAPE": 0.0037,
        "R2": 0.9796
      }
    },
    "USD_UGX": {
      "current": 3651.2146,
      "next_1h": 3651.3957,
      "next_24h": 3655.3997,
      "change_pct": 0.005,
      "trend": "\ud83d\udcc8 UP",
      "predictions": [
        3651.3957,
        3651.5764,
        3651.7567,
        3651.9366,
        3652.1162,
        3652.2953,
        3652.4737,
        3652.6514,
        3652.8283,
        3653.0046,
        3653.1802,
        3653.3551,
        3653.5292,
        3653.7027,
        3653.8755,
        3654.0476,
        3654.219,
        3654.3897,
        3654.5597,
        3654.729,
        3654.8977,
        3655.0657,
        3655.233,
        3655.3997
      ],
      "metrics": {
        "MAE": 1.005534,
        "RMSE": 3.795202,
        "MAPE": 0.0276,
        "R2": 0.9102
      }
    },
    "USD_EUR": {
      "current": 0.8743,
      "next_1h": 0.8744,
      "next_24h": 0.8757,
      "change_pct": 0.006,
      "trend": "\ud83d\udcc8 UP",
      "predictions": [
        0.8744,
        0.8744,
        0.8745,
        0.8745,
        0.8746,
        0.8747,
        0.8747,
        0.8748,
        0.8748,
        0.8749,
        0.8749,
        0.875,
        0.875,
        0.8751,
        0.8752,
        0.8752,
        0.8753,
        0.8753,
        0.8754,
        0.8754,
        0.8755,
        0.8755,
        0.8756,
        0.8757
      ],
      "metrics": {
        "MAE": 0.000139,
        "RMSE": 0.00042,
        "MAPE": 0.0159,
        "R2": 0.9396
      }
    }
  },
  "crypto": {
    "BTC_USD": {
      "current": 63973.0,
      "next_1h": 63951.55,
      "next_24h": 63532.38,
      "change_pct": -0.034,
      "trend": "\ud83d\udcc9 DOWN",
      "predictions": [
        63951.55,
        63926.62,
        63907.87,
        63891.62,
        63871.97,
        63853.1,
        63834.47,
        63816.27,
        63798.15,
        63779.92,
        63761.78,
        63743.73,
        63725.77,
        63707.87,
        63690.03,
        63672.25,
        63654.54,
        63636.9,
        63619.32,
        63601.8,
        63584.35,
        63566.97,
        63549.64,
        63532.38
      ],
      "metrics": {
        "MAE": 222.757462,
        "RMSE": 341.395544,
        "MAPE": 0.3658,
        "R2": 0.9612
      }
    },
    "ETH_USD": {
      "current": 1794.94,
      "next_1h": 1793.79,
      "next_24h": 1774.02,
      "change_pct": -0.064,
      "trend": "\ud83d\udcc9 DOWN",
      "predictions": [
        1793.79,
        1793.17,
        1792.39,
        1791.33,
        1790.49,
        1789.62,
        1788.71,
        1787.81,
        1786.93,
        1786.05,
        1785.16,
        1784.29,
        1783.41,
        1782.54,
        1781.67,
        1780.81,
        1779.95,
        1779.09,
        1778.24,
        1777.39,
        1776.54,
        1775.7,
        1774.85,
        1774.02
      ],
      "metrics": {
        "MAE": 7.630283,
        "RMSE": 11.504859,
        "MAPE": 0.4579,
        "R2": 0.9846
      }
    },
    "BNB_USD": {
      "current": 584.42,
      "next_1h": 584.33,
      "next_24h": 583.8,
      "change_pct": -0.016,
      "trend": "\ud83d\udcc9 DOWN",
      "predictions": [
        584.33,
        584.29,
        584.26,
        584.2,
        584.19,
        584.17,
        584.15,
        584.12,
        584.1,
        584.08,
        584.06,
        584.04,
        584.02,
        584.0,
        583.98,
        583.96,
        583.94,
        583.92,
        583.9,
        583.88,
        583.86,
        583.84,
        583.82,
        583.8
      ],
      "metrics": {
        "MAE": 1.934252,
        "RMSE": 2.763859,
        "MAPE": 0.3441,
        "R2": 0.9619
      }
    }
  }
}