{
  "generated_at": "2026-06-08 08:03:15",
  "exchange_rates": {
    "USD_TZS": {
      "current": 2622.2511,
      "next_1h": 2621.5289,
      "next_24h": 2607.8105,
      "change_pct": -0.028,
      "trend": "\ud83d\udcc9 DOWN",
      "predictions": [
        2621.5289,
        2620.8188,
        2619.9988,
        2619.1924,
        2618.3995,
        2617.6199,
        2616.8674,
        2616.1416,
        2615.444,
        2614.774,
        2614.1307,
        2613.5136,
        2612.9217,
        2612.3539,
        2611.8093,
        2611.2871,
        2610.7863,
        2610.306,
        2609.8453,
        2609.4036,
        2608.98,
        2608.5737,
        2608.1841,
        2607.8105
      ],
      "metrics": {
        "MAE": 0.80096,
        "RMSE": 0.984356,
        "MAPE": 0.0306,
        "R2": 0.552
      }
    },
    "USD_KES": {
      "current": 129.2606,
      "next_1h": 129.2609,
      "next_24h": 129.2696,
      "change_pct": 0.0,
      "trend": "\ud83d\udcc9 DOWN",
      "predictions": [
        129.2609,
        129.2612,
        129.2616,
        129.262,
        129.2624,
        129.2628,
        129.2632,
        129.2636,
        129.264,
        129.2644,
        129.2648,
        129.2652,
        129.2655,
        129.2659,
        129.2663,
        129.2667,
        129.2671,
        129.2674,
        129.2678,
        129.2682,
        129.2685,
        129.2689,
        129.2693,
        129.2696
      ],
      "metrics": {
        "MAE": 0.002992,
        "RMSE": 0.013684,
        "MAPE": 0.0023,
        "R2": 0.9751
      }
    },
    "USD_UGX": {
      "current": 3742.4484,
      "next_1h": 3742.3865,
      "next_24h": 3741.0141,
      "change_pct": -0.002,
      "trend": "\ud83d\udcc9 DOWN",
      "predictions": [
        3742.3865,
        3742.3257,
        3742.2522,
        3742.1801,
        3742.1094,
        3742.04,
        3741.9721,
        3741.9057,
        3741.8406,
        3741.7769,
        3741.7145,
        3741.6535,
        3741.5937,
        3741.5352,
        3741.4779,
        3741.4219,
        3741.367,
        3741.3133,
        3741.2607,
        3741.2093,
        3741.1589,
        3741.1096,
        3741.0613,
        3741.0141
      ],
      "metrics": {
        "MAE": 0.335289,
        "RMSE": 1.111266,
        "MAPE": 0.009,
        "R2": 0.9454
      }
    },
    "USD_EUR": {
      "current": 0.8671,
      "next_1h": 0.867,
      "next_24h": 0.8661,
      "change_pct": -0.004,
      "trend": "\ud83d\udcc9 DOWN",
      "predictions": [
        0.867,
        0.867,
        0.867,
        0.8669,
        0.8669,
        0.8668,
        0.8668,
        0.8667,
        0.8667,
        0.8667,
        0.8666,
        0.8666,
        0.8665,
        0.8665,
        0.8665,
        0.8664,
        0.8664,
        0.8663,
        0.8663,
        0.8663,
        0.8662,
        0.8662,
        0.8661,
        0.8661
      ],
      "metrics": {
        "MAE": 0.000104,
        "RMSE": 0.000503,
        "MAPE": 0.012,
        "R2": 0.9714
      }
    }
  },
  "crypto": {
    "BTC_USD": {
      "current": 63108.0,
      "next_1h": 63193.48,
      "next_24h": 64165.84,
      "change_pct": 0.135,
      "trend": "\ud83d\udcc8 UP",
      "predictions": [
        63193.48,
        63167.63,
        63246.45,
        63276.78,
        63325.85,
        63374.72,
        63417.79,
        63463.58,
        63508.56,
        63553.31,
        63598.13,
        63642.65,
        63687.06,
        63731.33,
        63775.44,
        63819.4,
        63863.22,
        63906.89,
        63950.41,
        63993.79,
        64037.02,
        64080.11,
        64123.05,
        64165.84
      ],
      "metrics": {
        "MAE": 349.363018,
        "RMSE": 497.166384,
        "MAPE": 0.5407,
        "R2": 0.9907
      }
    },
    "ETH_USD": {
      "current": 1667.96,
      "next_1h": 1669.96,
      "next_24h": 1667.9,
      "change_pct": 0.12,
      "trend": "\ud83d\udcc8 UP",
      "predictions": [
        1669.96,
        1667.85,
        1669.77,
        1669.55,
        1668.88,
        1668.93,
        1668.85,
        1668.75,
        1668.73,
        1668.68,
        1668.62,
        1668.57,
        1668.51,
        1668.45,
        1668.4,
        1668.34,
        1668.29,
        1668.23,
        1668.18,
        1668.12,
        1668.07,
        1668.01,
        1667.96,
        1667.9
      ],
      "metrics": {
        "MAE": 12.453719,
        "RMSE": 17.920088,
        "MAPE": 0.7169,
        "R2": 0.9898
      }
    },
    "BNB_USD": {
      "current": 594.54,
      "next_1h": 596.15,
      "next_24h": 608.33,
      "change_pct": 0.27,
      "trend": "\ud83d\udcc8 UP",
      "predictions": [
        596.15,
        595.93,
        596.34,
        597.21,
        597.81,
        598.36,
        598.98,
        599.59,
        600.18,
        600.77,
        601.35,
        601.92,
        602.49,
        603.05,
        603.6,
        604.15,
        604.69,
        605.23,
        605.76,
        606.28,
        606.8,
        607.32,
        607.82,
        608.33
      ],
      "metrics": {
        "MAE": 4.71055,
        "RMSE": 6.066385,
        "MAPE": 0.7362,
        "R2": 0.9877
      }
    }
  }
}