{
  "generated_at": "2026-07-07 06:43:06",
  "exchange_rates": {
    "USD_TZS": {
      "current": 2622.6358,
      "next_1h": 2622.3726,
      "next_24h": 2618.0108,
      "change_pct": -0.01,
      "trend": "\ud83d\udcc9 DOWN",
      "predictions": [
        2622.3726,
        2622.1153,
        2621.864,
        2621.6185,
        2621.3785,
        2621.1441,
        2620.9172,
        2620.6975,
        2620.485,
        2620.2793,
        2620.0802,
        2619.8876,
        2619.7013,
        2619.521,
        2619.3466,
        2619.1778,
        2619.0145,
        2618.8566,
        2618.7037,
        2618.5558,
        2618.4128,
        2618.2743,
        2618.1404,
        2618.0108
      ],
      "metrics": {
        "MAE": 0.756776,
        "RMSE": 2.754308,
        "MAPE": 0.0289,
        "R2": 0.8897
      }
    },
    "USD_KES": {
      "current": 129.2243,
      "next_1h": 129.2279,
      "next_24h": 129.2997,
      "change_pct": 0.003,
      "trend": "\ud83d\udcc8 UP",
      "predictions": [
        129.2279,
        129.2316,
        129.2352,
        129.2387,
        129.2423,
        129.2458,
        129.2492,
        129.2526,
        129.256,
        129.2593,
        129.2625,
        129.2657,
        129.2688,
        129.2718,
        129.2748,
        129.2778,
        129.2807,
        129.2836,
        129.2864,
        129.2891,
        129.2918,
        129.2945,
        129.2971,
        129.2997
      ],
      "metrics": {
        "MAE": 0.004932,
        "RMSE": 0.018549,
        "MAPE": 0.0038,
        "R2": 0.9805
      }
    },
    "USD_UGX": {
      "current": 3659.5308,
      "next_1h": 3659.6775,
      "next_24h": 3662.9225,
      "change_pct": 0.004,
      "trend": "\ud83d\udcc8 UP",
      "predictions": [
        3659.6775,
        3659.8239,
        3659.9701,
        3660.1159,
        3660.2613,
        3660.4065,
        3660.551,
        3660.695,
        3660.8385,
        3660.9813,
        3661.1236,
        3661.2653,
        3661.4065,
        3661.5471,
        3661.6871,
        3661.8266,
        3661.9655,
        3662.1038,
        3662.2417,
        3662.3789,
        3662.5156,
        3662.6518,
        3662.7874,
        3662.9225
      ],
      "metrics": {
        "MAE": 1.056598,
        "RMSE": 3.841963,
        "MAPE": 0.029,
        "R2": 0.8889
      }
    },
    "USD_EUR": {
      "current": 0.8746,
      "next_1h": 0.8747,
      "next_24h": 0.8759,
      "change_pct": 0.006,
      "trend": "\ud83d\udcc8 UP",
      "predictions": [
        0.8747,
        0.8747,
        0.8748,
        0.8749,
        0.8749,
        0.875,
        0.875,
        0.8751,
        0.8751,
        0.8752,
        0.8752,
        0.8753,
        0.8753,
        0.8754,
        0.8754,
        0.8755,
        0.8755,
        0.8756,
        0.8757,
        0.8757,
        0.8758,
        0.8758,
        0.8759,
        0.8759
      ],
      "metrics": {
        "MAE": 0.000136,
        "RMSE": 0.000418,
        "MAPE": 0.0155,
        "R2": 0.9341
      }
    }
  },
  "crypto": {
    "BTC_USD": {
      "current": 63200.0,
      "next_1h": 63187.02,
      "next_24h": 62800.22,
      "change_pct": -0.021,
      "trend": "\ud83d\udcc9 DOWN",
      "predictions": [
        63187.02,
        63148.68,
        63130.79,
        63114.87,
        63109.05,
        63092.21,
        63073.64,
        63056.75,
        63040.62,
        63024.74,
        63008.29,
        62991.79,
        62975.49,
        62959.31,
        62943.17,
        62927.06,
        62910.99,
        62895.0,
        62879.06,
        62863.18,
        62847.36,
        62831.59,
        62815.87,
        62800.22
      ],
      "metrics": {
        "MAE": 220.11547,
        "RMSE": 338.492036,
        "MAPE": 0.3607,
        "R2": 0.9649
      }
    },
    "ETH_USD": {
      "current": 1773.1,
      "next_1h": 1772.24,
      "next_24h": 1753.06,
      "change_pct": -0.049,
      "trend": "\ud83d\udcc9 DOWN",
      "predictions": [
        1772.24,
        1771.15,
        1770.07,
        1769.43,
        1768.4,
        1767.55,
        1766.73,
        1765.91,
        1765.08,
        1764.26,
        1763.44,
        1762.62,
        1761.81,
        1761.0,
        1760.19,
        1759.38,
        1758.58,
        1757.78,
        1756.99,
        1756.2,
        1755.41,
        1754.62,
        1753.84,
        1753.06
      ],
      "metrics": {
        "MAE": 7.458784,
        "RMSE": 11.35268,
        "MAPE": 0.4453,
        "R2": 0.9854
      }
    },
    "BNB_USD": {
      "current": 579.28,
      "next_1h": 579.25,
      "next_24h": 578.71,
      "change_pct": -0.005,
      "trend": "\ud83d\udcc9 DOWN",
      "predictions": [
        579.25,
        579.25,
        579.21,
        579.23,
        579.19,
        579.17,
        579.14,
        579.12,
        579.09,
        579.06,
        579.04,
        579.01,
        578.99,
        578.96,
        578.94,
        578.91,
        578.89,
        578.86,
        578.84,
        578.81,
        578.79,
        578.76,
        578.74,
        578.71
      ],
      "metrics": {
        "MAE": 1.846798,
        "RMSE": 2.689958,
        "MAPE": 0.3282,
        "R2": 0.9666
      }
    }
  }
}