{
  "generated_at": "2026-05-08 12:44:01",
  "exchange_rates": {
    "USD_TZS": {
      "current": 2600.1233,
      "next_1h": 2600.1389,
      "next_24h": 2600.3293,
      "change_pct": 0.001,
      "trend": "\ud83d\udcc8 UP",
      "predictions": [
        2600.1389,
        2600.154,
        2600.1686,
        2600.1827,
        2600.1964,
        2600.2096,
        2600.2219,
        2600.2333,
        2600.2438,
        2600.2535,
        2600.2625,
        2600.2707,
        2600.2782,
        2600.2851,
        2600.2915,
        2600.2973,
        2600.3026,
        2600.3075,
        2600.312,
        2600.3161,
        2600.3198,
        2600.3233,
        2600.3264,
        2600.3293
      ],
      "metrics": {
        "MAE": 0.966639,
        "RMSE": 2.722452,
        "MAPE": 0.0372,
        "R2": 0.9213
      }
    },
    "USD_KES": {
      "current": 129.1655,
      "next_1h": 129.1652,
      "next_24h": 129.159,
      "change_pct": 0.0,
      "trend": "\ud83d\udcc9 DOWN",
      "predictions": [
        129.1652,
        129.1649,
        129.1646,
        129.1643,
        129.164,
        129.1637,
        129.1634,
        129.1632,
        129.1629,
        129.1626,
        129.1623,
        129.1621,
        129.1618,
        129.1615,
        129.1613,
        129.161,
        129.1607,
        129.1605,
        129.1602,
        129.16,
        129.1597,
        129.1595,
        129.1592,
        129.159
      ],
      "metrics": {
        "MAE": 0.001236,
        "RMSE": 0.006156,
        "MAPE": 0.001,
        "R2": 0.933
      }
    },
    "USD_UGX": {
      "current": 3747.3416,
      "next_1h": 3746.7255,
      "next_24h": 3734.4943,
      "change_pct": -0.016,
      "trend": "\ud83d\udcc9 DOWN",
      "predictions": [
        3746.7255,
        3746.1156,
        3745.5116,
        3744.9137,
        3744.3217,
        3743.7356,
        3743.1577,
        3742.588,
        3742.0263,
        3741.4725,
        3740.9266,
        3740.3883,
        3739.8577,
        3739.3347,
        3738.819,
        3738.3106,
        3737.8094,
        3737.3153,
        3736.8283,
        3736.3481,
        3735.8747,
        3735.408,
        3734.9479,
        3734.4943
      ],
      "metrics": {
        "MAE": 0.760671,
        "RMSE": 2.407823,
        "MAPE": 0.0203,
        "R2": 0.9539
      }
    },
    "USD_EUR": {
      "current": 0.8514,
      "next_1h": 0.8514,
      "next_24h": 0.8514,
      "change_pct": 0.0,
      "trend": "\ud83d\udcc9 DOWN",
      "predictions": [
        0.8514,
        0.8514,
        0.8514,
        0.8514,
        0.8514,
        0.8514,
        0.8514,
        0.8514,
        0.8514,
        0.8514,
        0.8514,
        0.8514,
        0.8514,
        0.8514,
        0.8514,
        0.8514,
        0.8514,
        0.8514,
        0.8514,
        0.8514,
        0.8514,
        0.8514,
        0.8514,
        0.8514
      ],
      "metrics": {
        "MAE": 7.1e-05,
        "RMSE": 0.000373,
        "MAPE": 0.0083,
        "R2": 0.9119
      }
    }
  },
  "crypto": {
    "BTC_USD": {
      "current": 80233.0,
      "next_1h": 80232.53,
      "next_24h": 79524.63,
      "change_pct": -0.001,
      "trend": "\ud83d\udcc9 DOWN",
      "predictions": [
        80232.53,
        80210.48,
        80179.97,
        80155.46,
        80120.97,
        80088.4,
        80055.41,
        80021.9,
        79989.06,
        79956.11,
        79923.5,
        79891.17,
        79859.09,
        79827.31,
        79795.8,
        79764.57,
        79733.62,
        79702.95,
        79672.56,
        79642.43,
        79612.58,
        79583.0,
        79553.68,
        79524.63
      ],
      "metrics": {
        "MAE": 202.53523,
        "RMSE": 304.100383,
        "MAPE": 0.2533,
        "R2": 0.9457
      }
    },
    "ETH_USD": {
      "current": 2291.48,
      "next_1h": 2292.42,
      "next_24h": 2293.69,
      "change_pct": 0.041,
      "trend": "\ud83d\udcc8 UP",
      "predictions": [
        2292.42,
        2292.79,
        2292.69,
        2293.13,
        2293.07,
        2293.15,
        2293.23,
        2293.24,
        2293.3,
        2293.33,
        2293.36,
        2293.39,
        2293.42,
        2293.45,
        2293.48,
        2293.5,
        2293.53,
        2293.55,
        2293.58,
        2293.6,
        2293.62,
        2293.65,
        2293.67,
        2293.69
      ],
      "metrics": {
        "MAE": 6.742537,
        "RMSE": 10.569508,
        "MAPE": 0.2878,
        "R2": 0.9051
      }
    },
    "BNB_USD": {
      "current": 640.44,
      "next_1h": 640.27,
      "next_24h": 635.72,
      "change_pct": -0.026,
      "trend": "\ud83d\udcc9 DOWN",
      "predictions": [
        640.27,
        640.13,
        639.92,
        639.73,
        639.51,
        639.29,
        639.07,
        638.85,
        638.64,
        638.43,
        638.22,
        638.01,
        637.8,
        637.6,
        637.4,
        637.21,
        637.01,
        636.82,
        636.63,
        636.44,
        636.26,
        636.08,
        635.9,
        635.72
      ],
      "metrics": {
        "MAE": 1.390846,
        "RMSE": 2.192303,
        "MAPE": 0.2195,
        "R2": 0.9632
      }
    }
  }
}