{
  "generated_at": "2026-04-07 19:31:59",
  "exchange_rates": {
    "USD_TZS": {
      "current": 2587.8802,
      "next_1h": 2587.7249,
      "next_24h": 2584.7998,
      "change_pct": -0.006,
      "trend": "\ud83d\udcc9 DOWN",
      "predictions": [
        2587.7249,
        2587.5712,
        2587.4191,
        2587.2685,
        2587.1194,
        2586.9718,
        2586.8274,
        2586.686,
        2586.5477,
        2586.4123,
        2586.2799,
        2586.1504,
        2586.0237,
        2585.8997,
        2585.7785,
        2585.6599,
        2585.5439,
        2585.4304,
        2585.3195,
        2585.2109,
        2585.1047,
        2585.0008,
        2584.8992,
        2584.7998
      ],
      "metrics": {
        "MAE": 0.681441,
        "RMSE": 2.555455,
        "MAPE": 0.0263,
        "R2": 0.8419
      }
    },
    "USD_KES": {
      "current": 129.9956,
      "next_1h": 129.9932,
      "next_24h": 129.9412,
      "change_pct": -0.002,
      "trend": "\ud83d\udcc9 DOWN",
      "predictions": [
        129.9932,
        129.9908,
        129.9884,
        129.986,
        129.9836,
        129.9812,
        129.9789,
        129.9765,
        129.9742,
        129.9719,
        129.9696,
        129.9674,
        129.9651,
        129.9628,
        129.9606,
        129.9584,
        129.9562,
        129.954,
        129.9518,
        129.9497,
        129.9476,
        129.9454,
        129.9433,
        129.9412
      ],
      "metrics": {
        "MAE": 0.004955,
        "RMSE": 0.020146,
        "MAPE": 0.0038,
        "R2": 0.8986
      }
    },
    "USD_UGX": {
      "current": 3754.382,
      "next_1h": 3754.39,
      "next_24h": 3754.5514,
      "change_pct": 0.0,
      "trend": "\ud83d\udcc9 DOWN",
      "predictions": [
        3754.39,
        3754.3978,
        3754.4056,
        3754.4133,
        3754.4209,
        3754.4284,
        3754.4358,
        3754.4432,
        3754.4505,
        3754.4577,
        3754.4649,
        3754.4719,
        3754.4789,
        3754.4859,
        3754.4927,
        3754.4995,
        3754.5062,
        3754.5129,
        3754.5195,
        3754.526,
        3754.5325,
        3754.5389,
        3754.5452,
        3754.5514
      ],
      "metrics": {
        "MAE": 0.468832,
        "RMSE": 2.405537,
        "MAPE": 0.0125,
        "R2": 0.8832
      }
    },
    "USD_EUR": {
      "current": 0.8662,
      "next_1h": 0.8663,
      "next_24h": 0.8667,
      "change_pct": 0.003,
      "trend": "\ud83d\udcc8 UP",
      "predictions": [
        0.8663,
        0.8663,
        0.8663,
        0.8663,
        0.8664,
        0.8664,
        0.8664,
        0.8664,
        0.8664,
        0.8665,
        0.8665,
        0.8665,
        0.8665,
        0.8665,
        0.8666,
        0.8666,
        0.8666,
        0.8666,
        0.8666,
        0.8666,
        0.8667,
        0.8667,
        0.8667,
        0.8667
      ],
      "metrics": {
        "MAE": 0.00011,
        "RMSE": 0.000555,
        "MAPE": 0.0127,
        "R2": 0.9154
      }
    }
  },
  "crypto": {
    "BTC_USD": {
      "current": 68561.0,
      "next_1h": 68563.33,
      "next_24h": 68905.14,
      "change_pct": 0.003,
      "trend": "\ud83d\udcc8 UP",
      "predictions": [
        68563.33,
        68579.45,
        68586.69,
        68597.18,
        68618.31,
        68635.56,
        68652.21,
        68669.13,
        68685.27,
        68700.92,
        68716.58,
        68732.06,
        68747.36,
        68762.53,
        68777.54,
        68792.36,
        68807.03,
        68821.52,
        68835.86,
        68850.03,
        68864.04,
        68877.9,
        68891.6,
        68905.14
      ],
      "metrics": {
        "MAE": 176.212228,
        "RMSE": 267.060744,
        "MAPE": 0.2597,
        "R2": 0.932
      }
    },
    "ETH_USD": {
      "current": 2095.25,
      "next_1h": 2095.45,
      "next_24h": 2104.81,
      "change_pct": 0.01,
      "trend": "\ud83d\udcc8 UP",
      "predictions": [
        2095.45,
        2096.06,
        2096.34,
        2096.67,
        2097.14,
        2097.59,
        2098.04,
        2098.49,
        2098.92,
        2099.35,
        2099.78,
        2100.2,
        2100.61,
        2101.02,
        2101.42,
        2101.82,
        2102.21,
        2102.59,
        2102.98,
        2103.35,
        2103.72,
        2104.09,
        2104.45,
        2104.81
      ],
      "metrics": {
        "MAE": 7.235884,
        "RMSE": 11.257664,
        "MAPE": 0.3463,
        "R2": 0.9101
      }
    },
    "BNB_USD": {
      "current": 604.98,
      "next_1h": 605.13,
      "next_24h": 611.21,
      "change_pct": 0.025,
      "trend": "\ud83d\udcc8 UP",
      "predictions": [
        605.13,
        605.36,
        605.55,
        605.74,
        606.03,
        606.33,
        606.62,
        606.92,
        607.21,
        607.49,
        607.77,
        608.05,
        608.32,
        608.6,
        608.87,
        609.14,
        609.4,
        609.67,
        609.93,
        610.19,
        610.45,
        610.7,
        610.95,
        611.21
      ],
      "metrics": {
        "MAE": 1.604155,
        "RMSE": 2.357745,
        "MAPE": 0.27,
        "R2": 0.9302
      }
    }
  }
}