{
  "generated_at": "2026-07-18 19:13:08",
  "exchange_rates": {
    "USD_TZS": {
      "current": 2629.0886,
      "next_1h": 2628.7299,
      "next_24h": 2622.6421,
      "change_pct": -0.014,
      "trend": "\ud83d\udcc9 DOWN",
      "predictions": [
        2628.7299,
        2628.3786,
        2628.0345,
        2627.6974,
        2627.3672,
        2627.0438,
        2626.7301,
        2626.4258,
        2626.1307,
        2625.8445,
        2625.567,
        2625.2979,
        2625.037,
        2624.7841,
        2624.5389,
        2624.3011,
        2624.0706,
        2623.8471,
        2623.6305,
        2623.4204,
        2623.2167,
        2623.0192,
        2622.8278,
        2622.6421
      ],
      "metrics": {
        "MAE": 0.554946,
        "RMSE": 2.128415,
        "MAPE": 0.0212,
        "R2": 0.9517
      }
    },
    "USD_KES": {
      "current": 129.3268,
      "next_1h": 129.3273,
      "next_24h": 129.3386,
      "change_pct": 0.0,
      "trend": "\ud83d\udcc9 DOWN",
      "predictions": [
        129.3273,
        129.3278,
        129.3284,
        129.3289,
        129.3294,
        129.33,
        129.3305,
        129.331,
        129.3315,
        129.332,
        129.3325,
        129.333,
        129.3335,
        129.334,
        129.3345,
        129.3349,
        129.3354,
        129.3359,
        129.3363,
        129.3368,
        129.3372,
        129.3377,
        129.3381,
        129.3386
      ],
      "metrics": {
        "MAE": 0.003186,
        "RMSE": 0.012279,
        "MAPE": 0.0025,
        "R2": 0.9702
      }
    },
    "USD_UGX": {
      "current": 3669.5216,
      "next_1h": 3669.5562,
      "next_24h": 3670.3226,
      "change_pct": 0.001,
      "trend": "\ud83d\udcc8 UP",
      "predictions": [
        3669.5562,
        3669.5907,
        3669.6251,
        3669.6595,
        3669.6937,
        3669.7279,
        3669.762,
        3669.7959,
        3669.8298,
        3669.8635,
        3669.897,
        3669.9305,
        3669.9638,
        3669.9971,
        3670.0301,
        3670.0631,
        3670.096,
        3670.1287,
        3670.1613,
        3670.1938,
        3670.2262,
        3670.2585,
        3670.2906,
        3670.3226
      ],
      "metrics": {
        "MAE": 0.350647,
        "RMSE": 1.847857,
        "MAPE": 0.0096,
        "R2": 0.9686
      }
    },
    "USD_EUR": {
      "current": 0.8744,
      "next_1h": 0.8745,
      "next_24h": 0.8746,
      "change_pct": 0.001,
      "trend": "\ud83d\udcc8 UP",
      "predictions": [
        0.8745,
        0.8745,
        0.8745,
        0.8745,
        0.8745,
        0.8745,
        0.8745,
        0.8745,
        0.8745,
        0.8745,
        0.8745,
        0.8745,
        0.8745,
        0.8745,
        0.8745,
        0.8745,
        0.8745,
        0.8745,
        0.8745,
        0.8745,
        0.8745,
        0.8745,
        0.8746,
        0.8746
      ],
      "metrics": {
        "MAE": 4.2e-05,
        "RMSE": 0.000241,
        "MAPE": 0.0048,
        "R2": 0.9663
      }
    }
  },
  "crypto": {
    "BTC_USD": {
      "current": 64478.0,
      "next_1h": 64468.92,
      "next_24h": 64223.94,
      "change_pct": -0.014,
      "trend": "\ud83d\udcc9 DOWN",
      "predictions": [
        64468.92,
        64458.42,
        64447.13,
        64437.01,
        64427.43,
        64416.23,
        64405.0,
        64393.9,
        64382.95,
        64372.06,
        64361.14,
        64350.28,
        64339.48,
        64328.73,
        64318.03,
        64307.37,
        64296.77,
        64286.22,
        64275.72,
        64265.26,
        64254.86,
        64244.5,
        64234.2,
        64223.94
      ],
      "metrics": {
        "MAE": 111.421452,
        "RMSE": 160.116565,
        "MAPE": 0.1746,
        "R2": 0.9681
      }
    },
    "ETH_USD": {
      "current": 1856.56,
      "next_1h": 1855.5,
      "next_24h": 1838.72,
      "change_pct": -0.057,
      "trend": "\ud83d\udcc9 DOWN",
      "predictions": [
        1855.5,
        1854.51,
        1853.75,
        1853.0,
        1852.2,
        1851.46,
        1850.72,
        1849.99,
        1849.25,
        1848.53,
        1847.8,
        1847.08,
        1846.36,
        1845.65,
        1844.94,
        1844.23,
        1843.53,
        1842.83,
        1842.14,
        1841.45,
        1840.76,
        1840.08,
        1839.4,
        1838.72
      ],
      "metrics": {
        "MAE": 4.500744,
        "RMSE": 6.874248,
        "MAPE": 0.2428,
        "R2": 0.9785
      }
    },
    "BNB_USD": {
      "current": 570.57,
      "next_1h": 570.62,
      "next_24h": 571.21,
      "change_pct": 0.008,
      "trend": "\ud83d\udcc8 UP",
      "predictions": [
        570.62,
        570.61,
        570.66,
        570.68,
        570.71,
        570.73,
        570.76,
        570.79,
        570.81,
        570.84,
        570.87,
        570.9,
        570.92,
        570.95,
        570.98,
        571.0,
        571.03,
        571.06,
        571.08,
        571.11,
        571.13,
        571.16,
        571.18,
        571.21
      ],
      "metrics": {
        "MAE": 0.862297,
        "RMSE": 1.196074,
        "MAPE": 0.1506,
        "R2": 0.964
      }
    }
  }
}