{
  "generated_at": "2026-04-09 12:36:01",
  "exchange_rates": {
    "USD_TZS": {
      "current": 2604.7355,
      "next_1h": 2604.2125,
      "next_24h": 2594.6494,
      "change_pct": -0.02,
      "trend": "\ud83d\udcc9 DOWN",
      "predictions": [
        2604.2125,
        2603.6957,
        2603.1849,
        2602.68,
        2602.1812,
        2601.6882,
        2601.2073,
        2600.7382,
        2600.2806,
        2599.8344,
        2599.3994,
        2598.9754,
        2598.5621,
        2598.1592,
        2597.7664,
        2597.3836,
        2597.0105,
        2596.6468,
        2596.2922,
        2595.9467,
        2595.6098,
        2595.2815,
        2594.9614,
        2594.6494
      ],
      "metrics": {
        "MAE": 0.562193,
        "RMSE": 1.653882,
        "MAPE": 0.0217,
        "R2": 0.8911
      }
    },
    "USD_KES": {
      "current": 129.5807,
      "next_1h": 129.582,
      "next_24h": 129.6094,
      "change_pct": 0.001,
      "trend": "\ud83d\udcc8 UP",
      "predictions": [
        129.582,
        129.5832,
        129.5845,
        129.5857,
        129.5869,
        129.5881,
        129.5894,
        129.5906,
        129.5918,
        129.593,
        129.5942,
        129.5954,
        129.5966,
        129.5978,
        129.5989,
        129.6001,
        129.6013,
        129.6024,
        129.6036,
        129.6048,
        129.6059,
        129.6071,
        129.6082,
        129.6094
      ],
      "metrics": {
        "MAE": 0.005349,
        "RMSE": 0.043004,
        "MAPE": 0.0041,
        "R2": 0.8929
      }
    },
    "USD_UGX": {
      "current": 3717.2409,
      "next_1h": 3717.7249,
      "next_24h": 3727.2803,
      "change_pct": 0.013,
      "trend": "\ud83d\udcc8 UP",
      "predictions": [
        3717.7249,
        3718.2031,
        3718.6758,
        3719.1429,
        3719.6045,
        3720.0607,
        3720.5106,
        3720.9544,
        3721.3921,
        3721.8237,
        3722.2495,
        3722.6694,
        3723.0835,
        3723.4919,
        3723.8948,
        3724.2921,
        3724.6839,
        3725.0704,
        3725.4516,
        3725.8275,
        3726.1982,
        3726.5639,
        3726.9246,
        3727.2803
      ],
      "metrics": {
        "MAE": 0.483614,
        "RMSE": 3.238518,
        "MAPE": 0.013,
        "R2": 0.898
      }
    },
    "USD_EUR": {
      "current": 0.8564,
      "next_1h": 0.8566,
      "next_24h": 0.8599,
      "change_pct": 0.02,
      "trend": "\ud83d\udcc8 UP",
      "predictions": [
        0.8566,
        0.8567,
        0.8569,
        0.8571,
        0.8572,
        0.8574,
        0.8576,
        0.8577,
        0.8579,
        0.858,
        0.8582,
        0.8583,
        0.8585,
        0.8586,
        0.8588,
        0.8589,
        0.859,
        0.8592,
        0.8593,
        0.8594,
        0.8596,
        0.8597,
        0.8598,
        0.8599
      ],
      "metrics": {
        "MAE": 0.00013,
        "RMSE": 0.000629,
        "MAPE": 0.0151,
        "R2": 0.97
      }
    }
  },
  "crypto": {
    "BTC_USD": {
      "current": 71223.0,
      "next_1h": 71206.35,
      "next_24h": 70858.58,
      "change_pct": -0.023,
      "trend": "\ud83d\udcc9 DOWN",
      "predictions": [
        71206.35,
        71172.56,
        71164.11,
        71153.53,
        71131.34,
        71116.65,
        71101.98,
        71086.02,
        71070.94,
        71056.2,
        71041.24,
        71026.47,
        71011.87,
        70997.34,
        70982.93,
        70968.66,
        70954.49,
        70940.45,
        70926.52,
        70912.7,
        70899.0,
        70885.42,
        70871.94,
        70858.58
      ],
      "metrics": {
        "MAE": 177.455409,
        "RMSE": 265.667752,
        "MAPE": 0.256,
        "R2": 0.9776
      }
    },
    "ETH_USD": {
      "current": 2182.39,
      "next_1h": 2181.69,
      "next_24h": 2164.45,
      "change_pct": -0.032,
      "trend": "\ud83d\udcc9 DOWN",
      "predictions": [
        2181.69,
        2180.35,
        2179.68,
        2179.05,
        2178.13,
        2177.33,
        2176.55,
        2175.75,
        2174.97,
        2174.2,
        2173.45,
        2172.7,
        2171.96,
        2171.23,
        2170.51,
        2169.8,
        2169.1,
        2168.41,
        2167.73,
        2167.06,
        2166.39,
        2165.74,
        2165.09,
        2164.45
      ],
      "metrics": {
        "MAE": 7.355764,
        "RMSE": 11.644317,
        "MAPE": 0.3451,
        "R2": 0.9703
      }
    },
    "BNB_USD": {
      "current": 602.75,
      "next_1h": 602.71,
      "next_24h": 601.97,
      "change_pct": -0.007,
      "trend": "\ud83d\udcc9 DOWN",
      "predictions": [
        602.71,
        602.73,
        602.68,
        602.61,
        602.51,
        602.48,
        602.45,
        602.42,
        602.4,
        602.37,
        602.34,
        602.31,
        602.29,
        602.26,
        602.23,
        602.2,
        602.17,
        602.14,
        602.11,
        602.09,
        602.06,
        602.03,
        602.0,
        601.97
      ],
      "metrics": {
        "MAE": 1.389493,
        "RMSE": 1.926917,
        "MAPE": 0.2316,
        "R2": 0.9481
      }
    }
  }
}