{
  "generated_at": "2026-07-13 20:13:09",
  "exchange_rates": {
    "USD_TZS": {
      "current": 2627.8658,
      "next_1h": 2627.4788,
      "next_24h": 2621.05,
      "change_pct": -0.015,
      "trend": "\ud83d\udcc9 DOWN",
      "predictions": [
        2627.4788,
        2627.1002,
        2626.7299,
        2626.3676,
        2626.0133,
        2625.6666,
        2625.3312,
        2625.0066,
        2624.6926,
        2624.3889,
        2624.0951,
        2623.811,
        2623.5362,
        2623.2705,
        2623.0135,
        2622.765,
        2622.5247,
        2622.2923,
        2622.0675,
        2621.8502,
        2621.64,
        2621.4367,
        2621.2401,
        2621.05
      ],
      "metrics": {
        "MAE": 0.384726,
        "RMSE": 0.658883,
        "MAPE": 0.0147,
        "R2": 0.8466
      }
    },
    "USD_KES": {
      "current": 129.1822,
      "next_1h": 129.1856,
      "next_24h": 129.255,
      "change_pct": 0.003,
      "trend": "\ud83d\udcc8 UP",
      "predictions": [
        129.1856,
        129.1891,
        129.1925,
        129.1959,
        129.1993,
        129.2026,
        129.2059,
        129.2092,
        129.2124,
        129.2156,
        129.2187,
        129.2217,
        129.2247,
        129.2277,
        129.2306,
        129.2335,
        129.2363,
        129.2391,
        129.2419,
        129.2446,
        129.2472,
        129.2499,
        129.2524,
        129.255
      ],
      "metrics": {
        "MAE": 0.005139,
        "RMSE": 0.013757,
        "MAPE": 0.004,
        "R2": 0.8794
      }
    },
    "USD_UGX": {
      "current": 3659.3418,
      "next_1h": 3659.3041,
      "next_24h": 3658.457,
      "change_pct": -0.001,
      "trend": "\ud83d\udcc9 DOWN",
      "predictions": [
        3659.3041,
        3659.2664,
        3659.2288,
        3659.1913,
        3659.1538,
        3659.1164,
        3659.0791,
        3659.0419,
        3659.0047,
        3658.9676,
        3658.9307,
        3658.8937,
        3658.8569,
        3658.8202,
        3658.7835,
        3658.7469,
        3658.7104,
        3658.6739,
        3658.6376,
        3658.6013,
        3658.5651,
        3658.529,
        3658.4929,
        3658.457
      ],
      "metrics": {
        "MAE": 0.614739,
        "RMSE": 3.191388,
        "MAPE": 0.0168,
        "R2": 0.9055
      }
    },
    "USD_EUR": {
      "current": 0.8768,
      "next_1h": 0.8768,
      "next_24h": 0.8768,
      "change_pct": 0.0,
      "trend": "\ud83d\udcc9 DOWN",
      "predictions": [
        0.8768,
        0.8768,
        0.8768,
        0.8768,
        0.8768,
        0.8768,
        0.8768,
        0.8768,
        0.8768,
        0.8768,
        0.8768,
        0.8768,
        0.8768,
        0.8768,
        0.8768,
        0.8768,
        0.8768,
        0.8768,
        0.8768,
        0.8768,
        0.8768,
        0.8768,
        0.8768,
        0.8768
      ],
      "metrics": {
        "MAE": 3.2e-05,
        "RMSE": 0.000177,
        "MAPE": 0.0037,
        "R2": 0.9401
      }
    }
  },
  "crypto": {
    "BTC_USD": {
      "current": 62153.0,
      "next_1h": 62135.6,
      "next_24h": 62066.1,
      "change_pct": -0.028,
      "trend": "\ud83d\udcc9 DOWN",
      "predictions": [
        62135.6,
        62125.72,
        62124.15,
        62125.45,
        62124.63,
        62120.54,
        62116.94,
        62113.92,
        62111.05,
        62108.01,
        62104.88,
        62101.79,
        62098.75,
        62095.72,
        62092.7,
        62089.69,
        62086.69,
        62083.71,
        62080.74,
        62077.79,
        62074.84,
        62071.92,
        62069.0,
        62066.1
      ],
      "metrics": {
        "MAE": 92.222403,
        "RMSE": 127.641519,
        "MAPE": 0.1451,
        "R2": 0.9583
      }
    },
    "ETH_USD": {
      "current": 1770.61,
      "next_1h": 1770.21,
      "next_24h": 1760.25,
      "change_pct": -0.023,
      "trend": "\ud83d\udcc9 DOWN",
      "predictions": [
        1770.21,
        1769.56,
        1769.08,
        1768.61,
        1768.13,
        1767.69,
        1767.27,
        1766.84,
        1766.41,
        1765.98,
        1765.56,
        1765.14,
        1764.72,
        1764.3,
        1763.89,
        1763.47,
        1763.06,
        1762.66,
        1762.25,
        1761.85,
        1761.44,
        1761.04,
        1760.65,
        1760.25
      ],
      "metrics": {
        "MAE": 3.750705,
        "RMSE": 5.786075,
        "MAPE": 0.2094,
        "R2": 0.9385
      }
    },
    "BNB_USD": {
      "current": 565.39,
      "next_1h": 565.49,
      "next_24h": 566.66,
      "change_pct": 0.018,
      "trend": "\ud83d\udcc8 UP",
      "predictions": [
        565.49,
        565.53,
        565.59,
        565.66,
        565.71,
        565.76,
        565.81,
        565.86,
        565.91,
        565.97,
        566.02,
        566.07,
        566.12,
        566.17,
        566.22,
        566.27,
        566.32,
        566.37,
        566.41,
        566.46,
        566.51,
        566.56,
        566.61,
        566.66
      ],
      "metrics": {
        "MAE": 0.782026,
        "RMSE": 1.141282,
        "MAPE": 0.1363,
        "R2": 0.9311
      }
    }
  }
}