{
  "generated_at": "2026-05-25 13:24:24",
  "exchange_rates": {
    "USD_TZS": {
      "current": 2606.4229,
      "next_1h": 2606.0951,
      "next_24h": 2601.9218,
      "change_pct": -0.013,
      "trend": "\ud83d\udcc9 DOWN",
      "predictions": [
        2606.0951,
        2605.7774,
        2605.4695,
        2605.171,
        2604.8817,
        2604.6013,
        2604.3395,
        2604.0953,
        2603.868,
        2603.6568,
        2603.4608,
        2603.2794,
        2603.1115,
        2602.9562,
        2602.8126,
        2602.6797,
        2602.557,
        2602.4435,
        2602.3385,
        2602.2416,
        2602.1519,
        2602.0691,
        2601.9925,
        2601.9218
      ],
      "metrics": {
        "MAE": 1.343314,
        "RMSE": 3.481978,
        "MAPE": 0.0519,
        "R2": 0.8973
      }
    },
    "USD_KES": {
      "current": 129.7613,
      "next_1h": 129.7457,
      "next_24h": 129.4663,
      "change_pct": -0.012,
      "trend": "\ud83d\udcc9 DOWN",
      "predictions": [
        129.7457,
        129.7303,
        129.7151,
        129.7001,
        129.6853,
        129.6706,
        129.6564,
        129.6425,
        129.629,
        129.6159,
        129.6032,
        129.5908,
        129.5787,
        129.567,
        129.5556,
        129.5445,
        129.5338,
        129.5233,
        129.5131,
        129.5032,
        129.4936,
        129.4843,
        129.4752,
        129.4663
      ],
      "metrics": {
        "MAE": 0.012209,
        "RMSE": 0.029541,
        "MAPE": 0.0094,
        "R2": 0.9694
      }
    },
    "USD_UGX": {
      "current": 3774.1527,
      "next_1h": 3773.5238,
      "next_24h": 3760.5775,
      "change_pct": -0.017,
      "trend": "\ud83d\udcc9 DOWN",
      "predictions": [
        3773.5238,
        3772.899,
        3772.2782,
        3771.6613,
        3771.0484,
        3770.4395,
        3769.8374,
        3769.2419,
        3768.6532,
        3768.071,
        3767.4955,
        3766.9264,
        3766.3637,
        3765.8073,
        3765.2573,
        3764.7134,
        3764.1757,
        3763.644,
        3763.1183,
        3762.5986,
        3762.0847,
        3761.5766,
        3761.0742,
        3760.5775
      ],
      "metrics": {
        "MAE": 0.797286,
        "RMSE": 2.942507,
        "MAPE": 0.0212,
        "R2": 0.9635
      }
    },
    "USD_EUR": {
      "current": 0.8599,
      "next_1h": 0.8598,
      "next_24h": 0.8591,
      "change_pct": -0.004,
      "trend": "\ud83d\udcc9 DOWN",
      "predictions": [
        0.8598,
        0.8598,
        0.8598,
        0.8597,
        0.8597,
        0.8597,
        0.8596,
        0.8596,
        0.8596,
        0.8595,
        0.8595,
        0.8594,
        0.8594,
        0.8594,
        0.8593,
        0.8593,
        0.8593,
        0.8592,
        0.8592,
        0.8592,
        0.8592,
        0.8591,
        0.8591,
        0.8591
      ],
      "metrics": {
        "MAE": 0.000104,
        "RMSE": 0.000353,
        "MAPE": 0.012,
        "R2": 0.897
      }
    }
  },
  "crypto": {
    "BTC_USD": {
      "current": 77258.0,
      "next_1h": 77283.6,
      "next_24h": 77629.4,
      "change_pct": 0.033,
      "trend": "\ud83d\udcc8 UP",
      "predictions": [
        77283.6,
        77298.36,
        77315.35,
        77334.47,
        77351.18,
        77367.15,
        77383.07,
        77398.77,
        77414.32,
        77429.73,
        77444.99,
        77460.08,
        77475.02,
        77489.8,
        77504.43,
        77518.9,
        77533.22,
        77547.4,
        77561.43,
        77575.31,
        77589.05,
        77602.64,
        77616.09,
        77629.4
      ],
      "metrics": {
        "MAE": 182.17346,
        "RMSE": 259.403276,
        "MAPE": 0.2371,
        "R2": 0.9119
      }
    },
    "ETH_USD": {
      "current": 2113.57,
      "next_1h": 2116.89,
      "next_24h": 2179.14,
      "change_pct": 0.157,
      "trend": "\ud83d\udcc8 UP",
      "predictions": [
        2116.89,
        2120.12,
        2123.7,
        2126.98,
        2130.07,
        2133.11,
        2136.07,
        2139.0,
        2141.87,
        2144.69,
        2147.46,
        2150.18,
        2152.85,
        2155.47,
        2158.04,
        2160.56,
        2163.04,
        2165.47,
        2167.85,
        2170.2,
        2172.5,
        2174.75,
        2176.97,
        2179.14
      ],
      "metrics": {
        "MAE": 7.707745,
        "RMSE": 11.586853,
        "MAPE": 0.3649,
        "R2": 0.9079
      }
    },
    "BNB_USD": {
      "current": 669.13,
      "next_1h": 669.31,
      "next_24h": 665.31,
      "change_pct": 0.026,
      "trend": "\ud83d\udcc8 UP",
      "predictions": [
        669.31,
        668.3,
        668.24,
        668.31,
        668.12,
        667.93,
        667.78,
        667.64,
        667.48,
        667.33,
        667.18,
        667.03,
        666.88,
        666.74,
        666.59,
        666.44,
        666.3,
        666.16,
        666.01,
        665.87,
        665.73,
        665.59,
        665.45,
        665.31
      ],
      "metrics": {
        "MAE": 1.786079,
        "RMSE": 2.485377,
        "MAPE": 0.2745,
        "R2": 0.8738
      }
    }
  }
}