{
  "generated_at": "2026-06-05 11:15:21",
  "exchange_rates": {
    "USD_TZS": {
      "current": 2619.5894,
      "next_1h": 2618.748,
      "next_24h": 2605.5759,
      "change_pct": -0.032,
      "trend": "\ud83d\udcc9 DOWN",
      "predictions": [
        2618.748,
        2617.9237,
        2617.1164,
        2616.3255,
        2615.5508,
        2614.7919,
        2614.0645,
        2613.3675,
        2612.7002,
        2612.0614,
        2611.4504,
        2610.8663,
        2610.3079,
        2609.7741,
        2609.2639,
        2608.7762,
        2608.3101,
        2607.8646,
        2607.4387,
        2607.0317,
        2606.6427,
        2606.2709,
        2605.9155,
        2605.5759
      ],
      "metrics": {
        "MAE": 1.015788,
        "RMSE": 2.418916,
        "MAPE": 0.0389,
        "R2": 0.9477
      }
    },
    "USD_KES": {
      "current": 129.2572,
      "next_1h": 129.2576,
      "next_24h": 129.2667,
      "change_pct": 0.0,
      "trend": "\ud83d\udcc9 DOWN",
      "predictions": [
        129.2576,
        129.2581,
        129.2585,
        129.2589,
        129.2593,
        129.2597,
        129.2601,
        129.2605,
        129.2609,
        129.2613,
        129.2617,
        129.2621,
        129.2625,
        129.2629,
        129.2633,
        129.2637,
        129.264,
        129.2644,
        129.2648,
        129.2652,
        129.2655,
        129.2659,
        129.2663,
        129.2667
      ],
      "metrics": {
        "MAE": 0.003456,
        "RMSE": 0.013912,
        "MAPE": 0.0027,
        "R2": 0.9429
      }
    },
    "USD_UGX": {
      "current": 3739.6655,
      "next_1h": 3739.6453,
      "next_24h": 3739.2228,
      "change_pct": -0.001,
      "trend": "\ud83d\udcc9 DOWN",
      "predictions": [
        3739.6453,
        3739.6253,
        3739.6054,
        3739.5856,
        3739.5659,
        3739.5464,
        3739.527,
        3739.5077,
        3739.4887,
        3739.4698,
        3739.4511,
        3739.4325,
        3739.4142,
        3739.396,
        3739.3779,
        3739.3601,
        3739.3424,
        3739.3248,
        3739.3074,
        3739.2902,
        3739.2731,
        3739.2562,
        3739.2394,
        3739.2228
      ],
      "metrics": {
        "MAE": 0.641909,
        "RMSE": 2.734612,
        "MAPE": 0.0171,
        "R2": 0.8873
      }
    },
    "USD_EUR": {
      "current": 0.8605,
      "next_1h": 0.8605,
      "next_24h": 0.8603,
      "change_pct": -0.001,
      "trend": "\ud83d\udcc9 DOWN",
      "predictions": [
        0.8605,
        0.8605,
        0.8605,
        0.8605,
        0.8605,
        0.8605,
        0.8605,
        0.8604,
        0.8604,
        0.8604,
        0.8604,
        0.8604,
        0.8604,
        0.8604,
        0.8604,
        0.8604,
        0.8603,
        0.8603,
        0.8603,
        0.8603,
        0.8603,
        0.8603,
        0.8603,
        0.8603
      ],
      "metrics": {
        "MAE": 6e-05,
        "RMSE": 0.000253,
        "MAPE": 0.007,
        "R2": 0.9567
      }
    }
  },
  "crypto": {
    "BTC_USD": {
      "current": 62272.0,
      "next_1h": 62440.08,
      "next_24h": 65086.01,
      "change_pct": 0.27,
      "trend": "\ud83d\udcc8 UP",
      "predictions": [
        62440.08,
        62602.06,
        62717.42,
        62855.2,
        62991.56,
        63106.28,
        63222.56,
        63339.33,
        63454.26,
        63568.81,
        63682.91,
        63795.98,
        63908.15,
        64019.48,
        64129.91,
        64239.48,
        64348.21,
        64456.09,
        64563.13,
        64669.34,
        64774.73,
        64879.3,
        64983.06,
        65086.01
      ],
      "metrics": {
        "MAE": 313.026923,
        "RMSE": 447.532143,
        "MAPE": 0.4553,
        "R2": 0.9886
      }
    },
    "ETH_USD": {
      "current": 1668.66,
      "next_1h": 1671.44,
      "next_24h": 1696.45,
      "change_pct": 0.167,
      "trend": "\ud83d\udcc8 UP",
      "predictions": [
        1671.44,
        1675.33,
        1677.44,
        1678.29,
        1679.56,
        1680.29,
        1681.04,
        1681.93,
        1682.85,
        1683.77,
        1684.7,
        1685.63,
        1686.54,
        1687.45,
        1688.36,
        1689.27,
        1690.17,
        1691.07,
        1691.97,
        1692.87,
        1693.77,
        1694.66,
        1695.56,
        1696.45
      ],
      "metrics": {
        "MAE": 9.994247,
        "RMSE": 14.56534,
        "MAPE": 0.526,
        "R2": 0.9806
      }
    },
    "BNB_USD": {
      "current": 591.5,
      "next_1h": 591.7,
      "next_24h": 601.36,
      "change_pct": 0.034,
      "trend": "\ud83d\udcc8 UP",
      "predictions": [
        591.7,
        592.37,
        592.88,
        593.23,
        593.68,
        594.13,
        594.56,
        594.98,
        595.4,
        595.82,
        596.24,
        596.65,
        597.06,
        597.47,
        597.87,
        598.27,
        598.67,
        599.06,
        599.45,
        599.84,
        600.22,
        600.61,
        600.99,
        601.36
      ],
      "metrics": {
        "MAE": 4.191095,
        "RMSE": 5.577381,
        "MAPE": 0.6321,
        "R2": 0.9789
      }
    }
  }
}