{
  "generated_at": "2026-05-15 07:22:29",
  "exchange_rates": {
    "USD_TZS": {
      "current": 2593.9873,
      "next_1h": 2594.4777,
      "next_24h": 2600.4439,
      "change_pct": 0.019,
      "trend": "\ud83d\udcc8 UP",
      "predictions": [
        2594.4777,
        2594.9529,
        2595.3968,
        2595.8269,
        2596.2436,
        2596.6475,
        2597.0235,
        2597.3731,
        2597.698,
        2597.9994,
        2598.2785,
        2598.5364,
        2598.7745,
        2598.9944,
        2599.1973,
        2599.3845,
        2599.5572,
        2599.7165,
        2599.8635,
        2599.9991,
        2600.1241,
        2600.2394,
        2600.3458,
        2600.4439
      ],
      "metrics": {
        "MAE": 0.344679,
        "RMSE": 0.7894,
        "MAPE": 0.0133,
        "R2": 0.923
      }
    },
    "USD_KES": {
      "current": 129.1901,
      "next_1h": 129.1906,
      "next_24h": 129.1813,
      "change_pct": 0.0,
      "trend": "\ud83d\udcc9 DOWN",
      "predictions": [
        129.1906,
        129.1911,
        129.1906,
        129.1901,
        129.1896,
        129.1891,
        129.1886,
        129.188,
        129.1875,
        129.1871,
        129.1866,
        129.1861,
        129.1857,
        129.1852,
        129.1848,
        129.1844,
        129.1839,
        129.1835,
        129.1831,
        129.1828,
        129.1824,
        129.182,
        129.1816,
        129.1813
      ],
      "metrics": {
        "MAE": 0.00237,
        "RMSE": 0.01146,
        "MAPE": 0.0018,
        "R2": 0.8556
      }
    },
    "USD_UGX": {
      "current": 3724.2529,
      "next_1h": 3724.1536,
      "next_24h": 3722.6885,
      "change_pct": -0.003,
      "trend": "\ud83d\udcc9 DOWN",
      "predictions": [
        3724.1536,
        3724.0545,
        3723.9876,
        3723.921,
        3723.8545,
        3723.7882,
        3723.7226,
        3723.6577,
        3723.5933,
        3723.5294,
        3723.4661,
        3723.4033,
        3723.341,
        3723.2792,
        3723.2179,
        3723.1571,
        3723.0968,
        3723.0371,
        3722.9778,
        3722.919,
        3722.8606,
        3722.8028,
        3722.7454,
        3722.6885
      ],
      "metrics": {
        "MAE": 0.522569,
        "RMSE": 2.488867,
        "MAPE": 0.014,
        "R2": 0.9456
      }
    },
    "USD_EUR": {
      "current": 0.8561,
      "next_1h": 0.856,
      "next_24h": 0.8547,
      "change_pct": -0.006,
      "trend": "\ud83d\udcc9 DOWN",
      "predictions": [
        0.856,
        0.856,
        0.8559,
        0.8559,
        0.8558,
        0.8557,
        0.8557,
        0.8556,
        0.8555,
        0.8555,
        0.8554,
        0.8553,
        0.8553,
        0.8552,
        0.8552,
        0.8551,
        0.8551,
        0.855,
        0.8549,
        0.8549,
        0.8548,
        0.8548,
        0.8547,
        0.8547
      ],
      "metrics": {
        "MAE": 9.3e-05,
        "RMSE": 0.000367,
        "MAPE": 0.0109,
        "R2": 0.9554
      }
    }
  },
  "crypto": {
    "BTC_USD": {
      "current": 80754.0,
      "next_1h": 80708.86,
      "next_24h": 80353.24,
      "change_pct": -0.056,
      "trend": "\ud83d\udcc9 DOWN",
      "predictions": [
        80708.86,
        80682.56,
        80680.75,
        80668.46,
        80652.47,
        80636.98,
        80620.05,
        80603.11,
        80586.57,
        80570.12,
        80553.84,
        80537.71,
        80521.7,
        80505.81,
        80490.03,
        80474.37,
        80458.83,
        80443.41,
        80428.1,
        80412.9,
        80397.82,
        80382.85,
        80367.99,
        80353.24
      ],
      "metrics": {
        "MAE": 201.650991,
        "RMSE": 282.371142,
        "MAPE": 0.2502,
        "R2": 0.828
      }
    },
    "ETH_USD": {
      "current": 2260.63,
      "next_1h": 2260.81,
      "next_24h": 2294.84,
      "change_pct": 0.008,
      "trend": "\ud83d\udcc8 UP",
      "predictions": [
        2260.81,
        2262.5,
        2264.16,
        2265.91,
        2267.82,
        2269.69,
        2271.55,
        2273.36,
        2275.1,
        2276.79,
        2278.41,
        2279.98,
        2281.48,
        2282.94,
        2284.34,
        2285.69,
        2286.99,
        2288.24,
        2289.44,
        2290.6,
        2291.72,
        2292.8,
        2293.84,
        2294.84
      ],
      "metrics": {
        "MAE": 6.740179,
        "RMSE": 9.243075,
        "MAPE": 0.2928,
        "R2": 0.8928
      }
    },
    "BNB_USD": {
      "current": 683.36,
      "next_1h": 682.57,
      "next_24h": 667.51,
      "change_pct": -0.116,
      "trend": "\ud83d\udcc9 DOWN",
      "predictions": [
        682.57,
        681.4,
        681.05,
        680.41,
        679.53,
        678.83,
        678.14,
        677.42,
        676.73,
        676.06,
        675.39,
        674.72,
        674.07,
        673.43,
        672.8,
        672.18,
        671.56,
        670.96,
        670.36,
        669.77,
        669.19,
        668.62,
        668.06,
        667.51
      ],
      "metrics": {
        "MAE": 2.064809,
        "RMSE": 2.867467,
        "MAPE": 0.3126,
        "R2": 0.9527
      }
    }
  }
}