{
  "generated_at": "2026-05-01 07:07:35",
  "exchange_rates": {
    "USD_TZS": {
      "current": 2607.9679,
      "next_1h": 2607.7745,
      "next_24h": 2601.3587,
      "change_pct": -0.007,
      "trend": "\ud83d\udcc9 DOWN",
      "predictions": [
        2607.7745,
        2607.5851,
        2607.1929,
        2606.8096,
        2606.4351,
        2606.0698,
        2605.7158,
        2605.3727,
        2605.0424,
        2604.7245,
        2604.4187,
        2604.1244,
        2603.8414,
        2603.5692,
        2603.3074,
        2603.0556,
        2602.8135,
        2602.5806,
        2602.3566,
        2602.1411,
        2601.934,
        2601.7347,
        2601.543,
        2601.3587
      ],
      "metrics": {
        "MAE": 0.978611,
        "RMSE": 3.676375,
        "MAPE": 0.0376,
        "R2": 0.8953
      }
    },
    "USD_KES": {
      "current": 129.1051,
      "next_1h": 129.105,
      "next_24h": 129.1032,
      "change_pct": 0.0,
      "trend": "\ud83d\udcc9 DOWN",
      "predictions": [
        129.105,
        129.1049,
        129.1049,
        129.1048,
        129.1047,
        129.1046,
        129.1045,
        129.1044,
        129.1044,
        129.1043,
        129.1042,
        129.1041,
        129.104,
        129.104,
        129.1039,
        129.1038,
        129.1037,
        129.1036,
        129.1036,
        129.1035,
        129.1034,
        129.1033,
        129.1032,
        129.1032
      ],
      "metrics": {
        "MAE": 0.004785,
        "RMSE": 0.024376,
        "MAPE": 0.0037,
        "R2": 0.9275
      }
    },
    "USD_UGX": {
      "current": 3715.3893,
      "next_1h": 3715.3484,
      "next_24h": 3714.0869,
      "change_pct": -0.001,
      "trend": "\ud83d\udcc9 DOWN",
      "predictions": [
        3715.3484,
        3715.3075,
        3715.2495,
        3715.1916,
        3715.1338,
        3715.0762,
        3715.0189,
        3714.9618,
        3714.905,
        3714.8485,
        3714.7923,
        3714.7363,
        3714.6807,
        3714.6253,
        3714.5702,
        3714.5154,
        3714.4609,
        3714.4066,
        3714.3527,
        3714.299,
        3714.2456,
        3714.1924,
        3714.1395,
        3714.0869
      ],
      "metrics": {
        "MAE": 0.715018,
        "RMSE": 3.566923,
        "MAPE": 0.0194,
        "R2": 0.912
      }
    },
    "USD_EUR": {
      "current": 0.8533,
      "next_1h": 0.8533,
      "next_24h": 0.8532,
      "change_pct": 0.0,
      "trend": "\ud83d\udcc9 DOWN",
      "predictions": [
        0.8533,
        0.8533,
        0.8533,
        0.8533,
        0.8533,
        0.8533,
        0.8533,
        0.8533,
        0.8533,
        0.8533,
        0.8533,
        0.8533,
        0.8533,
        0.8533,
        0.8533,
        0.8533,
        0.8533,
        0.8533,
        0.8533,
        0.8533,
        0.8533,
        0.8532,
        0.8532,
        0.8532
      ],
      "metrics": {
        "MAE": 6.7e-05,
        "RMSE": 0.000311,
        "MAPE": 0.0078,
        "R2": 0.8748
      }
    }
  },
  "crypto": {
    "BTC_USD": {
      "current": 76963.0,
      "next_1h": 76976.63,
      "next_24h": 77043.83,
      "change_pct": 0.018,
      "trend": "\ud83d\udcc8 UP",
      "predictions": [
        76976.63,
        76993.1,
        76989.09,
        77011.29,
        77007.61,
        77009.91,
        77013.65,
        77014.02,
        77017.22,
        77018.77,
        77020.51,
        77022.55,
        77024.21,
        77026.11,
        77027.9,
        77029.68,
        77031.49,
        77033.26,
        77035.04,
        77036.81,
        77038.57,
        77040.33,
        77042.09,
        77043.83
      ],
      "metrics": {
        "MAE": 184.822477,
        "RMSE": 272.18063,
        "MAPE": 0.2396,
        "R2": 0.895
      }
    },
    "ETH_USD": {
      "current": 2275.3,
      "next_1h": 2275.68,
      "next_24h": 2274.64,
      "change_pct": 0.017,
      "trend": "\ud83d\udcc8 UP",
      "predictions": [
        2275.68,
        2276.31,
        2275.76,
        2276.87,
        2276.3,
        2276.21,
        2276.26,
        2276.04,
        2276.05,
        2275.93,
        2275.82,
        2275.74,
        2275.63,
        2275.54,
        2275.45,
        2275.35,
        2275.26,
        2275.17,
        2275.08,
        2274.99,
        2274.9,
        2274.81,
        2274.72,
        2274.64
      ],
      "metrics": {
        "MAE": 6.747379,
        "RMSE": 10.991865,
        "MAPE": 0.2931,
        "R2": 0.8895
      }
    },
    "BNB_USD": {
      "current": 616.17,
      "next_1h": 616.07,
      "next_24h": 616.06,
      "change_pct": -0.016,
      "trend": "\ud83d\udcc9 DOWN",
      "predictions": [
        616.07,
        616.02,
        616.01,
        616.09,
        616.02,
        616.02,
        616.03,
        616.02,
        616.03,
        616.03,
        616.03,
        616.03,
        616.04,
        616.04,
        616.04,
        616.04,
        616.05,
        616.05,
        616.05,
        616.05,
        616.06,
        616.06,
        616.06,
        616.06
      ],
      "metrics": {
        "MAE": 1.203806,
        "RMSE": 1.720305,
        "MAPE": 0.1922,
        "R2": 0.9507
      }
    }
  }
}