{
  "generated_at": "2026-07-20 17:17:11",
  "exchange_rates": {
    "USD_TZS": {
      "current": 2628.4738,
      "next_1h": 2628.1623,
      "next_24h": 2622.8153,
      "change_pct": -0.012,
      "trend": "\ud83d\udcc9 DOWN",
      "predictions": [
        2628.1623,
        2627.8569,
        2627.5575,
        2627.2641,
        2626.9764,
        2626.6945,
        2626.4207,
        2626.1547,
        2625.8965,
        2625.6458,
        2625.4024,
        2625.1661,
        2624.9367,
        2624.7139,
        2624.4978,
        2624.2879,
        2624.0841,
        2623.8864,
        2623.6944,
        2623.508,
        2623.327,
        2623.1514,
        2622.9809,
        2622.8153
      ],
      "metrics": {
        "MAE": 0.543151,
        "RMSE": 2.082281,
        "MAPE": 0.0208,
        "R2": 0.9553
      }
    },
    "USD_KES": {
      "current": 129.2866,
      "next_1h": 129.2874,
      "next_24h": 129.3036,
      "change_pct": 0.001,
      "trend": "\ud83d\udcc8 UP",
      "predictions": [
        129.2874,
        129.2881,
        129.2889,
        129.2897,
        129.2904,
        129.2912,
        129.2919,
        129.2927,
        129.2934,
        129.2941,
        129.2949,
        129.2956,
        129.2963,
        129.297,
        129.2977,
        129.2984,
        129.2991,
        129.2997,
        129.3004,
        129.3011,
        129.3017,
        129.3024,
        129.303,
        129.3036
      ],
      "metrics": {
        "MAE": 0.002741,
        "RMSE": 0.012206,
        "MAPE": 0.0021,
        "R2": 0.9627
      }
    },
    "USD_UGX": {
      "current": 3691.0959,
      "next_1h": 3691.035,
      "next_24h": 3689.6812,
      "change_pct": -0.002,
      "trend": "\ud83d\udcc9 DOWN",
      "predictions": [
        3691.035,
        3690.9741,
        3690.9135,
        3690.8529,
        3690.7925,
        3690.7322,
        3690.6721,
        3690.6122,
        3690.5525,
        3690.493,
        3690.4337,
        3690.3746,
        3690.3157,
        3690.2571,
        3690.1986,
        3690.1403,
        3690.0822,
        3690.0244,
        3689.9667,
        3689.9092,
        3689.8519,
        3689.7948,
        3689.7379,
        3689.6812
      ],
      "metrics": {
        "MAE": 0.400239,
        "RMSE": 2.350822,
        "MAPE": 0.0109,
        "R2": 0.9578
      }
    },
    "USD_EUR": {
      "current": 0.875,
      "next_1h": 0.875,
      "next_24h": 0.8751,
      "change_pct": 0.001,
      "trend": "\ud83d\udcc8 UP",
      "predictions": [
        0.875,
        0.875,
        0.875,
        0.875,
        0.875,
        0.875,
        0.875,
        0.8751,
        0.8751,
        0.8751,
        0.8751,
        0.8751,
        0.8751,
        0.8751,
        0.8751,
        0.8751,
        0.8751,
        0.8751,
        0.8751,
        0.8751,
        0.8751,
        0.8751,
        0.8751,
        0.8751
      ],
      "metrics": {
        "MAE": 4e-05,
        "RMSE": 0.000233,
        "MAPE": 0.0046,
        "R2": 0.9682
      }
    }
  },
  "crypto": {
    "BTC_USD": {
      "current": 65428.0,
      "next_1h": 65416.31,
      "next_24h": 65136.77,
      "change_pct": -0.018,
      "trend": "\ud83d\udcc9 DOWN",
      "predictions": [
        65416.31,
        65414.15,
        65415.59,
        65397.3,
        65385.12,
        65371.37,
        65358.38,
        65345.23,
        65331.54,
        65318.12,
        65304.75,
        65291.48,
        65278.25,
        65265.07,
        65251.95,
        65238.9,
        65225.92,
        65213.0,
        65200.14,
        65187.34,
        65174.61,
        65161.93,
        65149.32,
        65136.77
      ],
      "metrics": {
        "MAE": 98.813855,
        "RMSE": 147.886221,
        "MAPE": 0.1538,
        "R2": 0.9304
      }
    },
    "ETH_USD": {
      "current": 1898.71,
      "next_1h": 1897.65,
      "next_24h": 1879.25,
      "change_pct": -0.056,
      "trend": "\ud83d\udcc9 DOWN",
      "predictions": [
        1897.65,
        1896.88,
        1895.91,
        1895.09,
        1894.24,
        1893.42,
        1892.6,
        1891.78,
        1890.97,
        1890.16,
        1889.35,
        1888.55,
        1887.75,
        1886.96,
        1886.17,
        1885.38,
        1884.6,
        1883.83,
        1883.05,
        1882.28,
        1881.52,
        1880.76,
        1880.0,
        1879.25
      ],
      "metrics": {
        "MAE": 4.134822,
        "RMSE": 6.13641,
        "MAPE": 0.2209,
        "R2": 0.9497
      }
    },
    "BNB_USD": {
      "current": 572.91,
      "next_1h": 572.95,
      "next_24h": 573.66,
      "change_pct": 0.007,
      "trend": "\ud83d\udcc8 UP",
      "predictions": [
        572.95,
        573.05,
        573.03,
        573.07,
        573.1,
        573.13,
        573.16,
        573.19,
        573.22,
        573.25,
        573.28,
        573.31,
        573.34,
        573.37,
        573.4,
        573.43,
        573.46,
        573.49,
        573.52,
        573.55,
        573.58,
        573.61,
        573.63,
        573.66
      ],
      "metrics": {
        "MAE": 0.810132,
        "RMSE": 1.130062,
        "MAPE": 0.1417,
        "R2": 0.9613
      }
    }
  }
}