{
  "generated_at": "2026-07-13 00:43:17",
  "exchange_rates": {
    "USD_TZS": {
      "current": 2624.1721,
      "next_1h": 2623.8942,
      "next_24h": 2619.2885,
      "change_pct": -0.011,
      "trend": "\ud83d\udcc9 DOWN",
      "predictions": [
        2623.8942,
        2623.6225,
        2623.3567,
        2623.0967,
        2622.8424,
        2622.5937,
        2622.353,
        2622.1203,
        2621.8951,
        2621.6774,
        2621.4669,
        2621.2633,
        2621.0665,
        2620.8763,
        2620.6923,
        2620.5145,
        2620.3425,
        2620.1763,
        2620.0155,
        2619.8602,
        2619.7099,
        2619.5647,
        2619.4242,
        2619.2885
      ],
      "metrics": {
        "MAE": 0.354016,
        "RMSE": 0.587482,
        "MAPE": 0.0135,
        "R2": 0.8497
      }
    },
    "USD_KES": {
      "current": 129.172,
      "next_1h": 129.176,
      "next_24h": 129.2561,
      "change_pct": 0.003,
      "trend": "\ud83d\udcc8 UP",
      "predictions": [
        129.176,
        129.18,
        129.184,
        129.188,
        129.192,
        129.1959,
        129.1997,
        129.2035,
        129.2072,
        129.2109,
        129.2145,
        129.218,
        129.2215,
        129.2249,
        129.2283,
        129.2316,
        129.2348,
        129.238,
        129.2412,
        129.2443,
        129.2473,
        129.2503,
        129.2532,
        129.2561
      ],
      "metrics": {
        "MAE": 0.005553,
        "RMSE": 0.014065,
        "MAPE": 0.0043,
        "R2": 0.8859
      }
    },
    "USD_UGX": {
      "current": 3656.7124,
      "next_1h": 3656.6877,
      "next_24h": 3656.1338,
      "change_pct": -0.001,
      "trend": "\ud83d\udcc9 DOWN",
      "predictions": [
        3656.6877,
        3656.663,
        3656.6384,
        3656.6139,
        3656.5894,
        3656.5649,
        3656.5405,
        3656.5161,
        3656.4918,
        3656.4676,
        3656.4434,
        3656.4193,
        3656.3952,
        3656.3712,
        3656.3472,
        3656.3233,
        3656.2994,
        3656.2756,
        3656.2518,
        3656.2281,
        3656.2045,
        3656.1809,
        3656.1573,
        3656.1338
      ],
      "metrics": {
        "MAE": 0.616981,
        "RMSE": 3.223509,
        "MAPE": 0.0169,
        "R2": 0.9264
      }
    },
    "USD_EUR": {
      "current": 0.8755,
      "next_1h": 0.8755,
      "next_24h": 0.8756,
      "change_pct": 0.0,
      "trend": "\ud83d\udcc9 DOWN",
      "predictions": [
        0.8755,
        0.8755,
        0.8755,
        0.8755,
        0.8755,
        0.8755,
        0.8755,
        0.8755,
        0.8755,
        0.8755,
        0.8755,
        0.8755,
        0.8755,
        0.8755,
        0.8755,
        0.8755,
        0.8755,
        0.8755,
        0.8755,
        0.8755,
        0.8755,
        0.8755,
        0.8756,
        0.8756
      ],
      "metrics": {
        "MAE": 2.6e-05,
        "RMSE": 0.00015,
        "MAPE": 0.003,
        "R2": 0.9454
      }
    }
  },
  "crypto": {
    "BTC_USD": {
      "current": 63630.0,
      "next_1h": 63599.92,
      "next_24h": 63395.72,
      "change_pct": -0.047,
      "trend": "\ud83d\udcc9 DOWN",
      "predictions": [
        63599.92,
        63611.04,
        63628.64,
        63619.74,
        63591.23,
        63579.46,
        63570.96,
        63561.76,
        63550.71,
        63539.41,
        63528.83,
        63518.46,
        63508.04,
        63497.57,
        63487.16,
        63476.82,
        63466.53,
        63456.28,
        63446.07,
        63435.91,
        63425.8,
        63415.73,
        63405.7,
        63395.72
      ],
      "metrics": {
        "MAE": 90.067599,
        "RMSE": 122.884276,
        "MAPE": 0.1418,
        "R2": 0.9679
      }
    },
    "ETH_USD": {
      "current": 1809.84,
      "next_1h": 1807.65,
      "next_24h": 1794.4,
      "change_pct": -0.121,
      "trend": "\ud83d\udcc9 DOWN",
      "predictions": [
        1807.65,
        1808.12,
        1808.33,
        1806.49,
        1806.24,
        1805.69,
        1805.02,
        1804.32,
        1803.7,
        1803.06,
        1802.41,
        1801.78,
        1801.15,
        1800.52,
        1799.89,
        1799.27,
        1798.65,
        1798.03,
        1797.42,
        1796.81,
        1796.2,
        1795.6,
        1795.0,
        1794.4
      ],
      "metrics": {
        "MAE": 3.51097,
        "RMSE": 5.387348,
        "MAPE": 0.1967,
        "R2": 0.9651
      }
    },
    "BNB_USD": {
      "current": 574.82,
      "next_1h": 574.81,
      "next_24h": 575.01,
      "change_pct": -0.002,
      "trend": "\ud83d\udcc9 DOWN",
      "predictions": [
        574.81,
        574.86,
        574.94,
        574.86,
        574.89,
        574.89,
        574.9,
        574.91,
        574.91,
        574.92,
        574.93,
        574.93,
        574.94,
        574.95,
        574.95,
        574.96,
        574.96,
        574.97,
        574.98,
        574.98,
        574.99,
        575.0,
        575.0,
        575.01
      ],
      "metrics": {
        "MAE": 0.782158,
        "RMSE": 1.080948,
        "MAPE": 0.1363,
        "R2": 0.9281
      }
    }
  }
}