{
  "generated_at": "2026-03-24 05:00:20",
  "exchange_rates": {
    "USD_TZS": {
      "current": 2581.1454,
      "next_1h": 2581.1979,
      "next_24h": 2582.8382,
      "change_pct": 0.002,
      "trend": "\ud83d\udcc8 UP",
      "predictions": [
        2581.1979,
        2581.2851,
        2581.3706,
        2581.4549,
        2581.5383,
        2581.6208,
        2581.7017,
        2581.7809,
        2581.8583,
        2581.9341,
        2582.0083,
        2582.0809,
        2582.1519,
        2582.2213,
        2582.2893,
        2582.3558,
        2582.4208,
        2582.4844,
        2582.5467,
        2582.6076,
        2582.6671,
        2582.7254,
        2582.7824,
        2582.8382
      ],
      "metrics": {
        "MAE": 0.333245,
        "RMSE": 1.291183,
        "MAPE": 0.0129,
        "R2": 0.8239
      }
    },
    "USD_KES": {
      "current": 129.5996,
      "next_1h": 129.5729,
      "next_24h": 129.3996,
      "change_pct": -0.021,
      "trend": "\ud83d\udcc9 DOWN",
      "predictions": [
        129.5729,
        129.5562,
        129.5455,
        129.5356,
        129.5261,
        129.5173,
        129.5084,
        129.4996,
        129.4911,
        129.4831,
        129.4754,
        129.468,
        129.4609,
        129.4541,
        129.4476,
        129.4413,
        129.4353,
        129.4296,
        129.424,
        129.4188,
        129.4137,
        129.4088,
        129.4041,
        129.3996
      ],
      "metrics": {
        "MAE": 0.019593,
        "RMSE": 0.059745,
        "MAPE": 0.0151,
        "R2": 0.8484
      }
    },
    "USD_UGX": {
      "current": 3780.9511,
      "next_1h": 3780.9586,
      "next_24h": 3782.3578,
      "change_pct": 0.0,
      "trend": "\ud83d\udcc9 DOWN",
      "predictions": [
        3780.9586,
        3781.0258,
        3781.0919,
        3781.1568,
        3781.221,
        3781.284,
        3781.3461,
        3781.4079,
        3781.4694,
        3781.5306,
        3781.5916,
        3781.6523,
        3781.7127,
        3781.7728,
        3781.8325,
        3781.892,
        3781.9513,
        3782.0102,
        3782.0688,
        3782.1272,
        3782.1853,
        3782.2431,
        3782.3006,
        3782.3578
      ],
      "metrics": {
        "MAE": 0.20284,
        "RMSE": 0.665158,
        "MAPE": 0.0054,
        "R2": 0.7511
      }
    },
    "USD_EUR": {
      "current": 0.8624,
      "next_1h": 0.8625,
      "next_24h": 0.8645,
      "change_pct": 0.017,
      "trend": "\ud83d\udcc8 UP",
      "predictions": [
        0.8625,
        0.8626,
        0.8627,
        0.8628,
        0.8629,
        0.863,
        0.8631,
        0.8632,
        0.8633,
        0.8634,
        0.8635,
        0.8636,
        0.8637,
        0.8637,
        0.8638,
        0.8639,
        0.864,
        0.8641,
        0.8641,
        0.8642,
        0.8643,
        0.8644,
        0.8644,
        0.8645
      ],
      "metrics": {
        "MAE": 0.000112,
        "RMSE": 0.000338,
        "MAPE": 0.013,
        "R2": 0.8253
      }
    }
  },
  "crypto": {
    "BTC_USD": {
      "current": 70367.0,
      "next_1h": 70400.81,
      "next_24h": 70706.42,
      "change_pct": 0.048,
      "trend": "\ud83d\udcc8 UP",
      "predictions": [
        70400.81,
        70424.0,
        70442.37,
        70457.98,
        70474.84,
        70487.93,
        70501.37,
        70514.8,
        70528.13,
        70541.28,
        70554.29,
        70567.08,
        70579.68,
        70592.08,
        70604.3,
        70616.34,
        70628.2,
        70639.88,
        70651.39,
        70662.73,
        70673.9,
        70684.91,
        70695.75,
        70706.42
      ],
      "metrics": {
        "MAE": 250.334374,
        "RMSE": 394.970914,
        "MAPE": 0.3604,
        "R2": 0.8685
      }
    },
    "ETH_USD": {
      "current": 2135.97,
      "next_1h": 2135.63,
      "next_24h": 2134.51,
      "change_pct": -0.016,
      "trend": "\ud83d\udcc9 DOWN",
      "predictions": [
        2135.63,
        2135.32,
        2135.25,
        2135.2,
        2134.99,
        2134.94,
        2134.89,
        2134.86,
        2134.83,
        2134.79,
        2134.77,
        2134.75,
        2134.72,
        2134.7,
        2134.68,
        2134.66,
        2134.64,
        2134.62,
        2134.6,
        2134.58,
        2134.57,
        2134.55,
        2134.53,
        2134.51
      ],
      "metrics": {
        "MAE": 9.641769,
        "RMSE": 17.194676,
        "MAPE": 0.4571,
        "R2": 0.8359
      }
    },
    "BNB_USD": {
      "current": 629.43,
      "next_1h": 630.21,
      "next_24h": 640.86,
      "change_pct": 0.125,
      "trend": "\ud83d\udcc8 UP",
      "predictions": [
        630.21,
        630.97,
        631.46,
        632.04,
        632.59,
        633.11,
        633.63,
        634.14,
        634.64,
        635.12,
        635.6,
        636.06,
        636.51,
        636.95,
        637.39,
        637.81,
        638.22,
        638.63,
        639.02,
        639.41,
        639.78,
        640.15,
        640.51,
        640.86
      ],
      "metrics": {
        "MAE": 1.829389,
        "RMSE": 2.992295,
        "MAPE": 0.2887,
        "R2": 0.7937
      }
    }
  }
}