{
  "generated_at": "2026-07-20 21:17:12",
  "exchange_rates": {
    "USD_TZS": {
      "current": 2628.4738,
      "next_1h": 2628.1578,
      "next_24h": 2622.7438,
      "change_pct": -0.012,
      "trend": "\ud83d\udcc9 DOWN",
      "predictions": [
        2628.1578,
        2627.8481,
        2627.5445,
        2627.247,
        2626.9553,
        2626.6695,
        2626.392,
        2626.1225,
        2625.8609,
        2625.6069,
        2625.3604,
        2625.1211,
        2624.8888,
        2624.6634,
        2624.4447,
        2624.2323,
        2624.0262,
        2623.8262,
        2623.6321,
        2623.4437,
        2623.2608,
        2623.0833,
        2622.911,
        2622.7438
      ],
      "metrics": {
        "MAE": 0.536225,
        "RMSE": 2.072285,
        "MAPE": 0.0205,
        "R2": 0.9559
      }
    },
    "USD_KES": {
      "current": 129.2866,
      "next_1h": 129.2873,
      "next_24h": 129.3027,
      "change_pct": 0.001,
      "trend": "\ud83d\udcc8 UP",
      "predictions": [
        129.2873,
        129.288,
        129.2888,
        129.2895,
        129.2902,
        129.2909,
        129.2916,
        129.2923,
        129.293,
        129.2937,
        129.2944,
        129.2951,
        129.2957,
        129.2964,
        129.2971,
        129.2977,
        129.2984,
        129.299,
        129.2996,
        129.3003,
        129.3009,
        129.3015,
        129.3021,
        129.3027
      ],
      "metrics": {
        "MAE": 0.002627,
        "RMSE": 0.012149,
        "MAPE": 0.002,
        "R2": 0.9615
      }
    },
    "USD_UGX": {
      "current": 3691.0959,
      "next_1h": 3691.0315,
      "next_24h": 3689.5992,
      "change_pct": -0.002,
      "trend": "\ud83d\udcc9 DOWN",
      "predictions": [
        3691.0315,
        3690.9671,
        3690.903,
        3690.8389,
        3690.775,
        3690.7112,
        3690.6477,
        3690.5843,
        3690.5212,
        3690.4583,
        3690.3956,
        3690.3331,
        3690.2708,
        3690.2087,
        3690.1468,
        3690.0851,
        3690.0237,
        3689.9624,
        3689.9014,
        3689.8405,
        3689.7799,
        3689.7195,
        3689.6592,
        3689.5992
      ],
      "metrics": {
        "MAE": 0.386275,
        "RMSE": 2.339462,
        "MAPE": 0.0105,
        "R2": 0.9596
      }
    },
    "USD_EUR": {
      "current": 0.875,
      "next_1h": 0.875,
      "next_24h": 0.8751,
      "change_pct": 0.001,
      "trend": "\ud83d\udcc8 UP",
      "predictions": [
        0.875,
        0.875,
        0.875,
        0.875,
        0.875,
        0.875,
        0.875,
        0.875,
        0.8751,
        0.8751,
        0.8751,
        0.8751,
        0.8751,
        0.8751,
        0.8751,
        0.8751,
        0.8751,
        0.8751,
        0.8751,
        0.8751,
        0.8751,
        0.8751,
        0.8751,
        0.8751
      ],
      "metrics": {
        "MAE": 4e-05,
        "RMSE": 0.000233,
        "MAPE": 0.0045,
        "R2": 0.9682
      }
    }
  },
  "crypto": {
    "BTC_USD": {
      "current": 65297.0,
      "next_1h": 65262.39,
      "next_24h": 64973.51,
      "change_pct": -0.053,
      "trend": "\ud83d\udcc9 DOWN",
      "predictions": [
        65262.39,
        65239.66,
        65229.39,
        65224.34,
        65212.25,
        65197.72,
        65184.14,
        65171.5,
        65159.02,
        65146.25,
        65133.43,
        65120.74,
        65108.16,
        65095.64,
        65083.15,
        65070.73,
        65058.37,
        65046.07,
        65033.83,
        65021.65,
        65009.53,
        64997.46,
        64985.46,
        64973.51
      ],
      "metrics": {
        "MAE": 100.155449,
        "RMSE": 148.786964,
        "MAPE": 0.1558,
        "R2": 0.9337
      }
    },
    "ETH_USD": {
      "current": 1905.19,
      "next_1h": 1904.12,
      "next_24h": 1884.58,
      "change_pct": -0.056,
      "trend": "\ud83d\udcc9 DOWN",
      "predictions": [
        1904.12,
        1903.05,
        1902.22,
        1901.31,
        1900.41,
        1899.53,
        1898.67,
        1897.8,
        1896.94,
        1896.09,
        1895.24,
        1894.39,
        1893.55,
        1892.71,
        1891.88,
        1891.05,
        1890.23,
        1889.41,
        1888.59,
        1887.78,
        1886.98,
        1886.17,
        1885.37,
        1884.58
      ],
      "metrics": {
        "MAE": 4.201291,
        "RMSE": 6.208732,
        "MAPE": 0.2243,
        "R2": 0.9499
      }
    },
    "BNB_USD": {
      "current": 571.96,
      "next_1h": 572.0,
      "next_24h": 572.75,
      "change_pct": 0.007,
      "trend": "\ud83d\udcc8 UP",
      "predictions": [
        572.0,
        572.03,
        572.08,
        572.11,
        572.14,
        572.17,
        572.21,
        572.24,
        572.27,
        572.31,
        572.34,
        572.37,
        572.4,
        572.44,
        572.47,
        572.5,
        572.53,
        572.56,
        572.59,
        572.63,
        572.66,
        572.69,
        572.72,
        572.75
      ],
      "metrics": {
        "MAE": 0.811031,
        "RMSE": 1.131017,
        "MAPE": 0.1419,
        "R2": 0.9586
      }
    }
  }
}