{
  "generated_at": "2026-06-23 20:52:50",
  "exchange_rates": {
    "USD_TZS": {
      "current": 2615.5708,
      "next_1h": 2615.4472,
      "next_24h": 2612.9464,
      "change_pct": -0.005,
      "trend": "\ud83d\udcc9 DOWN",
      "predictions": [
        2615.4472,
        2615.3245,
        2615.2026,
        2615.0815,
        2614.9612,
        2614.8417,
        2614.7237,
        2614.6074,
        2614.4926,
        2614.3794,
        2614.2677,
        2614.1575,
        2614.0488,
        2613.9416,
        2613.8359,
        2613.7316,
        2613.6287,
        2613.5272,
        2613.427,
        2613.3283,
        2613.2308,
        2613.1347,
        2613.0399,
        2612.9464
      ],
      "metrics": {
        "MAE": 0.648095,
        "RMSE": 3.107743,
        "MAPE": 0.0248,
        "R2": 0.8176
      }
    },
    "USD_KES": {
      "current": 129.4042,
      "next_1h": 129.4041,
      "next_24h": 129.4024,
      "change_pct": 0.0,
      "trend": "\ud83d\udcc9 DOWN",
      "predictions": [
        129.4041,
        129.404,
        129.4039,
        129.4039,
        129.4038,
        129.4037,
        129.4036,
        129.4036,
        129.4035,
        129.4034,
        129.4033,
        129.4033,
        129.4032,
        129.4031,
        129.403,
        129.403,
        129.4029,
        129.4028,
        129.4028,
        129.4027,
        129.4026,
        129.4026,
        129.4025,
        129.4024
      ],
      "metrics": {
        "MAE": 0.002811,
        "RMSE": 0.013399,
        "MAPE": 0.0022,
        "R2": 0.8726
      }
    },
    "USD_UGX": {
      "current": 3634.6164,
      "next_1h": 3636.6464,
      "next_24h": 3675.2899,
      "change_pct": 0.056,
      "trend": "\ud83d\udcc8 UP",
      "predictions": [
        3636.6464,
        3638.6552,
        3640.6431,
        3642.6103,
        3644.557,
        3646.4838,
        3648.3729,
        3650.2248,
        3652.0401,
        3653.8194,
        3655.5631,
        3657.2718,
        3658.9463,
        3660.5872,
        3662.1952,
        3663.7709,
        3665.3149,
        3666.828,
        3668.3108,
        3669.7638,
        3671.1876,
        3672.5828,
        3673.9501,
        3675.2899
      ],
      "metrics": {
        "MAE": 2.63007,
        "RMSE": 6.430429,
        "MAPE": 0.0718,
        "R2": 0.9652
      }
    },
    "USD_EUR": {
      "current": 0.8744,
      "next_1h": 0.8743,
      "next_24h": 0.8727,
      "change_pct": -0.009,
      "trend": "\ud83d\udcc9 DOWN",
      "predictions": [
        0.8743,
        0.8743,
        0.8742,
        0.8741,
        0.874,
        0.874,
        0.8739,
        0.8738,
        0.8737,
        0.8737,
        0.8736,
        0.8735,
        0.8735,
        0.8734,
        0.8733,
        0.8733,
        0.8732,
        0.8731,
        0.8731,
        0.873,
        0.8729,
        0.8729,
        0.8728,
        0.8727
      ],
      "metrics": {
        "MAE": 0.000155,
        "RMSE": 0.000684,
        "MAPE": 0.0178,
        "R2": 0.9781
      }
    }
  },
  "crypto": {
    "BTC_USD": {
      "current": 62376.0,
      "next_1h": 62356.66,
      "next_24h": 61996.14,
      "change_pct": -0.031,
      "trend": "\ud83d\udcc9 DOWN",
      "predictions": [
        62356.66,
        62325.08,
        62291.7,
        62294.48,
        62288.94,
        62270.35,
        62252.48,
        62237.06,
        62223.8,
        62208.99,
        62193.13,
        62177.66,
        62162.55,
        62147.5,
        62132.27,
        62117.0,
        62101.82,
        62086.69,
        62071.56,
        62056.43,
        62041.32,
        62026.24,
        62011.18,
        61996.14
      ],
      "metrics": {
        "MAE": 235.237236,
        "RMSE": 326.744187,
        "MAPE": 0.3654,
        "R2": 0.9218
      }
    },
    "ETH_USD": {
      "current": 1661.19,
      "next_1h": 1659.82,
      "next_24h": 1645.42,
      "change_pct": -0.083,
      "trend": "\ud83d\udcc9 DOWN",
      "predictions": [
        1659.82,
        1658.84,
        1658.63,
        1658.23,
        1657.53,
        1656.86,
        1656.25,
        1655.62,
        1654.97,
        1654.33,
        1653.69,
        1653.05,
        1652.41,
        1651.77,
        1651.13,
        1650.49,
        1649.85,
        1649.22,
        1648.58,
        1647.95,
        1647.32,
        1646.69,
        1646.05,
        1645.42
      ],
      "metrics": {
        "MAE": 9.034621,
        "RMSE": 14.04853,
        "MAPE": 0.5196,
        "R2": 0.8839
      }
    },
    "BNB_USD": {
      "current": 575.39,
      "next_1h": 575.68,
      "next_24h": 583.46,
      "change_pct": 0.05,
      "trend": "\ud83d\udcc8 UP",
      "predictions": [
        575.68,
        576.0,
        576.44,
        576.82,
        577.16,
        577.51,
        577.87,
        578.22,
        578.56,
        578.9,
        579.24,
        579.58,
        579.91,
        580.25,
        580.58,
        580.91,
        581.23,
        581.56,
        581.88,
        582.2,
        582.52,
        582.83,
        583.15,
        583.46
      ],
      "metrics": {
        "MAE": 2.084423,
        "RMSE": 3.038433,
        "MAPE": 0.3502,
        "R2": 0.9535
      }
    }
  }
}