{
  "generated_at": "2026-05-26 22:35:30",
  "exchange_rates": {
    "USD_TZS": {
      "current": 2602.0215,
      "next_1h": 2601.9761,
      "next_24h": 2601.3964,
      "change_pct": -0.002,
      "trend": "\ud83d\udcc9 DOWN",
      "predictions": [
        2601.9761,
        2601.9321,
        2601.8894,
        2601.848,
        2601.8079,
        2601.769,
        2601.7326,
        2601.6987,
        2601.6672,
        2601.6378,
        2601.6106,
        2601.5854,
        2601.562,
        2601.5404,
        2601.5204,
        2601.502,
        2601.4849,
        2601.4691,
        2601.4545,
        2601.441,
        2601.4285,
        2601.4169,
        2601.4063,
        2601.3964
      ],
      "metrics": {
        "MAE": 1.332509,
        "RMSE": 3.474268,
        "MAPE": 0.0515,
        "R2": 0.897
      }
    },
    "USD_KES": {
      "current": 129.5328,
      "next_1h": 129.5239,
      "next_24h": 129.3643,
      "change_pct": -0.007,
      "trend": "\ud83d\udcc9 DOWN",
      "predictions": [
        129.5239,
        129.5152,
        129.5065,
        129.498,
        129.4896,
        129.4813,
        129.4732,
        129.4654,
        129.4577,
        129.4503,
        129.443,
        129.4359,
        129.429,
        129.4223,
        129.4158,
        129.4095,
        129.4033,
        129.3973,
        129.3914,
        129.3857,
        129.3801,
        129.3747,
        129.3695,
        129.3643
      ],
      "metrics": {
        "MAE": 0.013969,
        "RMSE": 0.033943,
        "MAPE": 0.0108,
        "R2": 0.9557
      }
    },
    "USD_UGX": {
      "current": 3754.7419,
      "next_1h": 3754.3427,
      "next_24h": 3746.1666,
      "change_pct": -0.011,
      "trend": "\ud83d\udcc9 DOWN",
      "predictions": [
        3754.3427,
        3753.9463,
        3753.5526,
        3753.1617,
        3752.7734,
        3752.3878,
        3752.0066,
        3751.6299,
        3751.2575,
        3750.8895,
        3750.5258,
        3750.1663,
        3749.811,
        3749.4599,
        3749.1128,
        3748.7699,
        3748.4309,
        3748.0959,
        3747.7648,
        3747.4376,
        3747.1142,
        3746.7946,
        3746.4787,
        3746.1666
      ],
      "metrics": {
        "MAE": 0.86801,
        "RMSE": 3.108713,
        "MAPE": 0.0231,
        "R2": 0.9453
      }
    },
    "USD_EUR": {
      "current": 0.8591,
      "next_1h": 0.8591,
      "next_24h": 0.8587,
      "change_pct": -0.002,
      "trend": "\ud83d\udcc9 DOWN",
      "predictions": [
        0.8591,
        0.8591,
        0.8591,
        0.859,
        0.859,
        0.859,
        0.859,
        0.859,
        0.859,
        0.8589,
        0.8589,
        0.8589,
        0.8589,
        0.8589,
        0.8589,
        0.8588,
        0.8588,
        0.8588,
        0.8588,
        0.8588,
        0.8588,
        0.8587,
        0.8587,
        0.8587
      ],
      "metrics": {
        "MAE": 8.6e-05,
        "RMSE": 0.000348,
        "MAPE": 0.0099,
        "R2": 0.9089
      }
    }
  },
  "crypto": {
    "BTC_USD": {
      "current": 75726.0,
      "next_1h": 75785.98,
      "next_24h": 76515.75,
      "change_pct": 0.079,
      "trend": "\ud83d\udcc8 UP",
      "predictions": [
        75785.98,
        75822.05,
        75858.53,
        75897.4,
        75933.26,
        75966.75,
        76000.26,
        76033.35,
        76066.08,
        76098.49,
        76130.55,
        76162.24,
        76193.57,
        76224.55,
        76255.18,
        76285.47,
        76315.41,
        76345.01,
        76374.28,
        76403.22,
        76431.84,
        76460.13,
        76488.1,
        76515.75
      ],
      "metrics": {
        "MAE": 193.184845,
        "RMSE": 273.926019,
        "MAPE": 0.2519,
        "R2": 0.8679
      }
    },
    "ETH_USD": {
      "current": 2067.85,
      "next_1h": 2070.78,
      "next_24h": 2125.8,
      "change_pct": 0.142,
      "trend": "\ud83d\udcc8 UP",
      "predictions": [
        2070.78,
        2073.72,
        2076.75,
        2079.64,
        2082.26,
        2084.81,
        2087.33,
        2089.82,
        2092.29,
        2094.73,
        2097.14,
        2099.52,
        2101.87,
        2104.19,
        2106.48,
        2108.74,
        2110.97,
        2113.17,
        2115.34,
        2117.49,
        2119.6,
        2121.69,
        2123.76,
        2125.8
      ],
      "metrics": {
        "MAE": 8.1046,
        "RMSE": 12.001798,
        "MAPE": 0.3851,
        "R2": 0.811
      }
    },
    "BNB_USD": {
      "current": 655.86,
      "next_1h": 655.83,
      "next_24h": 654.38,
      "change_pct": -0.005,
      "trend": "\ud83d\udcc9 DOWN",
      "predictions": [
        655.83,
        655.77,
        655.7,
        655.63,
        655.56,
        655.5,
        655.43,
        655.36,
        655.3,
        655.23,
        655.17,
        655.11,
        655.04,
        654.98,
        654.92,
        654.86,
        654.79,
        654.73,
        654.67,
        654.61,
        654.55,
        654.49,
        654.43,
        654.38
      ],
      "metrics": {
        "MAE": 1.781305,
        "RMSE": 2.53816,
        "MAPE": 0.2734,
        "R2": 0.8966
      }
    }
  }
}