{
  "generated_at": "2026-04-13 20:28:28",
  "exchange_rates": {
    "USD_TZS": {
      "current": 2597.1504,
      "next_1h": 2596.922,
      "next_24h": 2592.6363,
      "change_pct": -0.009,
      "trend": "\ud83d\udcc9 DOWN",
      "predictions": [
        2596.922,
        2596.696,
        2596.4724,
        2596.2512,
        2596.0323,
        2595.8157,
        2595.6038,
        2595.3964,
        2595.1935,
        2594.9951,
        2594.801,
        2594.6113,
        2594.4257,
        2594.2442,
        2594.0667,
        2593.8932,
        2593.7235,
        2593.5576,
        2593.3953,
        2593.2366,
        2593.0815,
        2592.9297,
        2592.7814,
        2592.6363
      ],
      "metrics": {
        "MAE": 0.403742,
        "RMSE": 1.223711,
        "MAPE": 0.0155,
        "R2": 0.9383
      }
    },
    "USD_KES": {
      "current": 129.1727,
      "next_1h": 129.1764,
      "next_24h": 129.2563,
      "change_pct": 0.003,
      "trend": "\ud83d\udcc8 UP",
      "predictions": [
        129.1764,
        129.1801,
        129.1837,
        129.1874,
        129.191,
        129.1946,
        129.1981,
        129.2017,
        129.2052,
        129.2087,
        129.2123,
        129.2157,
        129.2192,
        129.2227,
        129.2261,
        129.2295,
        129.2329,
        129.2363,
        129.2397,
        129.243,
        129.2464,
        129.2497,
        129.253,
        129.2563
      ],
      "metrics": {
        "MAE": 0.010274,
        "RMSE": 0.053383,
        "MAPE": 0.0079,
        "R2": 0.9799
      }
    },
    "USD_UGX": {
      "current": 3695.1681,
      "next_1h": 3695.78,
      "next_24h": 3708.4757,
      "change_pct": 0.017,
      "trend": "\ud83d\udcc8 UP",
      "predictions": [
        3695.78,
        3696.3886,
        3696.994,
        3697.5961,
        3698.195,
        3698.7903,
        3699.3793,
        3699.962,
        3700.5384,
        3701.1087,
        3701.6728,
        3702.2308,
        3702.7828,
        3703.3289,
        3703.8691,
        3704.4034,
        3704.932,
        3705.4548,
        3705.9721,
        3706.4837,
        3706.9899,
        3707.4905,
        3707.9858,
        3708.4757
      ],
      "metrics": {
        "MAE": 0.799934,
        "RMSE": 3.408124,
        "MAPE": 0.0216,
        "R2": 0.9758
      }
    },
    "USD_EUR": {
      "current": 0.8561,
      "next_1h": 0.8563,
      "next_24h": 0.8595,
      "change_pct": 0.019,
      "trend": "\ud83d\udcc8 UP",
      "predictions": [
        0.8563,
        0.8564,
        0.8566,
        0.8568,
        0.8569,
        0.8571,
        0.8572,
        0.8574,
        0.8575,
        0.8577,
        0.8578,
        0.858,
        0.8581,
        0.8583,
        0.8584,
        0.8585,
        0.8587,
        0.8588,
        0.8589,
        0.8591,
        0.8592,
        0.8593,
        0.8594,
        0.8595
      ],
      "metrics": {
        "MAE": 0.000258,
        "RMSE": 0.000681,
        "MAPE": 0.0302,
        "R2": 0.9652
      }
    }
  },
  "crypto": {
    "BTC_USD": {
      "current": 73094.0,
      "next_1h": 73006.08,
      "next_24h": 72231.81,
      "change_pct": -0.12,
      "trend": "\ud83d\udcc9 DOWN",
      "predictions": [
        73006.08,
        72976.43,
        72919.66,
        72845.6,
        72809.8,
        72779.19,
        72746.49,
        72716.69,
        72686.5,
        72654.48,
        72622.6,
        72590.99,
        72559.5,
        72528.39,
        72497.63,
        72467.13,
        72436.88,
        72406.88,
        72377.11,
        72347.57,
        72318.28,
        72289.22,
        72260.4,
        72231.81
      ],
      "metrics": {
        "MAE": 222.222994,
        "RMSE": 317.425386,
        "MAPE": 0.31,
        "R2": 0.92
      }
    },
    "ETH_USD": {
      "current": 2252.25,
      "next_1h": 2250.43,
      "next_24h": 2216.3,
      "change_pct": -0.081,
      "trend": "\ud83d\udcc9 DOWN",
      "predictions": [
        2250.43,
        2249.07,
        2246.99,
        2245.02,
        2243.36,
        2241.76,
        2240.19,
        2238.66,
        2237.14,
        2235.63,
        2234.14,
        2232.66,
        2231.21,
        2229.77,
        2228.35,
        2226.94,
        2225.55,
        2224.18,
        2222.83,
        2221.49,
        2220.17,
        2218.87,
        2217.58,
        2216.3
      ],
      "metrics": {
        "MAE": 9.036326,
        "RMSE": 13.512884,
        "MAPE": 0.4079,
        "R2": 0.9001
      }
    },
    "BNB_USD": {
      "current": 607.82,
      "next_1h": 607.58,
      "next_24h": 606.96,
      "change_pct": -0.039,
      "trend": "\ud83d\udcc9 DOWN",
      "predictions": [
        607.58,
        607.76,
        607.69,
        607.52,
        607.47,
        607.43,
        607.4,
        607.38,
        607.36,
        607.33,
        607.31,
        607.28,
        607.25,
        607.23,
        607.2,
        607.17,
        607.15,
        607.12,
        607.09,
        607.07,
        607.04,
        607.02,
        606.99,
        606.96
      ],
      "metrics": {
        "MAE": 1.503301,
        "RMSE": 2.008977,
        "MAPE": 0.249,
        "R2": 0.8963
      }
    }
  }
}