{
  "generated_at": "2026-04-20 08:57:19",
  "exchange_rates": {
    "USD_TZS": {
      "current": 2599.4688,
      "next_1h": 2599.3136,
      "next_24h": 2596.2014,
      "change_pct": -0.006,
      "trend": "\ud83d\udcc9 DOWN",
      "predictions": [
        2599.3136,
        2599.1594,
        2599.0062,
        2598.8543,
        2598.7036,
        2598.5542,
        2598.4069,
        2598.2616,
        2598.1185,
        2597.9773,
        2597.8382,
        2597.7011,
        2597.566,
        2597.4328,
        2597.3015,
        2597.172,
        2597.0445,
        2596.9188,
        2596.7948,
        2596.6727,
        2596.5523,
        2596.4336,
        2596.3167,
        2596.2014
      ],
      "metrics": {
        "MAE": 0.312764,
        "RMSE": 0.857612,
        "MAPE": 0.012,
        "R2": 0.9355
      }
    },
    "USD_KES": {
      "current": 129.0733,
      "next_1h": 129.0759,
      "next_24h": 129.134,
      "change_pct": 0.002,
      "trend": "\ud83d\udcc8 UP",
      "predictions": [
        129.0759,
        129.0786,
        129.0812,
        129.0838,
        129.0865,
        129.0891,
        129.0917,
        129.0943,
        129.0969,
        129.0994,
        129.102,
        129.1045,
        129.1071,
        129.1096,
        129.1121,
        129.1146,
        129.117,
        129.1195,
        129.1219,
        129.1244,
        129.1268,
        129.1292,
        129.1316,
        129.134
      ],
      "metrics": {
        "MAE": 0.005039,
        "RMSE": 0.017213,
        "MAPE": 0.0039,
        "R2": 0.9678
      }
    },
    "USD_UGX": {
      "current": 3691.1077,
      "next_1h": 3691.2587,
      "next_24h": 3694.5276,
      "change_pct": 0.004,
      "trend": "\ud83d\udcc8 UP",
      "predictions": [
        3691.2587,
        3691.4091,
        3691.5589,
        3691.7081,
        3691.8566,
        3692.0046,
        3692.1517,
        3692.2979,
        3692.4434,
        3692.588,
        3692.7317,
        3692.8747,
        3693.0168,
        3693.1581,
        3693.2986,
        3693.4383,
        3693.5773,
        3693.7154,
        3693.8527,
        3693.9892,
        3694.125,
        3694.2599,
        3694.3941,
        3694.5276
      ],
      "metrics": {
        "MAE": 0.513004,
        "RMSE": 2.988925,
        "MAPE": 0.0139,
        "R2": 0.9447
      }
    },
    "USD_EUR": {
      "current": 0.8511,
      "next_1h": 0.8511,
      "next_24h": 0.8517,
      "change_pct": 0.003,
      "trend": "\ud83d\udcc8 UP",
      "predictions": [
        0.8511,
        0.8512,
        0.8512,
        0.8512,
        0.8512,
        0.8513,
        0.8513,
        0.8513,
        0.8513,
        0.8514,
        0.8514,
        0.8514,
        0.8515,
        0.8515,
        0.8515,
        0.8515,
        0.8516,
        0.8516,
        0.8516,
        0.8516,
        0.8517,
        0.8517,
        0.8517,
        0.8517
      ],
      "metrics": {
        "MAE": 0.000126,
        "RMSE": 0.000554,
        "MAPE": 0.0148,
        "R2": 0.9243
      }
    }
  },
  "crypto": {
    "BTC_USD": {
      "current": 74724.0,
      "next_1h": 74671.87,
      "next_24h": 73576.69,
      "change_pct": -0.07,
      "trend": "\ud83d\udcc9 DOWN",
      "predictions": [
        74671.87,
        74658.41,
        74573.58,
        74529.65,
        74479.47,
        74423.41,
        74374.72,
        74323.08,
        74272.43,
        74222.99,
        74173.41,
        74124.64,
        74076.34,
        74028.48,
        73981.17,
        73934.33,
        73887.98,
        73842.11,
        73796.71,
        73751.78,
        73707.33,
        73663.33,
        73619.78,
        73576.69
      ],
      "metrics": {
        "MAE": 242.338023,
        "RMSE": 323.337511,
        "MAPE": 0.3224,
        "R2": 0.908
      }
    },
    "ETH_USD": {
      "current": 2293.98,
      "next_1h": 2292.41,
      "next_24h": 2245.28,
      "change_pct": -0.069,
      "trend": "\ud83d\udcc9 DOWN",
      "predictions": [
        2292.41,
        2291.62,
        2288.64,
        2286.04,
        2283.94,
        2281.5,
        2279.29,
        2277.07,
        2274.83,
        2272.67,
        2270.52,
        2268.4,
        2266.32,
        2264.26,
        2262.24,
        2260.24,
        2258.27,
        2256.34,
        2254.43,
        2252.54,
        2250.69,
        2248.86,
        2247.06,
        2245.28
      ],
      "metrics": {
        "MAE": 9.591156,
        "RMSE": 13.786895,
        "MAPE": 0.4089,
        "R2": 0.8825
      }
    },
    "BNB_USD": {
      "current": 623.67,
      "next_1h": 623.53,
      "next_24h": 619.68,
      "change_pct": -0.022,
      "trend": "\ud83d\udcc9 DOWN",
      "predictions": [
        623.53,
        623.66,
        623.16,
        622.93,
        622.75,
        622.54,
        622.38,
        622.21,
        622.04,
        621.88,
        621.71,
        621.54,
        621.38,
        621.21,
        621.05,
        620.89,
        620.73,
        620.58,
        620.43,
        620.27,
        620.12,
        619.97,
        619.83,
        619.68
      ],
      "metrics": {
        "MAE": 1.677529,
        "RMSE": 2.231984,
        "MAPE": 0.2683,
        "R2": 0.9425
      }
    }
  }
}