{
  "generated_at": "2026-05-10 03:19:07",
  "exchange_rates": {
    "USD_TZS": {
      "current": 2599.3308,
      "next_1h": 2599.4296,
      "next_24h": 2600.8558,
      "change_pct": 0.004,
      "trend": "\ud83d\udcc8 UP",
      "predictions": [
        2599.4296,
        2599.5256,
        2599.619,
        2599.7098,
        2599.807,
        2599.9015,
        2599.9905,
        2600.0742,
        2600.1528,
        2600.2265,
        2600.2953,
        2600.3594,
        2600.4192,
        2600.4747,
        2600.5264,
        2600.5745,
        2600.6193,
        2600.6609,
        2600.6995,
        2600.7355,
        2600.7689,
        2600.8,
        2600.8289,
        2600.8558
      ],
      "metrics": {
        "MAE": 0.747298,
        "RMSE": 2.667409,
        "MAPE": 0.0288,
        "R2": 0.9075
      }
    },
    "USD_KES": {
      "current": 129.179,
      "next_1h": 129.1786,
      "next_24h": 129.1711,
      "change_pct": 0.0,
      "trend": "\ud83d\udcc9 DOWN",
      "predictions": [
        129.1786,
        129.1782,
        129.1779,
        129.1775,
        129.1772,
        129.1768,
        129.1765,
        129.1761,
        129.1758,
        129.1754,
        129.1751,
        129.1748,
        129.1745,
        129.1741,
        129.1738,
        129.1735,
        129.1732,
        129.1729,
        129.1726,
        129.1723,
        129.172,
        129.1717,
        129.1714,
        129.1711
      ],
      "metrics": {
        "MAE": 0.001275,
        "RMSE": 0.006006,
        "MAPE": 0.001,
        "R2": 0.9181
      }
    },
    "USD_UGX": {
      "current": 3718.1034,
      "next_1h": 3717.8523,
      "next_24h": 3713.2419,
      "change_pct": -0.007,
      "trend": "\ud83d\udcc9 DOWN",
      "predictions": [
        3717.8523,
        3717.6036,
        3717.3574,
        3717.1137,
        3716.8889,
        3716.6663,
        3716.4475,
        3716.2324,
        3716.021,
        3715.8132,
        3715.6088,
        3715.4078,
        3715.2102,
        3715.0159,
        3714.8248,
        3714.6368,
        3714.4521,
        3714.2703,
        3714.0917,
        3713.916,
        3713.7432,
        3713.5733,
        3713.4062,
        3713.2419
      ],
      "metrics": {
        "MAE": 0.983238,
        "RMSE": 3.170276,
        "MAPE": 0.0263,
        "R2": 0.9224
      }
    },
    "USD_EUR": {
      "current": 0.8494,
      "next_1h": 0.8494,
      "next_24h": 0.8501,
      "change_pct": 0.004,
      "trend": "\ud83d\udcc8 UP",
      "predictions": [
        0.8494,
        0.8494,
        0.8495,
        0.8495,
        0.8495,
        0.8496,
        0.8496,
        0.8496,
        0.8497,
        0.8497,
        0.8497,
        0.8498,
        0.8498,
        0.8498,
        0.8498,
        0.8499,
        0.8499,
        0.8499,
        0.8499,
        0.85,
        0.85,
        0.85,
        0.85,
        0.8501
      ],
      "metrics": {
        "MAE": 9.4e-05,
        "RMSE": 0.000414,
        "MAPE": 0.011,
        "R2": 0.9502
      }
    }
  },
  "crypto": {
    "BTC_USD": {
      "current": 80755.0,
      "next_1h": 80708.01,
      "next_24h": 80050.43,
      "change_pct": -0.058,
      "trend": "\ud83d\udcc9 DOWN",
      "predictions": [
        80708.01,
        80683.21,
        80659.62,
        80624.48,
        80599.35,
        80567.61,
        80537.01,
        80507.0,
        80476.4,
        80446.54,
        80416.65,
        80387.03,
        80357.7,
        80328.56,
        80299.69,
        80271.05,
        80242.65,
        80214.49,
        80186.57,
        80158.88,
        80131.42,
        80104.2,
        80077.2,
        80050.43
      ],
      "metrics": {
        "MAE": 201.869773,
        "RMSE": 303.906853,
        "MAPE": 0.2513,
        "R2": 0.9058
      }
    },
    "ETH_USD": {
      "current": 2326.91,
      "next_1h": 2325.73,
      "next_24h": 2315.49,
      "change_pct": -0.051,
      "trend": "\ud83d\udcc9 DOWN",
      "predictions": [
        2325.73,
        2325.41,
        2325.14,
        2324.23,
        2323.99,
        2323.4,
        2322.86,
        2322.38,
        2321.84,
        2321.36,
        2320.87,
        2320.39,
        2319.92,
        2319.47,
        2319.02,
        2318.59,
        2318.17,
        2317.76,
        2317.35,
        2316.96,
        2316.58,
        2316.21,
        2315.84,
        2315.49
      ],
      "metrics": {
        "MAE": 7.153835,
        "RMSE": 10.825242,
        "MAPE": 0.3055,
        "R2": 0.8921
      }
    },
    "BNB_USD": {
      "current": 647.45,
      "next_1h": 647.04,
      "next_24h": 640.11,
      "change_pct": -0.064,
      "trend": "\ud83d\udcc9 DOWN",
      "predictions": [
        647.04,
        646.46,
        646.26,
        645.81,
        645.51,
        645.2,
        644.87,
        644.56,
        644.25,
        643.95,
        643.65,
        643.35,
        643.06,
        642.78,
        642.49,
        642.21,
        641.94,
        641.67,
        641.4,
        641.13,
        640.87,
        640.62,
        640.36,
        640.11
      ],
      "metrics": {
        "MAE": 1.595821,
        "RMSE": 2.341462,
        "MAPE": 0.2501,
        "R2": 0.9604
      }
    }
  }
}