{
  "generated_at": "2026-07-12 19:13:08",
  "exchange_rates": {
    "USD_TZS": {
      "current": 2624.1721,
      "next_1h": 2623.8911,
      "next_24h": 2619.239,
      "change_pct": -0.011,
      "trend": "\ud83d\udcc9 DOWN",
      "predictions": [
        2623.8911,
        2623.6164,
        2623.3477,
        2623.0848,
        2622.8278,
        2622.5764,
        2622.3331,
        2622.0979,
        2621.8704,
        2621.6504,
        2621.4378,
        2621.2322,
        2621.0334,
        2620.8413,
        2620.6555,
        2620.476,
        2620.3024,
        2620.1346,
        2619.9725,
        2619.8157,
        2619.6641,
        2619.5176,
        2619.376,
        2619.239
      ],
      "metrics": {
        "MAE": 0.356698,
        "RMSE": 0.590333,
        "MAPE": 0.0136,
        "R2": 0.86
      }
    },
    "USD_KES": {
      "current": 129.172,
      "next_1h": 129.1761,
      "next_24h": 129.2582,
      "change_pct": 0.003,
      "trend": "\ud83d\udcc8 UP",
      "predictions": [
        129.1761,
        129.1803,
        129.1844,
        129.1885,
        129.1925,
        129.1965,
        129.2005,
        129.2044,
        129.2082,
        129.212,
        129.2156,
        129.2193,
        129.2228,
        129.2263,
        129.2298,
        129.2332,
        129.2365,
        129.2398,
        129.243,
        129.2461,
        129.2492,
        129.2523,
        129.2553,
        129.2582
      ],
      "metrics": {
        "MAE": 0.005624,
        "RMSE": 0.014121,
        "MAPE": 0.0044,
        "R2": 0.8872
      }
    },
    "USD_UGX": {
      "current": 3656.7124,
      "next_1h": 3656.7241,
      "next_24h": 3656.9873,
      "change_pct": 0.0,
      "trend": "\ud83d\udcc9 DOWN",
      "predictions": [
        3656.7241,
        3656.7359,
        3656.7476,
        3656.7593,
        3656.771,
        3656.7827,
        3656.7943,
        3656.8059,
        3656.8175,
        3656.829,
        3656.8405,
        3656.852,
        3656.8634,
        3656.8749,
        3656.8862,
        3656.8976,
        3656.9089,
        3656.9202,
        3656.9315,
        3656.9427,
        3656.9539,
        3656.9651,
        3656.9762,
        3656.9873
      ],
      "metrics": {
        "MAE": 0.674799,
        "RMSE": 3.310164,
        "MAPE": 0.0185,
        "R2": 0.9251
      }
    },
    "USD_EUR": {
      "current": 0.8755,
      "next_1h": 0.8755,
      "next_24h": 0.8756,
      "change_pct": 0.001,
      "trend": "\ud83d\udcc8 UP",
      "predictions": [
        0.8755,
        0.8755,
        0.8755,
        0.8755,
        0.8755,
        0.8755,
        0.8755,
        0.8755,
        0.8756,
        0.8756,
        0.8756,
        0.8756,
        0.8756,
        0.8756,
        0.8756,
        0.8756,
        0.8756,
        0.8756,
        0.8756,
        0.8756,
        0.8756,
        0.8756,
        0.8756,
        0.8756
      ],
      "metrics": {
        "MAE": 3.6e-05,
        "RMSE": 0.000172,
        "MAPE": 0.0042,
        "R2": 0.9296
      }
    }
  },
  "crypto": {
    "BTC_USD": {
      "current": 64177.0,
      "next_1h": 64158.95,
      "next_24h": 63841.03,
      "change_pct": -0.028,
      "trend": "\ud83d\udcc9 DOWN",
      "predictions": [
        64158.95,
        64132.62,
        64113.51,
        64105.16,
        64094.92,
        64080.5,
        64065.85,
        64052.02,
        64038.68,
        64025.23,
        64011.65,
        63998.14,
        63984.73,
        63971.4,
        63958.11,
        63944.87,
        63931.69,
        63918.57,
        63905.51,
        63892.5,
        63879.55,
        63866.65,
        63853.81,
        63841.03
      ],
      "metrics": {
        "MAE": 88.656527,
        "RMSE": 116.911552,
        "MAPE": 0.1398,
        "R2": 0.9765
      }
    },
    "ETH_USD": {
      "current": 1820.9,
      "next_1h": 1819.88,
      "next_24h": 1803.45,
      "change_pct": -0.056,
      "trend": "\ud83d\udcc9 DOWN",
      "predictions": [
        1819.88,
        1818.9,
        1818.34,
        1817.54,
        1816.76,
        1816.03,
        1815.31,
        1814.58,
        1813.86,
        1813.14,
        1812.42,
        1811.71,
        1811.0,
        1810.3,
        1809.6,
        1808.9,
        1808.2,
        1807.51,
        1806.83,
        1806.14,
        1805.46,
        1804.79,
        1804.12,
        1803.45
      ],
      "metrics": {
        "MAE": 3.333316,
        "RMSE": 4.654349,
        "MAPE": 0.1875,
        "R2": 0.9755
      }
    },
    "BNB_USD": {
      "current": 579.1,
      "next_1h": 579.07,
      "next_24h": 578.62,
      "change_pct": -0.005,
      "trend": "\ud83d\udcc9 DOWN",
      "predictions": [
        579.07,
        579.03,
        579.02,
        579.0,
        578.98,
        578.96,
        578.94,
        578.92,
        578.9,
        578.88,
        578.86,
        578.84,
        578.83,
        578.81,
        578.79,
        578.77,
        578.75,
        578.73,
        578.71,
        578.69,
        578.67,
        578.65,
        578.64,
        578.62
      ],
      "metrics": {
        "MAE": 0.783313,
        "RMSE": 1.062223,
        "MAPE": 0.1366,
        "R2": 0.9437
      }
    }
  }
}