{
  "generated_at": "2026-05-24 03:20:17",
  "exchange_rates": {
    "USD_TZS": {
      "current": 2584.8601,
      "next_1h": 2585.8432,
      "next_24h": 2598.4765,
      "change_pct": 0.038,
      "trend": "\ud83d\udcc8 UP",
      "predictions": [
        2585.8432,
        2586.7971,
        2587.7229,
        2588.6213,
        2589.4888,
        2590.3306,
        2591.1178,
        2591.8529,
        2592.5383,
        2593.1762,
        2593.769,
        2594.3188,
        2594.8285,
        2595.301,
        2595.7387,
        2596.1442,
        2596.5198,
        2596.8677,
        2597.1898,
        2597.4881,
        2597.7644,
        2598.0202,
        2598.2571,
        2598.4765
      ],
      "metrics": {
        "MAE": 1.126201,
        "RMSE": 3.043126,
        "MAPE": 0.0436,
        "R2": 0.9186
      }
    },
    "USD_KES": {
      "current": 129.6092,
      "next_1h": 129.597,
      "next_24h": 129.3833,
      "change_pct": -0.009,
      "trend": "\ud83d\udcc9 DOWN",
      "predictions": [
        129.597,
        129.5849,
        129.5731,
        129.5614,
        129.55,
        129.5388,
        129.5279,
        129.5173,
        129.507,
        129.497,
        129.4873,
        129.4778,
        129.4687,
        129.4597,
        129.4511,
        129.4426,
        129.4345,
        129.4265,
        129.4188,
        129.4113,
        129.404,
        129.3969,
        129.39,
        129.3833
      ],
      "metrics": {
        "MAE": 0.009393,
        "RMSE": 0.02576,
        "MAPE": 0.0073,
        "R2": 0.9702
      }
    },
    "USD_UGX": {
      "current": 3753.2109,
      "next_1h": 3752.8215,
      "next_24h": 3744.9589,
      "change_pct": -0.01,
      "trend": "\ud83d\udcc9 DOWN",
      "predictions": [
        3752.8215,
        3752.4342,
        3752.0489,
        3751.6657,
        3751.2982,
        3750.9326,
        3750.5708,
        3750.2127,
        3749.8584,
        3749.5077,
        3749.1606,
        3748.8171,
        3748.477,
        3748.1405,
        3747.8074,
        3747.4777,
        3747.1514,
        3746.8284,
        3746.5088,
        3746.1924,
        3745.8793,
        3745.5693,
        3745.2626,
        3744.9589
      ],
      "metrics": {
        "MAE": 0.599967,
        "RMSE": 2.343182,
        "MAPE": 0.016,
        "R2": 0.9747
      }
    },
    "USD_EUR": {
      "current": 0.862,
      "next_1h": 0.8618,
      "next_24h": 0.8595,
      "change_pct": -0.013,
      "trend": "\ud83d\udcc9 DOWN",
      "predictions": [
        0.8618,
        0.8617,
        0.8616,
        0.8615,
        0.8614,
        0.8613,
        0.8612,
        0.8611,
        0.861,
        0.8609,
        0.8608,
        0.8607,
        0.8606,
        0.8605,
        0.8604,
        0.8603,
        0.8602,
        0.8601,
        0.86,
        0.8599,
        0.8598,
        0.8597,
        0.8596,
        0.8595
      ],
      "metrics": {
        "MAE": 0.000163,
        "RMSE": 0.000452,
        "MAPE": 0.019,
        "R2": 0.8717
      }
    }
  },
  "crypto": {
    "BTC_USD": {
      "current": 76780.0,
      "next_1h": 76820.59,
      "next_24h": 77348.32,
      "change_pct": 0.053,
      "trend": "\ud83d\udcc8 UP",
      "predictions": [
        76820.59,
        76845.13,
        76867.06,
        76892.09,
        76917.37,
        76942.73,
        76967.74,
        76992.36,
        77016.68,
        77040.7,
        77064.43,
        77087.88,
        77111.05,
        77133.95,
        77156.57,
        77178.91,
        77200.99,
        77222.81,
        77244.36,
        77265.66,
        77286.7,
        77307.48,
        77328.02,
        77348.32
      ],
      "metrics": {
        "MAE": 177.904847,
        "RMSE": 257.153256,
        "MAPE": 0.2311,
        "R2": 0.9384
      }
    },
    "ETH_USD": {
      "current": 2120.39,
      "next_1h": 2128.31,
      "next_24h": 2225.8,
      "change_pct": 0.374,
      "trend": "\ud83d\udcc8 UP",
      "predictions": [
        2128.31,
        2133.85,
        2139.71,
        2145.3,
        2150.53,
        2155.81,
        2160.85,
        2165.76,
        2170.5,
        2175.08,
        2179.52,
        2183.82,
        2187.98,
        2192.0,
        2195.9,
        2199.67,
        2203.32,
        2206.85,
        2210.27,
        2213.59,
        2216.79,
        2219.89,
        2222.89,
        2225.8
      ],
      "metrics": {
        "MAE": 8.626455,
        "RMSE": 12.480651,
        "MAPE": 0.4068,
        "R2": 0.9285
      }
    },
    "BNB_USD": {
      "current": 657.48,
      "next_1h": 657.34,
      "next_24h": 657.34,
      "change_pct": -0.022,
      "trend": "\ud83d\udcc9 DOWN",
      "predictions": [
        657.34,
        657.3,
        657.33,
        657.31,
        657.3,
        657.3,
        657.31,
        657.31,
        657.31,
        657.31,
        657.31,
        657.31,
        657.32,
        657.32,
        657.32,
        657.32,
        657.32,
        657.32,
        657.33,
        657.33,
        657.33,
        657.33,
        657.33,
        657.34
      ],
      "metrics": {
        "MAE": 1.745853,
        "RMSE": 2.443727,
        "MAPE": 0.2684,
        "R2": 0.9053
      }
    }
  }
}