{
  "generated_at": "2026-03-22 01:00:13",
  "exchange_rates": {
    "USD_TZS": {
      "current": 2585.2839,
      "next_1h": 2585.3798,
      "next_24h": 2585.8628,
      "change_pct": 0.004,
      "trend": "\ud83d\udcc8 UP",
      "predictions": [
        2585.3798,
        2585.377,
        2585.4378,
        2585.3609,
        2585.4068,
        2585.4328,
        2585.4616,
        2585.4863,
        2585.5135,
        2585.5394,
        2585.5651,
        2585.5903,
        2585.6151,
        2585.6396,
        2585.6636,
        2585.6872,
        2585.7104,
        2585.7333,
        2585.7557,
        2585.7779,
        2585.7996,
        2585.821,
        2585.8421,
        2585.8628
      ],
      "metrics": {
        "MAE": 0.565655,
        "RMSE": 2.232863,
        "MAPE": 0.0218,
        "R2": 0.927
      }
    },
    "USD_KES": {
      "current": 129.4379,
      "next_1h": 129.4126,
      "next_24h": 129.2819,
      "change_pct": -0.02,
      "trend": "\ud83d\udcc9 DOWN",
      "predictions": [
        129.4126,
        129.4034,
        129.3942,
        129.3847,
        129.376,
        129.367,
        129.3583,
        129.3504,
        129.3432,
        129.3365,
        129.3304,
        129.3247,
        129.3194,
        129.3145,
        129.31,
        129.3058,
        129.302,
        129.2984,
        129.2951,
        129.292,
        129.2892,
        129.2866,
        129.2842,
        129.2819
      ],
      "metrics": {
        "MAE": 0.020297,
        "RMSE": 0.021226,
        "MAPE": 0.0157,
        "R2": -1.0222
      }
    },
    "USD_UGX": {
      "current": 3777.7485,
      "next_1h": 3777.8174,
      "next_24h": 3779.1594,
      "change_pct": 0.002,
      "trend": "\ud83d\udcc8 UP",
      "predictions": [
        3777.8174,
        3777.8856,
        3777.9493,
        3778.0156,
        3778.0804,
        3778.1395,
        3778.1984,
        3778.2572,
        3778.3156,
        3778.3738,
        3778.4318,
        3778.4895,
        3778.5469,
        3778.604,
        3778.6609,
        3778.7174,
        3778.7736,
        3778.8296,
        3778.8853,
        3778.9406,
        3778.9958,
        3779.0506,
        3779.1051,
        3779.1594
      ],
      "metrics": {
        "MAE": 0.206696,
        "RMSE": 0.736922,
        "MAPE": 0.0055,
        "R2": 0.9559
      }
    },
    "USD_EUR": {
      "current": 0.8655,
      "next_1h": 0.8656,
      "next_24h": 0.8667,
      "change_pct": 0.007,
      "trend": "\ud83d\udcc8 UP",
      "predictions": [
        0.8656,
        0.8656,
        0.8657,
        0.8657,
        0.8658,
        0.8658,
        0.8659,
        0.866,
        0.866,
        0.8661,
        0.8661,
        0.8662,
        0.8662,
        0.8662,
        0.8663,
        0.8663,
        0.8664,
        0.8664,
        0.8665,
        0.8665,
        0.8666,
        0.8666,
        0.8666,
        0.8667
      ],
      "metrics": {
        "MAE": 0.000167,
        "RMSE": 0.000613,
        "MAPE": 0.0193,
        "R2": 0.9315
      }
    }
  },
  "crypto": {
    "BTC_USD": {
      "current": 68900.0,
      "next_1h": 69006.32,
      "next_24h": 69885.47,
      "change_pct": 0.154,
      "trend": "\ud83d\udcc8 UP",
      "predictions": [
        69006.32,
        69069.71,
        69206.5,
        69235.12,
        69264.8,
        69299.71,
        69330.82,
        69368.03,
        69404.66,
        69440.2,
        69475.36,
        69509.63,
        69543.41,
        69576.77,
        69609.65,
        69642.08,
        69674.06,
        69705.57,
        69736.64,
        69767.26,
        69797.45,
        69827.21,
        69856.55,
        69885.47
      ],
      "metrics": {
        "MAE": 215.548054,
        "RMSE": 316.053006,
        "MAPE": 0.3076,
        "R2": 0.5694
      }
    },
    "ETH_USD": {
      "current": 2086.2,
      "next_1h": 2084.38,
      "next_24h": 2098.65,
      "change_pct": -0.087,
      "trend": "\ud83d\udcc9 DOWN",
      "predictions": [
        2084.38,
        2081.55,
        2081.07,
        2078.62,
        2079.88,
        2080.63,
        2081.41,
        2082.43,
        2083.39,
        2084.52,
        2085.62,
        2086.71,
        2087.8,
        2088.87,
        2089.93,
        2090.97,
        2092.0,
        2093.0,
        2093.99,
        2094.96,
        2095.91,
        2096.84,
        2097.76,
        2098.65
      ],
      "metrics": {
        "MAE": 8.343555,
        "RMSE": 13.092654,
        "MAPE": 0.3896,
        "R2": 0.6199
      }
    },
    "BNB_USD": {
      "current": 630.04,
      "next_1h": 631.47,
      "next_24h": 643.1,
      "change_pct": 0.227,
      "trend": "\ud83d\udcc8 UP",
      "predictions": [
        631.47,
        631.81,
        632.75,
        633.33,
        633.89,
        634.5,
        635.07,
        635.63,
        636.18,
        636.72,
        637.25,
        637.76,
        638.26,
        638.76,
        639.24,
        639.71,
        640.16,
        640.61,
        641.05,
        641.48,
        641.9,
        642.31,
        642.71,
        643.1
      ],
      "metrics": {
        "MAE": 1.581117,
        "RMSE": 2.388583,
        "MAPE": 0.2468,
        "R2": 0.5885
      }
    }
  }
}