{
  "generated_at": "2026-04-22 12:35:09",
  "exchange_rates": {
    "USD_TZS": {
      "current": 2603.876,
      "next_1h": 2603.7028,
      "next_24h": 2600.1767,
      "change_pct": -0.007,
      "trend": "\ud83d\udcc9 DOWN",
      "predictions": [
        2603.7028,
        2603.5306,
        2603.3595,
        2603.1894,
        2603.0204,
        2602.8524,
        2602.6865,
        2602.5228,
        2602.3612,
        2602.2018,
        2602.0444,
        2601.889,
        2601.7357,
        2601.5845,
        2601.4352,
        2601.2878,
        2601.1424,
        2600.9989,
        2600.8573,
        2600.7176,
        2600.5796,
        2600.4435,
        2600.3092,
        2600.1767
      ],
      "metrics": {
        "MAE": 0.291151,
        "RMSE": 0.861573,
        "MAPE": 0.0112,
        "R2": 0.91
      }
    },
    "USD_KES": {
      "current": 129.1467,
      "next_1h": 129.1497,
      "next_24h": 129.2151,
      "change_pct": 0.002,
      "trend": "\ud83d\udcc8 UP",
      "predictions": [
        129.1497,
        129.1528,
        129.1557,
        129.1587,
        129.1617,
        129.1647,
        129.1676,
        129.1706,
        129.1735,
        129.1764,
        129.1793,
        129.1821,
        129.185,
        129.1878,
        129.1906,
        129.1934,
        129.1962,
        129.1989,
        129.2017,
        129.2044,
        129.2071,
        129.2098,
        129.2125,
        129.2151
      ],
      "metrics": {
        "MAE": 0.005809,
        "RMSE": 0.014653,
        "MAPE": 0.0045,
        "R2": 0.9571
      }
    },
    "USD_UGX": {
      "current": 3697.0944,
      "next_1h": 3697.4397,
      "next_24h": 3704.5038,
      "change_pct": 0.009,
      "trend": "\ud83d\udcc8 UP",
      "predictions": [
        3697.4397,
        3697.7823,
        3698.1222,
        3698.4595,
        3698.7941,
        3699.1261,
        3699.4544,
        3699.7791,
        3700.1001,
        3700.4175,
        3700.7313,
        3701.0416,
        3701.3484,
        3701.6517,
        3701.9517,
        3702.2482,
        3702.5415,
        3702.8314,
        3703.1181,
        3703.4015,
        3703.6818,
        3703.9589,
        3704.2328,
        3704.5038
      ],
      "metrics": {
        "MAE": 0.658459,
        "RMSE": 2.315274,
        "MAPE": 0.0178,
        "R2": 0.6757
      }
    },
    "USD_EUR": {
      "current": 0.8511,
      "next_1h": 0.851,
      "next_24h": 0.8501,
      "change_pct": -0.005,
      "trend": "\ud83d\udcc9 DOWN",
      "predictions": [
        0.851,
        0.851,
        0.851,
        0.8509,
        0.8509,
        0.8508,
        0.8508,
        0.8508,
        0.8507,
        0.8507,
        0.8506,
        0.8506,
        0.8506,
        0.8505,
        0.8505,
        0.8504,
        0.8504,
        0.8504,
        0.8503,
        0.8503,
        0.8502,
        0.8502,
        0.8502,
        0.8501
      ],
      "metrics": {
        "MAE": 0.000105,
        "RMSE": 0.000353,
        "MAPE": 0.0123,
        "R2": 0.9095
      }
    }
  },
  "crypto": {
    "BTC_USD": {
      "current": 78207.0,
      "next_1h": 78159.78,
      "next_24h": 77545.41,
      "change_pct": -0.06,
      "trend": "\ud83d\udcc9 DOWN",
      "predictions": [
        78159.78,
        78156.92,
        78106.98,
        78084.65,
        78059.73,
        78027.36,
        78001.82,
        77973.76,
        77945.48,
        77918.54,
        77890.89,
        77863.58,
        77836.51,
        77809.39,
        77782.49,
        77755.69,
        77728.98,
        77702.41,
        77675.96,
        77649.61,
        77623.39,
        77597.28,
        77571.29,
        77545.41
      ],
      "metrics": {
        "MAE": 249.353207,
        "RMSE": 335.496336,
        "MAPE": 0.3287,
        "R2": 0.8963
      }
    },
    "ETH_USD": {
      "current": 2400.55,
      "next_1h": 2399.08,
      "next_24h": 2370.77,
      "change_pct": -0.061,
      "trend": "\ud83d\udcc9 DOWN",
      "predictions": [
        2399.08,
        2398.22,
        2397.79,
        2395.87,
        2394.87,
        2393.61,
        2392.16,
        2390.94,
        2389.58,
        2388.26,
        2386.98,
        2385.66,
        2384.38,
        2383.1,
        2381.83,
        2380.57,
        2379.31,
        2378.07,
        2376.83,
        2375.6,
        2374.38,
        2373.17,
        2371.96,
        2370.77
      ],
      "metrics": {
        "MAE": 8.977594,
        "RMSE": 12.379743,
        "MAPE": 0.3837,
        "R2": 0.9054
      }
    },
    "BNB_USD": {
      "current": 642.86,
      "next_1h": 642.32,
      "next_24h": 633.71,
      "change_pct": -0.085,
      "trend": "\ud83d\udcc9 DOWN",
      "predictions": [
        642.32,
        641.82,
        641.5,
        640.99,
        640.57,
        640.18,
        639.76,
        639.38,
        638.99,
        638.6,
        638.22,
        637.85,
        637.48,
        637.11,
        636.75,
        636.39,
        636.04,
        635.7,
        635.35,
        635.02,
        634.68,
        634.35,
        634.03,
        633.71
      ],
      "metrics": {
        "MAE": 1.656393,
        "RMSE": 2.261075,
        "MAPE": 0.2626,
        "R2": 0.9063
      }
    }
  }
}