{
  "generated_at": "2026-03-27 12:00:21",
  "exchange_rates": {
    "USD_TZS": {
      "current": 2563.7516,
      "next_1h": 2564.2194,
      "next_24h": 2572.7643,
      "change_pct": 0.018,
      "trend": "\ud83d\udcc8 UP",
      "predictions": [
        2564.2194,
        2564.6739,
        2565.1232,
        2565.5638,
        2566.0032,
        2566.4348,
        2566.857,
        2567.27,
        2567.6739,
        2568.069,
        2568.4554,
        2568.8332,
        2569.2026,
        2569.5639,
        2569.9171,
        2570.2625,
        2570.6003,
        2570.9306,
        2571.2536,
        2571.5694,
        2571.8782,
        2572.1802,
        2572.4755,
        2572.7643
      ],
      "metrics": {
        "MAE": 0.494567,
        "RMSE": 1.453058,
        "MAPE": 0.0192,
        "R2": 0.9687
      }
    },
    "USD_KES": {
      "current": 129.728,
      "next_1h": 129.71,
      "next_24h": 129.4595,
      "change_pct": -0.014,
      "trend": "\ud83d\udcc9 DOWN",
      "predictions": [
        129.71,
        129.6902,
        129.673,
        129.6576,
        129.6434,
        129.6303,
        129.6176,
        129.6052,
        129.5932,
        129.5817,
        129.5705,
        129.5598,
        129.5496,
        129.5397,
        129.5302,
        129.5211,
        129.5123,
        129.5038,
        129.4957,
        129.4879,
        129.4804,
        129.4731,
        129.4662,
        129.4595
      ],
      "metrics": {
        "MAE": 0.020339,
        "RMSE": 0.048863,
        "MAPE": 0.0157,
        "R2": 0.9229
      }
    },
    "USD_UGX": {
      "current": 3717.465,
      "next_1h": 3717.8515,
      "next_24h": 3725.8094,
      "change_pct": 0.01,
      "trend": "\ud83d\udcc8 UP",
      "predictions": [
        3717.8515,
        3718.2313,
        3718.6042,
        3718.9736,
        3719.3362,
        3719.6925,
        3720.0472,
        3720.4003,
        3720.7516,
        3721.1011,
        3721.449,
        3721.795,
        3722.1392,
        3722.4816,
        3722.8222,
        3723.1611,
        3723.4982,
        3723.8335,
        3724.1671,
        3724.499,
        3724.8292,
        3725.1576,
        3725.4843,
        3725.8094
      ],
      "metrics": {
        "MAE": 0.943287,
        "RMSE": 4.435064,
        "MAPE": 0.0252,
        "R2": 0.9699
      }
    },
    "USD_EUR": {
      "current": 0.8661,
      "next_1h": 0.8662,
      "next_24h": 0.8667,
      "change_pct": 0.003,
      "trend": "\ud83d\udcc8 UP",
      "predictions": [
        0.8662,
        0.8662,
        0.8662,
        0.8662,
        0.8663,
        0.8663,
        0.8663,
        0.8663,
        0.8664,
        0.8664,
        0.8664,
        0.8664,
        0.8664,
        0.8665,
        0.8665,
        0.8665,
        0.8665,
        0.8666,
        0.8666,
        0.8666,
        0.8666,
        0.8666,
        0.8666,
        0.8667
      ],
      "metrics": {
        "MAE": 0.000146,
        "RMSE": 0.000402,
        "MAPE": 0.0169,
        "R2": 0.914
      }
    }
  },
  "crypto": {
    "BTC_USD": {
      "current": 66669.0,
      "next_1h": 66777.03,
      "next_24h": 67820.58,
      "change_pct": 0.162,
      "trend": "\ud83d\udcc8 UP",
      "predictions": [
        66777.03,
        66881.22,
        66967.0,
        67047.61,
        67078.71,
        67117.25,
        67156.98,
        67198.06,
        67239.98,
        67282.79,
        67324.54,
        67365.64,
        67406.13,
        67446.08,
        67485.53,
        67524.54,
        67563.1,
        67601.21,
        67638.88,
        67676.09,
        67712.86,
        67749.19,
        67785.1,
        67820.58
      ],
      "metrics": {
        "MAE": 261.848415,
        "RMSE": 393.457416,
        "MAPE": 0.3748,
        "R2": 0.8833
      }
    },
    "ETH_USD": {
      "current": 1990.14,
      "next_1h": 1989.79,
      "next_24h": 2029.3,
      "change_pct": -0.018,
      "trend": "\ud83d\udcc9 DOWN",
      "predictions": [
        1989.79,
        1989.76,
        1990.63,
        1991.55,
        1993.57,
        1995.59,
        1997.65,
        1999.73,
        2001.81,
        2003.87,
        2005.9,
        2007.9,
        2009.87,
        2011.8,
        2013.7,
        2015.56,
        2017.39,
        2019.19,
        2020.95,
        2022.68,
        2024.38,
        2026.05,
        2027.69,
        2029.3
      ],
      "metrics": {
        "MAE": 9.486343,
        "RMSE": 16.229931,
        "MAPE": 0.4485,
        "R2": 0.8925
      }
    },
    "BNB_USD": {
      "current": 610.88,
      "next_1h": 612.22,
      "next_24h": 626.96,
      "change_pct": 0.22,
      "trend": "\ud83d\udcc8 UP",
      "predictions": [
        612.22,
        612.88,
        613.75,
        614.61,
        615.33,
        616.05,
        616.77,
        617.47,
        618.16,
        618.83,
        619.49,
        620.14,
        620.77,
        621.4,
        622.0,
        622.6,
        623.19,
        623.76,
        624.32,
        624.87,
        625.41,
        625.94,
        626.45,
        626.96
      ],
      "metrics": {
        "MAE": 2.011235,
        "RMSE": 3.093374,
        "MAPE": 0.3174,
        "R2": 0.8635
      }
    }
  }
}