{
  "generated_at": "2026-07-19 00:43:16",
  "exchange_rates": {
    "USD_TZS": {
      "current": 2629.0886,
      "next_1h": 2628.7328,
      "next_24h": 2622.6871,
      "change_pct": -0.014,
      "trend": "\ud83d\udcc9 DOWN",
      "predictions": [
        2628.7328,
        2628.3842,
        2628.0427,
        2627.7082,
        2627.3806,
        2627.0596,
        2626.7482,
        2626.4462,
        2626.1532,
        2625.8691,
        2625.5935,
        2625.3263,
        2625.0672,
        2624.816,
        2624.5724,
        2624.3362,
        2624.1071,
        2623.885,
        2623.6697,
        2623.4609,
        2623.2584,
        2623.0621,
        2622.8717,
        2622.6871
      ],
      "metrics": {
        "MAE": 0.556005,
        "RMSE": 2.123622,
        "MAPE": 0.0212,
        "R2": 0.9527
      }
    },
    "USD_KES": {
      "current": 129.3268,
      "next_1h": 129.3273,
      "next_24h": 129.3379,
      "change_pct": 0.0,
      "trend": "\ud83d\udcc9 DOWN",
      "predictions": [
        129.3273,
        129.3278,
        129.3283,
        129.3288,
        129.3293,
        129.3298,
        129.3303,
        129.3308,
        129.3312,
        129.3317,
        129.3322,
        129.3326,
        129.3331,
        129.3336,
        129.334,
        129.3345,
        129.3349,
        129.3353,
        129.3358,
        129.3362,
        129.3366,
        129.3371,
        129.3375,
        129.3379
      ],
      "metrics": {
        "MAE": 0.003084,
        "RMSE": 0.012243,
        "MAPE": 0.0024,
        "R2": 0.9701
      }
    },
    "USD_UGX": {
      "current": 3669.5216,
      "next_1h": 3669.5559,
      "next_24h": 3670.3163,
      "change_pct": 0.001,
      "trend": "\ud83d\udcc8 UP",
      "predictions": [
        3669.5559,
        3669.5902,
        3669.6243,
        3669.6584,
        3669.6924,
        3669.7263,
        3669.7601,
        3669.7938,
        3669.8273,
        3669.8608,
        3669.8941,
        3669.9273,
        3669.9604,
        3669.9933,
        3670.0261,
        3670.0589,
        3670.0915,
        3670.1239,
        3670.1563,
        3670.1885,
        3670.2207,
        3670.2527,
        3670.2846,
        3670.3163
      ],
      "metrics": {
        "MAE": 0.349013,
        "RMSE": 1.843275,
        "MAPE": 0.0095,
        "R2": 0.9686
      }
    },
    "USD_EUR": {
      "current": 0.8744,
      "next_1h": 0.8745,
      "next_24h": 0.8746,
      "change_pct": 0.001,
      "trend": "\ud83d\udcc8 UP",
      "predictions": [
        0.8745,
        0.8745,
        0.8745,
        0.8745,
        0.8745,
        0.8745,
        0.8745,
        0.8745,
        0.8745,
        0.8745,
        0.8745,
        0.8745,
        0.8745,
        0.8745,
        0.8745,
        0.8745,
        0.8745,
        0.8745,
        0.8745,
        0.8745,
        0.8745,
        0.8745,
        0.8746,
        0.8746
      ],
      "metrics": {
        "MAE": 4.1e-05,
        "RMSE": 0.000241,
        "MAPE": 0.0047,
        "R2": 0.9666
      }
    }
  },
  "crypto": {
    "BTC_USD": {
      "current": 64739.0,
      "next_1h": 64718.58,
      "next_24h": 64440.32,
      "change_pct": -0.032,
      "trend": "\ud83d\udcc9 DOWN",
      "predictions": [
        64718.58,
        64707.54,
        64700.62,
        64688.5,
        64673.44,
        64660.21,
        64647.74,
        64635.37,
        64622.75,
        64610.09,
        64597.57,
        64585.15,
        64572.78,
        64560.45,
        64548.18,
        64535.97,
        64523.82,
        64511.72,
        64499.68,
        64487.7,
        64475.77,
        64463.9,
        64452.08,
        64440.32
      ],
      "metrics": {
        "MAE": 108.667897,
        "RMSE": 157.893308,
        "MAPE": 0.1701,
        "R2": 0.9677
      }
    },
    "ETH_USD": {
      "current": 1858.89,
      "next_1h": 1858.04,
      "next_24h": 1841.22,
      "change_pct": -0.045,
      "trend": "\ud83d\udcc9 DOWN",
      "predictions": [
        1858.04,
        1857.37,
        1856.61,
        1855.79,
        1855.05,
        1854.29,
        1853.53,
        1852.77,
        1852.02,
        1851.27,
        1850.53,
        1849.79,
        1849.06,
        1848.33,
        1847.6,
        1846.87,
        1846.15,
        1845.44,
        1844.73,
        1844.02,
        1843.31,
        1842.61,
        1841.92,
        1841.22
      ],
      "metrics": {
        "MAE": 4.431866,
        "RMSE": 6.820883,
        "MAPE": 0.2388,
        "R2": 0.9764
      }
    },
    "BNB_USD": {
      "current": 570.69,
      "next_1h": 570.72,
      "next_24h": 571.34,
      "change_pct": 0.005,
      "trend": "\ud83d\udcc8 UP",
      "predictions": [
        570.72,
        570.77,
        570.8,
        570.82,
        570.85,
        570.87,
        570.9,
        570.93,
        570.95,
        570.98,
        571.01,
        571.03,
        571.06,
        571.08,
        571.11,
        571.14,
        571.16,
        571.19,
        571.21,
        571.24,
        571.26,
        571.29,
        571.31,
        571.34
      ],
      "metrics": {
        "MAE": 0.855576,
        "RMSE": 1.187734,
        "MAPE": 0.1494,
        "R2": 0.9638
      }
    }
  }
}