{
  "generated_at": "2026-03-15 15:00:32",
  "exchange_rates": {
    "USD_TZS": {
      "current": 2578.1698,
      "next_1h": 2578.028,
      "next_24h": 2576.1768,
      "change_pct": -0.006,
      "trend": "\ud83d\udcc9 DOWN",
      "predictions": [
        2578.028,
        2577.8946,
        2577.7649,
        2577.6409,
        2577.5179,
        2577.4001,
        2577.2893,
        2577.1851,
        2577.087,
        2576.995,
        2576.9086,
        2576.8277,
        2576.7519,
        2576.6809,
        2576.6144,
        2576.5521,
        2576.4937,
        2576.4391,
        2576.3879,
        2576.34,
        2576.2951,
        2576.253,
        2576.2137,
        2576.1768
      ],
      "metrics": {
        "MAE": 0.278735,
        "RMSE": 0.406396,
        "MAPE": 0.0108,
        "R2": 0.8705
      }
    },
    "USD_KES": {
      "current": 129.2003,
      "next_1h": 129.2066,
      "next_24h": 129.261,
      "change_pct": 0.005,
      "trend": "\ud83d\udcc8 UP",
      "predictions": [
        129.2066,
        129.2135,
        129.2192,
        129.224,
        129.2281,
        129.2318,
        129.2351,
        129.2381,
        129.2409,
        129.2434,
        129.2456,
        129.2476,
        129.2495,
        129.2511,
        129.2526,
        129.2539,
        129.2552,
        129.2563,
        129.2573,
        129.2582,
        129.259,
        129.2597,
        129.2604,
        129.261
      ],
      "metrics": {
        "MAE": 0.006725,
        "RMSE": 0.006984,
        "MAPE": 0.0052,
        "R2": -150.9716
      }
    },
    "USD_UGX": {
      "current": 3738.9193,
      "next_1h": 3739.0443,
      "next_24h": 3741.5601,
      "change_pct": 0.003,
      "trend": "\ud83d\udcc8 UP",
      "predictions": [
        3739.0443,
        3739.1671,
        3739.2874,
        3739.4066,
        3739.5235,
        3739.6381,
        3739.752,
        3739.865,
        3739.9771,
        3740.0884,
        3740.1989,
        3740.3085,
        3740.4173,
        3740.5252,
        3740.6324,
        3740.7386,
        3740.8441,
        3740.9488,
        3741.0526,
        3741.1557,
        3741.258,
        3741.3595,
        3741.4602,
        3741.5601
      ],
      "metrics": {
        "MAE": 0.227697,
        "RMSE": 0.77395,
        "MAPE": 0.0061,
        "R2": 0.8833
      }
    },
    "USD_EUR": {
      "current": 0.8732,
      "next_1h": 0.8728,
      "next_24h": 0.8674,
      "change_pct": -0.047,
      "trend": "\ud83d\udcc9 DOWN",
      "predictions": [
        0.8728,
        0.8724,
        0.8721,
        0.8717,
        0.8714,
        0.8711,
        0.8708,
        0.8705,
        0.8702,
        0.87,
        0.8697,
        0.8695,
        0.8693,
        0.8691,
        0.8689,
        0.8687,
        0.8685,
        0.8683,
        0.8681,
        0.868,
        0.8678,
        0.8676,
        0.8675,
        0.8674
      ],
      "metrics": {
        "MAE": 0.000578,
        "RMSE": 0.001143,
        "MAPE": 0.0662,
        "R2": -27.6185
      }
    }
  },
  "crypto": {
    "BTC_USD": {
      "current": 71619.0,
      "next_1h": 71599.98,
      "next_24h": 71263.35,
      "change_pct": -0.027,
      "trend": "\ud83d\udcc9 DOWN",
      "predictions": [
        71599.98,
        71588.74,
        71566.67,
        71545.39,
        71529.55,
        71512.82,
        71496.77,
        71480.76,
        71464.88,
        71449.46,
        71434.34,
        71419.53,
        71405.02,
        71390.79,
        71376.85,
        71363.19,
        71349.81,
        71336.69,
        71323.84,
        71311.25,
        71298.91,
        71286.81,
        71274.96,
        71263.35
      ],
      "metrics": {
        "MAE": 115.148133,
        "RMSE": 167.347729,
        "MAPE": 0.1619,
        "R2": 0.8406
      }
    },
    "ETH_USD": {
      "current": 2096.96,
      "next_1h": 2091.68,
      "next_24h": 2053.08,
      "change_pct": -0.252,
      "trend": "\ud83d\udcc9 DOWN",
      "predictions": [
        2091.68,
        2086.59,
        2081.96,
        2077.63,
        2074.67,
        2071.44,
        2068.62,
        2066.21,
        2064.09,
        2062.31,
        2060.74,
        2059.39,
        2058.25,
        2057.28,
        2056.46,
        2055.76,
        2055.18,
        2054.69,
        2054.28,
        2053.94,
        2053.66,
        2053.43,
        2053.24,
        2053.08
      ],
      "metrics": {
        "MAE": 5.861966,
        "RMSE": 7.111844,
        "MAPE": 0.2798,
        "R2": 0.7658
      }
    },
    "BNB_USD": {
      "current": 660.42,
      "next_1h": 660.45,
      "next_24h": 658.58,
      "change_pct": 0.004,
      "trend": "\ud83d\udcc8 UP",
      "predictions": [
        660.45,
        660.24,
        660.19,
        660.07,
        659.98,
        659.89,
        659.8,
        659.72,
        659.63,
        659.55,
        659.47,
        659.39,
        659.31,
        659.24,
        659.17,
        659.09,
        659.02,
        658.96,
        658.89,
        658.82,
        658.76,
        658.7,
        658.64,
        658.58
      ],
      "metrics": {
        "MAE": 1.183311,
        "RMSE": 1.544057,
        "MAPE": 0.1801,
        "R2": 0.8057
      }
    }
  }
}