{
  "generated_at": "2026-05-10 22:23:11",
  "exchange_rates": {
    "USD_TZS": {
      "current": 2599.3308,
      "next_1h": 2599.478,
      "next_24h": 2601.4902,
      "change_pct": 0.006,
      "trend": "\ud83d\udcc8 UP",
      "predictions": [
        2599.478,
        2599.6212,
        2599.7604,
        2599.8959,
        2600.0275,
        2600.1559,
        2600.2768,
        2600.3906,
        2600.4977,
        2600.5983,
        2600.6926,
        2600.781,
        2600.8638,
        2600.9413,
        2601.0139,
        2601.0819,
        2601.1455,
        2601.205,
        2601.2607,
        2601.3129,
        2601.3617,
        2601.4074,
        2601.4502,
        2601.4902
      ],
      "metrics": {
        "MAE": 0.677332,
        "RMSE": 2.661931,
        "MAPE": 0.0261,
        "R2": 0.8762
      }
    },
    "USD_KES": {
      "current": 129.179,
      "next_1h": 129.1785,
      "next_24h": 129.1705,
      "change_pct": 0.0,
      "trend": "\ud83d\udcc9 DOWN",
      "predictions": [
        129.1785,
        129.1781,
        129.1777,
        129.1773,
        129.1769,
        129.1765,
        129.1762,
        129.1758,
        129.1754,
        129.1751,
        129.1747,
        129.1744,
        129.174,
        129.1737,
        129.1733,
        129.173,
        129.1727,
        129.1724,
        129.172,
        129.1717,
        129.1714,
        129.1711,
        129.1708,
        129.1705
      ],
      "metrics": {
        "MAE": 0.001332,
        "RMSE": 0.005996,
        "MAPE": 0.001,
        "R2": 0.8963
      }
    },
    "USD_UGX": {
      "current": 3718.1034,
      "next_1h": 3717.7934,
      "next_24h": 3712.0035,
      "change_pct": -0.008,
      "trend": "\ud83d\udcc9 DOWN",
      "predictions": [
        3717.7934,
        3717.4876,
        3717.1861,
        3716.8889,
        3716.5957,
        3716.3062,
        3716.0225,
        3715.7447,
        3715.4725,
        3715.206,
        3714.9449,
        3714.6892,
        3714.4388,
        3714.1936,
        3713.9535,
        3713.7183,
        3713.4879,
        3713.2623,
        3713.0414,
        3712.8251,
        3712.6132,
        3712.4057,
        3712.2025,
        3712.0035
      ],
      "metrics": {
        "MAE": 1.088979,
        "RMSE": 3.185812,
        "MAPE": 0.0291,
        "R2": 0.931
      }
    },
    "USD_EUR": {
      "current": 0.8494,
      "next_1h": 0.8494,
      "next_24h": 0.8502,
      "change_pct": 0.005,
      "trend": "\ud83d\udcc8 UP",
      "predictions": [
        0.8494,
        0.8495,
        0.8495,
        0.8495,
        0.8496,
        0.8496,
        0.8497,
        0.8497,
        0.8497,
        0.8498,
        0.8498,
        0.8499,
        0.8499,
        0.8499,
        0.85,
        0.85,
        0.85,
        0.8501,
        0.8501,
        0.8501,
        0.8501,
        0.8502,
        0.8502,
        0.8502
      ],
      "metrics": {
        "MAE": 0.0001,
        "RMSE": 0.000414,
        "MAPE": 0.0118,
        "R2": 0.9593
      }
    }
  },
  "crypto": {
    "BTC_USD": {
      "current": 81280.0,
      "next_1h": 81161.73,
      "next_24h": 80210.06,
      "change_pct": -0.146,
      "trend": "\ud83d\udcc9 DOWN",
      "predictions": [
        81161.73,
        81128.89,
        81104.84,
        81037.92,
        81015.67,
        80965.49,
        80919.74,
        80876.42,
        80830.01,
        80786.41,
        80742.07,
        80698.3,
        80655.2,
        80612.36,
        80570.11,
        80528.28,
        80486.91,
        80446.02,
        80405.58,
        80365.59,
        80326.05,
        80286.95,
        80248.29,
        80210.06
      ],
      "metrics": {
        "MAE": 207.19597,
        "RMSE": 309.277988,
        "MAPE": 0.2573,
        "R2": 0.8393
      }
    },
    "ETH_USD": {
      "current": 2349.17,
      "next_1h": 2345.95,
      "next_24h": 2325.75,
      "change_pct": -0.137,
      "trend": "\ud83d\udcc9 DOWN",
      "predictions": [
        2345.95,
        2344.77,
        2345.1,
        2342.17,
        2342.2,
        2341.0,
        2339.79,
        2338.95,
        2337.78,
        2336.85,
        2335.89,
        2334.93,
        2334.04,
        2333.15,
        2332.3,
        2331.48,
        2330.67,
        2329.9,
        2329.15,
        2328.43,
        2327.73,
        2327.05,
        2326.39,
        2325.75
      ],
      "metrics": {
        "MAE": 7.417614,
        "RMSE": 11.11057,
        "MAPE": 0.3165,
        "R2": 0.8835
      }
    },
    "BNB_USD": {
      "current": 660.19,
      "next_1h": 659.52,
      "next_24h": 648.63,
      "change_pct": -0.101,
      "trend": "\ud83d\udcc9 DOWN",
      "predictions": [
        659.52,
        658.5,
        658.68,
        657.88,
        657.5,
        657.03,
        656.46,
        655.97,
        655.45,
        654.94,
        654.45,
        653.96,
        653.47,
        653.0,
        652.53,
        652.07,
        651.61,
        651.17,
        650.73,
        650.29,
        649.87,
        649.45,
        649.03,
        648.63
      ],
      "metrics": {
        "MAE": 1.778283,
        "RMSE": 2.564593,
        "MAPE": 0.2771,
        "R2": 0.9446
      }
    }
  }
}