{
  "generated_at": "2026-07-12 08:17:12",
  "exchange_rates": {
    "USD_TZS": {
      "current": 2624.1721,
      "next_1h": 2623.8925,
      "next_24h": 2619.2584,
      "change_pct": -0.011,
      "trend": "\ud83d\udcc9 DOWN",
      "predictions": [
        2623.8925,
        2623.6191,
        2623.3516,
        2623.0899,
        2622.834,
        2622.5836,
        2622.3414,
        2622.1071,
        2621.8806,
        2621.6614,
        2621.4496,
        2621.2448,
        2621.0467,
        2620.8553,
        2620.6702,
        2620.4913,
        2620.3184,
        2620.1512,
        2619.9895,
        2619.8333,
        2619.6822,
        2619.5361,
        2619.3949,
        2619.2584
      ],
      "metrics": {
        "MAE": 0.363949,
        "RMSE": 0.610366,
        "MAPE": 0.0139,
        "R2": 0.8658
      }
    },
    "USD_KES": {
      "current": 129.172,
      "next_1h": 129.1766,
      "next_24h": 129.2667,
      "change_pct": 0.004,
      "trend": "\ud83d\udcc8 UP",
      "predictions": [
        129.1766,
        129.1812,
        129.1858,
        129.1903,
        129.1948,
        129.1993,
        129.2036,
        129.2079,
        129.2122,
        129.2163,
        129.2204,
        129.2243,
        129.2283,
        129.2321,
        129.2359,
        129.2396,
        129.2432,
        129.2467,
        129.2502,
        129.2537,
        129.257,
        129.2603,
        129.2635,
        129.2667
      ],
      "metrics": {
        "MAE": 0.00626,
        "RMSE": 0.014877,
        "MAPE": 0.0048,
        "R2": 0.8794
      }
    },
    "USD_UGX": {
      "current": 3656.7124,
      "next_1h": 3656.7724,
      "next_24h": 3658.1075,
      "change_pct": 0.002,
      "trend": "\ud83d\udcc8 UP",
      "predictions": [
        3656.7724,
        3656.8322,
        3656.892,
        3656.9516,
        3657.0111,
        3657.0705,
        3657.1297,
        3657.1887,
        3657.2475,
        3657.3061,
        3657.3646,
        3657.4228,
        3657.4809,
        3657.5388,
        3657.5965,
        3657.654,
        3657.7113,
        3657.7685,
        3657.8254,
        3657.8822,
        3657.9388,
        3657.9952,
        3658.0515,
        3658.1075
      ],
      "metrics": {
        "MAE": 0.80555,
        "RMSE": 3.491989,
        "MAPE": 0.0221,
        "R2": 0.9186
      }
    },
    "USD_EUR": {
      "current": 0.8755,
      "next_1h": 0.8755,
      "next_24h": 0.876,
      "change_pct": 0.002,
      "trend": "\ud83d\udcc8 UP",
      "predictions": [
        0.8755,
        0.8755,
        0.8756,
        0.8756,
        0.8756,
        0.8756,
        0.8756,
        0.8757,
        0.8757,
        0.8757,
        0.8757,
        0.8757,
        0.8758,
        0.8758,
        0.8758,
        0.8758,
        0.8758,
        0.8758,
        0.8759,
        0.8759,
        0.8759,
        0.8759,
        0.8759,
        0.876
      ],
      "metrics": {
        "MAE": 6.7e-05,
        "RMSE": 0.000289,
        "MAPE": 0.0076,
        "R2": 0.8267
      }
    }
  },
  "crypto": {
    "BTC_USD": {
      "current": 63953.0,
      "next_1h": 63924.5,
      "next_24h": 63660.35,
      "change_pct": -0.045,
      "trend": "\ud83d\udcc9 DOWN",
      "predictions": [
        63924.5,
        63901.25,
        63888.1,
        63882.47,
        63874.76,
        63861.97,
        63849.55,
        63838.01,
        63826.85,
        63815.51,
        63804.04,
        63792.65,
        63781.36,
        63770.13,
        63758.93,
        63747.78,
        63736.68,
        63725.63,
        63714.63,
        63703.67,
        63692.77,
        63681.91,
        63671.11,
        63660.35
      ],
      "metrics": {
        "MAE": 98.032003,
        "RMSE": 137.970114,
        "MAPE": 0.1553,
        "R2": 0.9741
      }
    },
    "ETH_USD": {
      "current": 1803.46,
      "next_1h": 1802.93,
      "next_24h": 1788.79,
      "change_pct": -0.03,
      "trend": "\ud83d\udcc9 DOWN",
      "predictions": [
        1802.93,
        1801.94,
        1801.16,
        1800.73,
        1799.97,
        1799.33,
        1798.73,
        1798.13,
        1797.52,
        1796.91,
        1796.31,
        1795.72,
        1795.12,
        1794.53,
        1793.94,
        1793.36,
        1792.78,
        1792.2,
        1791.62,
        1791.05,
        1790.48,
        1789.91,
        1789.35,
        1788.79
      ],
      "metrics": {
        "MAE": 3.671146,
        "RMSE": 5.237867,
        "MAPE": 0.2077,
        "R2": 0.9693
      }
    },
    "BNB_USD": {
      "current": 572.78,
      "next_1h": 572.83,
      "next_24h": 573.3,
      "change_pct": 0.01,
      "trend": "\ud83d\udcc8 UP",
      "predictions": [
        572.83,
        572.86,
        572.89,
        572.92,
        572.94,
        572.96,
        572.98,
        573.0,
        573.02,
        573.04,
        573.06,
        573.08,
        573.1,
        573.11,
        573.13,
        573.15,
        573.17,
        573.19,
        573.21,
        573.23,
        573.25,
        573.27,
        573.28,
        573.3
      ],
      "metrics": {
        "MAE": 0.858283,
        "RMSE": 1.182644,
        "MAPE": 0.1503,
        "R2": 0.9436
      }
    }
  }
}