{
  "generated_at": "2026-06-30 03:19:39",
  "exchange_rates": {
    "USD_TZS": {
      "current": 2628.3687,
      "next_1h": 2627.9781,
      "next_24h": 2620.8196,
      "change_pct": -0.015,
      "trend": "\ud83d\udcc9 DOWN",
      "predictions": [
        2627.9781,
        2627.5914,
        2627.2085,
        2626.8294,
        2626.4698,
        2626.1139,
        2625.7652,
        2625.4236,
        2625.089,
        2624.7614,
        2624.4405,
        2624.1261,
        2623.8181,
        2623.5165,
        2623.221,
        2622.9316,
        2622.6481,
        2622.3704,
        2622.0984,
        2621.832,
        2621.571,
        2621.3153,
        2621.0649,
        2620.8196
      ],
      "metrics": {
        "MAE": 0.702861,
        "RMSE": 2.991699,
        "MAPE": 0.0268,
        "R2": 0.8957
      }
    },
    "USD_KES": {
      "current": 129.4439,
      "next_1h": 129.4433,
      "next_24h": 129.4388,
      "change_pct": -0.001,
      "trend": "\ud83d\udcc9 DOWN",
      "predictions": [
        129.4433,
        129.4426,
        129.442,
        129.4413,
        129.4412,
        129.441,
        129.4409,
        129.4407,
        129.4406,
        129.4405,
        129.4403,
        129.4402,
        129.4401,
        129.44,
        129.4398,
        129.4397,
        129.4396,
        129.4395,
        129.4394,
        129.4392,
        129.4391,
        129.439,
        129.4389,
        129.4388
      ],
      "metrics": {
        "MAE": 0.003984,
        "RMSE": 0.01656,
        "MAPE": 0.0031,
        "R2": 0.91
      }
    },
    "USD_UGX": {
      "current": 3644.9775,
      "next_1h": 3645.0308,
      "next_24h": 3646.5273,
      "change_pct": 0.001,
      "trend": "\ud83d\udcc8 UP",
      "predictions": [
        3645.0308,
        3645.084,
        3645.1371,
        3645.1902,
        3645.2584,
        3645.3265,
        3645.3944,
        3645.4622,
        3645.5299,
        3645.5974,
        3645.6648,
        3645.7321,
        3645.7991,
        3645.8661,
        3645.9329,
        3645.9995,
        3646.066,
        3646.1324,
        3646.1986,
        3646.2646,
        3646.3305,
        3646.3963,
        3646.4619,
        3646.5273
      ],
      "metrics": {
        "MAE": 0.761208,
        "RMSE": 3.6852,
        "MAPE": 0.0208,
        "R2": 0.9157
      }
    },
    "USD_EUR": {
      "current": 0.876,
      "next_1h": 0.876,
      "next_24h": 0.8757,
      "change_pct": -0.001,
      "trend": "\ud83d\udcc9 DOWN",
      "predictions": [
        0.876,
        0.876,
        0.8759,
        0.8759,
        0.8759,
        0.8759,
        0.8759,
        0.8759,
        0.8759,
        0.8759,
        0.8758,
        0.8758,
        0.8758,
        0.8758,
        0.8758,
        0.8758,
        0.8758,
        0.8758,
        0.8757,
        0.8757,
        0.8757,
        0.8757,
        0.8757,
        0.8757
      ],
      "metrics": {
        "MAE": 0.000116,
        "RMSE": 0.000513,
        "MAPE": 0.0132,
        "R2": 0.9662
      }
    }
  },
  "crypto": {
    "BTC_USD": {
      "current": 59903.0,
      "next_1h": 59934.93,
      "next_24h": 59831.25,
      "change_pct": 0.053,
      "trend": "\ud83d\udcc8 UP",
      "predictions": [
        59934.93,
        59916.31,
        59884.02,
        59854.98,
        59871.66,
        59873.88,
        59868.05,
        59862.59,
        59859.4,
        59859.36,
        59857.65,
        59855.07,
        59852.76,
        59850.79,
        59849.0,
        59847.02,
        59844.97,
        59842.97,
        59841.02,
        59839.07,
        59837.11,
        59835.15,
        59833.19,
        59831.25
      ],
      "metrics": {
        "MAE": 255.670294,
        "RMSE": 379.183381,
        "MAPE": 0.4198,
        "R2": 0.9484
      }
    },
    "ETH_USD": {
      "current": 1592.22,
      "next_1h": 1593.42,
      "next_24h": 1594.62,
      "change_pct": 0.076,
      "trend": "\ud83d\udcc8 UP",
      "predictions": [
        1593.42,
        1592.89,
        1592.34,
        1592.92,
        1593.03,
        1593.04,
        1593.11,
        1593.24,
        1593.32,
        1593.4,
        1593.49,
        1593.58,
        1593.67,
        1593.76,
        1593.84,
        1593.93,
        1594.02,
        1594.1,
        1594.19,
        1594.27,
        1594.36,
        1594.45,
        1594.53,
        1594.62
      ],
      "metrics": {
        "MAE": 8.435267,
        "RMSE": 13.255227,
        "MAPE": 0.5213,
        "R2": 0.9519
      }
    },
    "BNB_USD": {
      "current": 555.99,
      "next_1h": 556.22,
      "next_24h": 561.93,
      "change_pct": 0.042,
      "trend": "\ud83d\udcc8 UP",
      "predictions": [
        556.22,
        556.21,
        556.29,
        556.67,
        556.92,
        557.18,
        557.45,
        557.73,
        558.0,
        558.27,
        558.54,
        558.81,
        559.08,
        559.34,
        559.61,
        559.87,
        560.13,
        560.39,
        560.65,
        560.91,
        561.17,
        561.42,
        561.67,
        561.93
      ],
      "metrics": {
        "MAE": 2.142439,
        "RMSE": 3.173563,
        "MAPE": 0.379,
        "R2": 0.9412
      }
    }
  }
}