{
  "generated_at": "2026-06-29 21:37:00",
  "exchange_rates": {
    "USD_TZS": {
      "current": 2630.0296,
      "next_1h": 2629.6226,
      "next_24h": 2621.8793,
      "change_pct": -0.015,
      "trend": "\ud83d\udcc9 DOWN",
      "predictions": [
        2629.6226,
        2629.2197,
        2628.8208,
        2628.4259,
        2628.0351,
        2627.6483,
        2627.2691,
        2626.8975,
        2626.5333,
        2626.1765,
        2625.8268,
        2625.4843,
        2625.1488,
        2624.8201,
        2624.4981,
        2624.1826,
        2623.8735,
        2623.5708,
        2623.2742,
        2622.9836,
        2622.699,
        2622.4201,
        2622.1469,
        2621.8793
      ],
      "metrics": {
        "MAE": 0.687146,
        "RMSE": 2.989481,
        "MAPE": 0.0262,
        "R2": 0.8935
      }
    },
    "USD_KES": {
      "current": 129.524,
      "next_1h": 129.5226,
      "next_24h": 129.4942,
      "change_pct": -0.001,
      "trend": "\ud83d\udcc9 DOWN",
      "predictions": [
        129.5226,
        129.5211,
        129.5197,
        129.5183,
        129.5169,
        129.5155,
        129.5142,
        129.5128,
        129.5115,
        129.5102,
        129.509,
        129.5077,
        129.5065,
        129.5053,
        129.5041,
        129.5029,
        129.5018,
        129.5006,
        129.4995,
        129.4984,
        129.4973,
        129.4963,
        129.4952,
        129.4942
      ],
      "metrics": {
        "MAE": 0.003401,
        "RMSE": 0.015199,
        "MAPE": 0.0026,
        "R2": 0.9249
      }
    },
    "USD_UGX": {
      "current": 3661.4265,
      "next_1h": 3661.4624,
      "next_24h": 3662.2679,
      "change_pct": 0.001,
      "trend": "\ud83d\udcc8 UP",
      "predictions": [
        3661.4624,
        3661.4981,
        3661.5339,
        3661.5696,
        3661.6052,
        3661.6408,
        3661.6763,
        3661.7117,
        3661.7471,
        3661.7824,
        3661.8176,
        3661.8527,
        3661.8877,
        3661.9227,
        3661.9575,
        3661.9923,
        3662.0271,
        3662.0617,
        3662.0963,
        3662.1307,
        3662.1652,
        3662.1995,
        3662.2337,
        3662.2679
      ],
      "metrics": {
        "MAE": 0.649847,
        "RMSE": 3.417699,
        "MAPE": 0.0178,
        "R2": 0.9268
      }
    },
    "USD_EUR": {
      "current": 0.8782,
      "next_1h": 0.8782,
      "next_24h": 0.8778,
      "change_pct": -0.002,
      "trend": "\ud83d\udcc9 DOWN",
      "predictions": [
        0.8782,
        0.8782,
        0.8782,
        0.8782,
        0.8782,
        0.8781,
        0.8781,
        0.8781,
        0.8781,
        0.8781,
        0.8781,
        0.878,
        0.878,
        0.878,
        0.878,
        0.878,
        0.878,
        0.8779,
        0.8779,
        0.8779,
        0.8779,
        0.8779,
        0.8779,
        0.8778
      ],
      "metrics": {
        "MAE": 0.0001,
        "RMSE": 0.000477,
        "MAPE": 0.0113,
        "R2": 0.9732
      }
    }
  },
  "crypto": {
    "BTC_USD": {
      "current": 60324.0,
      "next_1h": 60372.43,
      "next_24h": 60323.76,
      "change_pct": 0.08,
      "trend": "\ud83d\udcc8 UP",
      "predictions": [
        60372.43,
        60351.45,
        60356.86,
        60361.07,
        60357.37,
        60358.34,
        60355.1,
        60353.67,
        60352.25,
        60350.19,
        60348.41,
        60346.4,
        60344.52,
        60342.65,
        60340.73,
        60338.83,
        60336.92,
        60335.03,
        60333.14,
        60331.25,
        60329.37,
        60327.5,
        60325.62,
        60323.76
      ],
      "metrics": {
        "MAE": 255.099725,
        "RMSE": 378.724751,
        "MAPE": 0.4183,
        "R2": 0.9522
      }
    },
    "ETH_USD": {
      "current": 1616.67,
      "next_1h": 1615.58,
      "next_24h": 1618.68,
      "change_pct": -0.068,
      "trend": "\ud83d\udcc9 DOWN",
      "predictions": [
        1615.58,
        1616.29,
        1616.4,
        1616.31,
        1616.46,
        1616.64,
        1616.74,
        1616.85,
        1616.97,
        1617.09,
        1617.21,
        1617.32,
        1617.44,
        1617.55,
        1617.67,
        1617.78,
        1617.9,
        1618.01,
        1618.12,
        1618.24,
        1618.35,
        1618.46,
        1618.57,
        1618.68
      ],
      "metrics": {
        "MAE": 8.302355,
        "RMSE": 13.159634,
        "MAPE": 0.5127,
        "R2": 0.956
      }
    },
    "BNB_USD": {
      "current": 559.71,
      "next_1h": 559.94,
      "next_24h": 565.87,
      "change_pct": 0.041,
      "trend": "\ud83d\udcc8 UP",
      "predictions": [
        559.94,
        560.21,
        560.42,
        560.64,
        560.92,
        561.19,
        561.46,
        561.73,
        562.0,
        562.27,
        562.53,
        562.8,
        563.06,
        563.33,
        563.59,
        563.85,
        564.1,
        564.36,
        564.62,
        564.87,
        565.12,
        565.37,
        565.62,
        565.87
      ],
      "metrics": {
        "MAE": 2.138967,
        "RMSE": 3.16857,
        "MAPE": 0.3779,
        "R2": 0.9444
      }
    }
  }
}