{
  "generated_at": "2026-07-19 08:43:16",
  "exchange_rates": {
    "USD_TZS": {
      "current": 2627.1477,
      "next_1h": 2626.8516,
      "next_24h": 2621.8143,
      "change_pct": -0.011,
      "trend": "\ud83d\udcc9 DOWN",
      "predictions": [
        2626.8516,
        2626.5615,
        2626.2773,
        2625.9989,
        2625.7262,
        2625.459,
        2625.1998,
        2624.9483,
        2624.7043,
        2624.4676,
        2624.2381,
        2624.0155,
        2623.7996,
        2623.5902,
        2623.3871,
        2623.1902,
        2622.9992,
        2622.814,
        2622.6343,
        2622.4601,
        2622.2912,
        2622.1273,
        2621.9684,
        2621.8143
      ],
      "metrics": {
        "MAE": 0.562406,
        "RMSE": 2.121534,
        "MAPE": 0.0215,
        "R2": 0.9532
      }
    },
    "USD_KES": {
      "current": 129.3243,
      "next_1h": 129.3248,
      "next_24h": 129.3351,
      "change_pct": 0.0,
      "trend": "\ud83d\udcc9 DOWN",
      "predictions": [
        129.3248,
        129.3253,
        129.3258,
        129.3263,
        129.3268,
        129.3272,
        129.3277,
        129.3282,
        129.3286,
        129.3291,
        129.3296,
        129.33,
        129.3305,
        129.3309,
        129.3313,
        129.3318,
        129.3322,
        129.3326,
        129.333,
        129.3335,
        129.3339,
        129.3343,
        129.3347,
        129.3351
      ],
      "metrics": {
        "MAE": 0.002967,
        "RMSE": 0.012207,
        "MAPE": 0.0023,
        "R2": 0.9693
      }
    },
    "USD_UGX": {
      "current": 3666.6571,
      "next_1h": 3666.7013,
      "next_24h": 3667.6819,
      "change_pct": 0.001,
      "trend": "\ud83d\udcc8 UP",
      "predictions": [
        3666.7013,
        3666.7454,
        3666.7895,
        3666.8334,
        3666.8773,
        3666.921,
        3666.9646,
        3667.008,
        3667.0513,
        3667.0944,
        3667.1374,
        3667.1802,
        3667.2228,
        3667.2653,
        3667.3077,
        3667.3498,
        3667.3919,
        3667.4338,
        3667.4755,
        3667.5171,
        3667.5585,
        3667.5998,
        3667.6409,
        3667.6819
      ],
      "metrics": {
        "MAE": 0.361737,
        "RMSE": 1.84995,
        "MAPE": 0.0099,
        "R2": 0.9682
      }
    },
    "USD_EUR": {
      "current": 0.8745,
      "next_1h": 0.8745,
      "next_24h": 0.8746,
      "change_pct": 0.001,
      "trend": "\ud83d\udcc8 UP",
      "predictions": [
        0.8745,
        0.8745,
        0.8745,
        0.8745,
        0.8745,
        0.8745,
        0.8745,
        0.8745,
        0.8745,
        0.8745,
        0.8745,
        0.8745,
        0.8745,
        0.8746,
        0.8746,
        0.8746,
        0.8746,
        0.8746,
        0.8746,
        0.8746,
        0.8746,
        0.8746,
        0.8746,
        0.8746
      ],
      "metrics": {
        "MAE": 4.1e-05,
        "RMSE": 0.00024,
        "MAPE": 0.0047,
        "R2": 0.9669
      }
    }
  },
  "crypto": {
    "BTC_USD": {
      "current": 64611.0,
      "next_1h": 64600.67,
      "next_24h": 64321.58,
      "change_pct": -0.016,
      "trend": "\ud83d\udcc9 DOWN",
      "predictions": [
        64600.67,
        64591.56,
        64581.49,
        64566.04,
        64552.35,
        64539.89,
        64527.56,
        64515.07,
        64502.44,
        64489.95,
        64477.58,
        64465.26,
        64452.98,
        64440.75,
        64428.59,
        64416.48,
        64404.42,
        64392.42,
        64380.48,
        64368.59,
        64356.76,
        64344.98,
        64333.26,
        64321.58
      ],
      "metrics": {
        "MAE": 104.587007,
        "RMSE": 154.583771,
        "MAPE": 0.1634,
        "R2": 0.9624
      }
    },
    "ETH_USD": {
      "current": 1869.55,
      "next_1h": 1868.66,
      "next_24h": 1850.27,
      "change_pct": -0.048,
      "trend": "\ud83d\udcc9 DOWN",
      "predictions": [
        1868.66,
        1867.78,
        1866.86,
        1866.06,
        1865.21,
        1864.39,
        1863.57,
        1862.75,
        1861.94,
        1861.13,
        1860.33,
        1859.53,
        1858.74,
        1857.95,
        1857.16,
        1856.38,
        1855.6,
        1854.83,
        1854.06,
        1853.29,
        1852.53,
        1851.77,
        1851.02,
        1850.27
      ],
      "metrics": {
        "MAE": 4.32832,
        "RMSE": 6.736476,
        "MAPE": 0.2326,
        "R2": 0.9712
      }
    },
    "BNB_USD": {
      "current": 568.6,
      "next_1h": 568.63,
      "next_24h": 569.26,
      "change_pct": 0.006,
      "trend": "\ud83d\udcc8 UP",
      "predictions": [
        568.63,
        568.67,
        568.68,
        568.71,
        568.74,
        568.77,
        568.8,
        568.83,
        568.86,
        568.88,
        568.91,
        568.94,
        568.97,
        568.99,
        569.02,
        569.05,
        569.08,
        569.1,
        569.13,
        569.16,
        569.18,
        569.21,
        569.24,
        569.26
      ],
      "metrics": {
        "MAE": 0.83338,
        "RMSE": 1.167056,
        "MAPE": 0.1454,
        "R2": 0.9627
      }
    }
  }
}