{
  "generated_at": "2026-03-31 05:00:17",
  "exchange_rates": {
    "USD_TZS": {
      "current": 2585.777,
      "next_1h": 2585.7507,
      "next_24h": 2584.5106,
      "change_pct": -0.001,
      "trend": "\ud83d\udcc9 DOWN",
      "predictions": [
        2585.7507,
        2585.6856,
        2585.6218,
        2585.5588,
        2585.4964,
        2585.4345,
        2585.3737,
        2585.3141,
        2585.2557,
        2585.1985,
        2585.1425,
        2585.0876,
        2585.0338,
        2584.9811,
        2584.9296,
        2584.8791,
        2584.8296,
        2584.7811,
        2584.7337,
        2584.6872,
        2584.6416,
        2584.5971,
        2584.5534,
        2584.5106
      ],
      "metrics": {
        "MAE": 0.619628,
        "RMSE": 2.113226,
        "MAPE": 0.0241,
        "R2": 0.8968
      }
    },
    "USD_KES": {
      "current": 129.9298,
      "next_1h": 129.9145,
      "next_24h": 129.6502,
      "change_pct": -0.012,
      "trend": "\ud83d\udcc9 DOWN",
      "predictions": [
        129.9145,
        129.8965,
        129.8802,
        129.8652,
        129.8512,
        129.8379,
        129.825,
        129.8124,
        129.8,
        129.788,
        129.7762,
        129.7648,
        129.7538,
        129.743,
        129.7325,
        129.7223,
        129.7124,
        129.7028,
        129.6934,
        129.6843,
        129.6754,
        129.6668,
        129.6584,
        129.6502
      ],
      "metrics": {
        "MAE": 0.016287,
        "RMSE": 0.027138,
        "MAPE": 0.0125,
        "R2": 0.9386
      }
    },
    "USD_UGX": {
      "current": 3733.1644,
      "next_1h": 3733.3668,
      "next_24h": 3736.9378,
      "change_pct": 0.005,
      "trend": "\ud83d\udcc8 UP",
      "predictions": [
        3733.3668,
        3733.5374,
        3733.7058,
        3733.8734,
        3734.0388,
        3734.2023,
        3734.3646,
        3734.5256,
        3734.6854,
        3734.8439,
        3735.0012,
        3735.1573,
        3735.3122,
        3735.4658,
        3735.6182,
        3735.7695,
        3735.9196,
        3736.0685,
        3736.2162,
        3736.3628,
        3736.5082,
        3736.6526,
        3736.7957,
        3736.9378
      ],
      "metrics": {
        "MAE": 0.584705,
        "RMSE": 2.078701,
        "MAPE": 0.0157,
        "R2": 0.9365
      }
    },
    "USD_EUR": {
      "current": 0.8721,
      "next_1h": 0.872,
      "next_24h": 0.8705,
      "change_pct": -0.013,
      "trend": "\ud83d\udcc9 DOWN",
      "predictions": [
        0.872,
        0.8719,
        0.8718,
        0.8718,
        0.8717,
        0.8716,
        0.8715,
        0.8715,
        0.8714,
        0.8713,
        0.8713,
        0.8712,
        0.8711,
        0.8711,
        0.871,
        0.8709,
        0.8709,
        0.8708,
        0.8708,
        0.8707,
        0.8706,
        0.8706,
        0.8705,
        0.8705
      ],
      "metrics": {
        "MAE": 0.000111,
        "RMSE": 0.000403,
        "MAPE": 0.0128,
        "R2": 0.9601
      }
    }
  },
  "crypto": {
    "BTC_USD": {
      "current": 67489.0,
      "next_1h": 67508.5,
      "next_24h": 68593.16,
      "change_pct": 0.029,
      "trend": "\ud83d\udcc8 UP",
      "predictions": [
        67508.5,
        67518.48,
        67591.39,
        67678.11,
        67745.78,
        67800.44,
        67853.28,
        67900.62,
        67946.93,
        67994.26,
        68041.63,
        68088.38,
        68134.67,
        68180.13,
        68224.67,
        68268.41,
        68311.42,
        68353.69,
        68395.27,
        68436.18,
        68476.41,
        68515.98,
        68554.9,
        68593.16
      ],
      "metrics": {
        "MAE": 197.749412,
        "RMSE": 276.391785,
        "MAPE": 0.2949,
        "R2": 0.918
      }
    },
    "ETH_USD": {
      "current": 2059.25,
      "next_1h": 2060.26,
      "next_24h": 2083.64,
      "change_pct": 0.049,
      "trend": "\ud83d\udcc8 UP",
      "predictions": [
        2060.26,
        2060.84,
        2061.81,
        2063.07,
        2064.29,
        2065.5,
        2066.69,
        2067.86,
        2069.0,
        2070.12,
        2071.22,
        2072.3,
        2073.35,
        2074.39,
        2075.4,
        2076.39,
        2077.36,
        2078.32,
        2079.25,
        2080.16,
        2081.06,
        2081.94,
        2082.8,
        2083.64
      ],
      "metrics": {
        "MAE": 7.455344,
        "RMSE": 10.624412,
        "MAPE": 0.3684,
        "R2": 0.8856
      }
    },
    "BNB_USD": {
      "current": 611.97,
      "next_1h": 612.67,
      "next_24h": 627.13,
      "change_pct": 0.114,
      "trend": "\ud83d\udcc8 UP",
      "predictions": [
        612.67,
        613.29,
        614.21,
        615.13,
        615.94,
        616.65,
        617.34,
        618.01,
        618.66,
        619.31,
        619.95,
        620.58,
        621.19,
        621.79,
        622.37,
        622.95,
        623.51,
        624.06,
        624.6,
        625.13,
        625.65,
        626.15,
        626.65,
        627.13
      ],
      "metrics": {
        "MAE": 1.636762,
        "RMSE": 2.371657,
        "MAPE": 0.2664,
        "R2": 0.8767
      }
    }
  }
}