{
  "generated_at": "2026-07-13 03:43:17",
  "exchange_rates": {
    "USD_TZS": {
      "current": 2627.8658,
      "next_1h": 2627.5082,
      "next_24h": 2621.0117,
      "change_pct": -0.014,
      "trend": "\ud83d\udcc9 DOWN",
      "predictions": [
        2627.5082,
        2627.1583,
        2626.8162,
        2626.4463,
        2626.0844,
        2625.7306,
        2625.3878,
        2625.0559,
        2624.7345,
        2624.4236,
        2624.123,
        2623.8324,
        2623.5514,
        2623.2796,
        2623.0169,
        2622.7629,
        2622.5173,
        2622.2799,
        2622.0503,
        2621.8284,
        2621.6138,
        2621.4063,
        2621.2057,
        2621.0117
      ],
      "metrics": {
        "MAE": 0.375705,
        "RMSE": 0.658955,
        "MAPE": 0.0143,
        "R2": 0.8228
      }
    },
    "USD_KES": {
      "current": 129.1822,
      "next_1h": 129.1861,
      "next_24h": 129.2623,
      "change_pct": 0.003,
      "trend": "\ud83d\udcc8 UP",
      "predictions": [
        129.1861,
        129.19,
        129.1939,
        129.1977,
        129.2014,
        129.2051,
        129.2088,
        129.2124,
        129.2159,
        129.2194,
        129.2228,
        129.2262,
        129.2295,
        129.2327,
        129.2359,
        129.239,
        129.2421,
        129.2452,
        129.2481,
        129.2511,
        129.254,
        129.2568,
        129.2596,
        129.2623
      ],
      "metrics": {
        "MAE": 0.005534,
        "RMSE": 0.014026,
        "MAPE": 0.0043,
        "R2": 0.8847
      }
    },
    "USD_UGX": {
      "current": 3659.3418,
      "next_1h": 3659.3121,
      "next_24h": 3658.6247,
      "change_pct": -0.001,
      "trend": "\ud83d\udcc9 DOWN",
      "predictions": [
        3659.3121,
        3659.2823,
        3659.2527,
        3659.2221,
        3659.1916,
        3659.1611,
        3659.1308,
        3659.1005,
        3659.0702,
        3659.04,
        3659.0099,
        3658.9799,
        3658.9499,
        3658.92,
        3658.8902,
        3658.8604,
        3658.8307,
        3658.8011,
        3658.7715,
        3658.742,
        3658.7126,
        3658.6832,
        3658.6539,
        3658.6247
      ],
      "metrics": {
        "MAE": 0.628857,
        "RMSE": 3.220535,
        "MAPE": 0.0172,
        "R2": 0.9244
      }
    },
    "USD_EUR": {
      "current": 0.8768,
      "next_1h": 0.8768,
      "next_24h": 0.8768,
      "change_pct": 0.0,
      "trend": "\ud83d\udcc9 DOWN",
      "predictions": [
        0.8768,
        0.8768,
        0.8768,
        0.8768,
        0.8768,
        0.8768,
        0.8768,
        0.8768,
        0.8768,
        0.8768,
        0.8768,
        0.8768,
        0.8768,
        0.8768,
        0.8768,
        0.8768,
        0.8768,
        0.8768,
        0.8768,
        0.8768,
        0.8768,
        0.8768,
        0.8768,
        0.8768
      ],
      "metrics": {
        "MAE": 3.3e-05,
        "RMSE": 0.000179,
        "MAPE": 0.0038,
        "R2": 0.9272
      }
    }
  },
  "crypto": {
    "BTC_USD": {
      "current": 62828.0,
      "next_1h": 62844.46,
      "next_24h": 62673.8,
      "change_pct": 0.026,
      "trend": "\ud83d\udcc8 UP",
      "predictions": [
        62844.46,
        62852.1,
        62842.26,
        62817.82,
        62808.25,
        62803.02,
        62796.69,
        62788.83,
        62780.77,
        62773.39,
        62766.21,
        62758.96,
        62751.66,
        62744.4,
        62737.2,
        62730.04,
        62722.9,
        62715.79,
        62708.72,
        62701.67,
        62694.66,
        62687.67,
        62680.72,
        62673.8
      ],
      "metrics": {
        "MAE": 94.99165,
        "RMSE": 131.317528,
        "MAPE": 0.1496,
        "R2": 0.9594
      }
    },
    "ETH_USD": {
      "current": 1779.28,
      "next_1h": 1779.62,
      "next_24h": 1769.15,
      "change_pct": 0.019,
      "trend": "\ud83d\udcc8 UP",
      "predictions": [
        1779.62,
        1780.27,
        1779.12,
        1778.81,
        1778.48,
        1777.97,
        1777.41,
        1776.92,
        1776.42,
        1775.91,
        1775.41,
        1774.91,
        1774.42,
        1773.93,
        1773.44,
        1772.95,
        1772.47,
        1771.99,
        1771.51,
        1771.03,
        1770.55,
        1770.08,
        1769.61,
        1769.15
      ],
      "metrics": {
        "MAE": 3.806842,
        "RMSE": 5.879786,
        "MAPE": 0.213,
        "R2": 0.9565
      }
    },
    "BNB_USD": {
      "current": 567.81,
      "next_1h": 567.73,
      "next_24h": 568.49,
      "change_pct": -0.014,
      "trend": "\ud83d\udcc9 DOWN",
      "predictions": [
        567.73,
        567.83,
        567.73,
        567.81,
        567.84,
        567.88,
        567.91,
        567.95,
        567.98,
        568.02,
        568.05,
        568.09,
        568.12,
        568.15,
        568.19,
        568.22,
        568.26,
        568.29,
        568.32,
        568.35,
        568.39,
        568.42,
        568.45,
        568.49
      ],
      "metrics": {
        "MAE": 0.83087,
        "RMSE": 1.189064,
        "MAPE": 0.1448,
        "R2": 0.9069
      }
    }
  }
}