{
  "generated_at": "2026-07-06 23:43:06",
  "exchange_rates": {
    "USD_TZS": {
      "current": 2625.9403,
      "next_1h": 2625.5692,
      "next_24h": 2619.4318,
      "change_pct": -0.014,
      "trend": "\ud83d\udcc9 DOWN",
      "predictions": [
        2625.5692,
        2625.2066,
        2624.8524,
        2624.5064,
        2624.1683,
        2623.838,
        2623.5183,
        2623.209,
        2622.9097,
        2622.6201,
        2622.34,
        2622.069,
        2621.8069,
        2621.5533,
        2621.308,
        2621.0708,
        2620.8413,
        2620.6193,
        2620.4046,
        2620.1969,
        2619.996,
        2619.8016,
        2619.6136,
        2619.4318
      ],
      "metrics": {
        "MAE": 0.742881,
        "RMSE": 2.753041,
        "MAPE": 0.0283,
        "R2": 0.8904
      }
    },
    "USD_KES": {
      "current": 129.206,
      "next_1h": 129.21,
      "next_24h": 129.288,
      "change_pct": 0.003,
      "trend": "\ud83d\udcc8 UP",
      "predictions": [
        129.21,
        129.2139,
        129.2179,
        129.2217,
        129.2256,
        129.2294,
        129.2332,
        129.2369,
        129.2405,
        129.2441,
        129.2476,
        129.2511,
        129.2544,
        129.2578,
        129.261,
        129.2643,
        129.2674,
        129.2705,
        129.2736,
        129.2766,
        129.2795,
        129.2824,
        129.2852,
        129.288
      ],
      "metrics": {
        "MAE": 0.004799,
        "RMSE": 0.018562,
        "MAPE": 0.0037,
        "R2": 0.9793
      }
    },
    "USD_UGX": {
      "current": 3651.2146,
      "next_1h": 3651.396,
      "next_24h": 3655.4065,
      "change_pct": 0.005,
      "trend": "\ud83d\udcc8 UP",
      "predictions": [
        3651.396,
        3651.577,
        3651.7576,
        3651.9378,
        3652.1177,
        3652.2971,
        3652.4758,
        3652.6537,
        3652.831,
        3653.0076,
        3653.1834,
        3653.3586,
        3653.533,
        3653.7068,
        3653.8799,
        3654.0522,
        3654.2239,
        3654.3949,
        3654.5652,
        3654.7348,
        3654.9038,
        3655.072,
        3655.2396,
        3655.4065
      ],
      "metrics": {
        "MAE": 1.005029,
        "RMSE": 3.7952,
        "MAPE": 0.0275,
        "R2": 0.9133
      }
    },
    "USD_EUR": {
      "current": 0.8743,
      "next_1h": 0.8744,
      "next_24h": 0.8757,
      "change_pct": 0.007,
      "trend": "\ud83d\udcc8 UP",
      "predictions": [
        0.8744,
        0.8744,
        0.8745,
        0.8745,
        0.8746,
        0.8747,
        0.8747,
        0.8748,
        0.8748,
        0.8749,
        0.8749,
        0.875,
        0.875,
        0.8751,
        0.8752,
        0.8752,
        0.8753,
        0.8753,
        0.8754,
        0.8754,
        0.8755,
        0.8756,
        0.8756,
        0.8757
      ],
      "metrics": {
        "MAE": 0.00014,
        "RMSE": 0.00042,
        "MAPE": 0.016,
        "R2": 0.9402
      }
    }
  },
  "crypto": {
    "BTC_USD": {
      "current": 64051.0,
      "next_1h": 64021.68,
      "next_24h": 63597.18,
      "change_pct": -0.046,
      "trend": "\ud83d\udcc9 DOWN",
      "predictions": [
        64021.68,
        64017.53,
        63999.1,
        63979.14,
        63952.58,
        63933.02,
        63915.06,
        63896.09,
        63876.69,
        63857.21,
        63838.22,
        63819.38,
        63800.51,
        63781.67,
        63762.9,
        63744.22,
        63725.62,
        63707.07,
        63688.59,
        63670.17,
        63651.83,
        63633.55,
        63615.33,
        63597.18
      ],
      "metrics": {
        "MAE": 225.319004,
        "RMSE": 342.973731,
        "MAPE": 0.3701,
        "R2": 0.9588
      }
    },
    "ETH_USD": {
      "current": 1800.66,
      "next_1h": 1800.07,
      "next_24h": 1779.45,
      "change_pct": -0.033,
      "trend": "\ud83d\udcc9 DOWN",
      "predictions": [
        1800.07,
        1799.31,
        1798.45,
        1797.39,
        1796.58,
        1795.65,
        1794.71,
        1793.78,
        1792.86,
        1791.94,
        1791.03,
        1790.11,
        1789.21,
        1788.3,
        1787.4,
        1786.5,
        1785.61,
        1784.72,
        1783.83,
        1782.95,
        1782.07,
        1781.19,
        1780.32,
        1779.45
      ],
      "metrics": {
        "MAE": 7.677349,
        "RMSE": 11.549439,
        "MAPE": 0.4611,
        "R2": 0.9841
      }
    },
    "BNB_USD": {
      "current": 586.29,
      "next_1h": 586.25,
      "next_24h": 585.45,
      "change_pct": -0.006,
      "trend": "\ud83d\udcc9 DOWN",
      "predictions": [
        586.25,
        586.2,
        586.17,
        586.07,
        586.05,
        586.02,
        585.99,
        585.95,
        585.92,
        585.89,
        585.86,
        585.82,
        585.79,
        585.76,
        585.73,
        585.7,
        585.66,
        585.63,
        585.6,
        585.57,
        585.54,
        585.51,
        585.48,
        585.45
      ],
      "metrics": {
        "MAE": 1.942117,
        "RMSE": 2.772626,
        "MAPE": 0.3456,
        "R2": 0.9598
      }
    }
  }
}