{
  "generated_at": "2026-03-12 07:00:22",
  "exchange_rates": {
    "USD_TZS": {
      "current": 2573.508,
      "next_1h": 2573.6053,
      "next_24h": 2574.6353,
      "change_pct": 0.004,
      "trend": "\ud83d\udcc8 UP",
      "predictions": [
        2573.6053,
        2573.6956,
        2573.7837,
        2573.8676,
        2573.9514,
        2574.0313,
        2574.104,
        2574.1702,
        2574.2304,
        2574.2847,
        2574.3333,
        2574.3767,
        2574.4153,
        2574.4496,
        2574.4801,
        2574.507,
        2574.5308,
        2574.5519,
        2574.5705,
        2574.5869,
        2574.6014,
        2574.6141,
        2574.6254,
        2574.6353
      ],
      "metrics": {
        "MAE": 1.569437,
        "RMSE": 2.909307,
        "MAPE": 0.0612,
        "R2": 0.7984
      }
    },
    "USD_KES": {
      "current": 129.2363,
      "next_1h": 129.2398,
      "next_24h": 129.2701,
      "change_pct": 0.003,
      "trend": "\ud83d\udcc8 UP",
      "predictions": [
        129.2398,
        129.2437,
        129.2468,
        129.2495,
        129.2518,
        129.2538,
        129.2557,
        129.2573,
        129.2589,
        129.2603,
        129.2615,
        129.2626,
        129.2636,
        129.2646,
        129.2654,
        129.2662,
        129.2668,
        129.2674,
        129.268,
        129.2685,
        129.269,
        129.2694,
        129.2697,
        129.2701
      ],
      "metrics": {
        "MAE": 0.009498,
        "RMSE": 0.019318,
        "MAPE": 0.0073,
        "R2": 0.7896
      }
    },
    "USD_UGX": {
      "current": 3694.9123,
      "next_1h": 3695.5725,
      "next_24h": 3709.5946,
      "change_pct": 0.018,
      "trend": "\ud83d\udcc8 UP",
      "predictions": [
        3695.5725,
        3696.212,
        3696.8296,
        3697.441,
        3698.0319,
        3698.6046,
        3699.1839,
        3699.7686,
        3700.3578,
        3700.9515,
        3701.5487,
        3702.1488,
        3702.7518,
        3703.3579,
        3703.9671,
        3704.5794,
        3705.195,
        3705.8137,
        3706.4357,
        3707.061,
        3707.6895,
        3708.3212,
        3708.9563,
        3709.5946
      ],
      "metrics": {
        "MAE": 1.837527,
        "RMSE": 4.61764,
        "MAPE": 0.0497,
        "R2": 0.7645
      }
    },
    "USD_EUR": {
      "current": 0.8646,
      "next_1h": 0.8645,
      "next_24h": 0.863,
      "change_pct": -0.016,
      "trend": "\ud83d\udcc9 DOWN",
      "predictions": [
        0.8645,
        0.8643,
        0.8642,
        0.8641,
        0.864,
        0.8639,
        0.8639,
        0.8638,
        0.8637,
        0.8636,
        0.8636,
        0.8635,
        0.8634,
        0.8634,
        0.8633,
        0.8633,
        0.8632,
        0.8632,
        0.8632,
        0.8631,
        0.8631,
        0.8631,
        0.863,
        0.863
      ],
      "metrics": {
        "MAE": 0.000385,
        "RMSE": 0.000933,
        "MAPE": 0.0446,
        "R2": 0.7934
      }
    }
  },
  "crypto": {
    "BTC_USD": {
      "current": 69463.0,
      "next_1h": 69419.14,
      "next_24h": 69735.22,
      "change_pct": -0.063,
      "trend": "\ud83d\udcc9 DOWN",
      "predictions": [
        69419.14,
        69462.2,
        69461.83,
        69486.09,
        69508.16,
        69512.67,
        69532.1,
        69541.12,
        69556.07,
        69571.07,
        69582.68,
        69596.96,
        69608.56,
        69621.2,
        69633.71,
        69645.49,
        69657.7,
        69669.16,
        69680.66,
        69691.97,
        69702.99,
        69713.98,
        69724.67,
        69735.22
      ],
      "metrics": {
        "MAE": 272.49132,
        "RMSE": 357.260416,
        "MAPE": 0.389,
        "R2": 0.5754
      }
    },
    "ETH_USD": {
      "current": 2029.74,
      "next_1h": 2027.23,
      "next_24h": 2030.1,
      "change_pct": -0.124,
      "trend": "\ud83d\udcc9 DOWN",
      "predictions": [
        2027.23,
        2027.78,
        2028.23,
        2028.83,
        2029.36,
        2029.22,
        2029.48,
        2029.65,
        2029.81,
        2029.93,
        2029.96,
        2030.04,
        2030.08,
        2030.11,
        2030.13,
        2030.14,
        2030.14,
        2030.14,
        2030.14,
        2030.14,
        2030.13,
        2030.12,
        2030.11,
        2030.1
      ],
      "metrics": {
        "MAE": 8.490533,
        "RMSE": 10.55603,
        "MAPE": 0.4151,
        "R2": 0.7396
      }
    },
    "BNB_USD": {
      "current": 644.49,
      "next_1h": 644.29,
      "next_24h": 646.06,
      "change_pct": -0.031,
      "trend": "\ud83d\udcc9 DOWN",
      "predictions": [
        644.29,
        644.45,
        644.46,
        644.59,
        644.72,
        644.78,
        644.88,
        644.96,
        645.04,
        645.13,
        645.2,
        645.28,
        645.35,
        645.43,
        645.5,
        645.57,
        645.63,
        645.7,
        645.76,
        645.82,
        645.89,
        645.94,
        646.0,
        646.06
      ],
      "metrics": {
        "MAE": 2.365911,
        "RMSE": 2.919654,
        "MAPE": 0.3665,
        "R2": 0.618
      }
    }
  }
}