{
  "generated_at": "2026-04-28 20:36:54",
  "exchange_rates": {
    "USD_TZS": {
      "current": 2607.9469,
      "next_1h": 2607.6921,
      "next_24h": 2603.1069,
      "change_pct": -0.01,
      "trend": "\ud83d\udcc9 DOWN",
      "predictions": [
        2607.6921,
        2607.4417,
        2607.1958,
        2606.9543,
        2606.717,
        2606.4839,
        2606.2562,
        2606.0338,
        2605.8166,
        2605.6045,
        2605.3973,
        2605.195,
        2604.9974,
        2604.8045,
        2604.6161,
        2604.432,
        2604.2523,
        2604.0769,
        2603.9055,
        2603.7381,
        2603.5747,
        2603.415,
        2603.2592,
        2603.1069
      ],
      "metrics": {
        "MAE": 0.802416,
        "RMSE": 3.807821,
        "MAPE": 0.0309,
        "R2": 0.8708
      }
    },
    "USD_KES": {
      "current": 129.233,
      "next_1h": 129.2325,
      "next_24h": 129.2206,
      "change_pct": 0.0,
      "trend": "\ud83d\udcc9 DOWN",
      "predictions": [
        129.2325,
        129.232,
        129.2314,
        129.2309,
        129.2304,
        129.2299,
        129.2294,
        129.2288,
        129.2283,
        129.2278,
        129.2273,
        129.2268,
        129.2262,
        129.2257,
        129.2252,
        129.2247,
        129.2242,
        129.2237,
        129.2232,
        129.2226,
        129.2221,
        129.2216,
        129.2211,
        129.2206
      ],
      "metrics": {
        "MAE": 0.004771,
        "RMSE": 0.022314,
        "MAPE": 0.0037,
        "R2": 0.94
      }
    },
    "USD_UGX": {
      "current": 3673.747,
      "next_1h": 3674.0464,
      "next_24h": 3680.5001,
      "change_pct": 0.008,
      "trend": "\ud83d\udcc8 UP",
      "predictions": [
        3674.0464,
        3674.3448,
        3674.6423,
        3674.9389,
        3675.2346,
        3675.5293,
        3675.8221,
        3676.1128,
        3676.4015,
        3676.6882,
        3676.9729,
        3677.2557,
        3677.5365,
        3677.8154,
        3678.0923,
        3678.3674,
        3678.6405,
        3678.9117,
        3679.1811,
        3679.4486,
        3679.7142,
        3679.978,
        3680.24,
        3680.5001
      ],
      "metrics": {
        "MAE": 0.755636,
        "RMSE": 3.547983,
        "MAPE": 0.0205,
        "R2": 0.8838
      }
    },
    "USD_EUR": {
      "current": 0.8526,
      "next_1h": 0.8526,
      "next_24h": 0.8522,
      "change_pct": -0.002,
      "trend": "\ud83d\udcc9 DOWN",
      "predictions": [
        0.8526,
        0.8526,
        0.8526,
        0.8525,
        0.8525,
        0.8525,
        0.8525,
        0.8525,
        0.8525,
        0.8524,
        0.8524,
        0.8524,
        0.8524,
        0.8524,
        0.8523,
        0.8523,
        0.8523,
        0.8523,
        0.8523,
        0.8522,
        0.8522,
        0.8522,
        0.8522,
        0.8522
      ],
      "metrics": {
        "MAE": 8.8e-05,
        "RMSE": 0.000358,
        "MAPE": 0.0103,
        "R2": 0.9229
      }
    }
  },
  "crypto": {
    "BTC_USD": {
      "current": 76397.0,
      "next_1h": 76363.66,
      "next_24h": 76316.12,
      "change_pct": -0.044,
      "trend": "\ud83d\udcc9 DOWN",
      "predictions": [
        76363.66,
        76383.98,
        76388.77,
        76373.07,
        76387.81,
        76380.55,
        76377.85,
        76375.85,
        76370.23,
        76367.97,
        76363.91,
        76360.09,
        76356.6,
        76352.65,
        76349.05,
        76345.32,
        76341.6,
        76337.95,
        76334.26,
        76330.61,
        76326.97,
        76323.34,
        76319.73,
        76316.12
      ],
      "metrics": {
        "MAE": 202.606449,
        "RMSE": 305.633817,
        "MAPE": 0.2607,
        "R2": 0.8042
      }
    },
    "ETH_USD": {
      "current": 2297.34,
      "next_1h": 2296.27,
      "next_24h": 2291.7,
      "change_pct": -0.047,
      "trend": "\ud83d\udcc9 DOWN",
      "predictions": [
        2296.27,
        2297.59,
        2297.7,
        2297.29,
        2297.56,
        2297.14,
        2296.93,
        2296.69,
        2296.32,
        2296.06,
        2295.73,
        2295.41,
        2295.1,
        2294.77,
        2294.46,
        2294.14,
        2293.83,
        2293.52,
        2293.21,
        2292.9,
        2292.59,
        2292.29,
        2291.99,
        2291.7
      ],
      "metrics": {
        "MAE": 7.178863,
        "RMSE": 11.35925,
        "MAPE": 0.3078,
        "R2": 0.8895
      }
    },
    "BNB_USD": {
      "current": 623.97,
      "next_1h": 623.76,
      "next_24h": 621.29,
      "change_pct": -0.033,
      "trend": "\ud83d\udcc9 DOWN",
      "predictions": [
        623.76,
        623.75,
        623.67,
        623.5,
        623.44,
        623.3,
        623.19,
        623.07,
        622.94,
        622.83,
        622.71,
        622.59,
        622.48,
        622.36,
        622.25,
        622.14,
        622.03,
        621.92,
        621.81,
        621.7,
        621.6,
        621.5,
        621.39,
        621.29
      ],
      "metrics": {
        "MAE": 1.326916,
        "RMSE": 1.899196,
        "MAPE": 0.2092,
        "R2": 0.914
      }
    }
  }
}