{
  "generated_at": "2026-05-05 11:35:24",
  "exchange_rates": {
    "USD_TZS": {
      "current": 2582.7007,
      "next_1h": 2583.663,
      "next_24h": 2596.4139,
      "change_pct": 0.037,
      "trend": "\ud83d\udcc8 UP",
      "predictions": [
        2583.663,
        2584.5986,
        2585.5081,
        2586.3923,
        2587.2518,
        2588.0869,
        2588.8704,
        2589.6047,
        2590.2919,
        2590.9341,
        2591.5332,
        2592.0911,
        2592.6106,
        2593.0941,
        2593.5441,
        2593.9627,
        2594.3521,
        2594.7143,
        2595.0512,
        2595.3646,
        2595.6561,
        2595.9272,
        2596.1794,
        2596.4139
      ],
      "metrics": {
        "MAE": 1.050559,
        "RMSE": 3.048564,
        "MAPE": 0.0404,
        "R2": 0.9049
      }
    },
    "USD_KES": {
      "current": 129.1269,
      "next_1h": 129.127,
      "next_24h": 129.129,
      "change_pct": 0.0,
      "trend": "\ud83d\udcc9 DOWN",
      "predictions": [
        129.127,
        129.1271,
        129.1272,
        129.1273,
        129.1274,
        129.1275,
        129.1275,
        129.1276,
        129.1277,
        129.1278,
        129.1279,
        129.128,
        129.1281,
        129.1282,
        129.1282,
        129.1283,
        129.1284,
        129.1285,
        129.1286,
        129.1287,
        129.1287,
        129.1288,
        129.1289,
        129.129
      ],
      "metrics": {
        "MAE": 0.002121,
        "RMSE": 0.013997,
        "MAPE": 0.0016,
        "R2": 0.9303
      }
    },
    "USD_UGX": {
      "current": 3726.434,
      "next_1h": 3726.2462,
      "next_24h": 3722.1864,
      "change_pct": -0.005,
      "trend": "\ud83d\udcc9 DOWN",
      "predictions": [
        3726.2462,
        3726.0592,
        3725.8728,
        3725.6871,
        3725.5021,
        3725.3178,
        3725.1347,
        3724.9526,
        3724.7717,
        3724.5919,
        3724.4131,
        3724.2355,
        3724.0589,
        3723.8835,
        3723.709,
        3723.5357,
        3723.3634,
        3723.1922,
        3723.022,
        3722.8528,
        3722.6847,
        3722.5176,
        3722.3515,
        3722.1864
      ],
      "metrics": {
        "MAE": 0.571344,
        "RMSE": 2.505167,
        "MAPE": 0.0154,
        "R2": 0.977
      }
    },
    "USD_EUR": {
      "current": 0.8549,
      "next_1h": 0.8549,
      "next_24h": 0.8546,
      "change_pct": -0.002,
      "trend": "\ud83d\udcc9 DOWN",
      "predictions": [
        0.8549,
        0.8549,
        0.8549,
        0.8549,
        0.8548,
        0.8548,
        0.8548,
        0.8548,
        0.8548,
        0.8548,
        0.8548,
        0.8547,
        0.8547,
        0.8547,
        0.8547,
        0.8547,
        0.8547,
        0.8547,
        0.8547,
        0.8546,
        0.8546,
        0.8546,
        0.8546,
        0.8546
      ],
      "metrics": {
        "MAE": 7.3e-05,
        "RMSE": 0.000354,
        "MAPE": 0.0085,
        "R2": 0.8993
      }
    }
  },
  "crypto": {
    "BTC_USD": {
      "current": 80949.0,
      "next_1h": 80912.14,
      "next_24h": 80409.66,
      "change_pct": -0.046,
      "trend": "\ud83d\udcc9 DOWN",
      "predictions": [
        80912.14,
        80904.65,
        80883.64,
        80861.02,
        80840.79,
        80816.54,
        80793.22,
        80769.77,
        80746.26,
        80722.99,
        80699.76,
        80676.68,
        80653.72,
        80630.89,
        80608.2,
        80585.63,
        80563.19,
        80540.88,
        80518.69,
        80496.63,
        80474.7,
        80452.9,
        80431.21,
        80409.66
      ],
      "metrics": {
        "MAE": 202.641261,
        "RMSE": 305.545673,
        "MAPE": 0.2595,
        "R2": 0.9587
      }
    },
    "ETH_USD": {
      "current": 2377.84,
      "next_1h": 2377.39,
      "next_24h": 2357.11,
      "change_pct": -0.019,
      "trend": "\ud83d\udcc9 DOWN",
      "predictions": [
        2377.39,
        2376.84,
        2375.55,
        2374.99,
        2374.07,
        2373.1,
        2372.18,
        2371.19,
        2370.25,
        2369.31,
        2368.37,
        2367.44,
        2366.52,
        2365.62,
        2364.72,
        2363.83,
        2362.96,
        2362.09,
        2361.24,
        2360.39,
        2359.56,
        2358.73,
        2357.92,
        2357.11
      ],
      "metrics": {
        "MAE": 6.999497,
        "RMSE": 11.117222,
        "MAPE": 0.3028,
        "R2": 0.9106
      }
    },
    "BNB_USD": {
      "current": 628.76,
      "next_1h": 628.76,
      "next_24h": 627.63,
      "change_pct": 0.0,
      "trend": "\ud83d\udcc9 DOWN",
      "predictions": [
        628.76,
        628.83,
        628.72,
        628.69,
        628.64,
        628.58,
        628.53,
        628.47,
        628.41,
        628.36,
        628.3,
        628.25,
        628.19,
        628.14,
        628.09,
        628.03,
        627.98,
        627.93,
        627.88,
        627.83,
        627.78,
        627.73,
        627.68,
        627.63
      ],
      "metrics": {
        "MAE": 1.129702,
        "RMSE": 1.680141,
        "MAPE": 0.1819,
        "R2": 0.8414
      }
    }
  }
}