{
  "generated_at": "2026-04-13 15:38:46",
  "exchange_rates": {
    "USD_TZS": {
      "current": 2597.1504,
      "next_1h": 2596.9199,
      "next_24h": 2592.5882,
      "change_pct": -0.009,
      "trend": "\ud83d\udcc9 DOWN",
      "predictions": [
        2596.9199,
        2596.6917,
        2596.4659,
        2596.2425,
        2596.0214,
        2595.8027,
        2595.5886,
        2595.3791,
        2595.1742,
        2594.9736,
        2594.7775,
        2594.5857,
        2594.3981,
        2594.2147,
        2594.0352,
        2593.8598,
        2593.6882,
        2593.5203,
        2593.3562,
        2593.1957,
        2593.0387,
        2592.8852,
        2592.735,
        2592.5882
      ],
      "metrics": {
        "MAE": 0.399042,
        "RMSE": 1.223545,
        "MAPE": 0.0153,
        "R2": 0.946
      }
    },
    "USD_KES": {
      "current": 129.1727,
      "next_1h": 129.1759,
      "next_24h": 129.2459,
      "change_pct": 0.002,
      "trend": "\ud83d\udcc8 UP",
      "predictions": [
        129.1759,
        129.1791,
        129.1823,
        129.1854,
        129.1886,
        129.1917,
        129.1948,
        129.198,
        129.201,
        129.2041,
        129.2072,
        129.2102,
        129.2133,
        129.2163,
        129.2193,
        129.2223,
        129.2253,
        129.2283,
        129.2313,
        129.2342,
        129.2372,
        129.2401,
        129.243,
        129.2459
      ],
      "metrics": {
        "MAE": 0.009814,
        "RMSE": 0.053352,
        "MAPE": 0.0076,
        "R2": 0.9809
      }
    },
    "USD_UGX": {
      "current": 3695.1681,
      "next_1h": 3695.8914,
      "next_24h": 3710.6294,
      "change_pct": 0.02,
      "trend": "\ud83d\udcc8 UP",
      "predictions": [
        3695.8914,
        3696.6096,
        3697.3229,
        3698.0311,
        3698.7345,
        3699.4329,
        3700.1228,
        3700.8043,
        3701.4773,
        3702.1421,
        3702.7986,
        3703.447,
        3704.0874,
        3704.7199,
        3705.3445,
        3705.9614,
        3706.5707,
        3707.1724,
        3707.7667,
        3708.3535,
        3708.9332,
        3709.5056,
        3710.071,
        3710.6294
      ],
      "metrics": {
        "MAE": 0.849119,
        "RMSE": 3.422747,
        "MAPE": 0.0229,
        "R2": 0.977
      }
    },
    "USD_EUR": {
      "current": 0.8561,
      "next_1h": 0.8563,
      "next_24h": 0.8599,
      "change_pct": 0.021,
      "trend": "\ud83d\udcc8 UP",
      "predictions": [
        0.8563,
        0.8565,
        0.8567,
        0.8568,
        0.857,
        0.8572,
        0.8574,
        0.8575,
        0.8577,
        0.8579,
        0.858,
        0.8582,
        0.8583,
        0.8585,
        0.8586,
        0.8588,
        0.8589,
        0.8591,
        0.8592,
        0.8594,
        0.8595,
        0.8596,
        0.8598,
        0.8599
      ],
      "metrics": {
        "MAE": 0.000268,
        "RMSE": 0.000685,
        "MAPE": 0.0313,
        "R2": 0.9713
      }
    }
  },
  "crypto": {
    "BTC_USD": {
      "current": 71714.0,
      "next_1h": 71681.13,
      "next_24h": 71136.04,
      "change_pct": -0.046,
      "trend": "\ud83d\udcc9 DOWN",
      "predictions": [
        71681.13,
        71673.32,
        71604.63,
        71535.69,
        71516.14,
        71493.68,
        71472.35,
        71455.51,
        71436.63,
        71415.4,
        71394.52,
        71373.54,
        71352.53,
        71331.93,
        71311.62,
        71291.47,
        71271.5,
        71251.7,
        71232.04,
        71212.53,
        71193.18,
        71173.98,
        71154.93,
        71136.04
      ],
      "metrics": {
        "MAE": 219.38366,
        "RMSE": 311.122524,
        "MAPE": 0.3069,
        "R2": 0.9361
      }
    },
    "ETH_USD": {
      "current": 2204.18,
      "next_1h": 2203.42,
      "next_24h": 2181.09,
      "change_pct": -0.035,
      "trend": "\ud83d\udcc9 DOWN",
      "predictions": [
        2203.42,
        2202.56,
        2200.47,
        2199.14,
        2198.29,
        2197.26,
        2196.29,
        2195.33,
        2194.36,
        2193.4,
        2192.45,
        2191.51,
        2190.58,
        2189.66,
        2188.76,
        2187.87,
        2186.98,
        2186.11,
        2185.25,
        2184.4,
        2183.56,
        2182.72,
        2181.9,
        2181.09
      ],
      "metrics": {
        "MAE": 9.056316,
        "RMSE": 13.472746,
        "MAPE": 0.4101,
        "R2": 0.9169
      }
    },
    "BNB_USD": {
      "current": 600.88,
      "next_1h": 601.03,
      "next_24h": 600.8,
      "change_pct": 0.025,
      "trend": "\ud83d\udcc8 UP",
      "predictions": [
        601.03,
        601.2,
        600.97,
        600.76,
        600.73,
        600.71,
        600.72,
        600.74,
        600.76,
        600.76,
        600.77,
        600.77,
        600.77,
        600.77,
        600.77,
        600.78,
        600.78,
        600.78,
        600.78,
        600.79,
        600.79,
        600.79,
        600.8,
        600.8
      ],
      "metrics": {
        "MAE": 1.512272,
        "RMSE": 2.001748,
        "MAPE": 0.2507,
        "R2": 0.8976
      }
    }
  }
}