{
  "generated_at": "2026-07-21 23:43:16",
  "exchange_rates": {
    "USD_TZS": {
      "current": 2626.5347,
      "next_1h": 2626.2817,
      "next_24h": 2621.936,
      "change_pct": -0.01,
      "trend": "\ud83d\udcc9 DOWN",
      "predictions": [
        2626.2817,
        2626.0337,
        2625.7907,
        2625.5525,
        2625.3189,
        2625.0901,
        2624.8677,
        2624.6518,
        2624.442,
        2624.2384,
        2624.0406,
        2623.8485,
        2623.6621,
        2623.481,
        2623.3052,
        2623.1345,
        2622.9688,
        2622.8079,
        2622.6517,
        2622.5,
        2622.3527,
        2622.2097,
        2622.0708,
        2621.936
      ],
      "metrics": {
        "MAE": 0.538557,
        "RMSE": 2.051811,
        "MAPE": 0.0206,
        "R2": 0.9572
      }
    },
    "USD_KES": {
      "current": 129.2986,
      "next_1h": 129.2991,
      "next_24h": 129.3103,
      "change_pct": 0.0,
      "trend": "\ud83d\udcc9 DOWN",
      "predictions": [
        129.2991,
        129.2996,
        129.3002,
        129.3007,
        129.3012,
        129.3017,
        129.3022,
        129.3027,
        129.3032,
        129.3037,
        129.3042,
        129.3047,
        129.3052,
        129.3057,
        129.3062,
        129.3067,
        129.3071,
        129.3076,
        129.308,
        129.3085,
        129.309,
        129.3094,
        129.3098,
        129.3103
      ],
      "metrics": {
        "MAE": 0.002438,
        "RMSE": 0.012025,
        "MAPE": 0.0019,
        "R2": 0.9432
      }
    },
    "USD_UGX": {
      "current": 3684.2026,
      "next_1h": 3684.1597,
      "next_24h": 3683.2044,
      "change_pct": -0.001,
      "trend": "\ud83d\udcc9 DOWN",
      "predictions": [
        3684.1597,
        3684.1168,
        3684.074,
        3684.0313,
        3683.9886,
        3683.9461,
        3683.9037,
        3683.8615,
        3683.8194,
        3683.7774,
        3683.7356,
        3683.6939,
        3683.6523,
        3683.6109,
        3683.5697,
        3683.5285,
        3683.4875,
        3683.4467,
        3683.406,
        3683.3654,
        3683.3249,
        3683.2846,
        3683.2444,
        3683.2044
      ],
      "metrics": {
        "MAE": 0.409389,
        "RMSE": 2.358579,
        "MAPE": 0.0111,
        "R2": 0.9556
      }
    },
    "USD_EUR": {
      "current": 0.8758,
      "next_1h": 0.8758,
      "next_24h": 0.8759,
      "change_pct": 0.0,
      "trend": "\ud83d\udcc9 DOWN",
      "predictions": [
        0.8758,
        0.8758,
        0.8758,
        0.8758,
        0.8758,
        0.8758,
        0.8758,
        0.8758,
        0.8758,
        0.8758,
        0.8758,
        0.8758,
        0.8758,
        0.8758,
        0.8758,
        0.8758,
        0.8758,
        0.8758,
        0.8758,
        0.8758,
        0.8758,
        0.8758,
        0.8759,
        0.8759
      ],
      "metrics": {
        "MAE": 4.2e-05,
        "RMSE": 0.000236,
        "MAPE": 0.0048,
        "R2": 0.9672
      }
    }
  },
  "crypto": {
    "BTC_USD": {
      "current": 66380.0,
      "next_1h": 66360.41,
      "next_24h": 65957.01,
      "change_pct": -0.03,
      "trend": "\ud83d\udcc9 DOWN",
      "predictions": [
        66360.41,
        66333.71,
        66309.71,
        66293.22,
        66281.89,
        66263.92,
        66245.35,
        66227.32,
        66209.97,
        66192.8,
        66175.4,
        66158.05,
        66140.82,
        66123.72,
        66106.69,
        66089.73,
        66072.85,
        66056.06,
        66039.35,
        66022.72,
        66006.18,
        65989.71,
        65973.32,
        65957.01
      ],
      "metrics": {
        "MAE": 99.386873,
        "RMSE": 147.962349,
        "MAPE": 0.154,
        "R2": 0.9722
      }
    },
    "ETH_USD": {
      "current": 1922.22,
      "next_1h": 1921.46,
      "next_24h": 1902.31,
      "change_pct": -0.039,
      "trend": "\ud83d\udcc9 DOWN",
      "predictions": [
        1921.46,
        1920.36,
        1919.38,
        1918.66,
        1917.75,
        1916.9,
        1916.05,
        1915.22,
        1914.38,
        1913.54,
        1912.72,
        1911.89,
        1911.07,
        1910.26,
        1909.44,
        1908.63,
        1907.83,
        1907.03,
        1906.23,
        1905.44,
        1904.65,
        1903.87,
        1903.09,
        1902.31
      ],
      "metrics": {
        "MAE": 3.939623,
        "RMSE": 5.470339,
        "MAPE": 0.21,
        "R2": 0.9711
      }
    },
    "BNB_USD": {
      "current": 572.93,
      "next_1h": 572.95,
      "next_24h": 573.59,
      "change_pct": 0.003,
      "trend": "\ud83d\udcc8 UP",
      "predictions": [
        572.95,
        572.96,
        572.98,
        573.04,
        573.06,
        573.09,
        573.12,
        573.15,
        573.18,
        573.2,
        573.23,
        573.26,
        573.29,
        573.32,
        573.34,
        573.37,
        573.4,
        573.43,
        573.45,
        573.48,
        573.51,
        573.54,
        573.56,
        573.59
      ],
      "metrics": {
        "MAE": 0.766202,
        "RMSE": 1.07096,
        "MAPE": 0.1343,
        "R2": 0.947
      }
    }
  }
}