{
  "generated_at": "2026-07-04 22:10:40",
  "exchange_rates": {
    "USD_TZS": {
      "current": 2621.8002,
      "next_1h": 2621.6194,
      "next_24h": 2618.3085,
      "change_pct": -0.007,
      "trend": "\ud83d\udcc9 DOWN",
      "predictions": [
        2621.6194,
        2621.4412,
        2621.2656,
        2621.0925,
        2620.9219,
        2620.7539,
        2620.5897,
        2620.4292,
        2620.2724,
        2620.1191,
        2619.9694,
        2619.8231,
        2619.6801,
        2619.5404,
        2619.404,
        2619.2706,
        2619.1404,
        2619.0131,
        2618.8887,
        2618.7672,
        2618.6485,
        2618.5325,
        2618.4192,
        2618.3085
      ],
      "metrics": {
        "MAE": 0.67155,
        "RMSE": 2.771122,
        "MAPE": 0.0256,
        "R2": 0.8918
      }
    },
    "USD_KES": {
      "current": 129.2531,
      "next_1h": 129.2569,
      "next_24h": 129.3282,
      "change_pct": 0.003,
      "trend": "\ud83d\udcc8 UP",
      "predictions": [
        129.2569,
        129.2607,
        129.2644,
        129.268,
        129.2716,
        129.2752,
        129.2787,
        129.2822,
        129.2855,
        129.2888,
        129.292,
        129.2952,
        129.2983,
        129.3013,
        129.3042,
        129.3071,
        129.31,
        129.3127,
        129.3154,
        129.3181,
        129.3207,
        129.3232,
        129.3257,
        129.3282
      ],
      "metrics": {
        "MAE": 0.005286,
        "RMSE": 0.021337,
        "MAPE": 0.0041,
        "R2": 0.9566
      }
    },
    "USD_UGX": {
      "current": 3635.4806,
      "next_1h": 3635.5169,
      "next_24h": 3636.3351,
      "change_pct": 0.001,
      "trend": "\ud83d\udcc8 UP",
      "predictions": [
        3635.5169,
        3635.5532,
        3635.5895,
        3635.6257,
        3635.6618,
        3635.6979,
        3635.7339,
        3635.7698,
        3635.8057,
        3635.8415,
        3635.8772,
        3635.9128,
        3635.9484,
        3635.9839,
        3636.0194,
        3636.0547,
        3636.09,
        3636.1253,
        3636.1604,
        3636.1955,
        3636.2305,
        3636.2655,
        3636.3003,
        3636.3351
      ],
      "metrics": {
        "MAE": 0.927205,
        "RMSE": 4.25193,
        "MAPE": 0.0254,
        "R2": 0.9001
      }
    },
    "USD_EUR": {
      "current": 0.8743,
      "next_1h": 0.8743,
      "next_24h": 0.8762,
      "change_pct": 0.009,
      "trend": "\ud83d\udcc8 UP",
      "predictions": [
        0.8743,
        0.8744,
        0.8745,
        0.8746,
        0.8746,
        0.8747,
        0.8748,
        0.8749,
        0.875,
        0.875,
        0.8751,
        0.8752,
        0.8753,
        0.8754,
        0.8754,
        0.8755,
        0.8756,
        0.8757,
        0.8758,
        0.8758,
        0.8759,
        0.876,
        0.8761,
        0.8762
      ],
      "metrics": {
        "MAE": 0.000176,
        "RMSE": 0.000436,
        "MAPE": 0.0201,
        "R2": 0.9408
      }
    }
  },
  "crypto": {
    "BTC_USD": {
      "current": 63220.0,
      "next_1h": 63207.06,
      "next_24h": 62745.23,
      "change_pct": -0.02,
      "trend": "\ud83d\udcc9 DOWN",
      "predictions": [
        63207.06,
        63189.03,
        63172.47,
        63150.45,
        63131.16,
        63110.75,
        63090.2,
        63069.63,
        63049.02,
        63028.52,
        63008.02,
        62987.56,
        62967.14,
        62946.75,
        62926.42,
        62906.12,
        62885.86,
        62865.65,
        62845.47,
        62825.34,
        62805.25,
        62785.2,
        62765.2,
        62745.23
      ],
      "metrics": {
        "MAE": 224.700809,
        "RMSE": 325.174348,
        "MAPE": 0.3743,
        "R2": 0.9283
      }
    },
    "ETH_USD": {
      "current": 1785.61,
      "next_1h": 1785.24,
      "next_24h": 1766.46,
      "change_pct": -0.021,
      "trend": "\ud83d\udcc9 DOWN",
      "predictions": [
        1785.24,
        1784.23,
        1783.12,
        1782.59,
        1781.78,
        1780.92,
        1780.1,
        1779.3,
        1778.47,
        1777.65,
        1776.84,
        1776.03,
        1775.22,
        1774.42,
        1773.61,
        1772.81,
        1772.01,
        1771.21,
        1770.41,
        1769.62,
        1768.82,
        1768.03,
        1767.25,
        1766.46
      ],
      "metrics": {
        "MAE": 7.81145,
        "RMSE": 11.540859,
        "MAPE": 0.4833,
        "R2": 0.9734
      }
    },
    "BNB_USD": {
      "current": 574.98,
      "next_1h": 574.89,
      "next_24h": 574.99,
      "change_pct": -0.016,
      "trend": "\ud83d\udcc9 DOWN",
      "predictions": [
        574.89,
        574.81,
        574.78,
        574.94,
        574.88,
        574.89,
        574.9,
        574.91,
        574.91,
        574.92,
        574.92,
        574.93,
        574.93,
        574.94,
        574.94,
        574.95,
        574.96,
        574.96,
        574.97,
        574.97,
        574.98,
        574.98,
        574.99,
        574.99
      ],
      "metrics": {
        "MAE": 1.931667,
        "RMSE": 2.740204,
        "MAPE": 0.3469,
        "R2": 0.8982
      }
    }
  }
}