{
  "generated_at": "2026-04-14 14:43:04",
  "exchange_rates": {
    "USD_TZS": {
      "current": 2595.9523,
      "next_1h": 2595.7639,
      "next_24h": 2592.2258,
      "change_pct": -0.007,
      "trend": "\ud83d\udcc9 DOWN",
      "predictions": [
        2595.7639,
        2595.5775,
        2595.393,
        2595.2105,
        2595.0298,
        2594.8511,
        2594.6761,
        2594.505,
        2594.3376,
        2594.1738,
        2594.0136,
        2593.8569,
        2593.7037,
        2593.5538,
        2593.4073,
        2593.264,
        2593.1239,
        2592.9868,
        2592.8528,
        2592.7218,
        2592.5936,
        2592.4683,
        2592.3457,
        2592.2258
      ],
      "metrics": {
        "MAE": 0.374305,
        "RMSE": 1.133794,
        "MAPE": 0.0144,
        "R2": 0.9169
      }
    },
    "USD_KES": {
      "current": 129.3167,
      "next_1h": 129.3199,
      "next_24h": 129.3894,
      "change_pct": 0.002,
      "trend": "\ud83d\udcc8 UP",
      "predictions": [
        129.3199,
        129.3231,
        129.3263,
        129.3295,
        129.3326,
        129.3357,
        129.3388,
        129.3419,
        129.345,
        129.3481,
        129.3511,
        129.3541,
        129.3572,
        129.3602,
        129.3632,
        129.3661,
        129.3691,
        129.372,
        129.375,
        129.3779,
        129.3808,
        129.3837,
        129.3866,
        129.3894
      ],
      "metrics": {
        "MAE": 0.01108,
        "RMSE": 0.054208,
        "MAPE": 0.0086,
        "R2": 0.9705
      }
    },
    "USD_UGX": {
      "current": 3719.5257,
      "next_1h": 3719.8862,
      "next_24h": 3727.3633,
      "change_pct": 0.01,
      "trend": "\ud83d\udcc8 UP",
      "predictions": [
        3719.8862,
        3720.2448,
        3720.6014,
        3720.9561,
        3721.3089,
        3721.6598,
        3722.0069,
        3722.3502,
        3722.6899,
        3723.0259,
        3723.3582,
        3723.6869,
        3724.0121,
        3724.3337,
        3724.6518,
        3724.9664,
        3725.2776,
        3725.5855,
        3725.8899,
        3726.1911,
        3726.489,
        3726.7836,
        3727.0751,
        3727.3633
      ],
      "metrics": {
        "MAE": 1.010693,
        "RMSE": 3.947251,
        "MAPE": 0.0272,
        "R2": 0.9497
      }
    },
    "USD_EUR": {
      "current": 0.8521,
      "next_1h": 0.8524,
      "next_24h": 0.8567,
      "change_pct": 0.026,
      "trend": "\ud83d\udcc8 UP",
      "predictions": [
        0.8524,
        0.8526,
        0.8528,
        0.853,
        0.8532,
        0.8534,
        0.8536,
        0.8538,
        0.854,
        0.8542,
        0.8544,
        0.8546,
        0.8548,
        0.855,
        0.8552,
        0.8554,
        0.8555,
        0.8557,
        0.8559,
        0.856,
        0.8562,
        0.8564,
        0.8565,
        0.8567
      ],
      "metrics": {
        "MAE": 0.000259,
        "RMSE": 0.000606,
        "MAPE": 0.0303,
        "R2": 0.9388
      }
    }
  },
  "crypto": {
    "BTC_USD": {
      "current": 75359.0,
      "next_1h": 75331.82,
      "next_24h": 74208.51,
      "change_pct": -0.036,
      "trend": "\ud83d\udcc9 DOWN",
      "predictions": [
        75331.82,
        75311.11,
        75258.03,
        75170.42,
        75102.07,
        75048.61,
        74995.6,
        74946.0,
        74898.26,
        74849.93,
        74801.58,
        74753.62,
        74705.9,
        74658.56,
        74611.68,
        74565.25,
        74519.23,
        74473.63,
        74428.45,
        74383.66,
        74339.28,
        74295.3,
        74251.71,
        74208.51
      ],
      "metrics": {
        "MAE": 218.660377,
        "RMSE": 310.985203,
        "MAPE": 0.3025,
        "R2": 0.9243
      }
    },
    "ETH_USD": {
      "current": 2372.28,
      "next_1h": 2369.3,
      "next_24h": 2307.32,
      "change_pct": -0.126,
      "trend": "\ud83d\udcc9 DOWN",
      "predictions": [
        2369.3,
        2366.25,
        2362.6,
        2359.66,
        2356.73,
        2353.8,
        2350.92,
        2348.08,
        2345.27,
        2342.5,
        2339.76,
        2337.06,
        2334.4,
        2331.77,
        2329.17,
        2326.61,
        2324.09,
        2321.6,
        2319.14,
        2316.71,
        2314.31,
        2311.95,
        2309.62,
        2307.32
      ],
      "metrics": {
        "MAE": 9.265261,
        "RMSE": 14.05114,
        "MAPE": 0.4129,
        "R2": 0.9355
      }
    },
    "BNB_USD": {
      "current": 620.14,
      "next_1h": 620.34,
      "next_24h": 619.41,
      "change_pct": 0.032,
      "trend": "\ud83d\udcc8 UP",
      "predictions": [
        620.34,
        620.52,
        620.42,
        620.19,
        620.07,
        620.0,
        619.96,
        619.93,
        619.91,
        619.88,
        619.85,
        619.81,
        619.78,
        619.74,
        619.71,
        619.67,
        619.64,
        619.61,
        619.57,
        619.54,
        619.51,
        619.47,
        619.44,
        619.41
      ],
      "metrics": {
        "MAE": 1.486748,
        "RMSE": 2.038226,
        "MAPE": 0.2459,
        "R2": 0.9111
      }
    }
  }
}