{
  "generated_at": "2026-07-14 09:17:11",
  "exchange_rates": {
    "USD_TZS": {
      "current": 2602.9439,
      "next_1h": 2603.3383,
      "next_24h": 2609.9353,
      "change_pct": 0.015,
      "trend": "\ud83d\udcc8 UP",
      "predictions": [
        2603.3383,
        2603.7243,
        2604.1021,
        2604.472,
        2604.834,
        2605.1883,
        2605.5314,
        2605.8636,
        2606.1852,
        2606.4965,
        2606.7979,
        2607.0895,
        2607.3717,
        2607.6448,
        2607.9091,
        2608.1649,
        2608.4124,
        2608.6519,
        2608.8837,
        2609.1081,
        2609.3252,
        2609.5352,
        2609.7386,
        2609.9353
      ],
      "metrics": {
        "MAE": 0.480789,
        "RMSE": 1.909834,
        "MAPE": 0.0184,
        "R2": 0.8574
      }
    },
    "USD_KES": {
      "current": 129.2818,
      "next_1h": 129.2835,
      "next_24h": 129.3181,
      "change_pct": 0.001,
      "trend": "\ud83d\udcc8 UP",
      "predictions": [
        129.2835,
        129.2852,
        129.2869,
        129.2885,
        129.2902,
        129.2919,
        129.2935,
        129.2951,
        129.2967,
        129.2983,
        129.2998,
        129.3014,
        129.3029,
        129.3043,
        129.3058,
        129.3073,
        129.3087,
        129.3101,
        129.3115,
        129.3128,
        129.3142,
        129.3155,
        129.3168,
        129.3181
      ],
      "metrics": {
        "MAE": 0.005081,
        "RMSE": 0.015172,
        "MAPE": 0.0039,
        "R2": 0.8759
      }
    },
    "USD_UGX": {
      "current": 3658.9043,
      "next_1h": 3658.9298,
      "next_24h": 3659.4971,
      "change_pct": 0.001,
      "trend": "\ud83d\udcc8 UP",
      "predictions": [
        3658.9298,
        3658.9552,
        3658.9805,
        3659.0058,
        3659.031,
        3659.0562,
        3659.0813,
        3659.1064,
        3659.1313,
        3659.1562,
        3659.181,
        3659.2058,
        3659.2305,
        3659.2551,
        3659.2796,
        3659.304,
        3659.3284,
        3659.3527,
        3659.377,
        3659.4011,
        3659.4252,
        3659.4493,
        3659.4732,
        3659.4971
      ],
      "metrics": {
        "MAE": 0.511388,
        "RMSE": 2.887912,
        "MAPE": 0.014,
        "R2": 0.9121
      }
    },
    "USD_EUR": {
      "current": 0.8774,
      "next_1h": 0.8774,
      "next_24h": 0.8774,
      "change_pct": 0.0,
      "trend": "\ud83d\udcc9 DOWN",
      "predictions": [
        0.8774,
        0.8774,
        0.8774,
        0.8774,
        0.8774,
        0.8774,
        0.8774,
        0.8774,
        0.8774,
        0.8774,
        0.8774,
        0.8774,
        0.8774,
        0.8774,
        0.8774,
        0.8774,
        0.8774,
        0.8774,
        0.8774,
        0.8774,
        0.8774,
        0.8774,
        0.8774,
        0.8774
      ],
      "metrics": {
        "MAE": 3.5e-05,
        "RMSE": 0.000182,
        "MAPE": 0.004,
        "R2": 0.9472
      }
    }
  },
  "crypto": {
    "BTC_USD": {
      "current": 62612.0,
      "next_1h": 62591.56,
      "next_24h": 62500.83,
      "change_pct": -0.033,
      "trend": "\ud83d\udcc9 DOWN",
      "predictions": [
        62591.56,
        62583.8,
        62586.05,
        62588.0,
        62580.59,
        62575.12,
        62570.81,
        62567.0,
        62562.88,
        62558.48,
        62554.18,
        62549.97,
        62545.8,
        62541.62,
        62537.45,
        62533.3,
        62529.18,
        62525.08,
        62520.99,
        62516.92,
        62512.87,
        62508.84,
        62504.83,
        62500.83
      ],
      "metrics": {
        "MAE": 91.997466,
        "RMSE": 125.890281,
        "MAPE": 0.145,
        "R2": 0.97
      }
    },
    "ETH_USD": {
      "current": 1786.12,
      "next_1h": 1785.18,
      "next_24h": 1773.86,
      "change_pct": -0.053,
      "trend": "\ud83d\udcc9 DOWN",
      "predictions": [
        1785.18,
        1784.56,
        1784.23,
        1783.57,
        1783.04,
        1782.54,
        1782.05,
        1781.54,
        1781.04,
        1780.55,
        1780.05,
        1779.56,
        1779.07,
        1778.59,
        1778.1,
        1777.62,
        1777.14,
        1776.67,
        1776.19,
        1775.72,
        1775.25,
        1774.79,
        1774.32,
        1773.86
      ],
      "metrics": {
        "MAE": 3.832879,
        "RMSE": 5.855649,
        "MAPE": 0.2138,
        "R2": 0.9051
      }
    },
    "BNB_USD": {
      "current": 570.19,
      "next_1h": 570.24,
      "next_24h": 570.92,
      "change_pct": 0.008,
      "trend": "\ud83d\udcc8 UP",
      "predictions": [
        570.24,
        570.26,
        570.33,
        570.34,
        570.37,
        570.4,
        570.43,
        570.46,
        570.49,
        570.52,
        570.55,
        570.58,
        570.61,
        570.64,
        570.67,
        570.7,
        570.72,
        570.75,
        570.78,
        570.81,
        570.84,
        570.87,
        570.89,
        570.92
      ],
      "metrics": {
        "MAE": 0.771862,
        "RMSE": 1.128195,
        "MAPE": 0.1346,
        "R2": 0.9418
      }
    }
  }
}