{
  "generated_at": "2026-07-14 21:43:18",
  "exchange_rates": {
    "USD_TZS": {
      "current": 2602.9439,
      "next_1h": 2603.3386,
      "next_24h": 2609.9299,
      "change_pct": 0.015,
      "trend": "\ud83d\udcc8 UP",
      "predictions": [
        2603.3386,
        2603.7249,
        2604.1028,
        2604.4727,
        2604.8347,
        2605.1889,
        2605.5318,
        2605.8638,
        2606.1852,
        2606.4963,
        2606.7973,
        2607.0886,
        2607.3705,
        2607.6433,
        2607.9073,
        2608.1627,
        2608.4098,
        2608.649,
        2608.8804,
        2609.1043,
        2609.321,
        2609.5307,
        2609.7336,
        2609.9299
      ],
      "metrics": {
        "MAE": 0.474223,
        "RMSE": 1.888261,
        "MAPE": 0.0181,
        "R2": 0.9313
      }
    },
    "USD_KES": {
      "current": 129.2818,
      "next_1h": 129.2835,
      "next_24h": 129.3173,
      "change_pct": 0.001,
      "trend": "\ud83d\udcc8 UP",
      "predictions": [
        129.2835,
        129.2851,
        129.2868,
        129.2884,
        129.29,
        129.2916,
        129.2932,
        129.2948,
        129.2964,
        129.2979,
        129.2994,
        129.3009,
        129.3024,
        129.3038,
        129.3053,
        129.3067,
        129.3081,
        129.3095,
        129.3108,
        129.3121,
        129.3135,
        129.3148,
        129.316,
        129.3173
      ],
      "metrics": {
        "MAE": 0.004872,
        "RMSE": 0.015032,
        "MAPE": 0.0038,
        "R2": 0.8981
      }
    },
    "USD_UGX": {
      "current": 3658.9043,
      "next_1h": 3658.9534,
      "next_24h": 3660.0456,
      "change_pct": 0.001,
      "trend": "\ud83d\udcc8 UP",
      "predictions": [
        3658.9534,
        3659.0024,
        3659.0513,
        3659.1001,
        3659.1488,
        3659.1973,
        3659.2458,
        3659.294,
        3659.3422,
        3659.3901,
        3659.4379,
        3659.4856,
        3659.5331,
        3659.5804,
        3659.6276,
        3659.6747,
        3659.7216,
        3659.7683,
        3659.8149,
        3659.8613,
        3659.9076,
        3659.9538,
        3659.9998,
        3660.0456
      ],
      "metrics": {
        "MAE": 0.481893,
        "RMSE": 2.805901,
        "MAPE": 0.0132,
        "R2": 0.9157
      }
    },
    "USD_EUR": {
      "current": 0.8774,
      "next_1h": 0.8774,
      "next_24h": 0.8774,
      "change_pct": 0.0,
      "trend": "\ud83d\udcc9 DOWN",
      "predictions": [
        0.8774,
        0.8774,
        0.8774,
        0.8774,
        0.8774,
        0.8774,
        0.8774,
        0.8774,
        0.8774,
        0.8774,
        0.8774,
        0.8774,
        0.8774,
        0.8774,
        0.8774,
        0.8774,
        0.8774,
        0.8774,
        0.8774,
        0.8774,
        0.8774,
        0.8774,
        0.8774,
        0.8774
      ],
      "metrics": {
        "MAE": 3.3e-05,
        "RMSE": 0.000179,
        "MAPE": 0.0038,
        "R2": 0.9549
      }
    }
  },
  "crypto": {
    "BTC_USD": {
      "current": 64764.0,
      "next_1h": 64732.5,
      "next_24h": 64434.4,
      "change_pct": -0.049,
      "trend": "\ud83d\udcc9 DOWN",
      "predictions": [
        64732.5,
        64697.1,
        64679.7,
        64677.74,
        64671.29,
        64656.8,
        64642.45,
        64629.66,
        64617.58,
        64605.17,
        64592.5,
        64579.92,
        64567.48,
        64555.13,
        64542.81,
        64530.53,
        64518.32,
        64506.16,
        64494.06,
        64482.02,
        64470.03,
        64458.1,
        64446.23,
        64434.4
      ],
      "metrics": {
        "MAE": 97.868618,
        "RMSE": 138.159886,
        "MAPE": 0.1541,
        "R2": 0.9674
      }
    },
    "ETH_USD": {
      "current": 1876.85,
      "next_1h": 1875.57,
      "next_24h": 1854.74,
      "change_pct": -0.068,
      "trend": "\ud83d\udcc9 DOWN",
      "predictions": [
        1875.57,
        1874.56,
        1873.71,
        1872.7,
        1871.73,
        1870.8,
        1869.88,
        1868.94,
        1868.02,
        1867.1,
        1866.19,
        1865.28,
        1864.38,
        1863.48,
        1862.58,
        1861.69,
        1860.81,
        1859.93,
        1859.05,
        1858.18,
        1857.32,
        1856.45,
        1855.6,
        1854.74
      ],
      "metrics": {
        "MAE": 4.172067,
        "RMSE": 6.671619,
        "MAPE": 0.2312,
        "R2": 0.9365
      }
    },
    "BNB_USD": {
      "current": 580.42,
      "next_1h": 580.42,
      "next_24h": 580.23,
      "change_pct": 0.0,
      "trend": "\ud83d\udcc9 DOWN",
      "predictions": [
        580.42,
        580.38,
        580.4,
        580.4,
        580.38,
        580.38,
        580.37,
        580.36,
        580.35,
        580.34,
        580.33,
        580.33,
        580.32,
        580.31,
        580.3,
        580.29,
        580.29,
        580.28,
        580.27,
        580.26,
        580.25,
        580.25,
        580.24,
        580.23
      ],
      "metrics": {
        "MAE": 0.799295,
        "RMSE": 1.182647,
        "MAPE": 0.1393,
        "R2": 0.9423
      }
    }
  }
}