{
  "generated_at": "2026-04-02 15:00:42",
  "exchange_rates": {
    "USD_TZS": {
      "current": 2598.782,
      "next_1h": 2598.4498,
      "next_24h": 2592.2616,
      "change_pct": -0.013,
      "trend": "\ud83d\udcc9 DOWN",
      "predictions": [
        2598.4498,
        2598.1256,
        2597.8048,
        2597.4893,
        2597.1749,
        2596.8653,
        2596.5621,
        2596.265,
        2595.9739,
        2595.6888,
        2595.4095,
        2595.136,
        2594.8681,
        2594.6057,
        2594.3487,
        2594.0971,
        2593.8506,
        2593.6091,
        2593.3727,
        2593.1411,
        2592.9143,
        2592.6922,
        2592.4746,
        2592.2616
      ],
      "metrics": {
        "MAE": 0.661666,
        "RMSE": 2.873642,
        "MAPE": 0.0256,
        "R2": 0.8986
      }
    },
    "USD_KES": {
      "current": 129.9902,
      "next_1h": 129.9796,
      "next_24h": 129.7956,
      "change_pct": -0.008,
      "trend": "\ud83d\udcc9 DOWN",
      "predictions": [
        129.9796,
        129.9682,
        129.9578,
        129.9483,
        129.9392,
        129.9306,
        129.9221,
        129.9137,
        129.9053,
        129.8971,
        129.889,
        129.8811,
        129.8733,
        129.8656,
        129.8581,
        129.8506,
        129.8433,
        129.8362,
        129.8291,
        129.8222,
        129.8154,
        129.8087,
        129.8021,
        129.7956
      ],
      "metrics": {
        "MAE": 0.014069,
        "RMSE": 0.033535,
        "MAPE": 0.0108,
        "R2": 0.8876
      }
    },
    "USD_UGX": {
      "current": 3735.0282,
      "next_1h": 3735.1587,
      "next_24h": 3737.8698,
      "change_pct": 0.003,
      "trend": "\ud83d\udcc8 UP",
      "predictions": [
        3735.1587,
        3735.2878,
        3735.4153,
        3735.5421,
        3735.6675,
        3735.7915,
        3735.9146,
        3736.0367,
        3736.1579,
        3736.2782,
        3736.3976,
        3736.5161,
        3736.6337,
        3736.7504,
        3736.8662,
        3736.9811,
        3737.0952,
        3737.2084,
        3737.3207,
        3737.4322,
        3737.5428,
        3737.6526,
        3737.7616,
        3737.8698
      ],
      "metrics": {
        "MAE": 0.703136,
        "RMSE": 3.313537,
        "MAPE": 0.0188,
        "R2": 0.9146
      }
    },
    "USD_EUR": {
      "current": 0.8624,
      "next_1h": 0.8625,
      "next_24h": 0.8639,
      "change_pct": 0.009,
      "trend": "\ud83d\udcc8 UP",
      "predictions": [
        0.8625,
        0.8625,
        0.8626,
        0.8627,
        0.8628,
        0.8628,
        0.8629,
        0.863,
        0.863,
        0.8631,
        0.8632,
        0.8632,
        0.8633,
        0.8634,
        0.8634,
        0.8635,
        0.8636,
        0.8636,
        0.8637,
        0.8637,
        0.8638,
        0.8638,
        0.8639,
        0.8639
      ],
      "metrics": {
        "MAE": 0.000161,
        "RMSE": 0.000676,
        "MAPE": 0.0186,
        "R2": 0.941
      }
    }
  },
  "crypto": {
    "BTC_USD": {
      "current": 66905.0,
      "next_1h": 66934.58,
      "next_24h": 67598.71,
      "change_pct": 0.044,
      "trend": "\ud83d\udcc8 UP",
      "predictions": [
        66934.58,
        66980.98,
        67027.22,
        67034.92,
        67030.58,
        67064.14,
        67095.66,
        67127.33,
        67161.4,
        67194.66,
        67225.48,
        67256.11,
        67286.34,
        67316.09,
        67345.62,
        67374.95,
        67403.97,
        67432.68,
        67461.1,
        67489.22,
        67517.03,
        67544.54,
        67571.77,
        67598.71
      ],
      "metrics": {
        "MAE": 233.199769,
        "RMSE": 318.532718,
        "MAPE": 0.3468,
        "R2": 0.8329
      }
    },
    "ETH_USD": {
      "current": 2065.47,
      "next_1h": 2066.21,
      "next_24h": 2080.95,
      "change_pct": 0.036,
      "trend": "\ud83d\udcc8 UP",
      "predictions": [
        2066.21,
        2068.21,
        2069.82,
        2070.38,
        2071.01,
        2071.64,
        2072.23,
        2072.82,
        2073.39,
        2073.96,
        2074.52,
        2075.07,
        2075.6,
        2076.13,
        2076.65,
        2077.16,
        2077.67,
        2078.16,
        2078.65,
        2079.12,
        2079.59,
        2080.05,
        2080.51,
        2080.95
      ],
      "metrics": {
        "MAE": 9.53418,
        "RMSE": 13.057338,
        "MAPE": 0.4624,
        "R2": 0.9264
      }
    },
    "BNB_USD": {
      "current": 576.21,
      "next_1h": 577.55,
      "next_24h": 600.28,
      "change_pct": 0.233,
      "trend": "\ud83d\udcc8 UP",
      "predictions": [
        577.55,
        578.79,
        580.33,
        581.56,
        582.57,
        583.65,
        584.71,
        585.74,
        586.77,
        587.79,
        588.78,
        589.76,
        590.72,
        591.67,
        592.6,
        593.51,
        594.41,
        595.29,
        596.16,
        597.01,
        597.85,
        598.67,
        599.48,
        600.28
      ],
      "metrics": {
        "MAE": 2.006803,
        "RMSE": 2.750001,
        "MAPE": 0.3312,
        "R2": 0.9167
      }
    }
  }
}