{
  "generated_at": "2026-07-18 12:17:11",
  "exchange_rates": {
    "USD_TZS": {
      "current": 2629.0886,
      "next_1h": 2628.7276,
      "next_24h": 2622.6051,
      "change_pct": -0.014,
      "trend": "\ud83d\udcc9 DOWN",
      "predictions": [
        2628.7276,
        2628.374,
        2628.0277,
        2627.6885,
        2627.3562,
        2627.0308,
        2626.7151,
        2626.409,
        2626.1121,
        2625.8242,
        2625.5451,
        2625.2745,
        2625.0121,
        2624.7578,
        2624.5112,
        2624.2722,
        2624.0405,
        2623.8159,
        2623.5981,
        2623.387,
        2623.1823,
        2622.9839,
        2622.7915,
        2622.6051
      ],
      "metrics": {
        "MAE": 0.555273,
        "RMSE": 2.138506,
        "MAPE": 0.0212,
        "R2": 0.9506
      }
    },
    "USD_KES": {
      "current": 129.3268,
      "next_1h": 129.3273,
      "next_24h": 129.3391,
      "change_pct": 0.0,
      "trend": "\ud83d\udcc9 DOWN",
      "predictions": [
        129.3273,
        129.3279,
        129.3284,
        129.329,
        129.3296,
        129.3301,
        129.3307,
        129.3312,
        129.3317,
        129.3323,
        129.3328,
        129.3333,
        129.3338,
        129.3343,
        129.3348,
        129.3353,
        129.3358,
        129.3363,
        129.3368,
        129.3372,
        129.3377,
        129.3382,
        129.3386,
        129.3391
      ],
      "metrics": {
        "MAE": 0.00328,
        "RMSE": 0.012346,
        "MAPE": 0.0025,
        "R2": 0.9699
      }
    },
    "USD_UGX": {
      "current": 3669.5216,
      "next_1h": 3669.5565,
      "next_24h": 3670.329,
      "change_pct": 0.001,
      "trend": "\ud83d\udcc8 UP",
      "predictions": [
        3669.5565,
        3669.5912,
        3669.6259,
        3669.6606,
        3669.6951,
        3669.7296,
        3669.7639,
        3669.7981,
        3669.8322,
        3669.8662,
        3669.9,
        3669.9337,
        3669.9673,
        3670.0008,
        3670.0342,
        3670.0674,
        3670.1005,
        3670.1335,
        3670.1664,
        3670.1991,
        3670.2318,
        3670.2643,
        3670.2967,
        3670.329
      ],
      "metrics": {
        "MAE": 0.354014,
        "RMSE": 1.857122,
        "MAPE": 0.0096,
        "R2": 0.9686
      }
    },
    "USD_EUR": {
      "current": 0.8744,
      "next_1h": 0.8745,
      "next_24h": 0.8746,
      "change_pct": 0.001,
      "trend": "\ud83d\udcc8 UP",
      "predictions": [
        0.8745,
        0.8745,
        0.8745,
        0.8745,
        0.8745,
        0.8745,
        0.8745,
        0.8745,
        0.8745,
        0.8745,
        0.8745,
        0.8745,
        0.8745,
        0.8745,
        0.8745,
        0.8745,
        0.8745,
        0.8745,
        0.8745,
        0.8745,
        0.8745,
        0.8745,
        0.8746,
        0.8746
      ],
      "metrics": {
        "MAE": 4.2e-05,
        "RMSE": 0.000242,
        "MAPE": 0.0048,
        "R2": 0.966
      }
    }
  },
  "crypto": {
    "BTC_USD": {
      "current": 64084.0,
      "next_1h": 64070.07,
      "next_24h": 63848.76,
      "change_pct": -0.022,
      "trend": "\ud83d\udcc9 DOWN",
      "predictions": [
        64070.07,
        64052.57,
        64039.85,
        64032.67,
        64027.04,
        64016.92,
        64006.59,
        63996.78,
        63987.37,
        63977.98,
        63968.44,
        63958.94,
        63949.51,
        63940.15,
        63930.82,
        63921.53,
        63912.29,
        63903.08,
        63893.92,
        63884.81,
        63875.73,
        63866.7,
        63857.71,
        63848.76
      ],
      "metrics": {
        "MAE": 112.32032,
        "RMSE": 161.065713,
        "MAPE": 0.1761,
        "R2": 0.9691
      }
    },
    "ETH_USD": {
      "current": 1845.74,
      "next_1h": 1844.94,
      "next_24h": 1829.36,
      "change_pct": -0.043,
      "trend": "\ud83d\udcc9 DOWN",
      "predictions": [
        1844.94,
        1844.11,
        1843.38,
        1842.7,
        1841.97,
        1841.27,
        1840.58,
        1839.89,
        1839.21,
        1838.53,
        1837.85,
        1837.18,
        1836.5,
        1835.84,
        1835.17,
        1834.51,
        1833.86,
        1833.2,
        1832.56,
        1831.91,
        1831.27,
        1830.63,
        1829.99,
        1829.36
      ],
      "metrics": {
        "MAE": 4.583692,
        "RMSE": 6.937435,
        "MAPE": 0.2476,
        "R2": 0.9801
      }
    },
    "BNB_USD": {
      "current": 569.63,
      "next_1h": 569.66,
      "next_24h": 570.37,
      "change_pct": 0.005,
      "trend": "\ud83d\udcc8 UP",
      "predictions": [
        569.66,
        569.72,
        569.75,
        569.77,
        569.8,
        569.83,
        569.86,
        569.9,
        569.93,
        569.96,
        569.99,
        570.02,
        570.05,
        570.08,
        570.11,
        570.13,
        570.16,
        570.19,
        570.22,
        570.25,
        570.28,
        570.31,
        570.34,
        570.37
      ],
      "metrics": {
        "MAE": 0.861736,
        "RMSE": 1.198426,
        "MAPE": 0.1505,
        "R2": 0.9645
      }
    }
  }
}