{
  "generated_at": "2026-05-16 19:31:05",
  "exchange_rates": {
    "USD_TZS": {
      "current": 2599.9902,
      "next_1h": 2600.0995,
      "next_24h": 2601.4693,
      "change_pct": 0.004,
      "trend": "\ud83d\udcc8 UP",
      "predictions": [
        2600.0995,
        2600.2053,
        2600.3077,
        2600.407,
        2600.5031,
        2600.5962,
        2600.6829,
        2600.7636,
        2600.8386,
        2600.9081,
        2600.9724,
        2601.0318,
        2601.0866,
        2601.1372,
        2601.1838,
        2601.2268,
        2601.2665,
        2601.303,
        2601.3367,
        2601.3677,
        2601.3963,
        2601.4227,
        2601.4469,
        2601.4693
      ],
      "metrics": {
        "MAE": 0.395286,
        "RMSE": 0.827959,
        "MAPE": 0.0152,
        "R2": 0.8904
      }
    },
    "USD_KES": {
      "current": 129.1846,
      "next_1h": 129.1843,
      "next_24h": 129.18,
      "change_pct": 0.0,
      "trend": "\ud83d\udcc9 DOWN",
      "predictions": [
        129.1843,
        129.1841,
        129.1839,
        129.1837,
        129.1834,
        129.1832,
        129.183,
        129.1828,
        129.1826,
        129.1824,
        129.1822,
        129.182,
        129.1818,
        129.1816,
        129.1814,
        129.1813,
        129.1811,
        129.1809,
        129.1808,
        129.1806,
        129.1804,
        129.1803,
        129.1801,
        129.18
      ],
      "metrics": {
        "MAE": 0.002385,
        "RMSE": 0.011405,
        "MAPE": 0.0018,
        "R2": 0.8813
      }
    },
    "USD_UGX": {
      "current": 3721.4209,
      "next_1h": 3721.2599,
      "next_24h": 3717.9935,
      "change_pct": -0.004,
      "trend": "\ud83d\udcc9 DOWN",
      "predictions": [
        3721.2599,
        3721.1,
        3720.9411,
        3720.7832,
        3720.626,
        3720.4696,
        3720.3153,
        3720.1631,
        3720.0129,
        3719.8648,
        3719.7188,
        3719.5747,
        3719.4326,
        3719.2925,
        3719.1543,
        3719.0181,
        3718.8837,
        3718.7511,
        3718.6204,
        3718.4915,
        3718.3644,
        3718.2391,
        3718.1154,
        3717.9935
      ],
      "metrics": {
        "MAE": 0.392423,
        "RMSE": 1.061975,
        "MAPE": 0.0105,
        "R2": 0.9164
      }
    },
    "USD_EUR": {
      "current": 0.8599,
      "next_1h": 0.8597,
      "next_24h": 0.8573,
      "change_pct": -0.014,
      "trend": "\ud83d\udcc9 DOWN",
      "predictions": [
        0.8597,
        0.8596,
        0.8595,
        0.8594,
        0.8593,
        0.8591,
        0.859,
        0.8589,
        0.8588,
        0.8587,
        0.8586,
        0.8585,
        0.8584,
        0.8583,
        0.8582,
        0.8581,
        0.858,
        0.8579,
        0.8578,
        0.8577,
        0.8576,
        0.8575,
        0.8574,
        0.8573
      ],
      "metrics": {
        "MAE": 0.000116,
        "RMSE": 0.000452,
        "MAPE": 0.0135,
        "R2": 0.9841
      }
    }
  },
  "crypto": {
    "BTC_USD": {
      "current": 78245.0,
      "next_1h": 78229.5,
      "next_24h": 78309.63,
      "change_pct": -0.02,
      "trend": "\ud83d\udcc9 DOWN",
      "predictions": [
        78229.5,
        78229.36,
        78241.65,
        78243.35,
        78245.45,
        78249.96,
        78253.08,
        78256.45,
        78260.06,
        78263.49,
        78266.92,
        78270.35,
        78273.74,
        78277.11,
        78280.46,
        78283.78,
        78287.09,
        78290.37,
        78293.63,
        78296.87,
        78300.09,
        78303.29,
        78306.47,
        78309.63
      ],
      "metrics": {
        "MAE": 201.41852,
        "RMSE": 287.89851,
        "MAPE": 0.2505,
        "R2": 0.9223
      }
    },
    "ETH_USD": {
      "current": 2180.11,
      "next_1h": 2184.66,
      "next_24h": 2260.63,
      "change_pct": 0.209,
      "trend": "\ud83d\udcc8 UP",
      "predictions": [
        2184.66,
        2189.01,
        2193.67,
        2198.01,
        2202.28,
        2206.44,
        2210.44,
        2214.31,
        2218.05,
        2221.65,
        2225.13,
        2228.49,
        2231.72,
        2234.85,
        2237.86,
        2240.77,
        2243.57,
        2246.28,
        2248.89,
        2251.41,
        2253.84,
        2256.19,
        2258.45,
        2260.63
      ],
      "metrics": {
        "MAE": 7.001648,
        "RMSE": 9.584376,
        "MAPE": 0.3066,
        "R2": 0.9628
      }
    },
    "BNB_USD": {
      "current": 656.8,
      "next_1h": 656.5,
      "next_24h": 650.8,
      "change_pct": -0.046,
      "trend": "\ud83d\udcc9 DOWN",
      "predictions": [
        656.5,
        656.18,
        655.97,
        655.69,
        655.4,
        655.13,
        654.87,
        654.6,
        654.34,
        654.09,
        653.83,
        653.58,
        653.34,
        653.09,
        652.85,
        652.61,
        652.37,
        652.14,
        651.91,
        651.68,
        651.46,
        651.23,
        651.01,
        650.8
      ],
      "metrics": {
        "MAE": 2.114666,
        "RMSE": 2.954244,
        "MAPE": 0.3176,
        "R2": 0.9324
      }
    }
  }
}