{
  "generated_at": "2026-06-06 09:03:14",
  "exchange_rates": {
    "USD_TZS": {
      "current": 2619.7635,
      "next_1h": 2618.8721,
      "next_24h": 2604.9196,
      "change_pct": -0.034,
      "trend": "\ud83d\udcc9 DOWN",
      "predictions": [
        2618.8721,
        2617.9951,
        2617.1357,
        2616.2936,
        2615.4684,
        2614.6597,
        2613.8851,
        2613.1436,
        2612.4342,
        2611.7558,
        2611.1076,
        2610.4886,
        2609.8975,
        2609.3331,
        2608.7942,
        2608.2797,
        2607.7885,
        2607.3195,
        2606.8718,
        2606.4444,
        2606.0363,
        2605.6467,
        2605.2747,
        2604.9196
      ],
      "metrics": {
        "MAE": 1.024379,
        "RMSE": 2.165848,
        "MAPE": 0.0391,
        "R2": 0.8973
      }
    },
    "USD_KES": {
      "current": 129.2747,
      "next_1h": 129.2751,
      "next_24h": 129.283,
      "change_pct": 0.0,
      "trend": "\ud83d\udcc9 DOWN",
      "predictions": [
        129.2751,
        129.2754,
        129.2758,
        129.2762,
        129.2765,
        129.2769,
        129.2772,
        129.2776,
        129.278,
        129.2783,
        129.2787,
        129.279,
        129.2793,
        129.2797,
        129.28,
        129.2804,
        129.2807,
        129.281,
        129.2814,
        129.2817,
        129.282,
        129.2824,
        129.2827,
        129.283
      ],
      "metrics": {
        "MAE": 0.003352,
        "RMSE": 0.013878,
        "MAPE": 0.0026,
        "R2": 0.9665
      }
    },
    "USD_UGX": {
      "current": 3736.5633,
      "next_1h": 3736.5352,
      "next_24h": 3736.2105,
      "change_pct": -0.001,
      "trend": "\ud83d\udcc9 DOWN",
      "predictions": [
        3736.5352,
        3736.5194,
        3736.5037,
        3736.488,
        3736.4725,
        3736.4572,
        3736.442,
        3736.4271,
        3736.4123,
        3736.3977,
        3736.3832,
        3736.369,
        3736.3549,
        3736.341,
        3736.3272,
        3736.3136,
        3736.3002,
        3736.2869,
        3736.2738,
        3736.2608,
        3736.248,
        3736.2354,
        3736.2229,
        3736.2105
      ],
      "metrics": {
        "MAE": 0.617763,
        "RMSE": 2.533874,
        "MAPE": 0.0165,
        "R2": 0.9103
      }
    },
    "USD_EUR": {
      "current": 0.8653,
      "next_1h": 0.8653,
      "next_24h": 0.8648,
      "change_pct": -0.002,
      "trend": "\ud83d\udcc9 DOWN",
      "predictions": [
        0.8653,
        0.8653,
        0.8653,
        0.8652,
        0.8652,
        0.8652,
        0.8652,
        0.8651,
        0.8651,
        0.8651,
        0.8651,
        0.865,
        0.865,
        0.865,
        0.865,
        0.865,
        0.8649,
        0.8649,
        0.8649,
        0.8649,
        0.8648,
        0.8648,
        0.8648,
        0.8648
      ],
      "metrics": {
        "MAE": 8.9e-05,
        "RMSE": 0.000474,
        "MAPE": 0.0103,
        "R2": 0.921
      }
    }
  },
  "crypto": {
    "BTC_USD": {
      "current": 61237.0,
      "next_1h": 61323.63,
      "next_24h": 63443.84,
      "change_pct": 0.141,
      "trend": "\ud83d\udcc8 UP",
      "predictions": [
        61323.63,
        61435.65,
        61532.83,
        61625.07,
        61720.68,
        61816.65,
        61911.4,
        62006.02,
        62100.12,
        62193.52,
        62286.36,
        62378.65,
        62470.38,
        62561.56,
        62652.19,
        62742.28,
        62831.83,
        62920.85,
        63009.33,
        63097.28,
        63184.7,
        63271.6,
        63357.98,
        63443.84
      ],
      "metrics": {
        "MAE": 347.169979,
        "RMSE": 489.900588,
        "MAPE": 0.5181,
        "R2": 0.9899
      }
    },
    "ETH_USD": {
      "current": 1585.07,
      "next_1h": 1585.27,
      "next_24h": 1609.04,
      "change_pct": 0.013,
      "trend": "\ud83d\udcc8 UP",
      "predictions": [
        1585.27,
        1587.16,
        1588.13,
        1588.2,
        1588.93,
        1590.06,
        1591.13,
        1592.24,
        1593.36,
        1594.43,
        1595.49,
        1596.54,
        1597.59,
        1598.64,
        1599.69,
        1600.74,
        1601.79,
        1602.83,
        1603.87,
        1604.91,
        1605.95,
        1606.98,
        1608.01,
        1609.04
      ],
      "metrics": {
        "MAE": 11.91952,
        "RMSE": 17.236764,
        "MAPE": 0.6542,
        "R2": 0.9861
      }
    },
    "BNB_USD": {
      "current": 580.83,
      "next_1h": 580.53,
      "next_24h": 592.02,
      "change_pct": -0.052,
      "trend": "\ud83d\udcc9 DOWN",
      "predictions": [
        580.53,
        581.06,
        581.85,
        582.28,
        582.73,
        583.29,
        583.82,
        584.32,
        584.83,
        585.34,
        585.84,
        586.34,
        586.83,
        587.32,
        587.81,
        588.29,
        588.77,
        589.24,
        589.72,
        590.18,
        590.65,
        591.11,
        591.56,
        592.02
      ],
      "metrics": {
        "MAE": 4.59754,
        "RMSE": 5.938088,
        "MAPE": 0.7052,
        "R2": 0.9835
      }
    }
  }
}