{
  "generated_at": "2026-07-13 02:13:09",
  "exchange_rates": {
    "USD_TZS": {
      "current": 2627.8658,
      "next_1h": 2627.5077,
      "next_24h": 2621.042,
      "change_pct": -0.014,
      "trend": "\ud83d\udcc9 DOWN",
      "predictions": [
        2627.5077,
        2627.1574,
        2626.8147,
        2626.4795,
        2626.1517,
        2625.7958,
        2625.4511,
        2625.1173,
        2624.7941,
        2624.4811,
        2624.1781,
        2623.8851,
        2623.6019,
        2623.328,
        2623.0632,
        2622.8071,
        2622.5596,
        2622.3202,
        2622.0888,
        2621.8651,
        2621.6488,
        2621.4397,
        2621.2375,
        2621.042
      ],
      "metrics": {
        "MAE": 0.375354,
        "RMSE": 0.660136,
        "MAPE": 0.0143,
        "R2": 0.8141
      }
    },
    "USD_KES": {
      "current": 129.1822,
      "next_1h": 129.1861,
      "next_24h": 129.2629,
      "change_pct": 0.003,
      "trend": "\ud83d\udcc8 UP",
      "predictions": [
        129.1861,
        129.1901,
        129.194,
        129.1978,
        129.2017,
        129.2054,
        129.2091,
        129.2127,
        129.2163,
        129.2197,
        129.2232,
        129.2265,
        129.2299,
        129.2331,
        129.2363,
        129.2395,
        129.2426,
        129.2456,
        129.2486,
        129.2516,
        129.2545,
        129.2573,
        129.2601,
        129.2629
      ],
      "metrics": {
        "MAE": 0.005555,
        "RMSE": 0.014066,
        "MAPE": 0.0043,
        "R2": 0.8852
      }
    },
    "USD_UGX": {
      "current": 3659.3418,
      "next_1h": 3659.3121,
      "next_24h": 3658.6282,
      "change_pct": -0.001,
      "trend": "\ud83d\udcc9 DOWN",
      "predictions": [
        3659.3121,
        3659.2825,
        3659.2529,
        3659.2234,
        3659.1939,
        3659.1635,
        3659.1332,
        3659.1029,
        3659.0728,
        3659.0427,
        3659.0126,
        3658.9826,
        3658.9527,
        3658.9229,
        3658.8931,
        3658.8634,
        3658.8338,
        3658.8042,
        3658.7747,
        3658.7453,
        3658.7159,
        3658.6866,
        3658.6573,
        3658.6282
      ],
      "metrics": {
        "MAE": 0.632235,
        "RMSE": 3.229823,
        "MAPE": 0.0173,
        "R2": 0.9252
      }
    },
    "USD_EUR": {
      "current": 0.8768,
      "next_1h": 0.8768,
      "next_24h": 0.8768,
      "change_pct": 0.0,
      "trend": "\ud83d\udcc9 DOWN",
      "predictions": [
        0.8768,
        0.8768,
        0.8768,
        0.8768,
        0.8768,
        0.8768,
        0.8768,
        0.8768,
        0.8768,
        0.8768,
        0.8768,
        0.8768,
        0.8768,
        0.8768,
        0.8768,
        0.8768,
        0.8768,
        0.8768,
        0.8768,
        0.8768,
        0.8768,
        0.8768,
        0.8768,
        0.8768
      ],
      "metrics": {
        "MAE": 3.4e-05,
        "RMSE": 0.000179,
        "MAPE": 0.0038,
        "R2": 0.9234
      }
    }
  },
  "crypto": {
    "BTC_USD": {
      "current": 63285.0,
      "next_1h": 63288.38,
      "next_24h": 63094.84,
      "change_pct": 0.005,
      "trend": "\ud83d\udcc8 UP",
      "predictions": [
        63288.38,
        63297.63,
        63305.33,
        63285.75,
        63263.67,
        63255.32,
        63248.01,
        63239.37,
        63229.42,
        63219.74,
        63210.64,
        63201.61,
        63192.52,
        63183.4,
        63174.36,
        63165.37,
        63156.42,
        63147.51,
        63138.63,
        63129.79,
        63121.0,
        63112.24,
        63103.52,
        63094.84
      ],
      "metrics": {
        "MAE": 92.795192,
        "RMSE": 126.743654,
        "MAPE": 0.1461,
        "R2": 0.964
      }
    },
    "ETH_USD": {
      "current": 1800.56,
      "next_1h": 1798.9,
      "next_24h": 1786.85,
      "change_pct": -0.092,
      "trend": "\ud83d\udcc9 DOWN",
      "predictions": [
        1798.9,
        1799.92,
        1799.27,
        1798.26,
        1797.94,
        1797.4,
        1796.74,
        1796.12,
        1795.54,
        1794.93,
        1794.33,
        1793.74,
        1793.15,
        1792.56,
        1791.98,
        1791.39,
        1790.82,
        1790.24,
        1789.67,
        1789.1,
        1788.53,
        1787.97,
        1787.41,
        1786.85
      ],
      "metrics": {
        "MAE": 3.638487,
        "RMSE": 5.572311,
        "MAPE": 0.2037,
        "R2": 0.9621
      }
    },
    "BNB_USD": {
      "current": 571.44,
      "next_1h": 571.38,
      "next_24h": 571.83,
      "change_pct": -0.01,
      "trend": "\ud83d\udcc9 DOWN",
      "predictions": [
        571.38,
        571.51,
        571.53,
        571.39,
        571.46,
        571.49,
        571.5,
        571.52,
        571.54,
        571.56,
        571.58,
        571.6,
        571.62,
        571.64,
        571.66,
        571.68,
        571.7,
        571.72,
        571.74,
        571.76,
        571.78,
        571.8,
        571.81,
        571.83
      ],
      "metrics": {
        "MAE": 0.810709,
        "RMSE": 1.144903,
        "MAPE": 0.1412,
        "R2": 0.9159
      }
    }
  }
}