{
  "generated_at": "2026-05-03 10:27:44",
  "exchange_rates": {
    "USD_TZS": {
      "current": 2613.051,
      "next_1h": 2612.3361,
      "next_24h": 2602.0533,
      "change_pct": -0.027,
      "trend": "\ud83d\udcc9 DOWN",
      "predictions": [
        2612.3361,
        2611.639,
        2610.9591,
        2610.2955,
        2609.6481,
        2609.0162,
        2608.417,
        2607.849,
        2607.3112,
        2606.8023,
        2606.3214,
        2605.8674,
        2605.4388,
        2605.0343,
        2604.6526,
        2604.2923,
        2603.9524,
        2603.6316,
        2603.3289,
        2603.0434,
        2602.7739,
        2602.5196,
        2602.2797,
        2602.0533
      ],
      "metrics": {
        "MAE": 0.841238,
        "RMSE": 2.526903,
        "MAPE": 0.0323,
        "R2": 0.8859
      }
    },
    "USD_KES": {
      "current": 129.1273,
      "next_1h": 129.1275,
      "next_24h": 129.1309,
      "change_pct": 0.0,
      "trend": "\ud83d\udcc9 DOWN",
      "predictions": [
        129.1275,
        129.1276,
        129.1278,
        129.128,
        129.1281,
        129.1283,
        129.1284,
        129.1286,
        129.1287,
        129.1289,
        129.129,
        129.1292,
        129.1293,
        129.1295,
        129.1296,
        129.1297,
        129.1299,
        129.13,
        129.1302,
        129.1303,
        129.1305,
        129.1306,
        129.1308,
        129.1309
      ],
      "metrics": {
        "MAE": 0.003664,
        "RMSE": 0.020804,
        "MAPE": 0.0028,
        "R2": 0.9511
      }
    },
    "USD_UGX": {
      "current": 3724.6819,
      "next_1h": 3724.5578,
      "next_24h": 3721.9107,
      "change_pct": -0.003,
      "trend": "\ud83d\udcc9 DOWN",
      "predictions": [
        3724.5578,
        3724.4342,
        3724.3112,
        3724.1886,
        3724.0666,
        3723.945,
        3723.8244,
        3723.7048,
        3723.586,
        3723.4682,
        3723.3512,
        3723.2352,
        3723.1201,
        3723.0058,
        3722.8924,
        3722.7799,
        3722.6683,
        3722.5576,
        3722.4476,
        3722.3386,
        3722.2304,
        3722.123,
        3722.0164,
        3721.9107
      ],
      "metrics": {
        "MAE": 0.604479,
        "RMSE": 2.928744,
        "MAPE": 0.0163,
        "R2": 0.9646
      }
    },
    "USD_EUR": {
      "current": 0.8528,
      "next_1h": 0.8528,
      "next_24h": 0.8527,
      "change_pct": -0.001,
      "trend": "\ud83d\udcc9 DOWN",
      "predictions": [
        0.8528,
        0.8528,
        0.8528,
        0.8528,
        0.8528,
        0.8528,
        0.8528,
        0.8528,
        0.8528,
        0.8527,
        0.8527,
        0.8527,
        0.8527,
        0.8527,
        0.8527,
        0.8527,
        0.8527,
        0.8527,
        0.8527,
        0.8527,
        0.8527,
        0.8527,
        0.8527,
        0.8527
      ],
      "metrics": {
        "MAE": 6.4e-05,
        "RMSE": 0.000291,
        "MAPE": 0.0075,
        "R2": 0.9009
      }
    }
  },
  "crypto": {
    "BTC_USD": {
      "current": 78438.0,
      "next_1h": 78449.76,
      "next_24h": 78417.43,
      "change_pct": 0.015,
      "trend": "\ud83d\udcc8 UP",
      "predictions": [
        78449.76,
        78451.13,
        78446.84,
        78452.78,
        78447.47,
        78446.68,
        78445.41,
        78443.18,
        78442.06,
        78440.17,
        78438.54,
        78436.93,
        78435.22,
        78433.62,
        78431.96,
        78430.32,
        78428.7,
        78427.07,
        78425.45,
        78423.84,
        78422.23,
        78420.62,
        78419.03,
        78417.43
      ],
      "metrics": {
        "MAE": 197.781361,
        "RMSE": 282.129427,
        "MAPE": 0.2559,
        "R2": 0.9183
      }
    },
    "ETH_USD": {
      "current": 2312.01,
      "next_1h": 2312.38,
      "next_24h": 2306.46,
      "change_pct": 0.016,
      "trend": "\ud83d\udcc8 UP",
      "predictions": [
        2312.38,
        2312.34,
        2312.09,
        2312.11,
        2311.78,
        2311.53,
        2311.26,
        2310.95,
        2310.68,
        2310.37,
        2310.08,
        2309.79,
        2309.5,
        2309.21,
        2308.92,
        2308.64,
        2308.36,
        2308.08,
        2307.8,
        2307.53,
        2307.26,
        2306.99,
        2306.72,
        2306.46
      ],
      "metrics": {
        "MAE": 7.152472,
        "RMSE": 11.26595,
        "MAPE": 0.3109,
        "R2": 0.878
      }
    },
    "BNB_USD": {
      "current": 618.03,
      "next_1h": 618.11,
      "next_24h": 618.04,
      "change_pct": 0.012,
      "trend": "\ud83d\udcc8 UP",
      "predictions": [
        618.11,
        618.18,
        618.04,
        618.18,
        618.13,
        618.12,
        618.13,
        618.11,
        618.12,
        618.11,
        618.1,
        618.1,
        618.09,
        618.09,
        618.08,
        618.08,
        618.07,
        618.07,
        618.06,
        618.06,
        618.05,
        618.05,
        618.04,
        618.04
      ],
      "metrics": {
        "MAE": 1.176933,
        "RMSE": 1.694042,
        "MAPE": 0.189,
        "R2": 0.9255
      }
    }
  }
}