{
  "generated_at": "2026-07-18 19:43:17",
  "exchange_rates": {
    "USD_TZS": {
      "current": 2629.0886,
      "next_1h": 2628.7305,
      "next_24h": 2622.6512,
      "change_pct": -0.014,
      "trend": "\ud83d\udcc9 DOWN",
      "predictions": [
        2628.7305,
        2628.3797,
        2628.0361,
        2627.6996,
        2627.3699,
        2627.047,
        2626.7337,
        2626.4299,
        2626.1352,
        2625.8494,
        2625.5723,
        2625.3036,
        2625.0431,
        2624.7905,
        2624.5456,
        2624.3082,
        2624.078,
        2623.8548,
        2623.6384,
        2623.4285,
        2623.2251,
        2623.0279,
        2622.8366,
        2622.6512
      ],
      "metrics": {
        "MAE": 0.555357,
        "RMSE": 2.128482,
        "MAPE": 0.0212,
        "R2": 0.9519
      }
    },
    "USD_KES": {
      "current": 129.3268,
      "next_1h": 129.3273,
      "next_24h": 129.3384,
      "change_pct": 0.0,
      "trend": "\ud83d\udcc9 DOWN",
      "predictions": [
        129.3273,
        129.3278,
        129.3284,
        129.3289,
        129.3294,
        129.3299,
        129.3304,
        129.331,
        129.3315,
        129.332,
        129.3325,
        129.3329,
        129.3334,
        129.3339,
        129.3344,
        129.3348,
        129.3353,
        129.3358,
        129.3362,
        129.3367,
        129.3371,
        129.3376,
        129.338,
        129.3384
      ],
      "metrics": {
        "MAE": 0.003168,
        "RMSE": 0.012278,
        "MAPE": 0.0025,
        "R2": 0.9701
      }
    },
    "USD_UGX": {
      "current": 3669.5216,
      "next_1h": 3669.5562,
      "next_24h": 3670.3214,
      "change_pct": 0.001,
      "trend": "\ud83d\udcc8 UP",
      "predictions": [
        3669.5562,
        3669.5906,
        3669.625,
        3669.6593,
        3669.6935,
        3669.7276,
        3669.7616,
        3669.7955,
        3669.8293,
        3669.8629,
        3669.8965,
        3669.9299,
        3669.9631,
        3669.9963,
        3670.0293,
        3670.0623,
        3670.0951,
        3670.1277,
        3670.1603,
        3670.1928,
        3670.2251,
        3670.2573,
        3670.2894,
        3670.3214
      ],
      "metrics": {
        "MAE": 0.350633,
        "RMSE": 1.847856,
        "MAPE": 0.0096,
        "R2": 0.9686
      }
    },
    "USD_EUR": {
      "current": 0.8744,
      "next_1h": 0.8745,
      "next_24h": 0.8746,
      "change_pct": 0.001,
      "trend": "\ud83d\udcc8 UP",
      "predictions": [
        0.8745,
        0.8745,
        0.8745,
        0.8745,
        0.8745,
        0.8745,
        0.8745,
        0.8745,
        0.8745,
        0.8745,
        0.8745,
        0.8745,
        0.8745,
        0.8745,
        0.8745,
        0.8745,
        0.8745,
        0.8745,
        0.8745,
        0.8745,
        0.8745,
        0.8745,
        0.8746,
        0.8746
      ],
      "metrics": {
        "MAE": 4.2e-05,
        "RMSE": 0.000241,
        "MAPE": 0.0048,
        "R2": 0.9664
      }
    }
  },
  "crypto": {
    "BTC_USD": {
      "current": 64480.0,
      "next_1h": 64469.07,
      "next_24h": 64221.02,
      "change_pct": -0.017,
      "trend": "\ud83d\udcc9 DOWN",
      "predictions": [
        64469.07,
        64456.89,
        64446.3,
        64436.78,
        64425.87,
        64414.48,
        64403.2,
        64392.11,
        64381.11,
        64370.09,
        64359.1,
        64348.17,
        64337.3,
        64326.48,
        64315.71,
        64304.99,
        64294.32,
        64283.7,
        64273.13,
        64262.61,
        64252.14,
        64241.72,
        64231.34,
        64221.02
      ],
      "metrics": {
        "MAE": 111.149221,
        "RMSE": 160.042816,
        "MAPE": 0.1742,
        "R2": 0.9681
      }
    },
    "ETH_USD": {
      "current": 1856.58,
      "next_1h": 1855.56,
      "next_24h": 1838.92,
      "change_pct": -0.055,
      "trend": "\ud83d\udcc9 DOWN",
      "predictions": [
        1855.56,
        1854.75,
        1853.98,
        1853.19,
        1852.43,
        1851.69,
        1850.95,
        1850.21,
        1849.48,
        1848.75,
        1848.02,
        1847.3,
        1846.58,
        1845.86,
        1845.15,
        1844.44,
        1843.74,
        1843.04,
        1842.34,
        1841.65,
        1840.96,
        1840.28,
        1839.59,
        1838.92
      ],
      "metrics": {
        "MAE": 4.502232,
        "RMSE": 6.874515,
        "MAPE": 0.2429,
        "R2": 0.9783
      }
    },
    "BNB_USD": {
      "current": 570.2,
      "next_1h": 570.19,
      "next_24h": 570.84,
      "change_pct": -0.001,
      "trend": "\ud83d\udcc9 DOWN",
      "predictions": [
        570.19,
        570.24,
        570.26,
        570.29,
        570.32,
        570.35,
        570.38,
        570.4,
        570.43,
        570.46,
        570.49,
        570.52,
        570.55,
        570.57,
        570.6,
        570.63,
        570.66,
        570.68,
        570.71,
        570.74,
        570.76,
        570.79,
        570.82,
        570.84
      ],
      "metrics": {
        "MAE": 0.86237,
        "RMSE": 1.1961,
        "MAPE": 0.1506,
        "R2": 0.9639
      }
    }
  }
}