{
  "generated_at": "2026-06-12 11:25:24",
  "exchange_rates": {
    "USD_TZS": {
      "current": 2614.9186,
      "next_1h": 2614.6099,
      "next_24h": 2608.8808,
      "change_pct": -0.012,
      "trend": "\ud83d\udcc9 DOWN",
      "predictions": [
        2614.6099,
        2614.3044,
        2614.0021,
        2613.703,
        2613.407,
        2613.1142,
        2612.8281,
        2612.5486,
        2612.2756,
        2612.0091,
        2611.7489,
        2611.4949,
        2611.2469,
        2611.0049,
        2610.7686,
        2610.538,
        2610.3129,
        2610.0932,
        2609.8787,
        2609.6693,
        2609.465,
        2609.2655,
        2609.0708,
        2608.8808
      ],
      "metrics": {
        "MAE": 0.490852,
        "RMSE": 0.833781,
        "MAPE": 0.0187,
        "R2": 0.841
      }
    },
    "USD_KES": {
      "current": 129.3842,
      "next_1h": 129.3842,
      "next_24h": 129.3847,
      "change_pct": 0.0,
      "trend": "\ud83d\udcc9 DOWN",
      "predictions": [
        129.3842,
        129.3843,
        129.3843,
        129.3843,
        129.3843,
        129.3843,
        129.3844,
        129.3844,
        129.3844,
        129.3844,
        129.3844,
        129.3845,
        129.3845,
        129.3845,
        129.3845,
        129.3845,
        129.3846,
        129.3846,
        129.3846,
        129.3846,
        129.3846,
        129.3847,
        129.3847,
        129.3847
      ],
      "metrics": {
        "MAE": 0.003416,
        "RMSE": 0.014877,
        "MAPE": 0.0026,
        "R2": 0.9407
      }
    },
    "USD_UGX": {
      "current": 3741.39,
      "next_1h": 3741.3663,
      "next_24h": 3740.9129,
      "change_pct": -0.001,
      "trend": "\ud83d\udcc9 DOWN",
      "predictions": [
        3741.3663,
        3741.3429,
        3741.3197,
        3741.2968,
        3741.274,
        3741.2516,
        3741.2295,
        3741.2078,
        3741.1866,
        3741.1658,
        3741.1454,
        3741.1253,
        3741.1057,
        3741.0864,
        3741.0675,
        3741.0489,
        3741.0308,
        3741.0129,
        3740.9954,
        3740.9783,
        3740.9614,
        3740.9449,
        3740.9287,
        3740.9129
      ],
      "metrics": {
        "MAE": 0.458666,
        "RMSE": 2.041487,
        "MAPE": 0.0122,
        "R2": 0.8737
      }
    },
    "USD_EUR": {
      "current": 0.8657,
      "next_1h": 0.8657,
      "next_24h": 0.8652,
      "change_pct": -0.003,
      "trend": "\ud83d\udcc9 DOWN",
      "predictions": [
        0.8657,
        0.8657,
        0.8657,
        0.8656,
        0.8656,
        0.8656,
        0.8656,
        0.8656,
        0.8655,
        0.8655,
        0.8655,
        0.8655,
        0.8655,
        0.8654,
        0.8654,
        0.8654,
        0.8654,
        0.8653,
        0.8653,
        0.8653,
        0.8653,
        0.8653,
        0.8652,
        0.8652
      ],
      "metrics": {
        "MAE": 0.000113,
        "RMSE": 0.000508,
        "MAPE": 0.0131,
        "R2": 0.9613
      }
    }
  },
  "crypto": {
    "BTC_USD": {
      "current": 63771.0,
      "next_1h": 63560.95,
      "next_24h": 60310.45,
      "change_pct": -0.329,
      "trend": "\ud83d\udcc9 DOWN",
      "predictions": [
        63560.95,
        63479.45,
        63350.88,
        63222.95,
        63090.78,
        62953.13,
        62816.7,
        62678.55,
        62538.99,
        62398.47,
        62256.76,
        62113.96,
        61970.04,
        61824.99,
        61678.8,
        61531.46,
        61382.97,
        61233.32,
        61082.49,
        60930.49,
        60777.29,
        60622.89,
        60467.28,
        60310.45
      ],
      "metrics": {
        "MAE": 382.079077,
        "RMSE": 503.515317,
        "MAPE": 0.6117,
        "R2": 0.8877
      }
    },
    "ETH_USD": {
      "current": 1675.66,
      "next_1h": 1672.41,
      "next_24h": 1626.03,
      "change_pct": -0.194,
      "trend": "\ud83d\udcc9 DOWN",
      "predictions": [
        1672.41,
        1671.32,
        1668.53,
        1666.71,
        1664.81,
        1662.74,
        1660.77,
        1658.76,
        1656.74,
        1654.73,
        1652.71,
        1650.69,
        1648.66,
        1646.62,
        1644.58,
        1642.54,
        1640.49,
        1638.44,
        1636.38,
        1634.32,
        1632.25,
        1630.18,
        1628.11,
        1626.03
      ],
      "metrics": {
        "MAE": 12.951366,
        "RMSE": 17.525165,
        "MAPE": 0.7789,
        "R2": 0.9517
      }
    },
    "BNB_USD": {
      "current": 607.09,
      "next_1h": 607.38,
      "next_24h": 623.4,
      "change_pct": 0.048,
      "trend": "\ud83d\udcc8 UP",
      "predictions": [
        607.38,
        608.44,
        609.76,
        610.5,
        611.22,
        612.01,
        612.78,
        613.49,
        614.19,
        614.88,
        615.56,
        616.22,
        616.88,
        617.52,
        618.16,
        618.78,
        619.39,
        619.99,
        620.58,
        621.17,
        621.74,
        622.3,
        622.85,
        623.4
      ],
      "metrics": {
        "MAE": 3.497512,
        "RMSE": 4.648557,
        "MAPE": 0.5881,
        "R2": 0.9156
      }
    }
  }
}