{
  "generated_at": "2026-07-23 21:43:17",
  "exchange_rates": {
    "USD_TZS": {
      "current": 2629.5122,
      "next_1h": 2629.1389,
      "next_24h": 2622.7791,
      "change_pct": -0.014,
      "trend": "\ud83d\udcc9 DOWN",
      "predictions": [
        2629.1389,
        2628.7728,
        2628.4138,
        2628.0618,
        2627.7166,
        2627.3781,
        2627.0498,
        2626.7314,
        2626.4227,
        2626.1233,
        2625.8331,
        2625.5518,
        2625.2791,
        2625.0148,
        2624.7586,
        2624.5102,
        2624.2695,
        2624.0362,
        2623.81,
        2623.5908,
        2623.3783,
        2623.1723,
        2622.9726,
        2622.7791
      ],
      "metrics": {
        "MAE": 0.444309,
        "RMSE": 1.153038,
        "MAPE": 0.0169,
        "R2": 0.9834
      }
    },
    "USD_KES": {
      "current": 129.3132,
      "next_1h": 129.3138,
      "next_24h": 129.3247,
      "change_pct": 0.0,
      "trend": "\ud83d\udcc9 DOWN",
      "predictions": [
        129.3138,
        129.3143,
        129.3148,
        129.3153,
        129.3158,
        129.3163,
        129.3168,
        129.3173,
        129.3178,
        129.3183,
        129.3188,
        129.3193,
        129.3198,
        129.3202,
        129.3207,
        129.3212,
        129.3216,
        129.3221,
        129.3225,
        129.323,
        129.3234,
        129.3239,
        129.3243,
        129.3247
      ],
      "metrics": {
        "MAE": 0.00248,
        "RMSE": 0.012141,
        "MAPE": 0.0019,
        "R2": 0.9004
      }
    },
    "USD_UGX": {
      "current": 3709.7573,
      "next_1h": 3709.6302,
      "next_24h": 3706.8053,
      "change_pct": -0.003,
      "trend": "\ud83d\udcc9 DOWN",
      "predictions": [
        3709.6302,
        3709.5033,
        3709.3768,
        3709.2504,
        3709.1244,
        3708.9986,
        3708.8733,
        3708.7483,
        3708.6238,
        3708.4997,
        3708.376,
        3708.2527,
        3708.1299,
        3708.0074,
        3707.8854,
        3707.7638,
        3707.6426,
        3707.5217,
        3707.4013,
        3707.2813,
        3707.1617,
        3707.0425,
        3706.9237,
        3706.8053
      ],
      "metrics": {
        "MAE": 0.504937,
        "RMSE": 2.637429,
        "MAPE": 0.0137,
        "R2": 0.96
      }
    },
    "USD_EUR": {
      "current": 0.8764,
      "next_1h": 0.8764,
      "next_24h": 0.8765,
      "change_pct": 0.001,
      "trend": "\ud83d\udcc8 UP",
      "predictions": [
        0.8764,
        0.8764,
        0.8764,
        0.8764,
        0.8764,
        0.8764,
        0.8764,
        0.8764,
        0.8764,
        0.8764,
        0.8764,
        0.8764,
        0.8764,
        0.8765,
        0.8765,
        0.8765,
        0.8765,
        0.8765,
        0.8765,
        0.8765,
        0.8765,
        0.8765,
        0.8765,
        0.8765
      ],
      "metrics": {
        "MAE": 4.1e-05,
        "RMSE": 0.00022,
        "MAPE": 0.0047,
        "R2": 0.9668
      }
    }
  },
  "crypto": {
    "BTC_USD": {
      "current": 65044.0,
      "next_1h": 65029.15,
      "next_24h": 64766.98,
      "change_pct": -0.023,
      "trend": "\ud83d\udcc9 DOWN",
      "predictions": [
        65029.15,
        65027.33,
        65017.56,
        65003.77,
        64991.3,
        64978.96,
        64967.13,
        64954.97,
        64942.71,
        64930.57,
        64918.52,
        64906.54,
        64894.6,
        64882.71,
        64870.88,
        64859.11,
        64847.4,
        64835.74,
        64824.14,
        64812.6,
        64801.11,
        64789.68,
        64778.3,
        64766.98
      ],
      "metrics": {
        "MAE": 95.948605,
        "RMSE": 140.188667,
        "MAPE": 0.1475,
        "R2": 0.9754
      }
    },
    "ETH_USD": {
      "current": 1880.51,
      "next_1h": 1879.9,
      "next_24h": 1864.69,
      "change_pct": -0.032,
      "trend": "\ud83d\udcc9 DOWN",
      "predictions": [
        1879.9,
        1879.24,
        1878.53,
        1877.82,
        1877.14,
        1876.46,
        1875.78,
        1875.1,
        1874.42,
        1873.75,
        1873.08,
        1872.42,
        1871.76,
        1871.1,
        1870.44,
        1869.79,
        1869.14,
        1868.5,
        1867.86,
        1867.22,
        1866.58,
        1865.95,
        1865.32,
        1864.69
      ],
      "metrics": {
        "MAE": 3.771006,
        "RMSE": 5.372837,
        "MAPE": 0.1995,
        "R2": 0.9773
      }
    },
    "BNB_USD": {
      "current": 566.61,
      "next_1h": 566.68,
      "next_24h": 567.51,
      "change_pct": 0.012,
      "trend": "\ud83d\udcc8 UP",
      "predictions": [
        566.68,
        566.71,
        566.74,
        566.77,
        566.81,
        566.85,
        566.89,
        566.93,
        566.96,
        567.0,
        567.04,
        567.08,
        567.11,
        567.15,
        567.19,
        567.22,
        567.26,
        567.29,
        567.33,
        567.37,
        567.4,
        567.44,
        567.47,
        567.51
      ],
      "metrics": {
        "MAE": 0.706252,
        "RMSE": 0.988352,
        "MAPE": 0.1241,
        "R2": 0.9068
      }
    }
  }
}