{
  "generated_at": "2026-07-09 23:17:11",
  "exchange_rates": {
    "USD_TZS": {
      "current": 2624.9992,
      "next_1h": 2624.6613,
      "next_24h": 2619.1216,
      "change_pct": -0.013,
      "trend": "\ud83d\udcc9 DOWN",
      "predictions": [
        2624.6613,
        2624.3308,
        2624.0076,
        2623.6915,
        2623.3824,
        2623.0801,
        2622.7881,
        2622.506,
        2622.2337,
        2621.9708,
        2621.717,
        2621.4721,
        2621.2357,
        2621.0076,
        2620.7874,
        2620.575,
        2620.3699,
        2620.172,
        2619.981,
        2619.7967,
        2619.6188,
        2619.4472,
        2619.2815,
        2619.1216
      ],
      "metrics": {
        "MAE": 0.416154,
        "RMSE": 0.716509,
        "MAPE": 0.0159,
        "R2": 0.8967
      }
    },
    "USD_KES": {
      "current": 129.2854,
      "next_1h": 129.288,
      "next_24h": 129.3398,
      "change_pct": 0.002,
      "trend": "\ud83d\udcc8 UP",
      "predictions": [
        129.288,
        129.2906,
        129.2932,
        129.2957,
        129.2983,
        129.3008,
        129.3033,
        129.3057,
        129.3081,
        129.3105,
        129.3128,
        129.3151,
        129.3174,
        129.3196,
        129.3217,
        129.3239,
        129.326,
        129.3281,
        129.3301,
        129.3321,
        129.3341,
        129.336,
        129.3379,
        129.3398
      ],
      "metrics": {
        "MAE": 0.006299,
        "RMSE": 0.020188,
        "MAPE": 0.0049,
        "R2": 0.9651
      }
    },
    "USD_UGX": {
      "current": 3655.5446,
      "next_1h": 3655.6169,
      "next_24h": 3657.2288,
      "change_pct": 0.002,
      "trend": "\ud83d\udcc8 UP",
      "predictions": [
        3655.6169,
        3655.6892,
        3655.7613,
        3655.8332,
        3655.905,
        3655.9767,
        3656.0481,
        3656.1194,
        3656.1904,
        3656.2611,
        3656.3317,
        3656.402,
        3656.4721,
        3656.542,
        3656.6116,
        3656.6811,
        3656.7503,
        3656.8193,
        3656.8881,
        3656.9567,
        3657.025,
        3657.0932,
        3657.1611,
        3657.2288
      ],
      "metrics": {
        "MAE": 1.047576,
        "RMSE": 4.196696,
        "MAPE": 0.0287,
        "R2": 0.8431
      }
    },
    "USD_EUR": {
      "current": 0.8761,
      "next_1h": 0.8762,
      "next_24h": 0.8767,
      "change_pct": 0.003,
      "trend": "\ud83d\udcc8 UP",
      "predictions": [
        0.8762,
        0.8762,
        0.8762,
        0.8762,
        0.8763,
        0.8763,
        0.8763,
        0.8763,
        0.8764,
        0.8764,
        0.8764,
        0.8764,
        0.8765,
        0.8765,
        0.8765,
        0.8765,
        0.8766,
        0.8766,
        0.8766,
        0.8766,
        0.8767,
        0.8767,
        0.8767,
        0.8767
      ],
      "metrics": {
        "MAE": 9.1e-05,
        "RMSE": 0.000359,
        "MAPE": 0.0103,
        "R2": 0.8976
      }
    }
  },
  "crypto": {
    "BTC_USD": {
      "current": 63146.0,
      "next_1h": 63134.22,
      "next_24h": 62947.01,
      "change_pct": -0.019,
      "trend": "\ud83d\udcc9 DOWN",
      "predictions": [
        63134.22,
        63131.16,
        63126.04,
        63117.06,
        63104.49,
        63095.85,
        63087.76,
        63079.35,
        63070.71,
        63062.08,
        63053.63,
        63045.24,
        63036.86,
        63028.5,
        63020.19,
        63011.91,
        63003.68,
        62995.47,
        62987.31,
        62979.18,
        62971.08,
        62963.02,
        62955.0,
        62947.01
      ],
      "metrics": {
        "MAE": 154.081509,
        "RMSE": 244.957199,
        "MAPE": 0.2446,
        "R2": 0.8595
      }
    },
    "ETH_USD": {
      "current": 1745.7,
      "next_1h": 1745.24,
      "next_24h": 1737.73,
      "change_pct": -0.026,
      "trend": "\ud83d\udcc9 DOWN",
      "predictions": [
        1745.24,
        1745.07,
        1744.7,
        1744.29,
        1743.98,
        1743.64,
        1743.29,
        1742.95,
        1742.61,
        1742.27,
        1741.94,
        1741.6,
        1741.27,
        1740.94,
        1740.61,
        1740.29,
        1739.96,
        1739.64,
        1739.31,
        1738.99,
        1738.68,
        1738.36,
        1738.04,
        1737.73
      ],
      "metrics": {
        "MAE": 5.069651,
        "RMSE": 7.626734,
        "MAPE": 0.2873,
        "R2": 0.8893
      }
    },
    "BNB_USD": {
      "current": 569.54,
      "next_1h": 569.57,
      "next_24h": 570.54,
      "change_pct": 0.005,
      "trend": "\ud83d\udcc8 UP",
      "predictions": [
        569.57,
        569.62,
        569.67,
        569.7,
        569.75,
        569.79,
        569.83,
        569.88,
        569.92,
        569.96,
        570.0,
        570.05,
        570.09,
        570.13,
        570.17,
        570.21,
        570.26,
        570.3,
        570.34,
        570.38,
        570.42,
        570.46,
        570.5,
        570.54
      ],
      "metrics": {
        "MAE": 1.259357,
        "RMSE": 1.909251,
        "MAPE": 0.2189,
        "R2": 0.9394
      }
    }
  }
}