{
  "generated_at": "2026-04-11 05:35:48",
  "exchange_rates": {
    "USD_TZS": {
      "current": 2597.0448,
      "next_1h": 2596.7008,
      "next_24h": 2591.7821,
      "change_pct": -0.013,
      "trend": "\ud83d\udcc9 DOWN",
      "predictions": [
        2596.7008,
        2596.4289,
        2596.1612,
        2595.8975,
        2595.6378,
        2595.382,
        2595.1335,
        2594.8915,
        2594.6558,
        2594.4262,
        2594.2027,
        2593.9852,
        2593.7733,
        2593.5671,
        2593.3663,
        2593.1708,
        2592.9805,
        2592.7953,
        2592.6149,
        2592.4393,
        2592.2683,
        2592.1019,
        2591.9399,
        2591.7821
      ],
      "metrics": {
        "MAE": 0.556446,
        "RMSE": 1.618865,
        "MAPE": 0.0214,
        "R2": 0.9214
      }
    },
    "USD_KES": {
      "current": 129.1354,
      "next_1h": 129.1379,
      "next_24h": 129.1936,
      "change_pct": 0.002,
      "trend": "\ud83d\udcc8 UP",
      "predictions": [
        129.1379,
        129.1404,
        129.1429,
        129.1454,
        129.1479,
        129.1503,
        129.1528,
        129.1552,
        129.1577,
        129.1601,
        129.1626,
        129.165,
        129.1674,
        129.1698,
        129.1722,
        129.1746,
        129.177,
        129.1794,
        129.1818,
        129.1841,
        129.1865,
        129.1889,
        129.1912,
        129.1936
      ],
      "metrics": {
        "MAE": 0.008395,
        "RMSE": 0.053417,
        "MAPE": 0.0065,
        "R2": 0.9749
      }
    },
    "USD_UGX": {
      "current": 3703.2059,
      "next_1h": 3703.798,
      "next_24h": 3715.7811,
      "change_pct": 0.016,
      "trend": "\ud83d\udcc8 UP",
      "predictions": [
        3703.798,
        3704.3809,
        3704.9595,
        3705.534,
        3706.1042,
        3706.6704,
        3707.2297,
        3707.7825,
        3708.3287,
        3708.8683,
        3709.4016,
        3709.9285,
        3710.4491,
        3710.9634,
        3711.4717,
        3711.9738,
        3712.47,
        3712.9602,
        3713.4446,
        3713.9232,
        3714.3961,
        3714.8633,
        3715.325,
        3715.7811
      ],
      "metrics": {
        "MAE": 0.677602,
        "RMSE": 3.478992,
        "MAPE": 0.0182,
        "R2": 0.9728
      }
    },
    "USD_EUR": {
      "current": 0.8533,
      "next_1h": 0.8536,
      "next_24h": 0.8591,
      "change_pct": 0.033,
      "trend": "\ud83d\udcc8 UP",
      "predictions": [
        0.8536,
        0.8539,
        0.8542,
        0.8544,
        0.8547,
        0.855,
        0.8553,
        0.8555,
        0.8558,
        0.856,
        0.8563,
        0.8565,
        0.8568,
        0.857,
        0.8572,
        0.8575,
        0.8577,
        0.8579,
        0.8581,
        0.8583,
        0.8585,
        0.8587,
        0.8589,
        0.8591
      ],
      "metrics": {
        "MAE": 0.000223,
        "RMSE": 0.000679,
        "MAPE": 0.026,
        "R2": 0.984
      }
    }
  },
  "crypto": {
    "BTC_USD": {
      "current": 72840.0,
      "next_1h": 72819.98,
      "next_24h": 72164.62,
      "change_pct": -0.027,
      "trend": "\ud83d\udcc9 DOWN",
      "predictions": [
        72819.98,
        72772.99,
        72738.99,
        72719.29,
        72686.55,
        72656.62,
        72628.92,
        72599.83,
        72570.57,
        72542.29,
        72513.98,
        72485.79,
        72457.94,
        72430.29,
        72402.81,
        72375.55,
        72348.49,
        72321.63,
        72294.97,
        72268.51,
        72242.24,
        72216.18,
        72190.3,
        72164.62
      ],
      "metrics": {
        "MAE": 228.347105,
        "RMSE": 324.012243,
        "MAPE": 0.3241,
        "R2": 0.9723
      }
    },
    "ETH_USD": {
      "current": 2236.57,
      "next_1h": 2235.19,
      "next_24h": 2204.47,
      "change_pct": -0.062,
      "trend": "\ud83d\udcc9 DOWN",
      "predictions": [
        2235.19,
        2233.05,
        2231.37,
        2230.2,
        2228.82,
        2227.4,
        2226.02,
        2224.63,
        2223.24,
        2221.88,
        2220.53,
        2219.2,
        2217.89,
        2216.6,
        2215.32,
        2214.05,
        2212.8,
        2211.57,
        2210.35,
        2209.14,
        2207.95,
        2206.78,
        2205.62,
        2204.47
      ],
      "metrics": {
        "MAE": 9.003711,
        "RMSE": 13.360579,
        "MAPE": 0.4162,
        "R2": 0.962
      }
    },
    "BNB_USD": {
      "current": 606.94,
      "next_1h": 607.11,
      "next_24h": 606.39,
      "change_pct": 0.028,
      "trend": "\ud83d\udcc8 UP",
      "predictions": [
        607.11,
        607.03,
        606.91,
        606.87,
        606.8,
        606.77,
        606.75,
        606.73,
        606.71,
        606.7,
        606.67,
        606.65,
        606.63,
        606.61,
        606.59,
        606.56,
        606.54,
        606.52,
        606.5,
        606.48,
        606.46,
        606.43,
        606.41,
        606.39
      ],
      "metrics": {
        "MAE": 1.553054,
        "RMSE": 2.087555,
        "MAPE": 0.2576,
        "R2": 0.8975
      }
    }
  }
}