{
  "generated_at": "2026-06-28 17:32:28",
  "exchange_rates": {
    "USD_TZS": {
      "current": 2627.6932,
      "next_1h": 2627.3321,
      "next_24h": 2620.4671,
      "change_pct": -0.014,
      "trend": "\ud83d\udcc9 DOWN",
      "predictions": [
        2627.3321,
        2626.9747,
        2626.6209,
        2626.2708,
        2625.9242,
        2625.5811,
        2625.2448,
        2624.9152,
        2624.5923,
        2624.2758,
        2623.9658,
        2623.6621,
        2623.3646,
        2623.0732,
        2622.7878,
        2622.5081,
        2622.2342,
        2621.9659,
        2621.703,
        2621.4455,
        2621.1933,
        2620.9462,
        2620.7042,
        2620.4671
      ],
      "metrics": {
        "MAE": 0.638213,
        "RMSE": 2.980943,
        "MAPE": 0.0244,
        "R2": 0.8647
      }
    },
    "USD_KES": {
      "current": 129.5388,
      "next_1h": 129.5373,
      "next_24h": 129.5069,
      "change_pct": -0.001,
      "trend": "\ud83d\udcc9 DOWN",
      "predictions": [
        129.5373,
        129.5358,
        129.5343,
        129.5328,
        129.5313,
        129.5299,
        129.5284,
        129.527,
        129.5256,
        129.5243,
        129.5229,
        129.5216,
        129.5202,
        129.5189,
        129.5177,
        129.5164,
        129.5152,
        129.5139,
        129.5127,
        129.5115,
        129.5104,
        129.5092,
        129.5081,
        129.5069
      ],
      "metrics": {
        "MAE": 0.00326,
        "RMSE": 0.015267,
        "MAPE": 0.0025,
        "R2": 0.9192
      }
    },
    "USD_UGX": {
      "current": 3658.6274,
      "next_1h": 3658.9135,
      "next_24h": 3665.2067,
      "change_pct": 0.008,
      "trend": "\ud83d\udcc8 UP",
      "predictions": [
        3658.9135,
        3659.1992,
        3659.4842,
        3659.7687,
        3660.0527,
        3660.3367,
        3660.6192,
        3660.9003,
        3661.18,
        3661.4582,
        3661.735,
        3662.0104,
        3662.2844,
        3662.557,
        3662.8281,
        3663.0979,
        3663.3663,
        3663.6333,
        3663.8989,
        3664.1632,
        3664.4261,
        3664.6876,
        3664.9478,
        3665.2067
      ],
      "metrics": {
        "MAE": 0.999181,
        "RMSE": 3.756068,
        "MAPE": 0.0273,
        "R2": 0.9204
      }
    },
    "USD_EUR": {
      "current": 0.878,
      "next_1h": 0.878,
      "next_24h": 0.8767,
      "change_pct": -0.007,
      "trend": "\ud83d\udcc9 DOWN",
      "predictions": [
        0.878,
        0.8779,
        0.8778,
        0.8778,
        0.8777,
        0.8777,
        0.8776,
        0.8776,
        0.8775,
        0.8774,
        0.8774,
        0.8773,
        0.8773,
        0.8772,
        0.8772,
        0.8771,
        0.8771,
        0.877,
        0.877,
        0.8769,
        0.8769,
        0.8768,
        0.8767,
        0.8767
      ],
      "metrics": {
        "MAE": 0.000131,
        "RMSE": 0.000481,
        "MAPE": 0.015,
        "R2": 0.9794
      }
    }
  },
  "crypto": {
    "BTC_USD": {
      "current": 59530.0,
      "next_1h": 59552.53,
      "next_24h": 59502.02,
      "change_pct": 0.038,
      "trend": "\ud83d\udcc8 UP",
      "predictions": [
        59552.53,
        59560.57,
        59546.4,
        59516.53,
        59509.97,
        59514.51,
        59515.15,
        59512.51,
        59509.35,
        59508.7,
        59508.9,
        59508.46,
        59507.66,
        59506.93,
        59506.46,
        59506.04,
        59505.53,
        59505.0,
        59504.48,
        59503.99,
        59503.5,
        59503.01,
        59502.51,
        59502.02
      ],
      "metrics": {
        "MAE": 238.344653,
        "RMSE": 362.196553,
        "MAPE": 0.3886,
        "R2": 0.962
      }
    },
    "ETH_USD": {
      "current": 1566.07,
      "next_1h": 1567.2,
      "next_24h": 1573.09,
      "change_pct": 0.072,
      "trend": "\ud83d\udcc8 UP",
      "predictions": [
        1567.2,
        1567.78,
        1567.66,
        1567.85,
        1568.27,
        1568.53,
        1568.76,
        1569.03,
        1569.3,
        1569.55,
        1569.81,
        1570.07,
        1570.32,
        1570.58,
        1570.83,
        1571.09,
        1571.34,
        1571.59,
        1571.85,
        1572.1,
        1572.35,
        1572.59,
        1572.84,
        1573.09
      ],
      "metrics": {
        "MAE": 7.800486,
        "RMSE": 12.289415,
        "MAPE": 0.4786,
        "R2": 0.9688
      }
    },
    "BNB_USD": {
      "current": 550.2,
      "next_1h": 550.58,
      "next_24h": 557.77,
      "change_pct": 0.069,
      "trend": "\ud83d\udcc8 UP",
      "predictions": [
        550.58,
        550.79,
        550.92,
        551.19,
        551.54,
        551.87,
        552.21,
        552.55,
        552.89,
        553.23,
        553.57,
        553.9,
        554.24,
        554.57,
        554.9,
        555.23,
        555.55,
        555.88,
        556.2,
        556.52,
        556.83,
        557.15,
        557.46,
        557.77
      ],
      "metrics": {
        "MAE": 1.975685,
        "RMSE": 2.96894,
        "MAPE": 0.3472,
        "R2": 0.9517
      }
    }
  }
}