{
  "generated_at": "2026-05-08 05:08:39",
  "exchange_rates": {
    "USD_TZS": {
      "current": 2600.1233,
      "next_1h": 2599.9485,
      "next_24h": 2599.768,
      "change_pct": -0.007,
      "trend": "\ud83d\udcc9 DOWN",
      "predictions": [
        2599.9485,
        2599.7787,
        2599.6135,
        2599.6113,
        2599.6091,
        2599.607,
        2599.6102,
        2599.6184,
        2599.6313,
        2599.6439,
        2599.6562,
        2599.6683,
        2599.6799,
        2599.6909,
        2599.7013,
        2599.711,
        2599.72,
        2599.7285,
        2599.7363,
        2599.7436,
        2599.7504,
        2599.7567,
        2599.7626,
        2599.768
      ],
      "metrics": {
        "MAE": 1.05596,
        "RMSE": 3.12795,
        "MAPE": 0.0406,
        "R2": 0.8979
      }
    },
    "USD_KES": {
      "current": 129.1655,
      "next_1h": 129.1651,
      "next_24h": 129.1571,
      "change_pct": 0.0,
      "trend": "\ud83d\udcc9 DOWN",
      "predictions": [
        129.1651,
        129.1647,
        129.1643,
        129.164,
        129.1636,
        129.1632,
        129.1629,
        129.1625,
        129.1621,
        129.1618,
        129.1614,
        129.1611,
        129.1607,
        129.1604,
        129.16,
        129.1597,
        129.1594,
        129.159,
        129.1587,
        129.1584,
        129.158,
        129.1577,
        129.1574,
        129.1571
      ],
      "metrics": {
        "MAE": 0.001489,
        "RMSE": 0.006675,
        "MAPE": 0.0012,
        "R2": 0.9294
      }
    },
    "USD_UGX": {
      "current": 3747.3416,
      "next_1h": 3746.7257,
      "next_24h": 3734.8559,
      "change_pct": -0.016,
      "trend": "\ud83d\udcc9 DOWN",
      "predictions": [
        3746.7257,
        3746.1158,
        3745.5117,
        3744.9371,
        3744.3681,
        3743.8045,
        3743.2485,
        3742.7,
        3742.1588,
        3741.6249,
        3741.0981,
        3740.5783,
        3740.0654,
        3739.5594,
        3739.0601,
        3738.5675,
        3738.0814,
        3737.6019,
        3737.1287,
        3736.6619,
        3736.2012,
        3735.7468,
        3735.2983,
        3734.8559
      ],
      "metrics": {
        "MAE": 0.779789,
        "RMSE": 2.483971,
        "MAPE": 0.0209,
        "R2": 0.9503
      }
    },
    "USD_EUR": {
      "current": 0.8514,
      "next_1h": 0.8514,
      "next_24h": 0.8515,
      "change_pct": 0.0,
      "trend": "\ud83d\udcc9 DOWN",
      "predictions": [
        0.8514,
        0.8514,
        0.8514,
        0.8514,
        0.8514,
        0.8514,
        0.8514,
        0.8514,
        0.8514,
        0.8515,
        0.8515,
        0.8515,
        0.8515,
        0.8515,
        0.8515,
        0.8515,
        0.8515,
        0.8515,
        0.8515,
        0.8515,
        0.8515,
        0.8515,
        0.8515,
        0.8515
      ],
      "metrics": {
        "MAE": 8.4e-05,
        "RMSE": 0.000416,
        "MAPE": 0.0098,
        "R2": 0.8844
      }
    }
  },
  "crypto": {
    "BTC_USD": {
      "current": 79629.0,
      "next_1h": 79572.19,
      "next_24h": 78934.72,
      "change_pct": -0.071,
      "trend": "\ud83d\udcc9 DOWN",
      "predictions": [
        79572.19,
        79530.37,
        79515.36,
        79469.9,
        79447.57,
        79417.74,
        79387.75,
        79360.25,
        79331.22,
        79303.36,
        79275.54,
        79247.86,
        79220.55,
        79193.4,
        79166.51,
        79139.86,
        79113.43,
        79087.23,
        79061.25,
        79035.51,
        79009.98,
        78984.67,
        78959.59,
        78934.72
      ],
      "metrics": {
        "MAE": 205.54738,
        "RMSE": 305.766777,
        "MAPE": 0.2575,
        "R2": 0.9553
      }
    },
    "ETH_USD": {
      "current": 2280.62,
      "next_1h": 2279.55,
      "next_24h": 2283.46,
      "change_pct": -0.047,
      "trend": "\ud83d\udcc9 DOWN",
      "predictions": [
        2279.55,
        2279.08,
        2280.19,
        2279.35,
        2279.96,
        2280.14,
        2280.24,
        2280.55,
        2280.69,
        2280.92,
        2281.13,
        2281.31,
        2281.52,
        2281.71,
        2281.9,
        2282.09,
        2282.27,
        2282.45,
        2282.62,
        2282.8,
        2282.97,
        2283.13,
        2283.3,
        2283.46
      ],
      "metrics": {
        "MAE": 6.908013,
        "RMSE": 10.656273,
        "MAPE": 0.2951,
        "R2": 0.9084
      }
    },
    "BNB_USD": {
      "current": 639.72,
      "next_1h": 639.39,
      "next_24h": 635.02,
      "change_pct": -0.051,
      "trend": "\ud83d\udcc9 DOWN",
      "predictions": [
        639.39,
        639.13,
        639.1,
        638.81,
        638.66,
        638.45,
        638.23,
        638.03,
        637.82,
        637.62,
        637.42,
        637.22,
        637.02,
        636.83,
        636.63,
        636.44,
        636.26,
        636.07,
        635.89,
        635.71,
        635.53,
        635.36,
        635.19,
        635.02
      ],
      "metrics": {
        "MAE": 1.384265,
        "RMSE": 2.182484,
        "MAPE": 0.2188,
        "R2": 0.9642
      }
    }
  }
}