{
  "generated_at": "2026-06-23 23:30:33",
  "exchange_rates": {
    "USD_TZS": {
      "current": 2615.5708,
      "next_1h": 2615.4479,
      "next_24h": 2612.962,
      "change_pct": -0.005,
      "trend": "\ud83d\udcc9 DOWN",
      "predictions": [
        2615.4479,
        2615.3259,
        2615.2047,
        2615.0843,
        2614.9647,
        2614.8459,
        2614.7287,
        2614.6131,
        2614.499,
        2614.3864,
        2614.2754,
        2614.1658,
        2614.0578,
        2613.9512,
        2613.8461,
        2613.7424,
        2613.6401,
        2613.5392,
        2613.4397,
        2613.3415,
        2613.2447,
        2613.1492,
        2613.0549,
        2612.962
      ],
      "metrics": {
        "MAE": 0.648865,
        "RMSE": 3.107745,
        "MAPE": 0.0248,
        "R2": 0.8167
      }
    },
    "USD_KES": {
      "current": 129.4042,
      "next_1h": 129.4041,
      "next_24h": 129.4026,
      "change_pct": 0.0,
      "trend": "\ud83d\udcc9 DOWN",
      "predictions": [
        129.4041,
        129.404,
        129.404,
        129.4039,
        129.4038,
        129.4038,
        129.4037,
        129.4036,
        129.4035,
        129.4035,
        129.4034,
        129.4033,
        129.4033,
        129.4032,
        129.4031,
        129.4031,
        129.403,
        129.403,
        129.4029,
        129.4028,
        129.4028,
        129.4027,
        129.4026,
        129.4026
      ],
      "metrics": {
        "MAE": 0.002808,
        "RMSE": 0.013399,
        "MAPE": 0.0022,
        "R2": 0.8728
      }
    },
    "USD_UGX": {
      "current": 3634.6164,
      "next_1h": 3636.6653,
      "next_24h": 3675.5957,
      "change_pct": 0.056,
      "trend": "\ud83d\udcc8 UP",
      "predictions": [
        3636.6653,
        3638.6927,
        3640.6987,
        3642.6836,
        3644.6477,
        3646.5911,
        3648.496,
        3650.3631,
        3652.193,
        3653.9861,
        3655.7432,
        3657.4646,
        3659.1513,
        3660.8038,
        3662.4228,
        3664.009,
        3665.5632,
        3667.0858,
        3668.5776,
        3670.0393,
        3671.4713,
        3672.8743,
        3674.2489,
        3675.5957
      ],
      "metrics": {
        "MAE": 2.67958,
        "RMSE": 6.440871,
        "MAPE": 0.0732,
        "R2": 0.9638
      }
    },
    "USD_EUR": {
      "current": 0.8744,
      "next_1h": 0.8743,
      "next_24h": 0.8727,
      "change_pct": -0.009,
      "trend": "\ud83d\udcc9 DOWN",
      "predictions": [
        0.8743,
        0.8743,
        0.8742,
        0.8741,
        0.874,
        0.8739,
        0.8739,
        0.8738,
        0.8737,
        0.8736,
        0.8736,
        0.8735,
        0.8734,
        0.8734,
        0.8733,
        0.8732,
        0.8731,
        0.8731,
        0.873,
        0.8729,
        0.8729,
        0.8728,
        0.8727,
        0.8727
      ],
      "metrics": {
        "MAE": 0.000158,
        "RMSE": 0.000684,
        "MAPE": 0.0181,
        "R2": 0.9785
      }
    }
  },
  "crypto": {
    "BTC_USD": {
      "current": 62601.0,
      "next_1h": 62594.76,
      "next_24h": 62279.37,
      "change_pct": -0.01,
      "trend": "\ud83d\udcc9 DOWN",
      "predictions": [
        62594.76,
        62590.51,
        62588.47,
        62579.68,
        62569.05,
        62554.07,
        62539.66,
        62525.4,
        62510.41,
        62495.13,
        62479.62,
        62464.2,
        62448.8,
        62433.33,
        62417.85,
        62402.38,
        62386.94,
        62371.52,
        62356.11,
        62340.72,
        62325.35,
        62310.0,
        62294.67,
        62279.37
      ],
      "metrics": {
        "MAE": 236.202473,
        "RMSE": 326.962027,
        "MAPE": 0.367,
        "R2": 0.9247
      }
    },
    "ETH_USD": {
      "current": 1662.76,
      "next_1h": 1662.57,
      "next_24h": 1647.54,
      "change_pct": -0.011,
      "trend": "\ud83d\udcc9 DOWN",
      "predictions": [
        1662.57,
        1662.14,
        1661.44,
        1660.74,
        1660.1,
        1659.45,
        1658.77,
        1658.1,
        1657.44,
        1656.77,
        1656.11,
        1655.44,
        1654.78,
        1654.12,
        1653.45,
        1652.79,
        1652.13,
        1651.47,
        1650.82,
        1650.16,
        1649.5,
        1648.85,
        1648.19,
        1647.54
      ],
      "metrics": {
        "MAE": 9.031619,
        "RMSE": 14.05087,
        "MAPE": 0.5194,
        "R2": 0.8845
      }
    },
    "BNB_USD": {
      "current": 577.5,
      "next_1h": 577.91,
      "next_24h": 585.4,
      "change_pct": 0.071,
      "trend": "\ud83d\udcc8 UP",
      "predictions": [
        577.91,
        578.29,
        578.64,
        579.01,
        579.35,
        579.69,
        580.03,
        580.36,
        580.69,
        581.02,
        581.35,
        581.67,
        581.99,
        582.31,
        582.63,
        582.95,
        583.26,
        583.57,
        583.88,
        584.19,
        584.5,
        584.8,
        585.1,
        585.4
      ],
      "metrics": {
        "MAE": 2.078133,
        "RMSE": 3.037377,
        "MAPE": 0.3493,
        "R2": 0.9533
      }
    }
  }
}