{
  "generated_at": "2026-07-16 19:43:16",
  "exchange_rates": {
    "USD_TZS": {
      "current": 2614.7645,
      "next_1h": 2614.8084,
      "next_24h": 2615.547,
      "change_pct": 0.002,
      "trend": "\ud83d\udcc8 UP",
      "predictions": [
        2614.8084,
        2614.8514,
        2614.8935,
        2614.9347,
        2614.975,
        2615.0145,
        2615.0527,
        2615.0898,
        2615.1257,
        2615.1605,
        2615.1942,
        2615.2269,
        2615.2585,
        2615.2891,
        2615.3188,
        2615.3475,
        2615.3753,
        2615.4022,
        2615.4283,
        2615.4536,
        2615.4781,
        2615.5018,
        2615.5247,
        2615.547
      ],
      "metrics": {
        "MAE": 0.503092,
        "RMSE": 1.954695,
        "MAPE": 0.0192,
        "R2": 0.9551
      }
    },
    "USD_KES": {
      "current": 129.367,
      "next_1h": 129.3672,
      "next_24h": 129.3715,
      "change_pct": 0.0,
      "trend": "\ud83d\udcc9 DOWN",
      "predictions": [
        129.3672,
        129.3674,
        129.3676,
        129.3678,
        129.368,
        129.3682,
        129.3684,
        129.3686,
        129.3688,
        129.369,
        129.3692,
        129.3694,
        129.3696,
        129.3698,
        129.37,
        129.3701,
        129.3703,
        129.3705,
        129.3707,
        129.3708,
        129.371,
        129.3712,
        129.3713,
        129.3715
      ],
      "metrics": {
        "MAE": 0.004322,
        "RMSE": 0.016717,
        "MAPE": 0.0033,
        "R2": 0.9347
      }
    },
    "USD_UGX": {
      "current": 3686.5095,
      "next_1h": 3686.4207,
      "next_24h": 3684.432,
      "change_pct": -0.002,
      "trend": "\ud83d\udcc9 DOWN",
      "predictions": [
        3686.4207,
        3686.332,
        3686.2435,
        3686.1552,
        3686.0671,
        3685.9791,
        3685.8913,
        3685.8037,
        3685.7164,
        3685.6293,
        3685.5424,
        3685.4557,
        3685.3692,
        3685.2829,
        3685.1969,
        3685.1111,
        3685.0254,
        3684.94,
        3684.8548,
        3684.7698,
        3684.6851,
        3684.6005,
        3684.5161,
        3684.432
      ],
      "metrics": {
        "MAE": 0.453365,
        "RMSE": 2.497486,
        "MAPE": 0.0124,
        "R2": 0.9427
      }
    },
    "USD_EUR": {
      "current": 0.8734,
      "next_1h": 0.8734,
      "next_24h": 0.8736,
      "change_pct": 0.001,
      "trend": "\ud83d\udcc8 UP",
      "predictions": [
        0.8734,
        0.8734,
        0.8735,
        0.8735,
        0.8735,
        0.8735,
        0.8735,
        0.8735,
        0.8735,
        0.8735,
        0.8735,
        0.8735,
        0.8735,
        0.8736,
        0.8736,
        0.8736,
        0.8736,
        0.8736,
        0.8736,
        0.8736,
        0.8736,
        0.8736,
        0.8736,
        0.8736
      ],
      "metrics": {
        "MAE": 4.9e-05,
        "RMSE": 0.000257,
        "MAPE": 0.0056,
        "R2": 0.9427
      }
    }
  },
  "crypto": {
    "BTC_USD": {
      "current": 64181.0,
      "next_1h": 64163.03,
      "next_24h": 63960.48,
      "change_pct": -0.028,
      "trend": "\ud83d\udcc9 DOWN",
      "predictions": [
        64163.03,
        64148.57,
        64141.57,
        64137.36,
        64126.96,
        64117.12,
        64107.86,
        64099.08,
        64090.27,
        64081.28,
        64072.34,
        64063.48,
        64054.69,
        64045.93,
        64037.2,
        64028.51,
        64019.87,
        64011.26,
        64002.7,
        63994.18,
        63985.69,
        63977.25,
        63968.84,
        63960.48
      ],
      "metrics": {
        "MAE": 115.569773,
        "RMSE": 159.585257,
        "MAPE": 0.181,
        "R2": 0.9701
      }
    },
    "ETH_USD": {
      "current": 1873.36,
      "next_1h": 1872.4,
      "next_24h": 1854.06,
      "change_pct": -0.051,
      "trend": "\ud83d\udcc9 DOWN",
      "predictions": [
        1872.4,
        1871.42,
        1870.69,
        1869.81,
        1868.97,
        1868.15,
        1867.33,
        1866.52,
        1865.71,
        1864.9,
        1864.1,
        1863.3,
        1862.51,
        1861.72,
        1860.94,
        1860.16,
        1859.38,
        1858.61,
        1857.84,
        1857.08,
        1856.32,
        1855.56,
        1854.81,
        1854.06
      ],
      "metrics": {
        "MAE": 4.886735,
        "RMSE": 7.606279,
        "MAPE": 0.2653,
        "R2": 0.9802
      }
    },
    "BNB_USD": {
      "current": 575.62,
      "next_1h": 575.63,
      "next_24h": 576.09,
      "change_pct": 0.002,
      "trend": "\ud83d\udcc8 UP",
      "predictions": [
        575.63,
        575.64,
        575.67,
        575.7,
        575.71,
        575.73,
        575.75,
        575.78,
        575.8,
        575.82,
        575.84,
        575.86,
        575.88,
        575.9,
        575.92,
        575.94,
        575.95,
        575.97,
        575.99,
        576.01,
        576.03,
        576.05,
        576.07,
        576.09
      ],
      "metrics": {
        "MAE": 0.879313,
        "RMSE": 1.273936,
        "MAPE": 0.1528,
        "R2": 0.9442
      }
    }
  }
}