{
  "generated_at": "2026-04-02 21:00:11",
  "exchange_rates": {
    "USD_TZS": {
      "current": 2598.782,
      "next_1h": 2598.4495,
      "next_24h": 2592.2534,
      "change_pct": -0.013,
      "trend": "\ud83d\udcc9 DOWN",
      "predictions": [
        2598.4495,
        2598.1249,
        2597.8037,
        2597.4878,
        2597.173,
        2596.8631,
        2596.5595,
        2596.2621,
        2595.9706,
        2595.6852,
        2595.4055,
        2595.1317,
        2594.8634,
        2594.6007,
        2594.3434,
        2594.0914,
        2593.8446,
        2593.6029,
        2593.3661,
        2593.1342,
        2592.9071,
        2592.6846,
        2592.4668,
        2592.2534
      ],
      "metrics": {
        "MAE": 0.669697,
        "RMSE": 2.862969,
        "MAPE": 0.0259,
        "R2": 0.9162
      }
    },
    "USD_KES": {
      "current": 129.9902,
      "next_1h": 129.9801,
      "next_24h": 129.8032,
      "change_pct": -0.008,
      "trend": "\ud83d\udcc9 DOWN",
      "predictions": [
        129.9801,
        129.9691,
        129.9593,
        129.9501,
        129.9415,
        129.9332,
        129.9251,
        129.917,
        129.909,
        129.9011,
        129.8933,
        129.8857,
        129.8782,
        129.8708,
        129.8635,
        129.8564,
        129.8494,
        129.8424,
        129.8356,
        129.8289,
        129.8224,
        129.8159,
        129.8095,
        129.8032
      ],
      "metrics": {
        "MAE": 0.01385,
        "RMSE": 0.033342,
        "MAPE": 0.0107,
        "R2": 0.8899
      }
    },
    "USD_UGX": {
      "current": 3735.0282,
      "next_1h": 3735.1565,
      "next_24h": 3737.8231,
      "change_pct": 0.003,
      "trend": "\ud83d\udcc8 UP",
      "predictions": [
        3735.1565,
        3735.2834,
        3735.4088,
        3735.5336,
        3735.6569,
        3735.7788,
        3735.8998,
        3736.02,
        3736.1392,
        3736.2575,
        3736.3749,
        3736.4914,
        3736.6071,
        3736.7219,
        3736.8358,
        3736.9488,
        3737.061,
        3737.1724,
        3737.2829,
        3737.3926,
        3737.5014,
        3737.6095,
        3737.7167,
        3737.8231
      ],
      "metrics": {
        "MAE": 0.693866,
        "RMSE": 3.300019,
        "MAPE": 0.0185,
        "R2": 0.9105
      }
    },
    "USD_EUR": {
      "current": 0.8624,
      "next_1h": 0.8625,
      "next_24h": 0.8639,
      "change_pct": 0.009,
      "trend": "\ud83d\udcc8 UP",
      "predictions": [
        0.8625,
        0.8625,
        0.8626,
        0.8627,
        0.8628,
        0.8628,
        0.8629,
        0.863,
        0.863,
        0.8631,
        0.8632,
        0.8632,
        0.8633,
        0.8634,
        0.8634,
        0.8635,
        0.8636,
        0.8636,
        0.8637,
        0.8637,
        0.8638,
        0.8638,
        0.8639,
        0.8639
      ],
      "metrics": {
        "MAE": 0.000162,
        "RMSE": 0.000671,
        "MAPE": 0.0187,
        "R2": 0.9513
      }
    }
  },
  "crypto": {
    "BTC_USD": {
      "current": 66937.0,
      "next_1h": 66974.75,
      "next_24h": 67725.21,
      "change_pct": 0.056,
      "trend": "\ud83d\udcc8 UP",
      "predictions": [
        66974.75,
        67031.48,
        67052.5,
        67090.81,
        67131.94,
        67165.67,
        67199.08,
        67233.71,
        67266.8,
        67299.53,
        67332.3,
        67364.64,
        67396.56,
        67428.18,
        67459.43,
        67490.31,
        67520.85,
        67551.05,
        67580.9,
        67610.42,
        67639.61,
        67668.47,
        67697.0,
        67725.21
      ],
      "metrics": {
        "MAE": 234.901056,
        "RMSE": 320.140032,
        "MAPE": 0.3493,
        "R2": 0.8284
      }
    },
    "ETH_USD": {
      "current": 2068.27,
      "next_1h": 2069.56,
      "next_24h": 2083.07,
      "change_pct": 0.062,
      "trend": "\ud83d\udcc8 UP",
      "predictions": [
        2069.56,
        2070.55,
        2071.29,
        2071.97,
        2072.64,
        2073.28,
        2073.91,
        2074.53,
        2075.14,
        2075.73,
        2076.32,
        2076.9,
        2077.46,
        2078.02,
        2078.56,
        2079.1,
        2079.63,
        2080.15,
        2080.66,
        2081.16,
        2081.65,
        2082.13,
        2082.6,
        2083.07
      ],
      "metrics": {
        "MAE": 9.540989,
        "RMSE": 12.985717,
        "MAPE": 0.4625,
        "R2": 0.9248
      }
    },
    "BNB_USD": {
      "current": 583.79,
      "next_1h": 584.76,
      "next_24h": 605.1,
      "change_pct": 0.166,
      "trend": "\ud83d\udcc8 UP",
      "predictions": [
        584.76,
        585.9,
        586.84,
        587.87,
        588.91,
        589.91,
        590.88,
        591.84,
        592.78,
        593.71,
        594.62,
        595.51,
        596.39,
        597.25,
        598.1,
        598.93,
        599.75,
        600.56,
        601.35,
        602.13,
        602.89,
        603.64,
        604.38,
        605.1
      ],
      "metrics": {
        "MAE": 2.068182,
        "RMSE": 2.809474,
        "MAPE": 0.3424,
        "R2": 0.9394
      }
    }
  }
}