{
  "generated_at": "2026-04-17 20:21:55",
  "exchange_rates": {
    "USD_TZS": {
      "current": 2603.6084,
      "next_1h": 2603.3539,
      "next_24h": 2598.3869,
      "change_pct": -0.01,
      "trend": "\ud83d\udcc9 DOWN",
      "predictions": [
        2603.3539,
        2603.1016,
        2602.8513,
        2602.6031,
        2602.357,
        2602.1129,
        2601.873,
        2601.6373,
        2601.4057,
        2601.1782,
        2600.9548,
        2600.7353,
        2600.5197,
        2600.3079,
        2600.0999,
        2599.8957,
        2599.695,
        2599.4979,
        2599.3043,
        2599.1142,
        2598.9275,
        2598.744,
        2598.5639,
        2598.3869
      ],
      "metrics": {
        "MAE": 0.24846,
        "RMSE": 0.647108,
        "MAPE": 0.0096,
        "R2": 0.9264
      }
    },
    "USD_KES": {
      "current": 129.182,
      "next_1h": 129.1869,
      "next_24h": 129.2887,
      "change_pct": 0.004,
      "trend": "\ud83d\udcc8 UP",
      "predictions": [
        129.1869,
        129.1917,
        129.1965,
        129.2013,
        129.206,
        129.2108,
        129.2155,
        129.2201,
        129.2247,
        129.2293,
        129.2338,
        129.2383,
        129.2427,
        129.2471,
        129.2514,
        129.2557,
        129.26,
        129.2642,
        129.2684,
        129.2725,
        129.2766,
        129.2807,
        129.2847,
        129.2887
      ],
      "metrics": {
        "MAE": 0.006772,
        "RMSE": 0.015406,
        "MAPE": 0.0052,
        "R2": 0.9565
      }
    },
    "USD_UGX": {
      "current": 3697.0154,
      "next_1h": 3697.2323,
      "next_24h": 3701.9373,
      "change_pct": 0.006,
      "trend": "\ud83d\udcc8 UP",
      "predictions": [
        3697.2323,
        3697.4486,
        3697.6642,
        3697.8792,
        3698.0936,
        3698.3073,
        3698.5198,
        3698.7309,
        3698.9407,
        3699.1493,
        3699.3565,
        3699.5625,
        3699.7672,
        3699.9707,
        3700.1728,
        3700.3738,
        3700.5735,
        3700.772,
        3700.9692,
        3701.1652,
        3701.36,
        3701.5537,
        3701.7461,
        3701.9373
      ],
      "metrics": {
        "MAE": 0.580552,
        "RMSE": 3.011063,
        "MAPE": 0.0157,
        "R2": 0.9165
      }
    },
    "USD_EUR": {
      "current": 0.849,
      "next_1h": 0.8491,
      "next_24h": 0.8498,
      "change_pct": 0.004,
      "trend": "\ud83d\udcc8 UP",
      "predictions": [
        0.8491,
        0.8491,
        0.8491,
        0.8492,
        0.8492,
        0.8492,
        0.8493,
        0.8493,
        0.8493,
        0.8494,
        0.8494,
        0.8494,
        0.8495,
        0.8495,
        0.8495,
        0.8496,
        0.8496,
        0.8497,
        0.8497,
        0.8497,
        0.8498,
        0.8498,
        0.8498,
        0.8498
      ],
      "metrics": {
        "MAE": 0.000116,
        "RMSE": 0.00056,
        "MAPE": 0.0136,
        "R2": 0.9676
      }
    }
  },
  "crypto": {
    "BTC_USD": {
      "current": 77445.0,
      "next_1h": 77340.73,
      "next_24h": 74787.35,
      "change_pct": -0.135,
      "trend": "\ud83d\udcc9 DOWN",
      "predictions": [
        77340.73,
        77209.68,
        77089.19,
        76957.01,
        76831.56,
        76708.52,
        76586.55,
        76467.01,
        76349.22,
        76233.22,
        76119.08,
        76006.7,
        75896.08,
        75787.18,
        75679.98,
        75574.45,
        75470.56,
        75368.3,
        75267.63,
        75168.53,
        75070.98,
        74974.94,
        74880.41,
        74787.35
      ],
      "metrics": {
        "MAE": 247.082204,
        "RMSE": 337.746921,
        "MAPE": 0.3335,
        "R2": 0.9621
      }
    },
    "ETH_USD": {
      "current": 2430.87,
      "next_1h": 2424.5,
      "next_24h": 2300.25,
      "change_pct": -0.262,
      "trend": "\ud83d\udcc9 DOWN",
      "predictions": [
        2424.5,
        2418.57,
        2412.21,
        2405.51,
        2399.01,
        2392.73,
        2386.57,
        2380.57,
        2374.69,
        2368.95,
        2363.32,
        2357.82,
        2352.43,
        2347.16,
        2342.0,
        2336.95,
        2332.01,
        2327.17,
        2322.44,
        2317.81,
        2313.28,
        2308.84,
        2304.5,
        2300.25
      ],
      "metrics": {
        "MAE": 10.594921,
        "RMSE": 15.42933,
        "MAPE": 0.4578,
        "R2": 0.9536
      }
    },
    "BNB_USD": {
      "current": 641.58,
      "next_1h": 641.23,
      "next_24h": 633.02,
      "change_pct": -0.054,
      "trend": "\ud83d\udcc9 DOWN",
      "predictions": [
        641.23,
        641.01,
        640.62,
        640.14,
        639.71,
        639.3,
        638.9,
        638.52,
        638.15,
        637.78,
        637.41,
        637.05,
        636.69,
        636.33,
        635.98,
        635.63,
        635.29,
        634.95,
        634.62,
        634.29,
        633.97,
        633.65,
        633.33,
        633.02
      ],
      "metrics": {
        "MAE": 1.635194,
        "RMSE": 2.223927,
        "MAPE": 0.2656,
        "R2": 0.9745
      }
    }
  }
}