{
  "generated_at": "2026-07-14 20:13:08",
  "exchange_rates": {
    "USD_TZS": {
      "current": 2602.9439,
      "next_1h": 2603.3384,
      "next_24h": 2609.9247,
      "change_pct": 0.015,
      "trend": "\ud83d\udcc8 UP",
      "predictions": [
        2603.3384,
        2603.7245,
        2604.1023,
        2604.472,
        2604.8337,
        2605.1877,
        2605.5305,
        2605.8624,
        2606.1836,
        2606.4945,
        2606.7953,
        2607.0864,
        2607.3681,
        2607.6407,
        2607.9044,
        2608.1596,
        2608.4065,
        2608.6454,
        2608.8765,
        2609.1002,
        2609.3166,
        2609.526,
        2609.7286,
        2609.9247
      ],
      "metrics": {
        "MAE": 0.473271,
        "RMSE": 1.888025,
        "MAPE": 0.0181,
        "R2": 0.9253
      }
    },
    "USD_KES": {
      "current": 129.2818,
      "next_1h": 129.2835,
      "next_24h": 129.3178,
      "change_pct": 0.001,
      "trend": "\ud83d\udcc8 UP",
      "predictions": [
        129.2835,
        129.2852,
        129.2868,
        129.2885,
        129.2901,
        129.2918,
        129.2934,
        129.295,
        129.2966,
        129.2981,
        129.2997,
        129.3012,
        129.3027,
        129.3042,
        129.3056,
        129.307,
        129.3084,
        129.3098,
        129.3112,
        129.3126,
        129.3139,
        129.3152,
        129.3165,
        129.3178
      ],
      "metrics": {
        "MAE": 0.004913,
        "RMSE": 0.015038,
        "MAPE": 0.0038,
        "R2": 0.8952
      }
    },
    "USD_UGX": {
      "current": 3658.9043,
      "next_1h": 3658.9537,
      "next_24h": 3660.0525,
      "change_pct": 0.001,
      "trend": "\ud83d\udcc8 UP",
      "predictions": [
        3658.9537,
        3659.003,
        3659.0522,
        3659.1013,
        3659.1502,
        3659.1991,
        3659.2479,
        3659.2964,
        3659.3448,
        3659.3931,
        3659.4412,
        3659.4891,
        3659.5369,
        3659.5846,
        3659.632,
        3659.6794,
        3659.7265,
        3659.7736,
        3659.8204,
        3659.8672,
        3659.9137,
        3659.9601,
        3660.0064,
        3660.0525
      ],
      "metrics": {
        "MAE": 0.482219,
        "RMSE": 2.805904,
        "MAPE": 0.0132,
        "R2": 0.9157
      }
    },
    "USD_EUR": {
      "current": 0.8774,
      "next_1h": 0.8774,
      "next_24h": 0.8774,
      "change_pct": 0.0,
      "trend": "\ud83d\udcc9 DOWN",
      "predictions": [
        0.8774,
        0.8774,
        0.8774,
        0.8774,
        0.8774,
        0.8774,
        0.8774,
        0.8774,
        0.8774,
        0.8774,
        0.8774,
        0.8774,
        0.8774,
        0.8774,
        0.8774,
        0.8774,
        0.8774,
        0.8774,
        0.8774,
        0.8774,
        0.8774,
        0.8774,
        0.8774,
        0.8774
      ],
      "metrics": {
        "MAE": 3.3e-05,
        "RMSE": 0.000179,
        "MAPE": 0.0038,
        "R2": 0.9542
      }
    }
  },
  "crypto": {
    "BTC_USD": {
      "current": 64455.0,
      "next_1h": 64448.73,
      "next_24h": 64194.59,
      "change_pct": -0.01,
      "trend": "\ud83d\udcc9 DOWN",
      "predictions": [
        64448.73,
        64441.54,
        64429.51,
        64415.71,
        64403.95,
        64392.84,
        64381.59,
        64370.12,
        64358.67,
        64347.37,
        64336.14,
        64324.96,
        64313.81,
        64302.71,
        64291.67,
        64280.68,
        64269.75,
        64258.86,
        64248.02,
        64237.24,
        64226.5,
        64215.81,
        64205.18,
        64194.59
      ],
      "metrics": {
        "MAE": 96.885561,
        "RMSE": 137.236589,
        "MAPE": 0.1526,
        "R2": 0.9672
      }
    },
    "ETH_USD": {
      "current": 1875.16,
      "next_1h": 1873.98,
      "next_24h": 1853.46,
      "change_pct": -0.063,
      "trend": "\ud83d\udcc9 DOWN",
      "predictions": [
        1873.98,
        1873.08,
        1872.16,
        1871.13,
        1870.22,
        1869.3,
        1868.38,
        1867.47,
        1866.56,
        1865.65,
        1864.75,
        1863.85,
        1862.96,
        1862.07,
        1861.19,
        1860.31,
        1859.44,
        1858.57,
        1857.71,
        1856.85,
        1856.0,
        1855.14,
        1854.3,
        1853.46
      ],
      "metrics": {
        "MAE": 4.177472,
        "RMSE": 6.67198,
        "MAPE": 0.2316,
        "R2": 0.9298
      }
    },
    "BNB_USD": {
      "current": 580.21,
      "next_1h": 580.19,
      "next_24h": 580.12,
      "change_pct": -0.003,
      "trend": "\ud83d\udcc9 DOWN",
      "predictions": [
        580.19,
        580.2,
        580.18,
        580.2,
        580.19,
        580.18,
        580.18,
        580.18,
        580.17,
        580.17,
        580.17,
        580.16,
        580.16,
        580.16,
        580.15,
        580.15,
        580.15,
        580.14,
        580.14,
        580.13,
        580.13,
        580.13,
        580.12,
        580.12
      ],
      "metrics": {
        "MAE": 0.805313,
        "RMSE": 1.190895,
        "MAPE": 0.1403,
        "R2": 0.9404
      }
    }
  }
}