{
  "generated_at": "2026-03-14 17:01:28",
  "exchange_rates": {
    "USD_TZS": {
      "current": 2580.4805,
      "next_1h": 2580.1308,
      "next_24h": 2575.824,
      "change_pct": -0.014,
      "trend": "\ud83d\udcc9 DOWN",
      "predictions": [
        2580.1308,
        2579.8031,
        2579.4851,
        2579.1817,
        2578.8821,
        2578.5958,
        2578.3286,
        2578.0794,
        2577.8469,
        2577.6304,
        2577.4294,
        2577.2428,
        2577.0696,
        2576.909,
        2576.7601,
        2576.622,
        2576.4939,
        2576.3752,
        2576.2651,
        2576.1631,
        2576.0684,
        2575.9807,
        2575.8994,
        2575.824
      ],
      "metrics": {
        "MAE": 0.405798,
        "RMSE": 0.413379,
        "MAPE": 0.0157,
        "R2": 0.553
      }
    },
    "USD_KES": {
      "current": 129.2015,
      "next_1h": 129.208,
      "next_24h": 129.2647,
      "change_pct": 0.005,
      "trend": "\ud83d\udcc8 UP",
      "predictions": [
        129.208,
        129.2152,
        129.2211,
        129.2261,
        129.2305,
        129.2343,
        129.2377,
        129.2409,
        129.2437,
        129.2463,
        129.2487,
        129.2508,
        129.2527,
        129.2544,
        129.256,
        129.2574,
        129.2586,
        129.2598,
        129.2608,
        129.2618,
        129.2626,
        129.2634,
        129.2641,
        129.2647
      ],
      "metrics": {
        "MAE": 0.006873,
        "RMSE": 0.015519,
        "MAPE": 0.0053,
        "R2": 0.869
      }
    },
    "USD_UGX": {
      "current": 3743.5548,
      "next_1h": 3742.7927,
      "next_24h": 3729.0487,
      "change_pct": -0.02,
      "trend": "\ud83d\udcc9 DOWN",
      "predictions": [
        3742.7927,
        3742.0458,
        3741.3154,
        3740.5925,
        3739.8856,
        3739.1936,
        3738.5167,
        3737.8548,
        3737.2075,
        3736.5745,
        3735.9555,
        3735.3502,
        3734.7582,
        3734.1793,
        3733.6132,
        3733.0595,
        3732.5181,
        3731.9887,
        3731.4709,
        3730.9646,
        3730.4695,
        3729.9853,
        3729.5117,
        3729.0487
      ],
      "metrics": {
        "MAE": 1.020937,
        "RMSE": 2.680314,
        "MAPE": 0.0273,
        "R2": 0.8686
      }
    },
    "USD_EUR": {
      "current": 0.8736,
      "next_1h": 0.873,
      "next_24h": 0.8662,
      "change_pct": -0.066,
      "trend": "\ud83d\udcc9 DOWN",
      "predictions": [
        0.873,
        0.8725,
        0.8721,
        0.8716,
        0.8712,
        0.8707,
        0.8703,
        0.87,
        0.8696,
        0.8693,
        0.869,
        0.8687,
        0.8684,
        0.8681,
        0.8679,
        0.8676,
        0.8674,
        0.8672,
        0.867,
        0.8668,
        0.8666,
        0.8665,
        0.8663,
        0.8662
      ],
      "metrics": {
        "MAE": 0.000569,
        "RMSE": 0.001224,
        "MAPE": 0.0652,
        "R2": 0.8531
      }
    }
  },
  "crypto": {
    "BTC_USD": {
      "current": 70680.0,
      "next_1h": 70704.7,
      "next_24h": 70847.79,
      "change_pct": 0.035,
      "trend": "\ud83d\udcc8 UP",
      "predictions": [
        70704.7,
        70724.73,
        70712.38,
        70715.62,
        70725.62,
        70735.18,
        70743.59,
        70749.4,
        70755.83,
        70762.65,
        70769.55,
        70776.27,
        70782.71,
        70789.06,
        70795.34,
        70801.55,
        70807.66,
        70813.66,
        70819.57,
        70825.39,
        70831.12,
        70836.77,
        70842.32,
        70847.79
      ],
      "metrics": {
        "MAE": 246.574147,
        "RMSE": 359.83004,
        "MAPE": 0.3439,
        "R2": 0.7596
      }
    },
    "ETH_USD": {
      "current": 2077.58,
      "next_1h": 2074.28,
      "next_24h": 2043.39,
      "change_pct": -0.159,
      "trend": "\ud83d\udcc9 DOWN",
      "predictions": [
        2074.28,
        2071.61,
        2068.19,
        2065.73,
        2063.13,
        2060.12,
        2057.51,
        2055.1,
        2053.04,
        2051.19,
        2049.55,
        2048.18,
        2047.04,
        2046.11,
        2045.35,
        2044.76,
        2044.3,
        2043.96,
        2043.71,
        2043.55,
        2043.44,
        2043.39,
        2043.38,
        2043.39
      ],
      "metrics": {
        "MAE": 11.273179,
        "RMSE": 15.466289,
        "MAPE": 0.5317,
        "R2": 0.6631
      }
    },
    "BNB_USD": {
      "current": 654.16,
      "next_1h": 654.15,
      "next_24h": 656.05,
      "change_pct": -0.001,
      "trend": "\ud83d\udcc9 DOWN",
      "predictions": [
        654.15,
        654.25,
        654.33,
        654.43,
        654.54,
        654.63,
        654.73,
        654.82,
        654.91,
        655.0,
        655.08,
        655.17,
        655.25,
        655.33,
        655.41,
        655.49,
        655.56,
        655.64,
        655.71,
        655.78,
        655.85,
        655.92,
        655.98,
        656.05
      ],
      "metrics": {
        "MAE": 1.760849,
        "RMSE": 2.573847,
        "MAPE": 0.2665,
        "R2": 0.8235
      }
    }
  }
}