{
  "generated_at": "2026-04-26 05:10:19",
  "exchange_rates": {
    "USD_TZS": {
      "current": 2607.0519,
      "next_1h": 2606.8706,
      "next_24h": 2603.5571,
      "change_pct": -0.007,
      "trend": "\ud83d\udcc9 DOWN",
      "predictions": [
        2606.8706,
        2606.6906,
        2606.5118,
        2606.3539,
        2606.1971,
        2606.0415,
        2605.8878,
        2605.7363,
        2605.5867,
        2605.439,
        2605.2932,
        2605.1492,
        2605.007,
        2604.8667,
        2604.7281,
        2604.5912,
        2604.4562,
        2604.3228,
        2604.1911,
        2604.061,
        2603.9326,
        2603.8059,
        2603.6807,
        2603.5571
      ],
      "metrics": {
        "MAE": 0.659034,
        "RMSE": 3.795623,
        "MAPE": 0.0254,
        "R2": 0.8646
      }
    },
    "USD_KES": {
      "current": 129.242,
      "next_1h": 129.2415,
      "next_24h": 129.2323,
      "change_pct": 0.0,
      "trend": "\ud83d\udcc9 DOWN",
      "predictions": [
        129.2415,
        129.2411,
        129.2407,
        129.2403,
        129.2399,
        129.2395,
        129.2391,
        129.2387,
        129.2383,
        129.2379,
        129.2375,
        129.2371,
        129.2367,
        129.2363,
        129.2359,
        129.2355,
        129.2351,
        129.2347,
        129.2343,
        129.2339,
        129.2335,
        129.2331,
        129.2327,
        129.2323
      ],
      "metrics": {
        "MAE": 0.002963,
        "RMSE": 0.01595,
        "MAPE": 0.0023,
        "R2": 0.9525
      }
    },
    "USD_UGX": {
      "current": 3695.4875,
      "next_1h": 3695.6872,
      "next_24h": 3700.1897,
      "change_pct": 0.005,
      "trend": "\ud83d\udcc8 UP",
      "predictions": [
        3695.6872,
        3695.8855,
        3696.0823,
        3696.2998,
        3696.5156,
        3696.7299,
        3696.9417,
        3697.1512,
        3697.3584,
        3697.5631,
        3697.7654,
        3697.9654,
        3698.163,
        3698.3583,
        3698.5513,
        3698.742,
        3698.9306,
        3699.1169,
        3699.301,
        3699.4829,
        3699.6628,
        3699.8405,
        3700.0161,
        3700.1897
      ],
      "metrics": {
        "MAE": 0.720454,
        "RMSE": 3.158466,
        "MAPE": 0.0195,
        "R2": 0.8649
      }
    },
    "USD_EUR": {
      "current": 0.854,
      "next_1h": 0.854,
      "next_24h": 0.8536,
      "change_pct": -0.002,
      "trend": "\ud83d\udcc9 DOWN",
      "predictions": [
        0.854,
        0.854,
        0.854,
        0.854,
        0.8539,
        0.8539,
        0.8539,
        0.8539,
        0.8539,
        0.8539,
        0.8538,
        0.8538,
        0.8538,
        0.8538,
        0.8538,
        0.8537,
        0.8537,
        0.8537,
        0.8537,
        0.8537,
        0.8536,
        0.8536,
        0.8536,
        0.8536
      ],
      "metrics": {
        "MAE": 0.000104,
        "RMSE": 0.000425,
        "MAPE": 0.0121,
        "R2": 0.9625
      }
    }
  },
  "crypto": {
    "BTC_USD": {
      "current": 77787.0,
      "next_1h": 77771.92,
      "next_24h": 77536.92,
      "change_pct": -0.019,
      "trend": "\ud83d\udcc9 DOWN",
      "predictions": [
        77771.92,
        77772.0,
        77774.11,
        77748.62,
        77754.79,
        77743.33,
        77730.49,
        77721.84,
        77708.16,
        77697.52,
        77686.17,
        77674.12,
        77662.9,
        77651.15,
        77639.6,
        77628.15,
        77616.58,
        77605.15,
        77593.7,
        77582.27,
        77570.9,
        77559.54,
        77548.21,
        77536.92
      ],
      "metrics": {
        "MAE": 220.461951,
        "RMSE": 303.559585,
        "MAPE": 0.2872,
        "R2": 0.9418
      }
    },
    "ETH_USD": {
      "current": 2318.59,
      "next_1h": 2317.67,
      "next_24h": 2303.52,
      "change_pct": -0.039,
      "trend": "\ud83d\udcc9 DOWN",
      "predictions": [
        2317.67,
        2317.65,
        2316.94,
        2316.25,
        2315.86,
        2315.13,
        2314.51,
        2313.86,
        2313.16,
        2312.52,
        2311.85,
        2311.19,
        2310.53,
        2309.87,
        2309.22,
        2308.57,
        2307.93,
        2307.29,
        2306.65,
        2306.02,
        2305.39,
        2304.76,
        2304.14,
        2303.52
      ],
      "metrics": {
        "MAE": 7.586932,
        "RMSE": 10.490619,
        "MAPE": 0.3263,
        "R2": 0.8831
      }
    },
    "BNB_USD": {
      "current": 630.44,
      "next_1h": 630.08,
      "next_24h": 622.3,
      "change_pct": -0.058,
      "trend": "\ud83d\udcc9 DOWN",
      "predictions": [
        630.08,
        629.86,
        629.41,
        629.03,
        628.7,
        628.29,
        627.92,
        627.53,
        627.15,
        626.79,
        626.42,
        626.07,
        625.72,
        625.38,
        625.04,
        624.71,
        624.39,
        624.07,
        623.76,
        623.46,
        623.16,
        622.87,
        622.58,
        622.3
      ],
      "metrics": {
        "MAE": 1.495021,
        "RMSE": 2.032762,
        "MAPE": 0.2359,
        "R2": 0.8998
      }
    }
  }
}