{
  "generated_at": "2026-06-02 01:20:41",
  "exchange_rates": {
    "USD_TZS": {
      "current": 2617.4498,
      "next_1h": 2616.4628,
      "next_24h": 2602.8323,
      "change_pct": -0.038,
      "trend": "\ud83d\udcc9 DOWN",
      "predictions": [
        2616.4628,
        2615.4991,
        2614.558,
        2613.6392,
        2612.7419,
        2611.9166,
        2611.1345,
        2610.3939,
        2609.6934,
        2609.0314,
        2608.4065,
        2607.8162,
        2607.2586,
        2606.7319,
        2606.2344,
        2605.7645,
        2605.3207,
        2604.9016,
        2604.5056,
        2604.1317,
        2603.7785,
        2603.4449,
        2603.1298,
        2602.8323
      ],
      "metrics": {
        "MAE": 1.139306,
        "RMSE": 2.99725,
        "MAPE": 0.0437,
        "R2": 0.9522
      }
    },
    "USD_KES": {
      "current": 129.4919,
      "next_1h": 129.4921,
      "next_24h": 129.4963,
      "change_pct": 0.0,
      "trend": "\ud83d\udcc9 DOWN",
      "predictions": [
        129.4921,
        129.4923,
        129.4924,
        129.4926,
        129.4928,
        129.493,
        129.4932,
        129.4934,
        129.4936,
        129.4938,
        129.494,
        129.4941,
        129.4943,
        129.4945,
        129.4947,
        129.4949,
        129.4951,
        129.4952,
        129.4954,
        129.4956,
        129.4958,
        129.496,
        129.4962,
        129.4963
      ],
      "metrics": {
        "MAE": 0.004231,
        "RMSE": 0.02398,
        "MAPE": 0.0033,
        "R2": 0.9426
      }
    },
    "USD_UGX": {
      "current": 3750.5145,
      "next_1h": 3750.3804,
      "next_24h": 3747.1017,
      "change_pct": -0.004,
      "trend": "\ud83d\udcc9 DOWN",
      "predictions": [
        3750.3804,
        3750.2469,
        3750.114,
        3749.9818,
        3749.8501,
        3749.6941,
        3749.5394,
        3749.3859,
        3749.2336,
        3749.0826,
        3748.9328,
        3748.7844,
        3748.6372,
        3748.4914,
        3748.3468,
        3748.2035,
        3748.0615,
        3747.9207,
        3747.7812,
        3747.6429,
        3747.5058,
        3747.3699,
        3747.2352,
        3747.1017
      ],
      "metrics": {
        "MAE": 0.948193,
        "RMSE": 3.595853,
        "MAPE": 0.0252,
        "R2": 0.8866
      }
    },
    "USD_EUR": {
      "current": 0.8596,
      "next_1h": 0.8596,
      "next_24h": 0.8597,
      "change_pct": 0.0,
      "trend": "\ud83d\udcc9 DOWN",
      "predictions": [
        0.8596,
        0.8596,
        0.8596,
        0.8596,
        0.8596,
        0.8596,
        0.8596,
        0.8596,
        0.8596,
        0.8596,
        0.8596,
        0.8596,
        0.8596,
        0.8596,
        0.8596,
        0.8596,
        0.8596,
        0.8596,
        0.8596,
        0.8596,
        0.8596,
        0.8596,
        0.8597,
        0.8597
      ],
      "metrics": {
        "MAE": 5.8e-05,
        "RMSE": 0.000262,
        "MAPE": 0.0068,
        "R2": 0.9625
      }
    }
  },
  "crypto": {
    "BTC_USD": {
      "current": 71208.0,
      "next_1h": 71249.85,
      "next_24h": 72511.91,
      "change_pct": 0.059,
      "trend": "\ud83d\udcc8 UP",
      "predictions": [
        71249.85,
        71337.46,
        71404.47,
        71452.27,
        71512.4,
        71569.03,
        71624.09,
        71679.95,
        71735.44,
        71790.17,
        71844.57,
        71898.53,
        71951.99,
        72005.03,
        72057.63,
        72109.79,
        72161.53,
        72212.83,
        72263.72,
        72314.18,
        72364.23,
        72413.86,
        72463.09,
        72511.91
      ],
      "metrics": {
        "MAE": 200.246159,
        "RMSE": 285.441121,
        "MAPE": 0.2696,
        "R2": 0.9718
      }
    },
    "ETH_USD": {
      "current": 1993.71,
      "next_1h": 1992.35,
      "next_24h": 2002.69,
      "change_pct": -0.068,
      "trend": "\ud83d\udcc9 DOWN",
      "predictions": [
        1992.35,
        1992.93,
        1993.73,
        1993.78,
        1994.53,
        1995.05,
        1995.46,
        1995.89,
        1996.33,
        1996.75,
        1997.18,
        1997.61,
        1998.04,
        1998.47,
        1998.9,
        1999.33,
        1999.75,
        2000.17,
        2000.6,
        2001.02,
        2001.44,
        2001.86,
        2002.27,
        2002.69
      ],
      "metrics": {
        "MAE": 6.918589,
        "RMSE": 9.764918,
        "MAPE": 0.3394,
        "R2": 0.9566
      }
    },
    "BNB_USD": {
      "current": 690.29,
      "next_1h": 688.96,
      "next_24h": 682.46,
      "change_pct": -0.193,
      "trend": "\ud83d\udcc9 DOWN",
      "predictions": [
        688.96,
        689.26,
        688.82,
        688.45,
        688.14,
        687.81,
        687.5,
        687.18,
        686.87,
        686.56,
        686.25,
        685.95,
        685.64,
        685.34,
        685.04,
        684.75,
        684.45,
        684.16,
        683.87,
        683.59,
        683.3,
        683.02,
        682.74,
        682.46
      ],
      "metrics": {
        "MAE": 3.204294,
        "RMSE": 4.713029,
        "MAPE": 0.4704,
        "R2": 0.9713
      }
    }
  }
}