{
  "generated_at": "2026-07-10 13:17:11",
  "exchange_rates": {
    "USD_TZS": {
      "current": 2624.3773,
      "next_1h": 2624.0737,
      "next_24h": 2619.0663,
      "change_pct": -0.012,
      "trend": "\ud83d\udcc9 DOWN",
      "predictions": [
        2624.0737,
        2623.7766,
        2623.486,
        2623.2018,
        2622.9238,
        2622.6518,
        2622.3889,
        2622.1349,
        2621.8893,
        2621.6521,
        2621.4229,
        2621.2015,
        2620.9877,
        2620.7812,
        2620.5817,
        2620.389,
        2620.2029,
        2620.0232,
        2619.8495,
        2619.6818,
        2619.5198,
        2619.3634,
        2619.2123,
        2619.0663
      ],
      "metrics": {
        "MAE": 0.386612,
        "RMSE": 0.6951,
        "MAPE": 0.0147,
        "R2": 0.8422
      }
    },
    "USD_KES": {
      "current": 129.1614,
      "next_1h": 129.1661,
      "next_24h": 129.2582,
      "change_pct": 0.004,
      "trend": "\ud83d\udcc8 UP",
      "predictions": [
        129.1661,
        129.1708,
        129.1754,
        129.18,
        129.1845,
        129.189,
        129.1935,
        129.1978,
        129.2021,
        129.2063,
        129.2105,
        129.2145,
        129.2185,
        129.2225,
        129.2263,
        129.2301,
        129.2338,
        129.2375,
        129.2411,
        129.2446,
        129.2481,
        129.2515,
        129.2549,
        129.2582
      ],
      "metrics": {
        "MAE": 0.006815,
        "RMSE": 0.021499,
        "MAPE": 0.0053,
        "R2": 0.9536
      }
    },
    "USD_UGX": {
      "current": 3670.526,
      "next_1h": 3670.4923,
      "next_24h": 3669.7364,
      "change_pct": -0.001,
      "trend": "\ud83d\udcc9 DOWN",
      "predictions": [
        3670.4923,
        3670.4586,
        3670.425,
        3670.3914,
        3670.3579,
        3670.3245,
        3670.2912,
        3670.2579,
        3670.2247,
        3670.1916,
        3670.1586,
        3670.1256,
        3670.0928,
        3670.06,
        3670.0273,
        3669.9946,
        3669.9621,
        3669.9296,
        3669.8972,
        3669.8649,
        3669.8326,
        3669.8005,
        3669.7684,
        3669.7364
      ],
      "metrics": {
        "MAE": 0.951395,
        "RMSE": 4.122809,
        "MAPE": 0.0261,
        "R2": 0.8867
      }
    },
    "USD_EUR": {
      "current": 0.8748,
      "next_1h": 0.8748,
      "next_24h": 0.8751,
      "change_pct": 0.001,
      "trend": "\ud83d\udcc8 UP",
      "predictions": [
        0.8748,
        0.8748,
        0.8749,
        0.8749,
        0.8749,
        0.8749,
        0.8749,
        0.8749,
        0.8749,
        0.8749,
        0.875,
        0.875,
        0.875,
        0.875,
        0.875,
        0.875,
        0.875,
        0.875,
        0.8751,
        0.8751,
        0.8751,
        0.8751,
        0.8751,
        0.8751
      ],
      "metrics": {
        "MAE": 7.1e-05,
        "RMSE": 0.000323,
        "MAPE": 0.0081,
        "R2": 0.9053
      }
    }
  },
  "crypto": {
    "BTC_USD": {
      "current": 64218.0,
      "next_1h": 64208.68,
      "next_24h": 63945.05,
      "change_pct": -0.015,
      "trend": "\ud83d\udcc9 DOWN",
      "predictions": [
        64208.68,
        64206.87,
        64199.59,
        64183.34,
        64168.2,
        64156.29,
        64144.69,
        64132.64,
        64120.37,
        64108.24,
        64096.26,
        64084.34,
        64072.45,
        64060.6,
        64048.82,
        64037.08,
        64025.4,
        64013.77,
        64002.19,
        63990.66,
        63979.18,
        63967.75,
        63956.37,
        63945.05
      ],
      "metrics": {
        "MAE": 131.441246,
        "RMSE": 180.343091,
        "MAPE": 0.2084,
        "R2": 0.9399
      }
    },
    "ETH_USD": {
      "current": 1793.31,
      "next_1h": 1792.9,
      "next_24h": 1780.68,
      "change_pct": -0.023,
      "trend": "\ud83d\udcc9 DOWN",
      "predictions": [
        1792.9,
        1792.66,
        1791.75,
        1791.31,
        1790.81,
        1790.25,
        1789.67,
        1789.13,
        1788.58,
        1788.03,
        1787.49,
        1786.95,
        1786.41,
        1785.88,
        1785.35,
        1784.82,
        1784.29,
        1783.77,
        1783.25,
        1782.73,
        1782.21,
        1781.7,
        1781.19,
        1780.68
      ],
      "metrics": {
        "MAE": 4.5198,
        "RMSE": 6.551552,
        "MAPE": 0.2564,
        "R2": 0.9201
      }
    },
    "BNB_USD": {
      "current": 573.39,
      "next_1h": 573.41,
      "next_24h": 574.51,
      "change_pct": 0.003,
      "trend": "\ud83d\udcc8 UP",
      "predictions": [
        573.41,
        573.5,
        573.52,
        573.55,
        573.61,
        573.67,
        573.71,
        573.76,
        573.81,
        573.86,
        573.91,
        573.96,
        574.0,
        574.05,
        574.1,
        574.15,
        574.19,
        574.24,
        574.29,
        574.33,
        574.38,
        574.42,
        574.47,
        574.51
      ],
      "metrics": {
        "MAE": 1.037442,
        "RMSE": 1.423668,
        "MAPE": 0.181,
        "R2": 0.955
      }
    }
  }
}