{
  "generated_at": "2026-07-21 12:43:16",
  "exchange_rates": {
    "USD_TZS": {
      "current": 2626.5347,
      "next_1h": 2626.2782,
      "next_24h": 2621.8783,
      "change_pct": -0.01,
      "trend": "\ud83d\udcc9 DOWN",
      "predictions": [
        2626.2782,
        2626.0269,
        2625.7805,
        2625.5391,
        2625.3024,
        2625.0705,
        2624.8452,
        2624.6264,
        2624.414,
        2624.2077,
        2624.0074,
        2623.813,
        2623.6242,
        2623.441,
        2623.263,
        2623.0903,
        2622.9227,
        2622.7599,
        2622.6019,
        2622.4485,
        2622.2995,
        2622.155,
        2622.0146,
        2621.8783
      ],
      "metrics": {
        "MAE": 0.540412,
        "RMSE": 2.061117,
        "MAPE": 0.0206,
        "R2": 0.9567
      }
    },
    "USD_KES": {
      "current": 129.2986,
      "next_1h": 129.2992,
      "next_24h": 129.3111,
      "change_pct": 0.0,
      "trend": "\ud83d\udcc9 DOWN",
      "predictions": [
        129.2992,
        129.2997,
        129.3003,
        129.3008,
        129.3014,
        129.302,
        129.3025,
        129.303,
        129.3036,
        129.3041,
        129.3046,
        129.3052,
        129.3057,
        129.3062,
        129.3067,
        129.3072,
        129.3077,
        129.3082,
        129.3087,
        129.3092,
        129.3097,
        129.3102,
        129.3106,
        129.3111
      ],
      "metrics": {
        "MAE": 0.002537,
        "RMSE": 0.012084,
        "MAPE": 0.002,
        "R2": 0.9533
      }
    },
    "USD_UGX": {
      "current": 3684.2026,
      "next_1h": 3684.1603,
      "next_24h": 3683.2195,
      "change_pct": -0.001,
      "trend": "\ud83d\udcc9 DOWN",
      "predictions": [
        3684.1603,
        3684.1181,
        3684.0759,
        3684.0338,
        3683.9919,
        3683.95,
        3683.9082,
        3683.8666,
        3683.8251,
        3683.7838,
        3683.7426,
        3683.7016,
        3683.6606,
        3683.6199,
        3683.5792,
        3683.5387,
        3683.4983,
        3683.4581,
        3683.418,
        3683.378,
        3683.3382,
        3683.2985,
        3683.2589,
        3683.2195
      ],
      "metrics": {
        "MAE": 0.413117,
        "RMSE": 2.369522,
        "MAPE": 0.0112,
        "R2": 0.9578
      }
    },
    "USD_EUR": {
      "current": 0.8758,
      "next_1h": 0.8758,
      "next_24h": 0.8759,
      "change_pct": 0.0,
      "trend": "\ud83d\udcc9 DOWN",
      "predictions": [
        0.8758,
        0.8758,
        0.8758,
        0.8758,
        0.8758,
        0.8758,
        0.8758,
        0.8758,
        0.8758,
        0.8758,
        0.8758,
        0.8758,
        0.8758,
        0.8758,
        0.8758,
        0.8758,
        0.8758,
        0.8758,
        0.8758,
        0.8758,
        0.8758,
        0.8758,
        0.8759,
        0.8759
      ],
      "metrics": {
        "MAE": 4.3e-05,
        "RMSE": 0.000237,
        "MAPE": 0.0049,
        "R2": 0.9669
      }
    }
  },
  "crypto": {
    "BTC_USD": {
      "current": 66553.0,
      "next_1h": 66516.83,
      "next_24h": 66106.68,
      "change_pct": -0.054,
      "trend": "\ud83d\udcc9 DOWN",
      "predictions": [
        66516.83,
        66478.01,
        66459.28,
        66449.05,
        66439.0,
        66419.33,
        66399.78,
        66381.75,
        66364.41,
        66346.94,
        66329.13,
        66311.43,
        66293.91,
        66276.5,
        66259.15,
        66241.87,
        66224.68,
        66207.57,
        66190.55,
        66173.62,
        66156.76,
        66139.98,
        66123.29,
        66106.68
      ],
      "metrics": {
        "MAE": 99.147442,
        "RMSE": 146.03636,
        "MAPE": 0.1539,
        "R2": 0.959
      }
    },
    "ETH_USD": {
      "current": 1941.53,
      "next_1h": 1940.25,
      "next_24h": 1919.03,
      "change_pct": -0.066,
      "trend": "\ud83d\udcc9 DOWN",
      "predictions": [
        1940.25,
        1939.1,
        1938.14,
        1937.23,
        1936.2,
        1935.26,
        1934.32,
        1933.39,
        1932.46,
        1931.53,
        1930.61,
        1929.69,
        1928.78,
        1927.87,
        1926.97,
        1926.07,
        1925.17,
        1924.28,
        1923.4,
        1922.51,
        1921.64,
        1920.76,
        1919.89,
        1919.03
      ],
      "metrics": {
        "MAE": 4.047258,
        "RMSE": 5.592164,
        "MAPE": 0.2157,
        "R2": 0.9688
      }
    },
    "BNB_USD": {
      "current": 577.2,
      "next_1h": 577.18,
      "next_24h": 577.43,
      "change_pct": -0.003,
      "trend": "\ud83d\udcc9 DOWN",
      "predictions": [
        577.18,
        577.2,
        577.21,
        577.23,
        577.24,
        577.25,
        577.26,
        577.27,
        577.28,
        577.29,
        577.3,
        577.31,
        577.32,
        577.33,
        577.34,
        577.35,
        577.36,
        577.37,
        577.38,
        577.39,
        577.4,
        577.41,
        577.42,
        577.43
      ],
      "metrics": {
        "MAE": 0.78302,
        "RMSE": 1.091087,
        "MAPE": 0.1371,
        "R2": 0.9549
      }
    }
  }
}