{
  "generated_at": "2026-04-18 22:15:45",
  "exchange_rates": {
    "USD_TZS": {
      "current": 2606.1375,
      "next_1h": 2605.8519,
      "next_24h": 2600.258,
      "change_pct": -0.011,
      "trend": "\ud83d\udcc9 DOWN",
      "predictions": [
        2605.8519,
        2605.5687,
        2605.2878,
        2605.0091,
        2604.7328,
        2604.4586,
        2604.1891,
        2603.9242,
        2603.6638,
        2603.4079,
        2603.1564,
        2602.9092,
        2602.6664,
        2602.4278,
        2602.1933,
        2601.9629,
        2601.7365,
        2601.514,
        2601.2954,
        2601.0806,
        2600.8695,
        2600.6621,
        2600.4582,
        2600.258
      ],
      "metrics": {
        "MAE": 0.283069,
        "RMSE": 0.691915,
        "MAPE": 0.0109,
        "R2": 0.9632
      }
    },
    "USD_KES": {
      "current": 129.142,
      "next_1h": 129.1453,
      "next_24h": 129.218,
      "change_pct": 0.003,
      "trend": "\ud83d\udcc8 UP",
      "predictions": [
        129.1453,
        129.1487,
        129.152,
        129.1553,
        129.1587,
        129.162,
        129.1653,
        129.1686,
        129.1718,
        129.175,
        129.1782,
        129.1814,
        129.1846,
        129.1877,
        129.1908,
        129.1939,
        129.197,
        129.2001,
        129.2031,
        129.2061,
        129.2091,
        129.2121,
        129.2151,
        129.218
      ],
      "metrics": {
        "MAE": 0.005332,
        "RMSE": 0.015417,
        "MAPE": 0.0041,
        "R2": 0.9525
      }
    },
    "USD_UGX": {
      "current": 3690.0531,
      "next_1h": 3690.2946,
      "next_24h": 3695.4846,
      "change_pct": 0.007,
      "trend": "\ud83d\udcc8 UP",
      "predictions": [
        3690.2946,
        3690.5351,
        3690.7746,
        3691.013,
        3691.2504,
        3691.4868,
        3691.7217,
        3691.955,
        3692.1867,
        3692.4169,
        3692.6456,
        3692.8728,
        3693.0985,
        3693.3227,
        3693.5454,
        3693.7666,
        3693.9864,
        3694.2047,
        3694.4216,
        3694.637,
        3694.851,
        3695.0636,
        3695.2748,
        3695.4846
      ],
      "metrics": {
        "MAE": 0.619091,
        "RMSE": 3.068658,
        "MAPE": 0.0167,
        "R2": 0.9327
      }
    },
    "USD_EUR": {
      "current": 0.8484,
      "next_1h": 0.8485,
      "next_24h": 0.8488,
      "change_pct": 0.002,
      "trend": "\ud83d\udcc8 UP",
      "predictions": [
        0.8485,
        0.8485,
        0.8485,
        0.8485,
        0.8485,
        0.8485,
        0.8486,
        0.8486,
        0.8486,
        0.8486,
        0.8486,
        0.8486,
        0.8487,
        0.8487,
        0.8487,
        0.8487,
        0.8487,
        0.8487,
        0.8488,
        0.8488,
        0.8488,
        0.8488,
        0.8488,
        0.8488
      ],
      "metrics": {
        "MAE": 0.000105,
        "RMSE": 0.000561,
        "MAPE": 0.0124,
        "R2": 0.9669
      }
    }
  },
  "crypto": {
    "BTC_USD": {
      "current": 75668.0,
      "next_1h": 75585.4,
      "next_24h": 74037.05,
      "change_pct": -0.109,
      "trend": "\ud83d\udcc9 DOWN",
      "predictions": [
        75585.4,
        75512.8,
        75434.03,
        75359.18,
        75285.61,
        75212.34,
        75140.28,
        75069.01,
        74998.55,
        74928.96,
        74860.18,
        74792.22,
        74725.07,
        74658.72,
        74593.15,
        74528.37,
        74464.35,
        74401.1,
        74338.6,
        74276.84,
        74215.81,
        74155.51,
        74095.93,
        74037.05
      ],
      "metrics": {
        "MAE": 236.189375,
        "RMSE": 321.553384,
        "MAPE": 0.317,
        "R2": 0.9717
      }
    },
    "ETH_USD": {
      "current": 2350.1,
      "next_1h": 2346.42,
      "next_24h": 2271.79,
      "change_pct": -0.157,
      "trend": "\ud83d\udcc9 DOWN",
      "predictions": [
        2346.42,
        2342.72,
        2338.71,
        2334.96,
        2331.27,
        2327.63,
        2324.08,
        2320.57,
        2317.12,
        2313.73,
        2310.4,
        2307.12,
        2303.9,
        2300.73,
        2297.61,
        2294.54,
        2291.53,
        2288.57,
        2285.65,
        2282.79,
        2279.97,
        2277.19,
        2274.47,
        2271.79
      ],
      "metrics": {
        "MAE": 9.522937,
        "RMSE": 13.94391,
        "MAPE": 0.4092,
        "R2": 0.9623
      }
    },
    "BNB_USD": {
      "current": 630.03,
      "next_1h": 629.86,
      "next_24h": 624.74,
      "change_pct": -0.027,
      "trend": "\ud83d\udcc9 DOWN",
      "predictions": [
        629.86,
        629.65,
        629.37,
        629.14,
        628.91,
        628.66,
        628.43,
        628.19,
        627.96,
        627.73,
        627.5,
        627.27,
        627.05,
        626.83,
        626.61,
        626.39,
        626.18,
        625.97,
        625.75,
        625.55,
        625.34,
        625.14,
        624.94,
        624.74
      ],
      "metrics": {
        "MAE": 1.582887,
        "RMSE": 2.136681,
        "MAPE": 0.2551,
        "R2": 0.9798
      }
    }
  }
}