{
  "generated_at": "2026-07-21 16:43:18",
  "exchange_rates": {
    "USD_TZS": {
      "current": 2626.5347,
      "next_1h": 2626.2794,
      "next_24h": 2621.8978,
      "change_pct": -0.01,
      "trend": "\ud83d\udcc9 DOWN",
      "predictions": [
        2626.2794,
        2626.0292,
        2625.7839,
        2625.5436,
        2625.308,
        2625.0771,
        2624.8528,
        2624.635,
        2624.4234,
        2624.218,
        2624.0186,
        2623.825,
        2623.637,
        2623.4545,
        2623.2773,
        2623.1052,
        2622.9382,
        2622.7761,
        2622.6187,
        2622.4658,
        2622.3174,
        2622.1734,
        2622.0335,
        2621.8978
      ],
      "metrics": {
        "MAE": 0.539352,
        "RMSE": 2.05643,
        "MAPE": 0.0206,
        "R2": 0.9569
      }
    },
    "USD_KES": {
      "current": 129.2986,
      "next_1h": 129.2991,
      "next_24h": 129.3108,
      "change_pct": 0.0,
      "trend": "\ud83d\udcc9 DOWN",
      "predictions": [
        129.2991,
        129.2997,
        129.3002,
        129.3008,
        129.3013,
        129.3019,
        129.3024,
        129.3029,
        129.3035,
        129.304,
        129.3045,
        129.305,
        129.3055,
        129.306,
        129.3065,
        129.307,
        129.3075,
        129.308,
        129.3085,
        129.309,
        129.3094,
        129.3099,
        129.3104,
        129.3108
      ],
      "metrics": {
        "MAE": 0.0025,
        "RMSE": 0.012055,
        "MAPE": 0.0019,
        "R2": 0.9505
      }
    },
    "USD_UGX": {
      "current": 3684.2026,
      "next_1h": 3684.1601,
      "next_24h": 3683.2144,
      "change_pct": -0.001,
      "trend": "\ud83d\udcc9 DOWN",
      "predictions": [
        3684.1601,
        3684.1176,
        3684.0752,
        3684.033,
        3683.9908,
        3683.9487,
        3683.9067,
        3683.8649,
        3683.8232,
        3683.7816,
        3683.7402,
        3683.699,
        3683.6578,
        3683.6168,
        3683.576,
        3683.5353,
        3683.4947,
        3683.4542,
        3683.4139,
        3683.3737,
        3683.3337,
        3683.2938,
        3683.254,
        3683.2144
      ],
      "metrics": {
        "MAE": 0.411278,
        "RMSE": 2.364023,
        "MAPE": 0.0112,
        "R2": 0.9573
      }
    },
    "USD_EUR": {
      "current": 0.8758,
      "next_1h": 0.8758,
      "next_24h": 0.8759,
      "change_pct": 0.0,
      "trend": "\ud83d\udcc9 DOWN",
      "predictions": [
        0.8758,
        0.8758,
        0.8758,
        0.8758,
        0.8758,
        0.8758,
        0.8758,
        0.8758,
        0.8758,
        0.8758,
        0.8758,
        0.8758,
        0.8758,
        0.8758,
        0.8758,
        0.8758,
        0.8758,
        0.8758,
        0.8758,
        0.8758,
        0.8758,
        0.8758,
        0.8759,
        0.8759
      ],
      "metrics": {
        "MAE": 4.2e-05,
        "RMSE": 0.000236,
        "MAPE": 0.0048,
        "R2": 0.967
      }
    }
  },
  "crypto": {
    "BTC_USD": {
      "current": 66571.0,
      "next_1h": 66547.66,
      "next_24h": 66135.02,
      "change_pct": -0.035,
      "trend": "\ud83d\udcc9 DOWN",
      "predictions": [
        66547.66,
        66531.91,
        66512.12,
        66493.07,
        66473.6,
        66454.94,
        66436.58,
        66418.13,
        66399.76,
        66381.47,
        66363.31,
        66345.24,
        66327.25,
        66309.34,
        66291.52,
        66273.79,
        66256.15,
        66238.59,
        66221.12,
        66203.73,
        66186.43,
        66169.21,
        66152.08,
        66135.02
      ],
      "metrics": {
        "MAE": 99.293105,
        "RMSE": 147.985669,
        "MAPE": 0.154,
        "R2": 0.9656
      }
    },
    "ETH_USD": {
      "current": 1925.67,
      "next_1h": 1924.61,
      "next_24h": 1905.37,
      "change_pct": -0.055,
      "trend": "\ud83d\udcc9 DOWN",
      "predictions": [
        1924.61,
        1923.9,
        1923.11,
        1922.11,
        1921.27,
        1920.4,
        1919.53,
        1918.66,
        1917.8,
        1916.94,
        1916.09,
        1915.24,
        1914.4,
        1913.56,
        1912.72,
        1911.89,
        1911.06,
        1910.23,
        1909.41,
        1908.6,
        1907.79,
        1906.98,
        1906.17,
        1905.37
      ],
      "metrics": {
        "MAE": 4.007716,
        "RMSE": 5.541557,
        "MAPE": 0.2136,
        "R2": 0.9703
      }
    },
    "BNB_USD": {
      "current": 574.35,
      "next_1h": 574.39,
      "next_24h": 574.86,
      "change_pct": 0.007,
      "trend": "\ud83d\udcc8 UP",
      "predictions": [
        574.39,
        574.41,
        574.43,
        574.44,
        574.46,
        574.49,
        574.51,
        574.53,
        574.55,
        574.57,
        574.59,
        574.61,
        574.63,
        574.65,
        574.67,
        574.69,
        574.72,
        574.74,
        574.76,
        574.78,
        574.8,
        574.82,
        574.84,
        574.86
      ],
      "metrics": {
        "MAE": 0.76971,
        "RMSE": 1.075147,
        "MAPE": 0.1348,
        "R2": 0.9542
      }
    }
  }
}