{
  "generated_at": "2026-07-10 08:17:10",
  "exchange_rates": {
    "USD_TZS": {
      "current": 2624.3773,
      "next_1h": 2624.0668,
      "next_24h": 2618.9611,
      "change_pct": -0.012,
      "trend": "\ud83d\udcc9 DOWN",
      "predictions": [
        2624.0668,
        2623.7631,
        2623.4661,
        2623.1756,
        2622.8915,
        2622.6135,
        2622.3449,
        2622.0854,
        2621.8347,
        2621.5926,
        2621.3588,
        2621.133,
        2620.9151,
        2620.7046,
        2620.5015,
        2620.3053,
        2620.1159,
        2619.9331,
        2619.7565,
        2619.5861,
        2619.4215,
        2619.2626,
        2619.1092,
        2618.9611
      ],
      "metrics": {
        "MAE": 0.396908,
        "RMSE": 0.70121,
        "MAPE": 0.0151,
        "R2": 0.8636
      }
    },
    "USD_KES": {
      "current": 129.1614,
      "next_1h": 129.1661,
      "next_24h": 129.2582,
      "change_pct": 0.004,
      "trend": "\ud83d\udcc8 UP",
      "predictions": [
        129.1661,
        129.1708,
        129.1754,
        129.18,
        129.1845,
        129.1891,
        129.1935,
        129.1979,
        129.2021,
        129.2064,
        129.2105,
        129.2146,
        129.2186,
        129.2225,
        129.2264,
        129.2302,
        129.2339,
        129.2375,
        129.2411,
        129.2447,
        129.2482,
        129.2516,
        129.2549,
        129.2582
      ],
      "metrics": {
        "MAE": 0.006721,
        "RMSE": 0.02155,
        "MAPE": 0.0052,
        "R2": 0.9552
      }
    },
    "USD_UGX": {
      "current": 3670.526,
      "next_1h": 3670.4926,
      "next_24h": 3669.7437,
      "change_pct": -0.001,
      "trend": "\ud83d\udcc9 DOWN",
      "predictions": [
        3670.4926,
        3670.4592,
        3670.4259,
        3670.3927,
        3670.3595,
        3670.3264,
        3670.2933,
        3670.2604,
        3670.2275,
        3670.1947,
        3670.162,
        3670.1294,
        3670.0968,
        3670.0643,
        3670.0319,
        3669.9996,
        3669.9673,
        3669.9351,
        3669.9031,
        3669.871,
        3669.8391,
        3669.8072,
        3669.7754,
        3669.7437
      ],
      "metrics": {
        "MAE": 0.957068,
        "RMSE": 4.13565,
        "MAPE": 0.0262,
        "R2": 0.8728
      }
    },
    "USD_EUR": {
      "current": 0.8748,
      "next_1h": 0.8748,
      "next_24h": 0.8751,
      "change_pct": 0.001,
      "trend": "\ud83d\udcc8 UP",
      "predictions": [
        0.8748,
        0.8748,
        0.8749,
        0.8749,
        0.8749,
        0.8749,
        0.8749,
        0.8749,
        0.8749,
        0.8749,
        0.875,
        0.875,
        0.875,
        0.875,
        0.875,
        0.875,
        0.875,
        0.875,
        0.8751,
        0.8751,
        0.8751,
        0.8751,
        0.8751,
        0.8751
      ],
      "metrics": {
        "MAE": 7.2e-05,
        "RMSE": 0.000324,
        "MAPE": 0.0082,
        "R2": 0.9044
      }
    }
  },
  "crypto": {
    "BTC_USD": {
      "current": 63961.0,
      "next_1h": 63940.4,
      "next_24h": 63680.11,
      "change_pct": -0.032,
      "trend": "\ud83d\udcc9 DOWN",
      "predictions": [
        63940.4,
        63917.36,
        63905.75,
        63898.49,
        63889.44,
        63877.27,
        63865.36,
        63854.14,
        63843.08,
        63831.93,
        63820.73,
        63809.6,
        63798.55,
        63787.55,
        63776.59,
        63765.67,
        63754.81,
        63744.0,
        63733.23,
        63722.51,
        63711.84,
        63701.21,
        63690.64,
        63680.11
      ],
      "metrics": {
        "MAE": 149.717334,
        "RMSE": 238.941709,
        "MAPE": 0.2375,
        "R2": 0.8804
      }
    },
    "ETH_USD": {
      "current": 1774.5,
      "next_1h": 1773.81,
      "next_24h": 1763.37,
      "change_pct": -0.039,
      "trend": "\ud83d\udcc9 DOWN",
      "predictions": [
        1773.81,
        1773.24,
        1772.83,
        1772.41,
        1771.83,
        1771.36,
        1770.91,
        1770.45,
        1769.98,
        1769.53,
        1769.07,
        1768.62,
        1768.17,
        1767.72,
        1767.28,
        1766.83,
        1766.39,
        1765.95,
        1765.52,
        1765.08,
        1764.65,
        1764.22,
        1763.79,
        1763.37
      ],
      "metrics": {
        "MAE": 4.871897,
        "RMSE": 7.47096,
        "MAPE": 0.2763,
        "R2": 0.8911
      }
    },
    "BNB_USD": {
      "current": 574.38,
      "next_1h": 574.44,
      "next_24h": 575.62,
      "change_pct": 0.011,
      "trend": "\ud83d\udcc8 UP",
      "predictions": [
        574.44,
        574.49,
        574.48,
        574.58,
        574.63,
        574.68,
        574.73,
        574.79,
        574.84,
        574.9,
        574.95,
        575.0,
        575.06,
        575.11,
        575.16,
        575.21,
        575.26,
        575.31,
        575.37,
        575.42,
        575.47,
        575.52,
        575.57,
        575.62
      ],
      "metrics": {
        "MAE": 1.142206,
        "RMSE": 1.706864,
        "MAPE": 0.1989,
        "R2": 0.9433
      }
    }
  }
}