{
  "generated_at": "2026-04-22 07:42:20",
  "exchange_rates": {
    "USD_TZS": {
      "current": 2603.876,
      "next_1h": 2603.6874,
      "next_24h": 2599.8572,
      "change_pct": -0.007,
      "trend": "\ud83d\udcc9 DOWN",
      "predictions": [
        2603.6874,
        2603.4999,
        2603.3136,
        2603.1285,
        2602.9444,
        2602.7615,
        2602.581,
        2602.4029,
        2602.2272,
        2602.0538,
        2601.8827,
        2601.7139,
        2601.5474,
        2601.3831,
        2601.2211,
        2601.0612,
        2600.9035,
        2600.7479,
        2600.5943,
        2600.4429,
        2600.2935,
        2600.1461,
        2600.0006,
        2599.8572
      ],
      "metrics": {
        "MAE": 0.303514,
        "RMSE": 0.864279,
        "MAPE": 0.0117,
        "R2": 0.9095
      }
    },
    "USD_KES": {
      "current": 129.1467,
      "next_1h": 129.1496,
      "next_24h": 129.2114,
      "change_pct": 0.002,
      "trend": "\ud83d\udcc8 UP",
      "predictions": [
        129.1496,
        129.1524,
        129.1553,
        129.1581,
        129.1609,
        129.1637,
        129.1665,
        129.1693,
        129.172,
        129.1748,
        129.1775,
        129.1802,
        129.1829,
        129.1856,
        129.1882,
        129.1909,
        129.1935,
        129.1961,
        129.1987,
        129.2013,
        129.2038,
        129.2064,
        129.2089,
        129.2114
      ],
      "metrics": {
        "MAE": 0.005611,
        "RMSE": 0.014601,
        "MAPE": 0.0043,
        "R2": 0.9652
      }
    },
    "USD_UGX": {
      "current": 3697.0944,
      "next_1h": 3697.4338,
      "next_24h": 3704.3961,
      "change_pct": 0.009,
      "trend": "\ud83d\udcc8 UP",
      "predictions": [
        3697.4338,
        3697.7705,
        3698.1048,
        3698.4364,
        3698.7656,
        3699.0922,
        3699.4153,
        3699.7348,
        3700.0509,
        3700.3635,
        3700.6726,
        3700.9784,
        3701.2808,
        3701.5799,
        3701.8757,
        3702.1682,
        3702.4576,
        3702.7438,
        3703.0268,
        3703.3067,
        3703.5836,
        3703.8574,
        3704.1282,
        3704.3961
      ],
      "metrics": {
        "MAE": 0.643251,
        "RMSE": 2.313479,
        "MAPE": 0.0174,
        "R2": 0.867
      }
    },
    "USD_EUR": {
      "current": 0.8511,
      "next_1h": 0.851,
      "next_24h": 0.8501,
      "change_pct": -0.005,
      "trend": "\ud83d\udcc9 DOWN",
      "predictions": [
        0.851,
        0.851,
        0.851,
        0.8509,
        0.8509,
        0.8508,
        0.8508,
        0.8507,
        0.8507,
        0.8507,
        0.8506,
        0.8506,
        0.8505,
        0.8505,
        0.8504,
        0.8504,
        0.8504,
        0.8503,
        0.8503,
        0.8502,
        0.8502,
        0.8501,
        0.8501,
        0.8501
      ],
      "metrics": {
        "MAE": 0.000108,
        "RMSE": 0.000354,
        "MAPE": 0.0127,
        "R2": 0.9035
      }
    }
  },
  "crypto": {
    "BTC_USD": {
      "current": 77902.0,
      "next_1h": 77769.9,
      "next_24h": 77028.2,
      "change_pct": -0.17,
      "trend": "\ud83d\udcc9 DOWN",
      "predictions": [
        77769.9,
        77798.51,
        77730.49,
        77695.05,
        77670.45,
        77627.79,
        77595.19,
        77560.98,
        77525.09,
        77491.38,
        77456.97,
        77422.78,
        77389.04,
        77355.27,
        77321.76,
        77288.44,
        77255.27,
        77222.3,
        77189.51,
        77156.89,
        77124.46,
        77092.2,
        77060.11,
        77028.2
      ],
      "metrics": {
        "MAE": 255.119914,
        "RMSE": 342.188792,
        "MAPE": 0.3367,
        "R2": 0.8727
      }
    },
    "ETH_USD": {
      "current": 2387.25,
      "next_1h": 2381.88,
      "next_24h": 2356.28,
      "change_pct": -0.225,
      "trend": "\ud83d\udcc9 DOWN",
      "predictions": [
        2381.88,
        2384.85,
        2381.3,
        2380.58,
        2379.85,
        2377.98,
        2376.99,
        2375.66,
        2374.31,
        2373.12,
        2371.83,
        2370.58,
        2369.35,
        2368.11,
        2366.89,
        2365.68,
        2364.47,
        2363.28,
        2362.09,
        2360.91,
        2359.74,
        2358.58,
        2357.43,
        2356.28
      ],
      "metrics": {
        "MAE": 9.238778,
        "RMSE": 12.617608,
        "MAPE": 0.3948,
        "R2": 0.8972
      }
    },
    "BNB_USD": {
      "current": 642.04,
      "next_1h": 640.94,
      "next_24h": 633.28,
      "change_pct": -0.171,
      "trend": "\ud83d\udcc9 DOWN",
      "predictions": [
        640.94,
        640.57,
        640.04,
        639.57,
        639.27,
        638.92,
        638.58,
        638.25,
        637.91,
        637.58,
        637.25,
        636.92,
        636.59,
        636.27,
        635.96,
        635.65,
        635.34,
        635.03,
        634.73,
        634.44,
        634.14,
        633.85,
        633.56,
        633.28
      ],
      "metrics": {
        "MAE": 1.680143,
        "RMSE": 2.275815,
        "MAPE": 0.2666,
        "R2": 0.8985
      }
    }
  }
}