{
  "generated_at": "2026-06-30 18:48:25",
  "exchange_rates": {
    "USD_TZS": {
      "current": 2628.3687,
      "next_1h": 2627.9947,
      "next_24h": 2620.8881,
      "change_pct": -0.014,
      "trend": "\ud83d\udcc9 DOWN",
      "predictions": [
        2627.9947,
        2627.6244,
        2627.2579,
        2626.895,
        2626.5357,
        2626.18,
        2625.8315,
        2625.4899,
        2625.1553,
        2624.8276,
        2624.5065,
        2624.1921,
        2623.8841,
        2623.5825,
        2623.2871,
        2622.9978,
        2622.7144,
        2622.4369,
        2622.1652,
        2621.899,
        2621.6383,
        2621.383,
        2621.133,
        2620.8881
      ],
      "metrics": {
        "MAE": 0.726537,
        "RMSE": 2.993031,
        "MAPE": 0.0277,
        "R2": 0.897
      }
    },
    "USD_KES": {
      "current": 129.4439,
      "next_1h": 129.4438,
      "next_24h": 129.4409,
      "change_pct": 0.0,
      "trend": "\ud83d\udcc9 DOWN",
      "predictions": [
        129.4438,
        129.4436,
        129.4435,
        129.4433,
        129.4432,
        129.443,
        129.4429,
        129.4428,
        129.4426,
        129.4425,
        129.4424,
        129.4423,
        129.4421,
        129.442,
        129.4419,
        129.4418,
        129.4417,
        129.4415,
        129.4414,
        129.4413,
        129.4412,
        129.4411,
        129.441,
        129.4409
      ],
      "metrics": {
        "MAE": 0.004042,
        "RMSE": 0.016555,
        "MAPE": 0.0031,
        "R2": 0.9086
      }
    },
    "USD_UGX": {
      "current": 3644.9775,
      "next_1h": 3645.0357,
      "next_24h": 3646.347,
      "change_pct": 0.002,
      "trend": "\ud83d\udcc8 UP",
      "predictions": [
        3645.0357,
        3645.0939,
        3645.152,
        3645.2101,
        3645.268,
        3645.3259,
        3645.3837,
        3645.4413,
        3645.4988,
        3645.5562,
        3645.6135,
        3645.6707,
        3645.7277,
        3645.7846,
        3645.8414,
        3645.898,
        3645.9546,
        3646.011,
        3646.0673,
        3646.1235,
        3646.1795,
        3646.2355,
        3646.2913,
        3646.347
      ],
      "metrics": {
        "MAE": 0.754048,
        "RMSE": 3.685135,
        "MAPE": 0.0206,
        "R2": 0.9185
      }
    },
    "USD_EUR": {
      "current": 0.876,
      "next_1h": 0.876,
      "next_24h": 0.8757,
      "change_pct": -0.001,
      "trend": "\ud83d\udcc9 DOWN",
      "predictions": [
        0.876,
        0.876,
        0.8759,
        0.8759,
        0.8759,
        0.8759,
        0.8759,
        0.8759,
        0.8759,
        0.8759,
        0.8758,
        0.8758,
        0.8758,
        0.8758,
        0.8758,
        0.8758,
        0.8758,
        0.8758,
        0.8757,
        0.8757,
        0.8757,
        0.8757,
        0.8757,
        0.8757
      ],
      "metrics": {
        "MAE": 0.000117,
        "RMSE": 0.000513,
        "MAPE": 0.0134,
        "R2": 0.9551
      }
    }
  },
  "crypto": {
    "BTC_USD": {
      "current": 58404.0,
      "next_1h": 58396.58,
      "next_24h": 58476.65,
      "change_pct": -0.013,
      "trend": "\ud83d\udcc9 DOWN",
      "predictions": [
        58396.58,
        58390.5,
        58384.22,
        58391.28,
        58403.15,
        58405.64,
        58408.02,
        58411.53,
        58416.25,
        58420.95,
        58424.77,
        58428.64,
        58432.68,
        58436.81,
        58440.88,
        58444.87,
        58448.86,
        58452.87,
        58456.87,
        58460.85,
        58464.81,
        58468.77,
        58472.72,
        58476.65
      ],
      "metrics": {
        "MAE": 255.394596,
        "RMSE": 378.897125,
        "MAPE": 0.4216,
        "R2": 0.9417
      }
    },
    "ETH_USD": {
      "current": 1572.82,
      "next_1h": 1573.06,
      "next_24h": 1578.56,
      "change_pct": 0.015,
      "trend": "\ud83d\udcc8 UP",
      "predictions": [
        1573.06,
        1573.09,
        1573.38,
        1573.77,
        1573.95,
        1574.18,
        1574.45,
        1574.7,
        1574.94,
        1575.19,
        1575.44,
        1575.68,
        1575.93,
        1576.17,
        1576.41,
        1576.66,
        1576.9,
        1577.14,
        1577.38,
        1577.62,
        1577.85,
        1578.09,
        1578.33,
        1578.56
      ],
      "metrics": {
        "MAE": 8.357664,
        "RMSE": 13.14987,
        "MAPE": 0.5197,
        "R2": 0.9411
      }
    },
    "BNB_USD": {
      "current": 545.29,
      "next_1h": 545.63,
      "next_24h": 553.17,
      "change_pct": 0.063,
      "trend": "\ud83d\udcc8 UP",
      "predictions": [
        545.63,
        545.99,
        546.32,
        546.61,
        546.97,
        547.31,
        547.65,
        547.99,
        548.32,
        548.66,
        548.99,
        549.33,
        549.66,
        549.99,
        550.31,
        550.64,
        550.96,
        551.28,
        551.6,
        551.92,
        552.23,
        552.55,
        552.86,
        553.17
      ],
      "metrics": {
        "MAE": 2.118355,
        "RMSE": 3.155778,
        "MAPE": 0.3762,
        "R2": 0.9359
      }
    }
  }
}