{
  "generated_at": "2026-04-07 14:43:31",
  "exchange_rates": {
    "USD_TZS": {
      "current": 2587.8802,
      "next_1h": 2587.7284,
      "next_24h": 2584.8971,
      "change_pct": -0.006,
      "trend": "\ud83d\udcc9 DOWN",
      "predictions": [
        2587.7284,
        2587.5792,
        2587.4314,
        2587.2851,
        2587.1399,
        2586.9971,
        2586.8574,
        2586.7206,
        2586.5868,
        2586.4559,
        2586.3278,
        2586.2026,
        2586.0801,
        2585.9602,
        2585.843,
        2585.7284,
        2585.6162,
        2585.5066,
        2585.3993,
        2585.2943,
        2585.1917,
        2585.0913,
        2584.9931,
        2584.8971
      ],
      "metrics": {
        "MAE": 0.680968,
        "RMSE": 2.554891,
        "MAPE": 0.0262,
        "R2": 0.8804
      }
    },
    "USD_KES": {
      "current": 129.9956,
      "next_1h": 129.9911,
      "next_24h": 129.9035,
      "change_pct": -0.003,
      "trend": "\ud83d\udcc9 DOWN",
      "predictions": [
        129.9911,
        129.9866,
        129.9826,
        129.9788,
        129.9747,
        129.9706,
        129.9666,
        129.9627,
        129.9588,
        129.9549,
        129.951,
        129.9472,
        129.9434,
        129.9396,
        129.9358,
        129.9321,
        129.9284,
        129.9248,
        129.9212,
        129.9176,
        129.914,
        129.9105,
        129.907,
        129.9035
      ],
      "metrics": {
        "MAE": 0.007224,
        "RMSE": 0.020818,
        "MAPE": 0.0056,
        "R2": 0.9283
      }
    },
    "USD_UGX": {
      "current": 3754.382,
      "next_1h": 3754.3901,
      "next_24h": 3754.5557,
      "change_pct": 0.0,
      "trend": "\ud83d\udcc9 DOWN",
      "predictions": [
        3754.3901,
        3754.3982,
        3754.4061,
        3754.4139,
        3754.4217,
        3754.4294,
        3754.437,
        3754.4445,
        3754.452,
        3754.4594,
        3754.4667,
        3754.474,
        3754.4812,
        3754.4883,
        3754.4953,
        3754.5023,
        3754.5092,
        3754.516,
        3754.5228,
        3754.5295,
        3754.5361,
        3754.5427,
        3754.5492,
        3754.5557
      ],
      "metrics": {
        "MAE": 0.467366,
        "RMSE": 2.405896,
        "MAPE": 0.0125,
        "R2": 0.8853
      }
    },
    "USD_EUR": {
      "current": 0.8662,
      "next_1h": 0.8663,
      "next_24h": 0.8669,
      "change_pct": 0.004,
      "trend": "\ud83d\udcc8 UP",
      "predictions": [
        0.8663,
        0.8663,
        0.8664,
        0.8664,
        0.8664,
        0.8665,
        0.8665,
        0.8665,
        0.8665,
        0.8666,
        0.8666,
        0.8666,
        0.8667,
        0.8667,
        0.8667,
        0.8667,
        0.8668,
        0.8668,
        0.8668,
        0.8668,
        0.8669,
        0.8669,
        0.8669,
        0.8669
      ],
      "metrics": {
        "MAE": 0.000131,
        "RMSE": 0.000557,
        "MAPE": 0.0151,
        "R2": 0.9151
      }
    }
  },
  "crypto": {
    "BTC_USD": {
      "current": 68056.0,
      "next_1h": 68116.01,
      "next_24h": 68561.19,
      "change_pct": 0.088,
      "trend": "\ud83d\udcc8 UP",
      "predictions": [
        68116.01,
        68158.08,
        68168.1,
        68204.38,
        68239.32,
        68254.99,
        68273.09,
        68291.62,
        68308.58,
        68326.21,
        68344.35,
        68362.13,
        68379.74,
        68397.2,
        68414.41,
        68431.42,
        68448.25,
        68464.9,
        68481.38,
        68497.68,
        68513.81,
        68529.77,
        68545.56,
        68561.19
      ],
      "metrics": {
        "MAE": 182.27815,
        "RMSE": 271.860082,
        "MAPE": 0.2685,
        "R2": 0.9302
      }
    },
    "ETH_USD": {
      "current": 2072.81,
      "next_1h": 2072.99,
      "next_24h": 2082.37,
      "change_pct": 0.009,
      "trend": "\ud83d\udcc8 UP",
      "predictions": [
        2072.99,
        2073.15,
        2073.36,
        2073.84,
        2074.29,
        2074.77,
        2075.25,
        2075.73,
        2076.2,
        2076.66,
        2077.12,
        2077.57,
        2078.01,
        2078.44,
        2078.86,
        2079.28,
        2079.69,
        2080.09,
        2080.49,
        2080.88,
        2081.26,
        2081.63,
        2082.0,
        2082.37
      ],
      "metrics": {
        "MAE": 7.34573,
        "RMSE": 11.284088,
        "MAPE": 0.3512,
        "R2": 0.9152
      }
    },
    "BNB_USD": {
      "current": 595.19,
      "next_1h": 596.36,
      "next_24h": 613.63,
      "change_pct": 0.197,
      "trend": "\ud83d\udcc8 UP",
      "predictions": [
        596.36,
        597.65,
        598.46,
        599.36,
        600.37,
        601.18,
        601.97,
        602.78,
        603.56,
        604.32,
        605.07,
        605.81,
        606.53,
        607.24,
        607.94,
        608.62,
        609.29,
        609.95,
        610.59,
        611.22,
        611.84,
        612.45,
        613.04,
        613.63
      ],
      "metrics": {
        "MAE": 1.830317,
        "RMSE": 2.570744,
        "MAPE": 0.3083,
        "R2": 0.9276
      }
    }
  }
}