{
  "generated_at": "2026-07-06 14:35:14",
  "exchange_rates": {
    "USD_TZS": {
      "current": 2625.9403,
      "next_1h": 2625.6156,
      "next_24h": 2619.5664,
      "change_pct": -0.012,
      "trend": "\ud83d\udcc9 DOWN",
      "predictions": [
        2625.6156,
        2625.2982,
        2624.9878,
        2624.6461,
        2624.3118,
        2623.9848,
        2623.6676,
        2623.36,
        2623.0618,
        2622.7728,
        2622.493,
        2622.222,
        2621.9595,
        2621.7054,
        2621.4593,
        2621.2209,
        2620.9901,
        2620.7666,
        2620.5502,
        2620.3406,
        2620.1376,
        2619.9411,
        2619.7507,
        2619.5664
      ],
      "metrics": {
        "MAE": 0.734985,
        "RMSE": 2.76246,
        "MAPE": 0.028,
        "R2": 0.8894
      }
    },
    "USD_KES": {
      "current": 129.206,
      "next_1h": 129.2097,
      "next_24h": 129.2875,
      "change_pct": 0.003,
      "trend": "\ud83d\udcc8 UP",
      "predictions": [
        129.2097,
        129.2135,
        129.2172,
        129.2211,
        129.2249,
        129.2288,
        129.2325,
        129.2362,
        129.2399,
        129.2435,
        129.247,
        129.2504,
        129.2538,
        129.2572,
        129.2605,
        129.2637,
        129.2668,
        129.27,
        129.273,
        129.276,
        129.279,
        129.2819,
        129.2847,
        129.2875
      ],
      "metrics": {
        "MAE": 0.004721,
        "RMSE": 0.01861,
        "MAPE": 0.0036,
        "R2": 0.9771
      }
    },
    "USD_UGX": {
      "current": 3651.2146,
      "next_1h": 3651.4369,
      "next_24h": 3655.5883,
      "change_pct": 0.006,
      "trend": "\ud83d\udcc8 UP",
      "predictions": [
        3651.4369,
        3651.6587,
        3651.88,
        3652.0632,
        3652.2462,
        3652.4287,
        3652.6105,
        3652.7915,
        3652.9716,
        3653.151,
        3653.3298,
        3653.5077,
        3653.685,
        3653.8615,
        3654.0374,
        3654.2125,
        3654.3869,
        3654.5606,
        3654.7337,
        3654.906,
        3655.0776,
        3655.2485,
        3655.4188,
        3655.5883
      ],
      "metrics": {
        "MAE": 1.010107,
        "RMSE": 3.808529,
        "MAPE": 0.0277,
        "R2": 0.9258
      }
    },
    "USD_EUR": {
      "current": 0.8743,
      "next_1h": 0.8744,
      "next_24h": 0.8758,
      "change_pct": 0.007,
      "trend": "\ud83d\udcc8 UP",
      "predictions": [
        0.8744,
        0.8744,
        0.8745,
        0.8746,
        0.8746,
        0.8747,
        0.8747,
        0.8748,
        0.8749,
        0.8749,
        0.875,
        0.875,
        0.8751,
        0.8752,
        0.8752,
        0.8753,
        0.8753,
        0.8754,
        0.8755,
        0.8755,
        0.8756,
        0.8756,
        0.8757,
        0.8758
      ],
      "metrics": {
        "MAE": 0.000146,
        "RMSE": 0.000423,
        "MAPE": 0.0167,
        "R2": 0.9414
      }
    }
  },
  "crypto": {
    "BTC_USD": {
      "current": 62014.0,
      "next_1h": 62038.75,
      "next_24h": 61686.65,
      "change_pct": 0.04,
      "trend": "\ud83d\udcc8 UP",
      "predictions": [
        62038.75,
        62090.12,
        62054.73,
        62011.24,
        61962.33,
        61952.53,
        61943.75,
        61927.68,
        61910.01,
        61893.26,
        61878.72,
        61864.16,
        61849.07,
        61833.91,
        61818.91,
        61804.08,
        61789.28,
        61774.48,
        61759.72,
        61745.01,
        61730.36,
        61715.75,
        61701.18,
        61686.65
      ],
      "metrics": {
        "MAE": 208.584491,
        "RMSE": 307.452252,
        "MAPE": 0.3448,
        "R2": 0.956
      }
    },
    "ETH_USD": {
      "current": 1751.6,
      "next_1h": 1751.35,
      "next_24h": 1735.5,
      "change_pct": -0.014,
      "trend": "\ud83d\udcc9 DOWN",
      "predictions": [
        1751.35,
        1751.22,
        1750.94,
        1749.85,
        1749.5,
        1748.76,
        1747.97,
        1747.2,
        1746.47,
        1745.71,
        1744.96,
        1744.22,
        1743.48,
        1742.75,
        1742.01,
        1741.28,
        1740.55,
        1739.82,
        1739.1,
        1738.37,
        1737.65,
        1736.93,
        1736.22,
        1735.5
      ],
      "metrics": {
        "MAE": 7.142651,
        "RMSE": 10.695768,
        "MAPE": 0.4332,
        "R2": 0.9839
      }
    },
    "BNB_USD": {
      "current": 576.73,
      "next_1h": 576.7,
      "next_24h": 576.83,
      "change_pct": -0.005,
      "trend": "\ud83d\udcc9 DOWN",
      "predictions": [
        576.7,
        576.4,
        576.38,
        576.33,
        576.37,
        576.39,
        576.41,
        576.44,
        576.46,
        576.49,
        576.51,
        576.54,
        576.56,
        576.59,
        576.61,
        576.64,
        576.66,
        576.69,
        576.71,
        576.74,
        576.76,
        576.78,
        576.81,
        576.83
      ],
      "metrics": {
        "MAE": 1.857927,
        "RMSE": 2.672126,
        "MAPE": 0.3317,
        "R2": 0.951
      }
    }
  }
}