{
  "generated_at": "2026-05-25 18:44:44",
  "exchange_rates": {
    "USD_TZS": {
      "current": 2606.4229,
      "next_1h": 2606.0992,
      "next_24h": 2601.9899,
      "change_pct": -0.012,
      "trend": "\ud83d\udcc9 DOWN",
      "predictions": [
        2606.0992,
        2605.7854,
        2605.4814,
        2605.1867,
        2604.9011,
        2604.6243,
        2604.366,
        2604.1253,
        2603.9012,
        2603.6931,
        2603.5002,
        2603.3216,
        2603.1565,
        2603.0038,
        2602.8627,
        2602.7323,
        2602.6118,
        2602.5005,
        2602.3977,
        2602.3027,
        2602.215,
        2602.1339,
        2602.0591,
        2601.9899
      ],
      "metrics": {
        "MAE": 1.326366,
        "RMSE": 3.464238,
        "MAPE": 0.0513,
        "R2": 0.9004
      }
    },
    "USD_KES": {
      "current": 129.7613,
      "next_1h": 129.746,
      "next_24h": 129.4707,
      "change_pct": -0.012,
      "trend": "\ud83d\udcc9 DOWN",
      "predictions": [
        129.746,
        129.7309,
        129.7159,
        129.7012,
        129.6866,
        129.6723,
        129.6583,
        129.6446,
        129.6314,
        129.6184,
        129.6059,
        129.5937,
        129.5818,
        129.5702,
        129.559,
        129.5481,
        129.5374,
        129.5271,
        129.517,
        129.5073,
        129.4977,
        129.4885,
        129.4795,
        129.4707
      ],
      "metrics": {
        "MAE": 0.012261,
        "RMSE": 0.029485,
        "MAPE": 0.0095,
        "R2": 0.9711
      }
    },
    "USD_UGX": {
      "current": 3774.1527,
      "next_1h": 3773.5076,
      "next_24h": 3760.2566,
      "change_pct": -0.017,
      "trend": "\ud83d\udcc9 DOWN",
      "predictions": [
        3773.5076,
        3772.8667,
        3772.23,
        3771.5975,
        3770.9691,
        3770.3448,
        3769.7276,
        3769.1174,
        3768.5143,
        3767.918,
        3767.3286,
        3766.746,
        3766.1701,
        3765.6008,
        3765.0381,
        3764.4819,
        3763.9321,
        3763.3886,
        3762.8514,
        3762.3203,
        3761.7954,
        3761.2765,
        3760.7636,
        3760.2566
      ],
      "metrics": {
        "MAE": 0.805676,
        "RMSE": 2.939291,
        "MAPE": 0.0215,
        "R2": 0.9648
      }
    },
    "USD_EUR": {
      "current": 0.8599,
      "next_1h": 0.8598,
      "next_24h": 0.859,
      "change_pct": -0.005,
      "trend": "\ud83d\udcc9 DOWN",
      "predictions": [
        0.8598,
        0.8598,
        0.8598,
        0.8597,
        0.8597,
        0.8596,
        0.8596,
        0.8596,
        0.8595,
        0.8595,
        0.8595,
        0.8594,
        0.8594,
        0.8594,
        0.8593,
        0.8593,
        0.8592,
        0.8592,
        0.8592,
        0.8591,
        0.8591,
        0.8591,
        0.859,
        0.859
      ],
      "metrics": {
        "MAE": 0.000105,
        "RMSE": 0.000353,
        "MAPE": 0.0122,
        "R2": 0.8962
      }
    }
  },
  "crypto": {
    "BTC_USD": {
      "current": 77534.0,
      "next_1h": 77544.3,
      "next_24h": 77834.68,
      "change_pct": 0.013,
      "trend": "\ud83d\udcc8 UP",
      "predictions": [
        77544.3,
        77554.8,
        77572.14,
        77587.53,
        77601.02,
        77614.61,
        77627.96,
        77641.13,
        77654.21,
        77667.16,
        77679.97,
        77692.64,
        77705.18,
        77717.59,
        77729.87,
        77742.02,
        77754.04,
        77765.93,
        77777.69,
        77789.33,
        77800.85,
        77812.25,
        77823.53,
        77834.68
      ],
      "metrics": {
        "MAE": 184.281226,
        "RMSE": 261.75735,
        "MAPE": 0.2398,
        "R2": 0.9073
      }
    },
    "ETH_USD": {
      "current": 2126.86,
      "next_1h": 2129.31,
      "next_24h": 2183.36,
      "change_pct": 0.115,
      "trend": "\ud83d\udcc8 UP",
      "predictions": [
        2129.31,
        2132.23,
        2135.34,
        2138.27,
        2140.92,
        2143.51,
        2146.05,
        2148.56,
        2151.03,
        2153.46,
        2155.84,
        2158.19,
        2160.49,
        2162.75,
        2164.98,
        2167.17,
        2169.32,
        2171.43,
        2173.5,
        2175.54,
        2177.55,
        2179.52,
        2181.45,
        2183.36
      ],
      "metrics": {
        "MAE": 7.721277,
        "RMSE": 11.578313,
        "MAPE": 0.3656,
        "R2": 0.9012
      }
    },
    "BNB_USD": {
      "current": 661.45,
      "next_1h": 661.83,
      "next_24h": 658.95,
      "change_pct": 0.058,
      "trend": "\ud83d\udcc8 UP",
      "predictions": [
        661.83,
        661.57,
        661.31,
        661.23,
        661.12,
        660.99,
        660.87,
        660.75,
        660.63,
        660.51,
        660.4,
        660.28,
        660.17,
        660.05,
        659.94,
        659.82,
        659.71,
        659.6,
        659.49,
        659.38,
        659.27,
        659.16,
        659.05,
        658.95
      ],
      "metrics": {
        "MAE": 1.817686,
        "RMSE": 2.520767,
        "MAPE": 0.2792,
        "R2": 0.8844
      }
    }
  }
}