{
  "generated_at": "2026-06-12 05:45:49",
  "exchange_rates": {
    "USD_TZS": {
      "current": 2614.9186,
      "next_1h": 2614.5923,
      "next_24h": 2608.6406,
      "change_pct": -0.012,
      "trend": "\ud83d\udcc9 DOWN",
      "predictions": [
        2614.5923,
        2614.2695,
        2613.9501,
        2613.6381,
        2613.3294,
        2613.0241,
        2612.726,
        2612.4351,
        2612.1513,
        2611.8743,
        2611.604,
        2611.3405,
        2611.0834,
        2610.8326,
        2610.588,
        2610.3494,
        2610.1167,
        2609.8898,
        2609.6684,
        2609.4524,
        2609.2418,
        2609.0364,
        2608.836,
        2608.6406
      ],
      "metrics": {
        "MAE": 0.519956,
        "RMSE": 0.861028,
        "MAPE": 0.0199,
        "R2": 0.822
      }
    },
    "USD_KES": {
      "current": 129.3842,
      "next_1h": 129.3844,
      "next_24h": 129.3893,
      "change_pct": 0.0,
      "trend": "\ud83d\udcc9 DOWN",
      "predictions": [
        129.3844,
        129.3847,
        129.3849,
        129.3851,
        129.3853,
        129.3856,
        129.3858,
        129.386,
        129.3862,
        129.3864,
        129.3866,
        129.3869,
        129.3871,
        129.3873,
        129.3875,
        129.3877,
        129.3879,
        129.3881,
        129.3883,
        129.3885,
        129.3887,
        129.3889,
        129.3891,
        129.3893
      ],
      "metrics": {
        "MAE": 0.004055,
        "RMSE": 0.016248,
        "MAPE": 0.0031,
        "R2": 0.9366
      }
    },
    "USD_UGX": {
      "current": 3741.39,
      "next_1h": 3741.3656,
      "next_24h": 3741.0509,
      "change_pct": -0.001,
      "trend": "\ud83d\udcc9 DOWN",
      "predictions": [
        3741.3656,
        3741.3414,
        3741.3174,
        3741.3023,
        3741.2873,
        3741.2725,
        3741.258,
        3741.2439,
        3741.23,
        3741.2165,
        3741.2032,
        3741.1901,
        3741.1773,
        3741.1647,
        3741.1523,
        3741.1402,
        3741.1283,
        3741.1166,
        3741.1051,
        3741.0939,
        3741.0828,
        3741.072,
        3741.0613,
        3741.0509
      ],
      "metrics": {
        "MAE": 0.489825,
        "RMSE": 2.077459,
        "MAPE": 0.0131,
        "R2": 0.8742
      }
    },
    "USD_EUR": {
      "current": 0.8657,
      "next_1h": 0.8657,
      "next_24h": 0.8652,
      "change_pct": -0.003,
      "trend": "\ud83d\udcc9 DOWN",
      "predictions": [
        0.8657,
        0.8657,
        0.8657,
        0.8656,
        0.8656,
        0.8656,
        0.8656,
        0.8655,
        0.8655,
        0.8655,
        0.8655,
        0.8655,
        0.8654,
        0.8654,
        0.8654,
        0.8654,
        0.8653,
        0.8653,
        0.8653,
        0.8653,
        0.8653,
        0.8652,
        0.8652,
        0.8652
      ],
      "metrics": {
        "MAE": 0.000116,
        "RMSE": 0.000508,
        "MAPE": 0.0134,
        "R2": 0.9635
      }
    }
  },
  "crypto": {
    "BTC_USD": {
      "current": 63316.0,
      "next_1h": 63180.14,
      "next_24h": 60016.16,
      "change_pct": -0.215,
      "trend": "\ud83d\udcc9 DOWN",
      "predictions": [
        63180.14,
        63058.34,
        62932.41,
        62802.72,
        62673.64,
        62542.82,
        62410.98,
        62278.31,
        62144.57,
        62009.87,
        61874.17,
        61737.47,
        61599.76,
        61461.03,
        61321.28,
        61180.49,
        61038.67,
        60895.8,
        60751.88,
        60606.89,
        60460.83,
        60313.7,
        60165.48,
        60016.16
      ],
      "metrics": {
        "MAE": 378.155338,
        "RMSE": 498.933179,
        "MAPE": 0.6049,
        "R2": 0.9038
      }
    },
    "ETH_USD": {
      "current": 1662.71,
      "next_1h": 1661.31,
      "next_24h": 1627.48,
      "change_pct": -0.084,
      "trend": "\ud83d\udcc9 DOWN",
      "predictions": [
        1661.31,
        1660.56,
        1658.83,
        1657.4,
        1656.16,
        1654.62,
        1653.11,
        1651.63,
        1650.13,
        1648.63,
        1647.14,
        1645.64,
        1644.14,
        1642.63,
        1641.13,
        1639.62,
        1638.11,
        1636.6,
        1635.08,
        1633.57,
        1632.05,
        1630.53,
        1629.01,
        1627.48
      ],
      "metrics": {
        "MAE": 13.197683,
        "RMSE": 17.781685,
        "MAPE": 0.7907,
        "R2": 0.9559
      }
    },
    "BNB_USD": {
      "current": 600.42,
      "next_1h": 601.16,
      "next_24h": 617.33,
      "change_pct": 0.124,
      "trend": "\ud83d\udcc8 UP",
      "predictions": [
        601.16,
        601.83,
        602.41,
        603.05,
        603.88,
        604.67,
        605.44,
        606.22,
        607.0,
        607.76,
        608.51,
        609.25,
        609.98,
        610.7,
        611.41,
        612.11,
        612.8,
        613.48,
        614.14,
        614.8,
        615.45,
        616.08,
        616.71,
        617.33
      ],
      "metrics": {
        "MAE": 3.521302,
        "RMSE": 4.664967,
        "MAPE": 0.5909,
        "R2": 0.9306
      }
    }
  }
}