{
  "generated_at": "2026-04-16 15:41:30",
  "exchange_rates": {
    "USD_TZS": {
      "current": 2597.8727,
      "next_1h": 2597.7144,
      "next_24h": 2594.6137,
      "change_pct": -0.006,
      "trend": "\ud83d\udcc9 DOWN",
      "predictions": [
        2597.7144,
        2597.5573,
        2597.4014,
        2597.2467,
        2597.0931,
        2596.9408,
        2596.791,
        2596.6439,
        2596.4993,
        2596.3573,
        2596.2177,
        2596.0806,
        2595.946,
        2595.8138,
        2595.6839,
        2595.5563,
        2595.4309,
        2595.3078,
        2595.1869,
        2595.0681,
        2594.9514,
        2594.8368,
        2594.7243,
        2594.6137
      ],
      "metrics": {
        "MAE": 0.257792,
        "RMSE": 0.689939,
        "MAPE": 0.0099,
        "R2": 0.9191
      }
    },
    "USD_KES": {
      "current": 129.2425,
      "next_1h": 129.2473,
      "next_24h": 129.3486,
      "change_pct": 0.004,
      "trend": "\ud83d\udcc8 UP",
      "predictions": [
        129.2473,
        129.2522,
        129.257,
        129.2618,
        129.2666,
        129.2714,
        129.276,
        129.2807,
        129.2853,
        129.2898,
        129.2943,
        129.2988,
        129.3032,
        129.3075,
        129.3118,
        129.3161,
        129.3203,
        129.3245,
        129.3286,
        129.3327,
        129.3367,
        129.3407,
        129.3447,
        129.3486
      ],
      "metrics": {
        "MAE": 0.007498,
        "RMSE": 0.016096,
        "MAPE": 0.0058,
        "R2": 0.9543
      }
    },
    "USD_UGX": {
      "current": 3695.5778,
      "next_1h": 3695.9345,
      "next_24h": 3703.5813,
      "change_pct": 0.01,
      "trend": "\ud83d\udcc8 UP",
      "predictions": [
        3695.9345,
        3696.2902,
        3696.645,
        3696.9988,
        3697.3514,
        3697.7028,
        3698.0516,
        3698.3976,
        3698.7409,
        3699.0816,
        3699.4196,
        3699.755,
        3700.0878,
        3700.418,
        3700.7456,
        3701.0706,
        3701.3931,
        3701.7131,
        3702.0306,
        3702.3456,
        3702.6582,
        3702.9683,
        3703.276,
        3703.5813
      ],
      "metrics": {
        "MAE": 0.680337,
        "RMSE": 3.017888,
        "MAPE": 0.0184,
        "R2": 0.9039
      }
    },
    "USD_EUR": {
      "current": 0.8475,
      "next_1h": 0.8477,
      "next_24h": 0.8514,
      "change_pct": 0.021,
      "trend": "\ud83d\udcc8 UP",
      "predictions": [
        0.8477,
        0.8479,
        0.848,
        0.8482,
        0.8484,
        0.8486,
        0.8487,
        0.8489,
        0.8491,
        0.8493,
        0.8494,
        0.8496,
        0.8497,
        0.8499,
        0.8501,
        0.8502,
        0.8504,
        0.8505,
        0.8507,
        0.8508,
        0.851,
        0.8511,
        0.8513,
        0.8514
      ],
      "metrics": {
        "MAE": 0.000215,
        "RMSE": 0.000596,
        "MAPE": 0.0252,
        "R2": 0.9619
      }
    }
  },
  "crypto": {
    "BTC_USD": {
      "current": 74630.0,
      "next_1h": 74559.96,
      "next_24h": 73096.06,
      "change_pct": -0.094,
      "trend": "\ud83d\udcc9 DOWN",
      "predictions": [
        74559.96,
        74462.3,
        74436.39,
        74348.84,
        74272.94,
        74205.87,
        74135.36,
        74067.49,
        74000.92,
        73934.78,
        73869.64,
        73805.35,
        73741.86,
        73679.21,
        73617.38,
        73556.36,
        73496.14,
        73436.7,
        73378.05,
        73320.16,
        73263.02,
        73206.63,
        73150.98,
        73096.06
      ],
      "metrics": {
        "MAE": 216.786383,
        "RMSE": 300.213089,
        "MAPE": 0.2957,
        "R2": 0.9519
      }
    },
    "ETH_USD": {
      "current": 2338.88,
      "next_1h": 2334.87,
      "next_24h": 2259.08,
      "change_pct": -0.171,
      "trend": "\ud83d\udcc9 DOWN",
      "predictions": [
        2334.87,
        2331.05,
        2328.45,
        2324.75,
        2320.43,
        2316.7,
        2312.98,
        2309.3,
        2305.73,
        2302.23,
        2298.78,
        2295.39,
        2292.07,
        2288.8,
        2285.58,
        2282.43,
        2279.33,
        2276.28,
        2273.28,
        2270.34,
        2267.45,
        2264.61,
        2261.82,
        2259.08
      ],
      "metrics": {
        "MAE": 9.546663,
        "RMSE": 14.289121,
        "MAPE": 0.4173,
        "R2": 0.953
      }
    },
    "BNB_USD": {
      "current": 624.18,
      "next_1h": 624.24,
      "next_24h": 620.7,
      "change_pct": 0.009,
      "trend": "\ud83d\udcc8 UP",
      "predictions": [
        624.24,
        624.03,
        624.08,
        623.84,
        623.45,
        623.28,
        623.11,
        622.95,
        622.81,
        622.67,
        622.52,
        622.37,
        622.23,
        622.08,
        621.94,
        621.79,
        621.65,
        621.51,
        621.37,
        621.24,
        621.1,
        620.97,
        620.84,
        620.7
      ],
      "metrics": {
        "MAE": 1.515208,
        "RMSE": 2.050785,
        "MAPE": 0.2485,
        "R2": 0.9572
      }
    }
  }
}