{
  "generated_at": "2026-07-17 18:13:09",
  "exchange_rates": {
    "USD_TZS": {
      "current": 2628.277,
      "next_1h": 2627.931,
      "next_24h": 2622.0811,
      "change_pct": -0.013,
      "trend": "\ud83d\udcc9 DOWN",
      "predictions": [
        2627.931,
        2627.5922,
        2627.2604,
        2626.9355,
        2626.6173,
        2626.3056,
        2626.0034,
        2625.7105,
        2625.4265,
        2625.1512,
        2624.8844,
        2624.6259,
        2624.3753,
        2624.1325,
        2623.8971,
        2623.6691,
        2623.4481,
        2623.234,
        2623.0264,
        2622.8253,
        2622.6304,
        2622.4415,
        2622.2585,
        2622.0811
      ],
      "metrics": {
        "MAE": 0.549857,
        "RMSE": 2.152095,
        "MAPE": 0.021,
        "R2": 0.9474
      }
    },
    "USD_KES": {
      "current": 129.3048,
      "next_1h": 129.3059,
      "next_24h": 129.3295,
      "change_pct": 0.001,
      "trend": "\ud83d\udcc8 UP",
      "predictions": [
        129.3059,
        129.3071,
        129.3082,
        129.3093,
        129.3105,
        129.3116,
        129.3127,
        129.3138,
        129.3149,
        129.3159,
        129.317,
        129.318,
        129.319,
        129.3201,
        129.3211,
        129.322,
        129.323,
        129.324,
        129.3249,
        129.3259,
        129.3268,
        129.3277,
        129.3286,
        129.3295
      ],
      "metrics": {
        "MAE": 0.004328,
        "RMSE": 0.015282,
        "MAPE": 0.0033,
        "R2": 0.9515
      }
    },
    "USD_UGX": {
      "current": 3681.1587,
      "next_1h": 3681.1264,
      "next_24h": 3680.4094,
      "change_pct": -0.001,
      "trend": "\ud83d\udcc9 DOWN",
      "predictions": [
        3681.1264,
        3681.0943,
        3681.0622,
        3681.0301,
        3680.9981,
        3680.9662,
        3680.9344,
        3680.9027,
        3680.8711,
        3680.8396,
        3680.8083,
        3680.777,
        3680.7458,
        3680.7147,
        3680.6837,
        3680.6528,
        3680.6221,
        3680.5914,
        3680.5608,
        3680.5303,
        3680.4999,
        3680.4697,
        3680.4395,
        3680.4094
      ],
      "metrics": {
        "MAE": 0.361868,
        "RMSE": 1.987769,
        "MAPE": 0.0099,
        "R2": 0.9651
      }
    },
    "USD_EUR": {
      "current": 0.8735,
      "next_1h": 0.8735,
      "next_24h": 0.8737,
      "change_pct": 0.001,
      "trend": "\ud83d\udcc8 UP",
      "predictions": [
        0.8735,
        0.8735,
        0.8735,
        0.8735,
        0.8735,
        0.8735,
        0.8736,
        0.8736,
        0.8736,
        0.8736,
        0.8736,
        0.8736,
        0.8736,
        0.8736,
        0.8736,
        0.8736,
        0.8736,
        0.8737,
        0.8737,
        0.8737,
        0.8737,
        0.8737,
        0.8737,
        0.8737
      ],
      "metrics": {
        "MAE": 4.8e-05,
        "RMSE": 0.000253,
        "MAPE": 0.0055,
        "R2": 0.9603
      }
    }
  },
  "crypto": {
    "BTC_USD": {
      "current": 63998.0,
      "next_1h": 63973.55,
      "next_24h": 63811.36,
      "change_pct": -0.038,
      "trend": "\ud83d\udcc9 DOWN",
      "predictions": [
        63973.55,
        63971.69,
        63981.08,
        63972.79,
        63963.05,
        63953.7,
        63945.96,
        63938.34,
        63930.1,
        63921.81,
        63913.63,
        63905.57,
        63897.54,
        63889.52,
        63881.53,
        63873.58,
        63865.68,
        63857.81,
        63849.98,
        63842.18,
        63834.42,
        63826.7,
        63819.01,
        63811.36
      ],
      "metrics": {
        "MAE": 125.372538,
        "RMSE": 174.96339,
        "MAPE": 0.1967,
        "R2": 0.9653
      }
    },
    "ETH_USD": {
      "current": 1840.93,
      "next_1h": 1840.32,
      "next_24h": 1825.71,
      "change_pct": -0.033,
      "trend": "\ud83d\udcc9 DOWN",
      "predictions": [
        1840.32,
        1840.05,
        1838.91,
        1838.34,
        1837.71,
        1837.06,
        1836.38,
        1835.74,
        1835.08,
        1834.43,
        1833.79,
        1833.15,
        1832.51,
        1831.87,
        1831.24,
        1830.61,
        1829.99,
        1829.37,
        1828.75,
        1828.14,
        1827.52,
        1826.91,
        1826.31,
        1825.71
      ],
      "metrics": {
        "MAE": 5.272005,
        "RMSE": 7.869706,
        "MAPE": 0.2857,
        "R2": 0.9767
      }
    },
    "BNB_USD": {
      "current": 566.17,
      "next_1h": 566.21,
      "next_24h": 567.65,
      "change_pct": 0.008,
      "trend": "\ud83d\udcc8 UP",
      "predictions": [
        566.21,
        566.37,
        566.37,
        566.46,
        566.52,
        566.58,
        566.64,
        566.7,
        566.77,
        566.83,
        566.89,
        566.95,
        567.01,
        567.07,
        567.13,
        567.19,
        567.25,
        567.31,
        567.36,
        567.42,
        567.48,
        567.54,
        567.6,
        567.65
      ],
      "metrics": {
        "MAE": 0.939391,
        "RMSE": 1.326171,
        "MAPE": 0.1639,
        "R2": 0.9554
      }
    }
  }
}