{
  "generated_at": "2026-06-25 18:55:19",
  "exchange_rates": {
    "USD_TZS": {
      "current": 2627.3847,
      "next_1h": 2627.0323,
      "next_24h": 2620.0967,
      "change_pct": -0.013,
      "trend": "\ud83d\udcc9 DOWN",
      "predictions": [
        2627.0323,
        2626.6827,
        2626.336,
        2625.992,
        2625.6507,
        2625.3122,
        2624.9792,
        2624.6517,
        2624.3296,
        2624.0129,
        2623.7014,
        2623.3951,
        2623.094,
        2622.7979,
        2622.5068,
        2622.2205,
        2621.9391,
        2621.6624,
        2621.3903,
        2621.1227,
        2620.8597,
        2620.601,
        2620.3467,
        2620.0967
      ],
      "metrics": {
        "MAE": 0.577924,
        "RMSE": 2.554812,
        "MAPE": 0.0221,
        "R2": 0.8517
      }
    },
    "USD_KES": {
      "current": 129.4177,
      "next_1h": 129.4176,
      "next_24h": 129.415,
      "change_pct": 0.0,
      "trend": "\ud83d\udcc9 DOWN",
      "predictions": [
        129.4176,
        129.4174,
        129.4173,
        129.4172,
        129.4171,
        129.417,
        129.4168,
        129.4167,
        129.4166,
        129.4165,
        129.4164,
        129.4163,
        129.4162,
        129.4161,
        129.416,
        129.4158,
        129.4157,
        129.4156,
        129.4155,
        129.4154,
        129.4153,
        129.4152,
        129.4151,
        129.415
      ],
      "metrics": {
        "MAE": 0.003278,
        "RMSE": 0.015258,
        "MAPE": 0.0025,
        "R2": 0.8614
      }
    },
    "USD_UGX": {
      "current": 3651.2094,
      "next_1h": 3652.9095,
      "next_24h": 3685.5433,
      "change_pct": 0.047,
      "trend": "\ud83d\udcc8 UP",
      "predictions": [
        3652.9095,
        3654.5966,
        3656.2708,
        3657.9323,
        3659.5813,
        3661.2179,
        3662.8219,
        3664.3936,
        3665.9333,
        3667.4416,
        3668.9188,
        3670.3653,
        3671.7817,
        3673.1685,
        3674.5265,
        3675.8562,
        3677.1582,
        3678.433,
        3679.6813,
        3680.9036,
        3682.1004,
        3683.2723,
        3684.4198,
        3685.5433
      ],
      "metrics": {
        "MAE": 2.713919,
        "RMSE": 5.705611,
        "MAPE": 0.0743,
        "R2": 0.8937
      }
    },
    "USD_EUR": {
      "current": 0.8808,
      "next_1h": 0.8806,
      "next_24h": 0.8764,
      "change_pct": -0.024,
      "trend": "\ud83d\udcc9 DOWN",
      "predictions": [
        0.8806,
        0.8804,
        0.8802,
        0.88,
        0.8798,
        0.8796,
        0.8794,
        0.8792,
        0.879,
        0.8788,
        0.8786,
        0.8785,
        0.8783,
        0.8781,
        0.8779,
        0.8777,
        0.8776,
        0.8774,
        0.8772,
        0.8771,
        0.8769,
        0.8767,
        0.8766,
        0.8764
      ],
      "metrics": {
        "MAE": 0.000253,
        "RMSE": 0.00079,
        "MAPE": 0.029,
        "R2": 0.9792
      }
    }
  },
  "crypto": {
    "BTC_USD": {
      "current": 59452.0,
      "next_1h": 59278.04,
      "next_24h": 59353.74,
      "change_pct": -0.293,
      "trend": "\ud83d\udcc9 DOWN",
      "predictions": [
        59278.04,
        59270.11,
        59296.49,
        59315.95,
        59313.32,
        59299.46,
        59303.47,
        59309.95,
        59313.71,
        59315.17,
        59316.62,
        59319.86,
        59323.12,
        59325.93,
        59328.56,
        59331.29,
        59334.18,
        59337.03,
        59339.82,
        59342.6,
        59345.39,
        59348.19,
        59350.97,
        59353.74
      ],
      "metrics": {
        "MAE": 253.245664,
        "RMSE": 385.794178,
        "MAPE": 0.4033,
        "R2": 0.9371
      }
    },
    "ETH_USD": {
      "current": 1565.99,
      "next_1h": 1566.64,
      "next_24h": 1572.57,
      "change_pct": 0.041,
      "trend": "\ud83d\udcc8 UP",
      "predictions": [
        1566.64,
        1567.36,
        1567.78,
        1567.85,
        1568.13,
        1568.39,
        1568.61,
        1568.84,
        1569.09,
        1569.32,
        1569.56,
        1569.79,
        1570.03,
        1570.26,
        1570.5,
        1570.73,
        1570.96,
        1571.19,
        1571.42,
        1571.65,
        1571.88,
        1572.11,
        1572.34,
        1572.57
      ],
      "metrics": {
        "MAE": 8.487712,
        "RMSE": 13.238028,
        "MAPE": 0.5023,
        "R2": 0.9406
      }
    },
    "BNB_USD": {
      "current": 555.29,
      "next_1h": 555.76,
      "next_24h": 565.44,
      "change_pct": 0.085,
      "trend": "\ud83d\udcc8 UP",
      "predictions": [
        555.76,
        556.44,
        556.98,
        557.28,
        557.74,
        558.18,
        558.61,
        559.02,
        559.45,
        559.87,
        560.28,
        560.69,
        561.1,
        561.51,
        561.92,
        562.32,
        562.72,
        563.12,
        563.51,
        563.9,
        564.29,
        564.68,
        565.06,
        565.44
      ],
      "metrics": {
        "MAE": 2.10371,
        "RMSE": 3.204021,
        "MAPE": 0.3628,
        "R2": 0.9438
      }
    }
  }
}