{
  "generated_at": "2026-05-19 21:38:41",
  "exchange_rates": {
    "USD_TZS": {
      "current": 2577.6567,
      "next_1h": 2579.2005,
      "next_24h": 2598.3548,
      "change_pct": 0.06,
      "trend": "\ud83d\udcc8 UP",
      "predictions": [
        2579.2005,
        2580.695,
        2582.1417,
        2583.5422,
        2584.898,
        2586.2104,
        2587.4317,
        2588.5662,
        2589.6183,
        2590.5921,
        2591.4916,
        2592.3204,
        2593.0838,
        2593.7866,
        2594.4334,
        2595.0284,
        2595.5758,
        2596.0792,
        2596.5421,
        2596.9679,
        2597.3594,
        2597.7194,
        2598.0504,
        2598.3548
      ],
      "metrics": {
        "MAE": 0.656279,
        "RMSE": 2.226951,
        "MAPE": 0.0253,
        "R2": 0.8985
      }
    },
    "USD_KES": {
      "current": 129.2545,
      "next_1h": 129.2525,
      "next_24h": 129.2145,
      "change_pct": -0.002,
      "trend": "\ud83d\udcc9 DOWN",
      "predictions": [
        129.2525,
        129.2505,
        129.2485,
        129.2465,
        129.2446,
        129.2427,
        129.2408,
        129.239,
        129.2372,
        129.2354,
        129.2337,
        129.2321,
        129.2304,
        129.2288,
        129.2272,
        129.2257,
        129.2242,
        129.2227,
        129.2213,
        129.2199,
        129.2185,
        129.2172,
        129.2158,
        129.2145
      ],
      "metrics": {
        "MAE": 0.00359,
        "RMSE": 0.013358,
        "MAPE": 0.0028,
        "R2": 0.9467
      }
    },
    "USD_UGX": {
      "current": 3729.7249,
      "next_1h": 3729.4997,
      "next_24h": 3724.8588,
      "change_pct": -0.006,
      "trend": "\ud83d\udcc9 DOWN",
      "predictions": [
        3729.4997,
        3729.2758,
        3729.0531,
        3728.8316,
        3728.6114,
        3728.3923,
        3728.1758,
        3727.9618,
        3727.7502,
        3727.5412,
        3727.3345,
        3727.1303,
        3726.9285,
        3726.7291,
        3726.5319,
        3726.3371,
        3726.1446,
        3725.9544,
        3725.7664,
        3725.5805,
        3725.3969,
        3725.2154,
        3725.0361,
        3724.8588
      ],
      "metrics": {
        "MAE": 0.437717,
        "RMSE": 1.473246,
        "MAPE": 0.0117,
        "R2": 0.8944
      }
    },
    "USD_EUR": {
      "current": 0.8584,
      "next_1h": 0.8584,
      "next_24h": 0.8566,
      "change_pct": -0.01,
      "trend": "\ud83d\udcc9 DOWN",
      "predictions": [
        0.8584,
        0.8583,
        0.8582,
        0.8581,
        0.858,
        0.8579,
        0.8578,
        0.8578,
        0.8577,
        0.8576,
        0.8575,
        0.8574,
        0.8574,
        0.8573,
        0.8572,
        0.8571,
        0.8571,
        0.857,
        0.8569,
        0.8568,
        0.8568,
        0.8567,
        0.8566,
        0.8566
      ],
      "metrics": {
        "MAE": 0.000154,
        "RMSE": 0.000491,
        "MAPE": 0.018,
        "R2": 0.9836
      }
    }
  },
  "crypto": {
    "BTC_USD": {
      "current": 76959.0,
      "next_1h": 76961.12,
      "next_24h": 77323.32,
      "change_pct": 0.003,
      "trend": "\ud83d\udcc8 UP",
      "predictions": [
        76961.12,
        76979.81,
        76994.62,
        77007.7,
        77023.15,
        77040.38,
        77056.84,
        77073.39,
        77089.8,
        77105.98,
        77122.05,
        77138.05,
        77153.96,
        77169.78,
        77185.52,
        77201.18,
        77216.74,
        77232.22,
        77247.62,
        77262.93,
        77278.15,
        77293.29,
        77308.35,
        77323.32
      ],
      "metrics": {
        "MAE": 197.770003,
        "RMSE": 273.166059,
        "MAPE": 0.2501,
        "R2": 0.9679
      }
    },
    "ETH_USD": {
      "current": 2117.88,
      "next_1h": 2127.34,
      "next_24h": 2256.49,
      "change_pct": 0.447,
      "trend": "\ud83d\udcc8 UP",
      "predictions": [
        2127.34,
        2135.98,
        2144.24,
        2152.31,
        2159.9,
        2167.32,
        2174.4,
        2181.16,
        2187.63,
        2193.81,
        2199.72,
        2205.37,
        2210.77,
        2215.93,
        2220.86,
        2225.57,
        2230.07,
        2234.38,
        2238.49,
        2242.42,
        2246.18,
        2249.77,
        2253.2,
        2256.49
      ],
      "metrics": {
        "MAE": 8.918493,
        "RMSE": 12.305579,
        "MAPE": 0.4053,
        "R2": 0.963
      }
    },
    "BNB_USD": {
      "current": 640.64,
      "next_1h": 640.64,
      "next_24h": 641.05,
      "change_pct": -0.001,
      "trend": "\ud83d\udcc9 DOWN",
      "predictions": [
        640.64,
        640.6,
        640.65,
        640.68,
        640.69,
        640.71,
        640.73,
        640.75,
        640.77,
        640.79,
        640.81,
        640.83,
        640.85,
        640.87,
        640.89,
        640.91,
        640.93,
        640.94,
        640.96,
        640.98,
        641.0,
        641.02,
        641.04,
        641.05
      ],
      "metrics": {
        "MAE": 2.01216,
        "RMSE": 2.777241,
        "MAPE": 0.3032,
        "R2": 0.9597
      }
    }
  }
}