{
  "generated_at": "2026-07-14 11:43:16",
  "exchange_rates": {
    "USD_TZS": {
      "current": 2602.9439,
      "next_1h": 2603.3383,
      "next_24h": 2609.9414,
      "change_pct": 0.015,
      "trend": "\ud83d\udcc8 UP",
      "predictions": [
        2603.3383,
        2603.7245,
        2604.1024,
        2604.4724,
        2604.8345,
        2605.1889,
        2605.5322,
        2605.8646,
        2606.1864,
        2606.498,
        2606.7995,
        2607.0914,
        2607.3739,
        2607.6473,
        2607.9119,
        2608.168,
        2608.4159,
        2608.6557,
        2608.8879,
        2609.1126,
        2609.3301,
        2609.5405,
        2609.7442,
        2609.9414
      ],
      "metrics": {
        "MAE": 0.480211,
        "RMSE": 1.909909,
        "MAPE": 0.0183,
        "R2": 0.8796
      }
    },
    "USD_KES": {
      "current": 129.2818,
      "next_1h": 129.2835,
      "next_24h": 129.3175,
      "change_pct": 0.001,
      "trend": "\ud83d\udcc8 UP",
      "predictions": [
        129.2835,
        129.2851,
        129.2868,
        129.2884,
        129.2901,
        129.2917,
        129.2933,
        129.2949,
        129.2965,
        129.298,
        129.2995,
        129.301,
        129.3025,
        129.304,
        129.3054,
        129.3068,
        129.3082,
        129.3096,
        129.311,
        129.3123,
        129.3137,
        129.315,
        129.3163,
        129.3175
      ],
      "metrics": {
        "MAE": 0.005032,
        "RMSE": 0.015165,
        "MAPE": 0.0039,
        "R2": 0.8806
      }
    },
    "USD_UGX": {
      "current": 3658.9043,
      "next_1h": 3658.9295,
      "next_24h": 3659.4903,
      "change_pct": 0.001,
      "trend": "\ud83d\udcc8 UP",
      "predictions": [
        3658.9295,
        3658.9546,
        3658.9796,
        3659.0046,
        3659.0296,
        3659.0545,
        3659.0793,
        3659.104,
        3659.1287,
        3659.1533,
        3659.1779,
        3659.2023,
        3659.2267,
        3659.251,
        3659.2753,
        3659.2994,
        3659.3235,
        3659.3476,
        3659.3715,
        3659.3954,
        3659.4192,
        3659.443,
        3659.4667,
        3659.4903
      ],
      "metrics": {
        "MAE": 0.510901,
        "RMSE": 2.887915,
        "MAPE": 0.014,
        "R2": 0.9119
      }
    },
    "USD_EUR": {
      "current": 0.8774,
      "next_1h": 0.8774,
      "next_24h": 0.8774,
      "change_pct": 0.0,
      "trend": "\ud83d\udcc9 DOWN",
      "predictions": [
        0.8774,
        0.8774,
        0.8774,
        0.8774,
        0.8774,
        0.8774,
        0.8774,
        0.8774,
        0.8774,
        0.8774,
        0.8774,
        0.8774,
        0.8774,
        0.8774,
        0.8774,
        0.8774,
        0.8774,
        0.8774,
        0.8774,
        0.8774,
        0.8774,
        0.8774,
        0.8774,
        0.8774
      ],
      "metrics": {
        "MAE": 3.5e-05,
        "RMSE": 0.000182,
        "MAPE": 0.004,
        "R2": 0.9481
      }
    }
  },
  "crypto": {
    "BTC_USD": {
      "current": 62785.0,
      "next_1h": 62776.59,
      "next_24h": 62662.19,
      "change_pct": -0.013,
      "trend": "\ud83d\udcc9 DOWN",
      "predictions": [
        62776.59,
        62768.69,
        62760.11,
        62756.28,
        62755.02,
        62749.78,
        62744.29,
        62739.08,
        62734.23,
        62729.4,
        62724.44,
        62719.49,
        62714.59,
        62709.73,
        62704.88,
        62700.05,
        62695.24,
        62690.45,
        62685.69,
        62680.95,
        62676.23,
        62671.53,
        62666.85,
        62662.19
      ],
      "metrics": {
        "MAE": 92.221946,
        "RMSE": 125.986739,
        "MAPE": 0.1454,
        "R2": 0.9707
      }
    },
    "ETH_USD": {
      "current": 1795.88,
      "next_1h": 1795.2,
      "next_24h": 1782.64,
      "change_pct": -0.038,
      "trend": "\ud83d\udcc9 DOWN",
      "predictions": [
        1795.2,
        1794.46,
        1793.89,
        1793.3,
        1792.71,
        1792.16,
        1791.61,
        1791.06,
        1790.51,
        1789.97,
        1789.42,
        1788.89,
        1788.35,
        1787.82,
        1787.29,
        1786.76,
        1786.24,
        1785.71,
        1785.19,
        1784.68,
        1784.16,
        1783.65,
        1783.14,
        1782.64
      ],
      "metrics": {
        "MAE": 3.872605,
        "RMSE": 5.865884,
        "MAPE": 0.216,
        "R2": 0.8932
      }
    },
    "BNB_USD": {
      "current": 569.99,
      "next_1h": 570.03,
      "next_24h": 570.67,
      "change_pct": 0.008,
      "trend": "\ud83d\udcc8 UP",
      "predictions": [
        570.03,
        570.07,
        570.1,
        570.12,
        570.15,
        570.18,
        570.21,
        570.24,
        570.27,
        570.29,
        570.32,
        570.35,
        570.38,
        570.4,
        570.43,
        570.46,
        570.49,
        570.51,
        570.54,
        570.57,
        570.59,
        570.62,
        570.65,
        570.67
      ],
      "metrics": {
        "MAE": 0.768863,
        "RMSE": 1.125015,
        "MAPE": 0.1341,
        "R2": 0.9418
      }
    }
  }
}