{
  "generated_at": "2026-07-11 18:43:17",
  "exchange_rates": {
    "USD_TZS": {
      "current": 2626.6457,
      "next_1h": 2626.2776,
      "next_24h": 2620.1982,
      "change_pct": -0.014,
      "trend": "\ud83d\udcc9 DOWN",
      "predictions": [
        2626.2776,
        2625.9176,
        2625.5655,
        2625.2211,
        2624.8844,
        2624.5551,
        2624.2367,
        2623.9288,
        2623.6311,
        2623.3434,
        2623.0654,
        2622.7967,
        2622.537,
        2622.2862,
        2622.0437,
        2621.8094,
        2621.5831,
        2621.3643,
        2621.1529,
        2620.9487,
        2620.7513,
        2620.5606,
        2620.3763,
        2620.1982
      ],
      "metrics": {
        "MAE": 0.362906,
        "RMSE": 0.599537,
        "MAPE": 0.0138,
        "R2": 0.8598
      }
    },
    "USD_KES": {
      "current": 129.1819,
      "next_1h": 129.1863,
      "next_24h": 129.2732,
      "change_pct": 0.003,
      "trend": "\ud83d\udcc8 UP",
      "predictions": [
        129.1863,
        129.1907,
        129.1951,
        129.1994,
        129.2037,
        129.208,
        129.2121,
        129.2163,
        129.2203,
        129.2243,
        129.2282,
        129.232,
        129.2358,
        129.2395,
        129.2431,
        129.2467,
        129.2502,
        129.2537,
        129.2571,
        129.2604,
        129.2637,
        129.2669,
        129.2701,
        129.2732
      ],
      "metrics": {
        "MAE": 0.007142,
        "RMSE": 0.020881,
        "MAPE": 0.0055,
        "R2": 0.8734
      }
    },
    "USD_UGX": {
      "current": 3659.1295,
      "next_1h": 3659.0699,
      "next_24h": 3657.7282,
      "change_pct": -0.002,
      "trend": "\ud83d\udcc9 DOWN",
      "predictions": [
        3659.0699,
        3659.0104,
        3658.951,
        3658.8917,
        3658.8326,
        3658.7735,
        3658.7146,
        3658.6557,
        3658.597,
        3658.5384,
        3658.4798,
        3658.4214,
        3658.3631,
        3658.3049,
        3658.2467,
        3658.1887,
        3658.1308,
        3658.073,
        3658.0153,
        3657.9577,
        3657.9002,
        3657.8428,
        3657.7854,
        3657.7282
      ],
      "metrics": {
        "MAE": 0.932493,
        "RMSE": 4.040561,
        "MAPE": 0.0255,
        "R2": 0.8969
      }
    },
    "USD_EUR": {
      "current": 0.8756,
      "next_1h": 0.8756,
      "next_24h": 0.8759,
      "change_pct": 0.002,
      "trend": "\ud83d\udcc8 UP",
      "predictions": [
        0.8756,
        0.8756,
        0.8756,
        0.8756,
        0.8756,
        0.8757,
        0.8757,
        0.8757,
        0.8757,
        0.8757,
        0.8757,
        0.8757,
        0.8757,
        0.8758,
        0.8758,
        0.8758,
        0.8758,
        0.8758,
        0.8758,
        0.8758,
        0.8759,
        0.8759,
        0.8759,
        0.8759
      ],
      "metrics": {
        "MAE": 7.1e-05,
        "RMSE": 0.000319,
        "MAPE": 0.0081,
        "R2": 0.8944
      }
    }
  },
  "crypto": {
    "BTC_USD": {
      "current": 64292.0,
      "next_1h": 64276.47,
      "next_24h": 64018.71,
      "change_pct": -0.024,
      "trend": "\ud83d\udcc9 DOWN",
      "predictions": [
        64276.47,
        64267.46,
        64257.1,
        64245.34,
        64234.26,
        64222.31,
        64210.6,
        64198.92,
        64187.29,
        64175.7,
        64164.15,
        64152.66,
        64141.21,
        64129.82,
        64118.49,
        64107.2,
        64095.96,
        64084.77,
        64073.64,
        64062.55,
        64051.52,
        64040.53,
        64029.6,
        64018.71
      ],
      "metrics": {
        "MAE": 102.438464,
        "RMSE": 144.845859,
        "MAPE": 0.1625,
        "R2": 0.9699
      }
    },
    "ETH_USD": {
      "current": 1826.4,
      "next_1h": 1825.64,
      "next_24h": 1809.9,
      "change_pct": -0.041,
      "trend": "\ud83d\udcc9 DOWN",
      "predictions": [
        1825.64,
        1824.75,
        1823.86,
        1823.29,
        1822.5,
        1821.8,
        1821.11,
        1820.43,
        1819.74,
        1819.07,
        1818.39,
        1817.72,
        1817.05,
        1816.38,
        1815.72,
        1815.06,
        1814.4,
        1813.75,
        1813.1,
        1812.45,
        1811.81,
        1811.17,
        1810.54,
        1809.9
      ],
      "metrics": {
        "MAE": 3.623221,
        "RMSE": 5.242918,
        "MAPE": 0.2057,
        "R2": 0.9621
      }
    },
    "BNB_USD": {
      "current": 580.56,
      "next_1h": 580.59,
      "next_24h": 580.88,
      "change_pct": 0.005,
      "trend": "\ud83d\udcc8 UP",
      "predictions": [
        580.59,
        580.62,
        580.62,
        580.64,
        580.65,
        580.66,
        580.68,
        580.69,
        580.7,
        580.71,
        580.73,
        580.74,
        580.75,
        580.76,
        580.77,
        580.79,
        580.8,
        580.81,
        580.82,
        580.84,
        580.85,
        580.86,
        580.87,
        580.88
      ],
      "metrics": {
        "MAE": 0.892309,
        "RMSE": 1.24385,
        "MAPE": 0.1563,
        "R2": 0.9388
      }
    }
  }
}