{
  "generated_at": "2026-05-16 09:38:59",
  "exchange_rates": {
    "USD_TZS": {
      "current": 2599.9902,
      "next_1h": 2600.0965,
      "next_24h": 2601.4333,
      "change_pct": 0.004,
      "trend": "\ud83d\udcc8 UP",
      "predictions": [
        2600.0965,
        2600.1994,
        2600.2991,
        2600.3957,
        2600.4893,
        2600.5799,
        2600.6644,
        2600.7431,
        2600.8162,
        2600.884,
        2600.9467,
        2601.0047,
        2601.0583,
        2601.1077,
        2601.1533,
        2601.1954,
        2601.2342,
        2601.27,
        2601.303,
        2601.3335,
        2601.3616,
        2601.3874,
        2601.4113,
        2601.4333
      ],
      "metrics": {
        "MAE": 0.394805,
        "RMSE": 0.82805,
        "MAPE": 0.0152,
        "R2": 0.8901
      }
    },
    "USD_KES": {
      "current": 129.1846,
      "next_1h": 129.1843,
      "next_24h": 129.1793,
      "change_pct": 0.0,
      "trend": "\ud83d\udcc9 DOWN",
      "predictions": [
        129.1843,
        129.184,
        129.1838,
        129.1835,
        129.1833,
        129.183,
        129.1828,
        129.1825,
        129.1823,
        129.182,
        129.1818,
        129.1816,
        129.1814,
        129.1812,
        129.1809,
        129.1807,
        129.1805,
        129.1803,
        129.1802,
        129.18,
        129.1798,
        129.1796,
        129.1794,
        129.1793
      ],
      "metrics": {
        "MAE": 0.002473,
        "RMSE": 0.011474,
        "MAPE": 0.0019,
        "R2": 0.876
      }
    },
    "USD_UGX": {
      "current": 3721.4209,
      "next_1h": 3721.3726,
      "next_24h": 3720.3432,
      "change_pct": -0.001,
      "trend": "\ud83d\udcc9 DOWN",
      "predictions": [
        3721.3726,
        3721.3244,
        3721.2764,
        3721.2285,
        3721.1808,
        3721.1333,
        3721.0862,
        3721.0394,
        3720.9931,
        3720.9471,
        3720.9015,
        3720.8564,
        3720.8116,
        3720.7671,
        3720.7231,
        3720.6794,
        3720.6361,
        3720.5932,
        3720.5507,
        3720.5085,
        3720.4666,
        3720.4251,
        3720.384,
        3720.3432
      ],
      "metrics": {
        "MAE": 0.469333,
        "RMSE": 2.436355,
        "MAPE": 0.0126,
        "R2": 0.8328
      }
    },
    "USD_EUR": {
      "current": 0.8599,
      "next_1h": 0.8597,
      "next_24h": 0.8573,
      "change_pct": -0.014,
      "trend": "\ud83d\udcc9 DOWN",
      "predictions": [
        0.8597,
        0.8596,
        0.8595,
        0.8594,
        0.8593,
        0.8591,
        0.859,
        0.8589,
        0.8588,
        0.8587,
        0.8586,
        0.8585,
        0.8584,
        0.8583,
        0.8582,
        0.8581,
        0.858,
        0.8579,
        0.8578,
        0.8577,
        0.8576,
        0.8575,
        0.8574,
        0.8573
      ],
      "metrics": {
        "MAE": 0.000125,
        "RMSE": 0.000486,
        "MAPE": 0.0147,
        "R2": 0.9735
      }
    }
  },
  "crypto": {
    "BTC_USD": {
      "current": 78098.0,
      "next_1h": 78142.61,
      "next_24h": 78227.38,
      "change_pct": 0.057,
      "trend": "\ud83d\udcc8 UP",
      "predictions": [
        78142.61,
        78142.89,
        78138.18,
        78158.81,
        78166.95,
        78169.46,
        78174.09,
        78177.02,
        78179.86,
        78183.19,
        78186.43,
        78189.69,
        78192.97,
        78196.21,
        78199.43,
        78202.62,
        78205.79,
        78208.94,
        78212.06,
        78215.17,
        78218.25,
        78221.31,
        78224.35,
        78227.38
      ],
      "metrics": {
        "MAE": 200.007573,
        "RMSE": 287.2385,
        "MAPE": 0.2484,
        "R2": 0.8824
      }
    },
    "ETH_USD": {
      "current": 2173.33,
      "next_1h": 2176.87,
      "next_24h": 2261.2,
      "change_pct": 0.163,
      "trend": "\ud83d\udcc8 UP",
      "predictions": [
        2176.87,
        2181.25,
        2184.38,
        2190.3,
        2194.55,
        2199.26,
        2204.04,
        2208.4,
        2212.78,
        2216.95,
        2220.95,
        2224.83,
        2228.54,
        2232.12,
        2235.57,
        2238.88,
        2242.06,
        2245.12,
        2248.07,
        2250.91,
        2253.63,
        2256.25,
        2258.77,
        2261.2
      ],
      "metrics": {
        "MAE": 7.071178,
        "RMSE": 9.65006,
        "MAPE": 0.309,
        "R2": 0.9435
      }
    },
    "BNB_USD": {
      "current": 654.65,
      "next_1h": 654.31,
      "next_24h": 647.89,
      "change_pct": -0.052,
      "trend": "\ud83d\udcc9 DOWN",
      "predictions": [
        654.31,
        654.29,
        653.59,
        653.31,
        653.05,
        652.72,
        652.42,
        652.13,
        651.83,
        651.54,
        651.26,
        650.98,
        650.7,
        650.43,
        650.16,
        649.89,
        649.63,
        649.37,
        649.11,
        648.86,
        648.61,
        648.37,
        648.13,
        647.89
      ],
      "metrics": {
        "MAE": 2.178233,
        "RMSE": 2.996868,
        "MAPE": 0.3273,
        "R2": 0.934
      }
    }
  }
}