{
  "generated_at": "2026-05-14 15:57:14",
  "exchange_rates": {
    "USD_TZS": {
      "current": 2593.4558,
      "next_1h": 2593.9621,
      "next_24h": 2600.3339,
      "change_pct": 0.02,
      "trend": "\ud83d\udcc8 UP",
      "predictions": [
        2593.9621,
        2594.4526,
        2594.9279,
        2595.3884,
        2595.8345,
        2596.2668,
        2596.6698,
        2597.0449,
        2597.3934,
        2597.7168,
        2598.0161,
        2598.2925,
        2598.5478,
        2598.7834,
        2599.0008,
        2599.2012,
        2599.3861,
        2599.5566,
        2599.7138,
        2599.8588,
        2599.9924,
        2600.1156,
        2600.2292,
        2600.3339
      ],
      "metrics": {
        "MAE": 0.326993,
        "RMSE": 0.780352,
        "MAPE": 0.0126,
        "R2": 0.9385
      }
    },
    "USD_KES": {
      "current": 129.0903,
      "next_1h": 129.0942,
      "next_24h": 129.1437,
      "change_pct": 0.003,
      "trend": "\ud83d\udcc8 UP",
      "predictions": [
        129.0942,
        129.0979,
        129.1014,
        129.1048,
        129.108,
        129.1111,
        129.114,
        129.1167,
        129.1193,
        129.1217,
        129.124,
        129.1261,
        129.1281,
        129.13,
        129.1318,
        129.1335,
        129.135,
        129.1365,
        129.1379,
        129.1392,
        129.1404,
        129.1416,
        129.1427,
        129.1437
      ],
      "metrics": {
        "MAE": 0.002302,
        "RMSE": 0.008077,
        "MAPE": 0.0018,
        "R2": 0.8997
      }
    },
    "USD_UGX": {
      "current": 3730.5292,
      "next_1h": 3730.1202,
      "next_24h": 3722.0419,
      "change_pct": -0.011,
      "trend": "\ud83d\udcc9 DOWN",
      "predictions": [
        3730.1202,
        3729.7141,
        3729.3109,
        3728.9105,
        3728.513,
        3728.1184,
        3727.7302,
        3727.3484,
        3726.973,
        3726.6038,
        3726.2407,
        3725.8838,
        3725.5329,
        3725.1879,
        3724.8487,
        3724.5152,
        3724.1874,
        3723.865,
        3723.5481,
        3723.2366,
        3722.9303,
        3722.6291,
        3722.333,
        3722.0419
      ],
      "metrics": {
        "MAE": 0.931724,
        "RMSE": 3.174783,
        "MAPE": 0.0249,
        "R2": 0.9364
      }
    },
    "USD_EUR": {
      "current": 0.8537,
      "next_1h": 0.8537,
      "next_24h": 0.8532,
      "change_pct": -0.003,
      "trend": "\ud83d\udcc9 DOWN",
      "predictions": [
        0.8537,
        0.8536,
        0.8536,
        0.8536,
        0.8536,
        0.8536,
        0.8535,
        0.8535,
        0.8535,
        0.8535,
        0.8534,
        0.8534,
        0.8534,
        0.8534,
        0.8534,
        0.8534,
        0.8533,
        0.8533,
        0.8533,
        0.8533,
        0.8533,
        0.8532,
        0.8532,
        0.8532
      ],
      "metrics": {
        "MAE": 9.9e-05,
        "RMSE": 0.000411,
        "MAPE": 0.0116,
        "R2": 0.9083
      }
    }
  },
  "crypto": {
    "BTC_USD": {
      "current": 81268.0,
      "next_1h": 81246.0,
      "next_24h": 81080.09,
      "change_pct": -0.027,
      "trend": "\ud83d\udcc9 DOWN",
      "predictions": [
        81246.0,
        81296.62,
        81241.72,
        81207.74,
        81201.32,
        81189.28,
        81183.7,
        81179.02,
        81172.57,
        81166.55,
        81160.27,
        81153.85,
        81147.56,
        81141.27,
        81135.02,
        81128.81,
        81122.63,
        81116.47,
        81110.34,
        81104.24,
        81098.16,
        81092.11,
        81086.09,
        81080.09
      ],
      "metrics": {
        "MAE": 209.274462,
        "RMSE": 291.667195,
        "MAPE": 0.2598,
        "R2": 0.8058
      }
    },
    "ETH_USD": {
      "current": 2296.55,
      "next_1h": 2297.49,
      "next_24h": 2311.35,
      "change_pct": 0.041,
      "trend": "\ud83d\udcc8 UP",
      "predictions": [
        2297.49,
        2301.79,
        2301.29,
        2302.42,
        2303.47,
        2303.78,
        2304.51,
        2305.0,
        2305.48,
        2306.0,
        2306.45,
        2306.9,
        2307.35,
        2307.77,
        2308.18,
        2308.58,
        2308.96,
        2309.34,
        2309.7,
        2310.05,
        2310.39,
        2310.72,
        2311.04,
        2311.35
      ],
      "metrics": {
        "MAE": 6.924418,
        "RMSE": 9.457658,
        "MAPE": 0.3003,
        "R2": 0.8907
      }
    },
    "BNB_USD": {
      "current": 679.64,
      "next_1h": 678.96,
      "next_24h": 667.58,
      "change_pct": -0.1,
      "trend": "\ud83d\udcc9 DOWN",
      "predictions": [
        678.96,
        678.6,
        678.2,
        677.57,
        676.99,
        676.46,
        675.91,
        675.37,
        674.84,
        674.31,
        673.79,
        673.28,
        672.78,
        672.28,
        671.78,
        671.29,
        670.81,
        670.33,
        669.86,
        669.39,
        668.93,
        668.47,
        668.02,
        667.58
      ],
      "metrics": {
        "MAE": 2.026985,
        "RMSE": 2.835784,
        "MAPE": 0.3082,
        "R2": 0.9409
      }
    }
  }
}