{
  "generated_at": "2026-07-10 20:13:09",
  "exchange_rates": {
    "USD_TZS": {
      "current": 2624.3773,
      "next_1h": 2624.0814,
      "next_24h": 2619.1852,
      "change_pct": -0.011,
      "trend": "\ud83d\udcc9 DOWN",
      "predictions": [
        2624.0814,
        2623.792,
        2623.5087,
        2623.2316,
        2622.9605,
        2622.6952,
        2622.4387,
        2622.1907,
        2621.9509,
        2621.7192,
        2621.4952,
        2621.2787,
        2621.0695,
        2620.8674,
        2620.6721,
        2620.4833,
        2620.3009,
        2620.1247,
        2619.9544,
        2619.7898,
        2619.6308,
        2619.4771,
        2619.3286,
        2619.1852
      ],
      "metrics": {
        "MAE": 0.375114,
        "RMSE": 0.68863,
        "MAPE": 0.0143,
        "R2": 0.8
      }
    },
    "USD_KES": {
      "current": 129.1614,
      "next_1h": 129.1661,
      "next_24h": 129.2582,
      "change_pct": 0.004,
      "trend": "\ud83d\udcc8 UP",
      "predictions": [
        129.1661,
        129.1708,
        129.1754,
        129.18,
        129.1845,
        129.189,
        129.1935,
        129.1978,
        129.2021,
        129.2063,
        129.2105,
        129.2145,
        129.2185,
        129.2225,
        129.2263,
        129.2301,
        129.2338,
        129.2375,
        129.2411,
        129.2446,
        129.2481,
        129.2515,
        129.2549,
        129.2582
      ],
      "metrics": {
        "MAE": 0.006947,
        "RMSE": 0.021451,
        "MAPE": 0.0054,
        "R2": 0.9506
      }
    },
    "USD_UGX": {
      "current": 3670.526,
      "next_1h": 3670.4917,
      "next_24h": 3669.7238,
      "change_pct": -0.001,
      "trend": "\ud83d\udcc9 DOWN",
      "predictions": [
        3670.4917,
        3670.4575,
        3670.4234,
        3670.3893,
        3670.3553,
        3670.3213,
        3670.2875,
        3670.2537,
        3670.22,
        3670.1863,
        3670.1528,
        3670.1193,
        3670.0859,
        3670.0526,
        3670.0194,
        3669.9862,
        3669.9531,
        3669.9201,
        3669.8872,
        3669.8544,
        3669.8216,
        3669.789,
        3669.7564,
        3669.7238
      ],
      "metrics": {
        "MAE": 0.945598,
        "RMSE": 4.110103,
        "MAPE": 0.0259,
        "R2": 0.8989
      }
    },
    "USD_EUR": {
      "current": 0.8748,
      "next_1h": 0.8748,
      "next_24h": 0.8751,
      "change_pct": 0.001,
      "trend": "\ud83d\udcc8 UP",
      "predictions": [
        0.8748,
        0.8748,
        0.8749,
        0.8749,
        0.8749,
        0.8749,
        0.8749,
        0.8749,
        0.8749,
        0.8749,
        0.875,
        0.875,
        0.875,
        0.875,
        0.875,
        0.875,
        0.875,
        0.875,
        0.8751,
        0.8751,
        0.8751,
        0.8751,
        0.8751,
        0.8751
      ],
      "metrics": {
        "MAE": 7e-05,
        "RMSE": 0.000322,
        "MAPE": 0.008,
        "R2": 0.9061
      }
    }
  },
  "crypto": {
    "BTC_USD": {
      "current": 63788.0,
      "next_1h": 63774.42,
      "next_24h": 63561.15,
      "change_pct": -0.021,
      "trend": "\ud83d\udcc9 DOWN",
      "predictions": [
        63774.42,
        63769.1,
        63767.55,
        63757.73,
        63742.6,
        63732.42,
        63723.13,
        63713.68,
        63703.7,
        63693.71,
        63683.96,
        63674.3,
        63664.65,
        63655.02,
        63645.44,
        63635.9,
        63626.41,
        63616.97,
        63607.56,
        63598.19,
        63588.87,
        63579.59,
        63570.35,
        63561.15
      ],
      "metrics": {
        "MAE": 125.988764,
        "RMSE": 173.659251,
        "MAPE": 0.1999,
        "R2": 0.9434
      }
    },
    "ETH_USD": {
      "current": 1790.79,
      "next_1h": 1789.7,
      "next_24h": 1778.04,
      "change_pct": -0.061,
      "trend": "\ud83d\udcc9 DOWN",
      "predictions": [
        1789.7,
        1789.29,
        1789.05,
        1788.2,
        1787.72,
        1787.21,
        1786.69,
        1786.14,
        1785.62,
        1785.1,
        1784.58,
        1784.06,
        1783.54,
        1783.03,
        1782.52,
        1782.01,
        1781.51,
        1781.0,
        1780.5,
        1780.01,
        1779.51,
        1779.02,
        1778.53,
        1778.04
      ],
      "metrics": {
        "MAE": 4.331238,
        "RMSE": 6.109958,
        "MAPE": 0.246,
        "R2": 0.9223
      }
    },
    "BNB_USD": {
      "current": 575.82,
      "next_1h": 575.82,
      "next_24h": 576.62,
      "change_pct": 0.0,
      "trend": "\ud83d\udcc9 DOWN",
      "predictions": [
        575.82,
        575.83,
        575.93,
        575.93,
        575.97,
        576.01,
        576.05,
        576.08,
        576.12,
        576.15,
        576.18,
        576.22,
        576.25,
        576.29,
        576.32,
        576.36,
        576.39,
        576.42,
        576.46,
        576.49,
        576.52,
        576.55,
        576.59,
        576.62
      ],
      "metrics": {
        "MAE": 1.00449,
        "RMSE": 1.375884,
        "MAPE": 0.1756,
        "R2": 0.9421
      }
    }
  }
}