{
  "generated_at": "2026-07-19 06:13:09",
  "exchange_rates": {
    "USD_TZS": {
      "current": 2627.1477,
      "next_1h": 2626.8337,
      "next_24h": 2621.7811,
      "change_pct": -0.012,
      "trend": "\ud83d\udcc9 DOWN",
      "predictions": [
        2626.8337,
        2626.5424,
        2626.2571,
        2625.9776,
        2625.7039,
        2625.4357,
        2625.1756,
        2624.9233,
        2624.6786,
        2624.4412,
        2624.2109,
        2623.9877,
        2623.7712,
        2623.5612,
        2623.3576,
        2623.1602,
        2622.9687,
        2622.783,
        2622.6029,
        2622.4283,
        2622.259,
        2622.0948,
        2621.9356,
        2621.7811
      ],
      "metrics": {
        "MAE": 0.561925,
        "RMSE": 2.121449,
        "MAPE": 0.0215,
        "R2": 0.953
      }
    },
    "USD_KES": {
      "current": 129.3243,
      "next_1h": 129.3248,
      "next_24h": 129.3355,
      "change_pct": 0.0,
      "trend": "\ud83d\udcc9 DOWN",
      "predictions": [
        129.3248,
        129.3253,
        129.3258,
        129.3263,
        129.3268,
        129.3273,
        129.3278,
        129.3283,
        129.3288,
        129.3293,
        129.3297,
        129.3302,
        129.3307,
        129.3311,
        129.3316,
        129.332,
        129.3325,
        129.3329,
        129.3333,
        129.3338,
        129.3342,
        129.3346,
        129.335,
        129.3355
      ],
      "metrics": {
        "MAE": 0.003016,
        "RMSE": 0.01221,
        "MAPE": 0.0023,
        "R2": 0.9697
      }
    },
    "USD_UGX": {
      "current": 3666.6571,
      "next_1h": 3666.6975,
      "next_24h": 3667.6819,
      "change_pct": 0.001,
      "trend": "\ud83d\udcc8 UP",
      "predictions": [
        3666.6975,
        3666.7418,
        3666.786,
        3666.8301,
        3666.8741,
        3666.918,
        3666.9618,
        3667.0054,
        3667.0488,
        3667.0921,
        3667.1352,
        3667.1782,
        3667.221,
        3667.2637,
        3667.3062,
        3667.3486,
        3667.3908,
        3667.4328,
        3667.4747,
        3667.5165,
        3667.5581,
        3667.5995,
        3667.6408,
        3667.6819
      ],
      "metrics": {
        "MAE": 0.361644,
        "RMSE": 1.849951,
        "MAPE": 0.0099,
        "R2": 0.9682
      }
    },
    "USD_EUR": {
      "current": 0.8745,
      "next_1h": 0.8745,
      "next_24h": 0.8746,
      "change_pct": 0.001,
      "trend": "\ud83d\udcc8 UP",
      "predictions": [
        0.8745,
        0.8745,
        0.8745,
        0.8745,
        0.8745,
        0.8745,
        0.8745,
        0.8745,
        0.8745,
        0.8745,
        0.8745,
        0.8745,
        0.8745,
        0.8746,
        0.8746,
        0.8746,
        0.8746,
        0.8746,
        0.8746,
        0.8746,
        0.8746,
        0.8746,
        0.8746,
        0.8746
      ],
      "metrics": {
        "MAE": 4.1e-05,
        "RMSE": 0.00024,
        "MAPE": 0.0047,
        "R2": 0.9668
      }
    }
  },
  "crypto": {
    "BTC_USD": {
      "current": 64662.0,
      "next_1h": 64651.66,
      "next_24h": 64365.09,
      "change_pct": -0.016,
      "trend": "\ud83d\udcc9 DOWN",
      "predictions": [
        64651.66,
        64643.3,
        64628.99,
        64614.11,
        64601.69,
        64588.98,
        64576.2,
        64563.23,
        64550.35,
        64537.62,
        64524.94,
        64512.3,
        64499.72,
        64487.19,
        64474.73,
        64462.32,
        64449.97,
        64437.68,
        64425.44,
        64413.26,
        64401.13,
        64389.06,
        64377.05,
        64365.09
      ],
      "metrics": {
        "MAE": 105.552547,
        "RMSE": 155.2145,
        "MAPE": 0.165,
        "R2": 0.9648
      }
    },
    "ETH_USD": {
      "current": 1867.76,
      "next_1h": 1866.97,
      "next_24h": 1848.72,
      "change_pct": -0.042,
      "trend": "\ud83d\udcc9 DOWN",
      "predictions": [
        1866.97,
        1865.98,
        1865.11,
        1864.33,
        1863.48,
        1862.66,
        1861.85,
        1861.05,
        1860.25,
        1859.45,
        1858.66,
        1857.87,
        1857.08,
        1856.3,
        1855.53,
        1854.75,
        1853.98,
        1853.22,
        1852.46,
        1851.7,
        1850.95,
        1850.2,
        1849.46,
        1848.72
      ],
      "metrics": {
        "MAE": 4.364892,
        "RMSE": 6.762038,
        "MAPE": 0.2347,
        "R2": 0.9732
      }
    },
    "BNB_USD": {
      "current": 568.41,
      "next_1h": 568.47,
      "next_24h": 569.1,
      "change_pct": 0.01,
      "trend": "\ud83d\udcc8 UP",
      "predictions": [
        568.47,
        568.49,
        568.51,
        568.54,
        568.57,
        568.6,
        568.63,
        568.66,
        568.69,
        568.72,
        568.75,
        568.77,
        568.8,
        568.83,
        568.86,
        568.89,
        568.91,
        568.94,
        568.97,
        569.0,
        569.02,
        569.05,
        569.08,
        569.1
      ],
      "metrics": {
        "MAE": 0.840606,
        "RMSE": 1.171084,
        "MAPE": 0.1467,
        "R2": 0.9632
      }
    }
  }
}