{
  "generated_at": "2026-03-24 17:00:21",
  "exchange_rates": {
    "USD_TZS": {
      "current": 2581.1454,
      "next_1h": 2581.2327,
      "next_24h": 2582.8301,
      "change_pct": 0.003,
      "trend": "\ud83d\udcc8 UP",
      "predictions": [
        2581.2327,
        2581.3174,
        2581.4012,
        2581.4834,
        2581.5653,
        2581.6459,
        2581.7246,
        2581.8017,
        2581.8772,
        2581.951,
        2582.0232,
        2582.0938,
        2582.1629,
        2582.2304,
        2582.2965,
        2582.3612,
        2582.4244,
        2582.4863,
        2582.5468,
        2582.606,
        2582.6639,
        2582.7205,
        2582.7759,
        2582.8301
      ],
      "metrics": {
        "MAE": 0.301623,
        "RMSE": 1.259208,
        "MAPE": 0.0117,
        "R2": 0.8824
      }
    },
    "USD_KES": {
      "current": 129.5996,
      "next_1h": 129.5872,
      "next_24h": 129.416,
      "change_pct": -0.01,
      "trend": "\ud83d\udcc9 DOWN",
      "predictions": [
        129.5872,
        129.5734,
        129.5615,
        129.551,
        129.5414,
        129.5325,
        129.5239,
        129.5155,
        129.5073,
        129.4994,
        129.4918,
        129.4845,
        129.4775,
        129.4708,
        129.4643,
        129.4581,
        129.4521,
        129.4463,
        129.4408,
        129.4354,
        129.4303,
        129.4253,
        129.4206,
        129.416
      ],
      "metrics": {
        "MAE": 0.019728,
        "RMSE": 0.059179,
        "MAPE": 0.0152,
        "R2": 0.8738
      }
    },
    "USD_UGX": {
      "current": 3780.9511,
      "next_1h": 3781.0382,
      "next_24h": 3782.8394,
      "change_pct": 0.002,
      "trend": "\ud83d\udcc8 UP",
      "predictions": [
        3781.0382,
        3781.1239,
        3781.2079,
        3781.2912,
        3781.3729,
        3781.4532,
        3781.5332,
        3781.6129,
        3781.6922,
        3781.7711,
        3781.8498,
        3781.928,
        3782.0059,
        3782.0834,
        3782.1606,
        3782.2374,
        3782.3139,
        3782.39,
        3782.4658,
        3782.5412,
        3782.6162,
        3782.691,
        3782.7653,
        3782.8394
      ],
      "metrics": {
        "MAE": 0.183286,
        "RMSE": 0.580726,
        "MAPE": 0.0049,
        "R2": 0.887
      }
    },
    "USD_EUR": {
      "current": 0.8624,
      "next_1h": 0.8625,
      "next_24h": 0.8644,
      "change_pct": 0.013,
      "trend": "\ud83d\udcc8 UP",
      "predictions": [
        0.8625,
        0.8626,
        0.8627,
        0.8628,
        0.8629,
        0.863,
        0.8631,
        0.8631,
        0.8632,
        0.8633,
        0.8634,
        0.8635,
        0.8636,
        0.8637,
        0.8637,
        0.8638,
        0.8639,
        0.864,
        0.864,
        0.8641,
        0.8642,
        0.8643,
        0.8643,
        0.8644
      ],
      "metrics": {
        "MAE": 0.000104,
        "RMSE": 0.000317,
        "MAPE": 0.0121,
        "R2": 0.933
      }
    }
  },
  "crypto": {
    "BTC_USD": {
      "current": 69445.0,
      "next_1h": 69539.39,
      "next_24h": 70176.33,
      "change_pct": 0.136,
      "trend": "\ud83d\udcc8 UP",
      "predictions": [
        69539.39,
        69608.85,
        69665.63,
        69704.32,
        69734.48,
        69758.06,
        69782.98,
        69808.45,
        69834.09,
        69859.52,
        69884.56,
        69909.16,
        69933.35,
        69957.16,
        69980.61,
        70003.71,
        70026.46,
        70048.87,
        70070.93,
        70092.66,
        70114.06,
        70135.13,
        70155.89,
        70176.33
      ],
      "metrics": {
        "MAE": 263.211924,
        "RMSE": 416.471467,
        "MAPE": 0.3786,
        "R2": 0.8594
      }
    },
    "ETH_USD": {
      "current": 2125.99,
      "next_1h": 2125.28,
      "next_24h": 2126.95,
      "change_pct": -0.034,
      "trend": "\ud83d\udcc9 DOWN",
      "predictions": [
        2125.28,
        2124.06,
        2122.92,
        2122.7,
        2122.56,
        2122.7,
        2122.85,
        2123.04,
        2123.29,
        2123.54,
        2123.8,
        2124.07,
        2124.33,
        2124.59,
        2124.84,
        2125.1,
        2125.34,
        2125.59,
        2125.83,
        2126.06,
        2126.29,
        2126.51,
        2126.73,
        2126.95
      ],
      "metrics": {
        "MAE": 9.819516,
        "RMSE": 17.483413,
        "MAPE": 0.4652,
        "R2": 0.8318
      }
    },
    "BNB_USD": {
      "current": 628.97,
      "next_1h": 629.69,
      "next_24h": 640.53,
      "change_pct": 0.114,
      "trend": "\ud83d\udcc8 UP",
      "predictions": [
        629.69,
        630.42,
        630.96,
        631.54,
        632.1,
        632.64,
        633.17,
        633.68,
        634.19,
        634.68,
        635.16,
        635.64,
        636.1,
        636.55,
        636.99,
        637.42,
        637.84,
        638.25,
        638.65,
        639.05,
        639.43,
        639.81,
        640.18,
        640.53
      ],
      "metrics": {
        "MAE": 1.938372,
        "RMSE": 3.153642,
        "MAPE": 0.3061,
        "R2": 0.7519
      }
    }
  }
}