{
  "generated_at": "2026-03-21 23:00:13",
  "exchange_rates": {
    "USD_TZS": {
      "current": 2590.7005,
      "next_1h": 2590.6345,
      "next_24h": 2589.3927,
      "change_pct": -0.003,
      "trend": "\ud83d\udcc9 DOWN",
      "predictions": [
        2590.6345,
        2590.571,
        2590.5081,
        2590.4466,
        2590.3848,
        2590.3243,
        2590.2648,
        2590.2063,
        2590.1488,
        2590.0922,
        2590.0366,
        2589.9819,
        2589.9281,
        2589.8752,
        2589.8232,
        2589.7721,
        2589.7218,
        2589.6724,
        2589.6238,
        2589.576,
        2589.529,
        2589.4828,
        2589.4374,
        2589.3927
      ],
      "metrics": {
        "MAE": 0.516421,
        "RMSE": 2.154506,
        "MAPE": 0.0199,
        "R2": 0.9315
      }
    },
    "USD_KES": {
      "current": 129.4993,
      "next_1h": 129.4808,
      "next_24h": 129.2918,
      "change_pct": -0.014,
      "trend": "\ud83d\udcc9 DOWN",
      "predictions": [
        129.4808,
        129.4602,
        129.4431,
        129.4284,
        129.4153,
        129.4036,
        129.3927,
        129.3825,
        129.3729,
        129.3641,
        129.356,
        129.3484,
        129.3414,
        129.335,
        129.329,
        129.3235,
        129.3184,
        129.3136,
        129.3092,
        129.3052,
        129.3014,
        129.2979,
        129.2947,
        129.2918
      ],
      "metrics": {
        "MAE": 0.019697,
        "RMSE": 0.020511,
        "MAPE": 0.0152,
        "R2": -1.7167
      }
    },
    "USD_UGX": {
      "current": 3778.1187,
      "next_1h": 3778.1838,
      "next_24h": 3779.5252,
      "change_pct": 0.002,
      "trend": "\ud83d\udcc8 UP",
      "predictions": [
        3778.1838,
        3778.2478,
        3778.3106,
        3778.3728,
        3778.4339,
        3778.4938,
        3778.5536,
        3778.613,
        3778.6722,
        3778.7311,
        3778.7897,
        3778.848,
        3778.906,
        3778.9637,
        3779.0212,
        3779.0783,
        3779.1352,
        3779.1917,
        3779.248,
        3779.304,
        3779.3597,
        3779.4152,
        3779.4703,
        3779.5252
      ],
      "metrics": {
        "MAE": 0.207141,
        "RMSE": 0.740555,
        "MAPE": 0.0055,
        "R2": 0.9561
      }
    },
    "USD_EUR": {
      "current": 0.8656,
      "next_1h": 0.8656,
      "next_24h": 0.8665,
      "change_pct": 0.006,
      "trend": "\ud83d\udcc8 UP",
      "predictions": [
        0.8656,
        0.8657,
        0.8657,
        0.8657,
        0.8658,
        0.8658,
        0.8659,
        0.8659,
        0.866,
        0.866,
        0.866,
        0.8661,
        0.8661,
        0.8662,
        0.8662,
        0.8662,
        0.8663,
        0.8663,
        0.8663,
        0.8664,
        0.8664,
        0.8664,
        0.8665,
        0.8665
      ],
      "metrics": {
        "MAE": 0.000205,
        "RMSE": 0.000708,
        "MAPE": 0.0236,
        "R2": 0.9095
      }
    }
  },
  "crypto": {
    "BTC_USD": {
      "current": 70292.0,
      "next_1h": 70318.79,
      "next_24h": 70779.3,
      "change_pct": 0.038,
      "trend": "\ud83d\udcc8 UP",
      "predictions": [
        70318.79,
        70344.61,
        70375.81,
        70402.16,
        70423.17,
        70443.99,
        70464.41,
        70484.88,
        70505.37,
        70525.56,
        70545.45,
        70565.03,
        70584.32,
        70603.33,
        70622.08,
        70640.56,
        70658.78,
        70676.74,
        70694.45,
        70711.91,
        70729.12,
        70746.08,
        70762.81,
        70779.3
      ],
      "metrics": {
        "MAE": 197.33453,
        "RMSE": 254.381171,
        "MAPE": 0.2808,
        "R2": 0.6387
      }
    },
    "ETH_USD": {
      "current": 2149.9,
      "next_1h": 2150.19,
      "next_24h": 2148.29,
      "change_pct": 0.013,
      "trend": "\ud83d\udcc8 UP",
      "predictions": [
        2150.19,
        2150.11,
        2150.01,
        2149.76,
        2149.54,
        2149.48,
        2149.39,
        2149.3,
        2149.22,
        2149.14,
        2149.07,
        2149.0,
        2148.93,
        2148.87,
        2148.81,
        2148.74,
        2148.68,
        2148.62,
        2148.56,
        2148.51,
        2148.45,
        2148.39,
        2148.34,
        2148.29
      ],
      "metrics": {
        "MAE": 7.436494,
        "RMSE": 9.885363,
        "MAPE": 0.3454,
        "R2": 0.743
      }
    },
    "BNB_USD": {
      "current": 642.03,
      "next_1h": 642.51,
      "next_24h": 649.71,
      "change_pct": 0.075,
      "trend": "\ud83d\udcc8 UP",
      "predictions": [
        642.51,
        642.87,
        643.29,
        643.66,
        644.03,
        644.4,
        644.75,
        645.1,
        645.44,
        645.77,
        646.1,
        646.41,
        646.72,
        647.03,
        647.32,
        647.61,
        647.9,
        648.17,
        648.44,
        648.71,
        648.97,
        649.22,
        649.47,
        649.71
      ],
      "metrics": {
        "MAE": 1.406648,
        "RMSE": 1.824935,
        "MAPE": 0.219,
        "R2": 0.719
      }
    }
  }
}