{
  "generated_at": "2026-06-23 16:58:04",
  "exchange_rates": {
    "USD_TZS": {
      "current": 2615.5708,
      "next_1h": 2615.4462,
      "next_24h": 2612.9233,
      "change_pct": -0.005,
      "trend": "\ud83d\udcc9 DOWN",
      "predictions": [
        2615.4462,
        2615.3224,
        2615.1994,
        2615.0772,
        2614.9559,
        2614.8353,
        2614.7163,
        2614.599,
        2614.4832,
        2614.369,
        2614.2563,
        2614.1451,
        2614.0355,
        2613.9273,
        2613.8206,
        2613.7154,
        2613.6116,
        2613.5092,
        2613.4082,
        2613.3085,
        2613.2103,
        2613.1133,
        2613.0177,
        2612.9233
      ],
      "metrics": {
        "MAE": 0.647378,
        "RMSE": 3.107742,
        "MAPE": 0.0248,
        "R2": 0.8186
      }
    },
    "USD_KES": {
      "current": 129.4042,
      "next_1h": 129.4041,
      "next_24h": 129.4022,
      "change_pct": 0.0,
      "trend": "\ud83d\udcc9 DOWN",
      "predictions": [
        129.4041,
        129.404,
        129.4039,
        129.4038,
        129.4037,
        129.4037,
        129.4036,
        129.4035,
        129.4034,
        129.4033,
        129.4032,
        129.4032,
        129.4031,
        129.403,
        129.4029,
        129.4028,
        129.4027,
        129.4027,
        129.4026,
        129.4025,
        129.4024,
        129.4024,
        129.4023,
        129.4022
      ],
      "metrics": {
        "MAE": 0.002815,
        "RMSE": 0.0134,
        "MAPE": 0.0022,
        "R2": 0.8723
      }
    },
    "USD_UGX": {
      "current": 3634.6164,
      "next_1h": 3636.6271,
      "next_24h": 3675.0252,
      "change_pct": 0.055,
      "trend": "\ud83d\udcc8 UP",
      "predictions": [
        3636.6271,
        3638.6175,
        3640.5878,
        3642.5388,
        3644.4707,
        3646.3837,
        3648.2596,
        3650.0989,
        3651.9021,
        3653.6698,
        3655.4025,
        3657.1007,
        3658.7652,
        3660.3964,
        3661.9953,
        3663.5622,
        3665.098,
        3666.6031,
        3668.0783,
        3669.5242,
        3670.9412,
        3672.33,
        3673.6911,
        3675.0252
      ],
      "metrics": {
        "MAE": 2.568253,
        "RMSE": 6.417838,
        "MAPE": 0.0701,
        "R2": 0.9666
      }
    },
    "USD_EUR": {
      "current": 0.8744,
      "next_1h": 0.8743,
      "next_24h": 0.8728,
      "change_pct": -0.008,
      "trend": "\ud83d\udcc9 DOWN",
      "predictions": [
        0.8743,
        0.8743,
        0.8742,
        0.8741,
        0.8741,
        0.874,
        0.8739,
        0.8738,
        0.8738,
        0.8737,
        0.8736,
        0.8736,
        0.8735,
        0.8734,
        0.8734,
        0.8733,
        0.8732,
        0.8732,
        0.8731,
        0.8731,
        0.873,
        0.8729,
        0.8729,
        0.8728
      ],
      "metrics": {
        "MAE": 0.000151,
        "RMSE": 0.000684,
        "MAPE": 0.0173,
        "R2": 0.9773
      }
    }
  },
  "crypto": {
    "BTC_USD": {
      "current": 62430.0,
      "next_1h": 62335.6,
      "next_24h": 62015.86,
      "change_pct": -0.151,
      "trend": "\ud83d\udcc9 DOWN",
      "predictions": [
        62335.6,
        62298.55,
        62286.96,
        62303.38,
        62294.72,
        62270.16,
        62254.54,
        62242.72,
        62230.87,
        62216.09,
        62200.7,
        62186.47,
        62172.51,
        62158.32,
        62143.89,
        62129.51,
        62115.27,
        62101.05,
        62086.81,
        62072.57,
        62058.36,
        62044.18,
        62030.01,
        62015.86
      ],
      "metrics": {
        "MAE": 232.5926,
        "RMSE": 325.655583,
        "MAPE": 0.361,
        "R2": 0.9161
      }
    },
    "ETH_USD": {
      "current": 1657.47,
      "next_1h": 1656.05,
      "next_24h": 1643.39,
      "change_pct": -0.085,
      "trend": "\ud83d\udcc9 DOWN",
      "predictions": [
        1656.05,
        1655.61,
        1655.54,
        1655.02,
        1654.37,
        1653.8,
        1653.25,
        1652.66,
        1652.07,
        1651.49,
        1650.91,
        1650.32,
        1649.74,
        1649.16,
        1648.58,
        1648.0,
        1647.42,
        1646.84,
        1646.27,
        1645.69,
        1645.11,
        1644.54,
        1643.97,
        1643.39
      ],
      "metrics": {
        "MAE": 8.994514,
        "RMSE": 14.038281,
        "MAPE": 0.5171,
        "R2": 0.8794
      }
    },
    "BNB_USD": {
      "current": 573.85,
      "next_1h": 574.17,
      "next_24h": 582.39,
      "change_pct": 0.056,
      "trend": "\ud83d\udcc8 UP",
      "predictions": [
        574.17,
        574.58,
        575.03,
        575.44,
        575.8,
        576.18,
        576.55,
        576.91,
        577.27,
        577.63,
        577.98,
        578.33,
        578.68,
        579.03,
        579.38,
        579.72,
        580.06,
        580.4,
        580.74,
        581.07,
        581.4,
        581.74,
        582.06,
        582.39
      ],
      "metrics": {
        "MAE": 2.082892,
        "RMSE": 3.039436,
        "MAPE": 0.3498,
        "R2": 0.9525
      }
    }
  }
}