{
  "generated_at": "2026-07-18 10:13:09",
  "exchange_rates": {
    "USD_TZS": {
      "current": 2629.0886,
      "next_1h": 2628.7258,
      "next_24h": 2622.5758,
      "change_pct": -0.014,
      "trend": "\ud83d\udcc9 DOWN",
      "predictions": [
        2628.7258,
        2628.3704,
        2628.0224,
        2627.6815,
        2627.3475,
        2627.0205,
        2626.7033,
        2626.3957,
        2626.0974,
        2625.8081,
        2625.5277,
        2625.2559,
        2624.9924,
        2624.737,
        2624.4894,
        2624.2494,
        2624.0167,
        2623.7911,
        2623.5725,
        2623.3606,
        2623.1551,
        2622.956,
        2622.7629,
        2622.5758
      ],
      "metrics": {
        "MAE": 0.554115,
        "RMSE": 2.138304,
        "MAPE": 0.0212,
        "R2": 0.9501
      }
    },
    "USD_KES": {
      "current": 129.3268,
      "next_1h": 129.3273,
      "next_24h": 129.3393,
      "change_pct": 0.0,
      "trend": "\ud83d\udcc9 DOWN",
      "predictions": [
        129.3273,
        129.3279,
        129.3285,
        129.329,
        129.3296,
        129.3302,
        129.3307,
        129.3313,
        129.3318,
        129.3324,
        129.3329,
        129.3334,
        129.3339,
        129.3345,
        129.335,
        129.3355,
        129.336,
        129.3365,
        129.3369,
        129.3374,
        129.3379,
        129.3384,
        129.3388,
        129.3393
      ],
      "metrics": {
        "MAE": 0.003312,
        "RMSE": 0.012348,
        "MAPE": 0.0026,
        "R2": 0.9698
      }
    },
    "USD_UGX": {
      "current": 3669.5216,
      "next_1h": 3669.5568,
      "next_24h": 3670.3365,
      "change_pct": 0.001,
      "trend": "\ud83d\udcc8 UP",
      "predictions": [
        3669.5568,
        3669.5919,
        3669.6269,
        3669.6618,
        3669.6967,
        3669.7315,
        3669.7662,
        3669.8007,
        3669.8351,
        3669.8694,
        3669.9036,
        3669.9376,
        3669.9715,
        3670.0053,
        3670.039,
        3670.0725,
        3670.1059,
        3670.1392,
        3670.1724,
        3670.2055,
        3670.2384,
        3670.2712,
        3670.304,
        3670.3365
      ],
      "metrics": {
        "MAE": 0.354463,
        "RMSE": 1.857134,
        "MAPE": 0.0097,
        "R2": 0.9686
      }
    },
    "USD_EUR": {
      "current": 0.8744,
      "next_1h": 0.8745,
      "next_24h": 0.8746,
      "change_pct": 0.001,
      "trend": "\ud83d\udcc8 UP",
      "predictions": [
        0.8745,
        0.8745,
        0.8745,
        0.8745,
        0.8745,
        0.8745,
        0.8745,
        0.8745,
        0.8745,
        0.8745,
        0.8745,
        0.8745,
        0.8745,
        0.8745,
        0.8745,
        0.8745,
        0.8745,
        0.8745,
        0.8745,
        0.8745,
        0.8745,
        0.8746,
        0.8746,
        0.8746
      ],
      "metrics": {
        "MAE": 4.2e-05,
        "RMSE": 0.000242,
        "MAPE": 0.0048,
        "R2": 0.9658
      }
    }
  },
  "crypto": {
    "BTC_USD": {
      "current": 63940.0,
      "next_1h": 63929.66,
      "next_24h": 63732.52,
      "change_pct": -0.016,
      "trend": "\ud83d\udcc9 DOWN",
      "predictions": [
        63929.66,
        63919.47,
        63909.65,
        63901.24,
        63893.33,
        63884.44,
        63875.54,
        63866.76,
        63858.1,
        63849.49,
        63840.87,
        63832.3,
        63823.76,
        63815.28,
        63806.83,
        63798.42,
        63790.04,
        63781.71,
        63773.42,
        63765.16,
        63756.95,
        63748.77,
        63740.63,
        63732.52
      ],
      "metrics": {
        "MAE": 113.240172,
        "RMSE": 161.578238,
        "MAPE": 0.1776,
        "R2": 0.9694
      }
    },
    "ETH_USD": {
      "current": 1843.9,
      "next_1h": 1843.27,
      "next_24h": 1828.13,
      "change_pct": -0.034,
      "trend": "\ud83d\udcc9 DOWN",
      "predictions": [
        1843.27,
        1842.49,
        1841.79,
        1841.13,
        1840.44,
        1839.75,
        1839.08,
        1838.41,
        1837.74,
        1837.08,
        1836.41,
        1835.76,
        1835.1,
        1834.45,
        1833.8,
        1833.16,
        1832.52,
        1831.88,
        1831.25,
        1830.62,
        1829.99,
        1829.37,
        1828.75,
        1828.13
      ],
      "metrics": {
        "MAE": 4.614374,
        "RMSE": 6.964437,
        "MAPE": 0.2493,
        "R2": 0.9804
      }
    },
    "BNB_USD": {
      "current": 568.15,
      "next_1h": 568.19,
      "next_24h": 569.01,
      "change_pct": 0.006,
      "trend": "\ud83d\udcc8 UP",
      "predictions": [
        568.19,
        568.22,
        568.25,
        568.3,
        568.34,
        568.37,
        568.41,
        568.45,
        568.48,
        568.52,
        568.55,
        568.59,
        568.63,
        568.66,
        568.7,
        568.73,
        568.77,
        568.8,
        568.84,
        568.87,
        568.91,
        568.94,
        568.97,
        569.01
      ],
      "metrics": {
        "MAE": 0.858425,
        "RMSE": 1.197895,
        "MAPE": 0.1499,
        "R2": 0.9647
      }
    }
  }
}