{
  "generated_at": "2026-03-14 22:00:32",
  "exchange_rates": {
    "USD_TZS": {
      "current": 2580.4805,
      "next_1h": 2580.1565,
      "next_24h": 2576.0896,
      "change_pct": -0.013,
      "trend": "\ud83d\udcc9 DOWN",
      "predictions": [
        2580.1565,
        2579.8525,
        2579.5573,
        2579.2755,
        2578.9968,
        2578.7303,
        2578.4809,
        2578.2476,
        2578.0294,
        2577.8257,
        2577.6358,
        2577.4591,
        2577.2945,
        2577.1414,
        2576.9989,
        2576.8664,
        2576.743,
        2576.6283,
        2576.5215,
        2576.4222,
        2576.3299,
        2576.2439,
        2576.164,
        2576.0896
      ],
      "metrics": {
        "MAE": 0.37011,
        "RMSE": 0.380282,
        "MAPE": 0.0143,
        "R2": 0.5949
      }
    },
    "USD_KES": {
      "current": 129.2015,
      "next_1h": 129.208,
      "next_24h": 129.2651,
      "change_pct": 0.005,
      "trend": "\ud83d\udcc8 UP",
      "predictions": [
        129.208,
        129.2153,
        129.2213,
        129.2263,
        129.2307,
        129.2345,
        129.238,
        129.2411,
        129.244,
        129.2466,
        129.249,
        129.2511,
        129.253,
        129.2548,
        129.2563,
        129.2578,
        129.259,
        129.2602,
        129.2612,
        129.2622,
        129.263,
        129.2638,
        129.2645,
        129.2651
      ],
      "metrics": {
        "MAE": 0.007438,
        "RMSE": 0.015501,
        "MAPE": 0.0058,
        "R2": 0.8601
      }
    },
    "USD_UGX": {
      "current": 3743.5548,
      "next_1h": 3742.9023,
      "next_24h": 3730.9657,
      "change_pct": -0.017,
      "trend": "\ud83d\udcc9 DOWN",
      "predictions": [
        3742.9023,
        3742.2627,
        3741.637,
        3741.0177,
        3740.4118,
        3739.8186,
        3739.2372,
        3738.6676,
        3738.1094,
        3737.5624,
        3737.0265,
        3736.5013,
        3735.9867,
        3735.4825,
        3734.9884,
        3734.5042,
        3734.0298,
        3733.5649,
        3733.1094,
        3732.6631,
        3732.2257,
        3731.7971,
        3731.3772,
        3730.9657
      ],
      "metrics": {
        "MAE": 0.954429,
        "RMSE": 2.618163,
        "MAPE": 0.0255,
        "R2": 0.8658
      }
    },
    "USD_EUR": {
      "current": 0.8736,
      "next_1h": 0.8731,
      "next_24h": 0.8666,
      "change_pct": -0.061,
      "trend": "\ud83d\udcc9 DOWN",
      "predictions": [
        0.8731,
        0.8726,
        0.8722,
        0.8718,
        0.8713,
        0.8709,
        0.8706,
        0.8702,
        0.8699,
        0.8696,
        0.8693,
        0.869,
        0.8687,
        0.8685,
        0.8682,
        0.868,
        0.8678,
        0.8676,
        0.8674,
        0.8672,
        0.867,
        0.8669,
        0.8667,
        0.8666
      ],
      "metrics": {
        "MAE": 0.000578,
        "RMSE": 0.001208,
        "MAPE": 0.0662,
        "R2": 0.8468
      }
    }
  },
  "crypto": {
    "BTC_USD": {
      "current": 70808.0,
      "next_1h": 70828.34,
      "next_24h": 71372.22,
      "change_pct": 0.029,
      "trend": "\ud83d\udcc8 UP",
      "predictions": [
        70828.34,
        70849.4,
        70875.91,
        70907.0,
        70930.8,
        70955.42,
        70979.47,
        71004.04,
        71028.75,
        71052.93,
        71076.91,
        71100.65,
        71124.26,
        71147.71,
        71170.96,
        71194.03,
        71216.92,
        71239.63,
        71262.16,
        71284.52,
        71306.7,
        71328.71,
        71350.55,
        71372.22
      ],
      "metrics": {
        "MAE": 214.705596,
        "RMSE": 343.622157,
        "MAPE": 0.3,
        "R2": 0.7476
      }
    },
    "ETH_USD": {
      "current": 2087.6,
      "next_1h": 2084.52,
      "next_24h": 2048.56,
      "change_pct": -0.147,
      "trend": "\ud83d\udcc9 DOWN",
      "predictions": [
        2084.52,
        2082.22,
        2079.59,
        2077.43,
        2074.33,
        2071.12,
        2068.24,
        2065.54,
        2063.09,
        2060.79,
        2058.75,
        2056.97,
        2055.41,
        2054.08,
        2052.93,
        2051.97,
        2051.17,
        2050.51,
        2049.97,
        2049.54,
        2049.19,
        2048.92,
        2048.71,
        2048.56
      ],
      "metrics": {
        "MAE": 9.631487,
        "RMSE": 14.190114,
        "MAPE": 0.4546,
        "R2": 0.7127
      }
    },
    "BNB_USD": {
      "current": 654.96,
      "next_1h": 655.06,
      "next_24h": 658.42,
      "change_pct": 0.015,
      "trend": "\ud83d\udcc8 UP",
      "predictions": [
        655.06,
        655.2,
        655.38,
        655.54,
        655.72,
        655.89,
        656.05,
        656.22,
        656.37,
        656.53,
        656.68,
        656.83,
        656.98,
        657.12,
        657.26,
        657.4,
        657.54,
        657.67,
        657.8,
        657.93,
        658.06,
        658.18,
        658.3,
        658.42
      ],
      "metrics": {
        "MAE": 1.581315,
        "RMSE": 2.430127,
        "MAPE": 0.2398,
        "R2": 0.8056
      }
    }
  }
}