{
  "generated_at": "2026-05-03 22:20:45",
  "exchange_rates": {
    "USD_TZS": {
      "current": 2613.051,
      "next_1h": 2612.2807,
      "next_24h": 2602.0439,
      "change_pct": -0.029,
      "trend": "\ud83d\udcc9 DOWN",
      "predictions": [
        2612.2807,
        2611.5354,
        2610.8144,
        2610.1168,
        2609.4419,
        2608.7889,
        2608.1747,
        2607.5973,
        2607.055,
        2606.5463,
        2606.0693,
        2605.6227,
        2605.2046,
        2604.8131,
        2604.4467,
        2604.1038,
        2603.7828,
        2603.4824,
        2603.2013,
        2602.9381,
        2602.6919,
        2602.4614,
        2602.2457,
        2602.0439
      ],
      "metrics": {
        "MAE": 0.898832,
        "RMSE": 2.532703,
        "MAPE": 0.0345,
        "R2": 0.893
      }
    },
    "USD_KES": {
      "current": 129.1273,
      "next_1h": 129.1275,
      "next_24h": 129.1312,
      "change_pct": 0.0,
      "trend": "\ud83d\udcc9 DOWN",
      "predictions": [
        129.1275,
        129.1277,
        129.1278,
        129.128,
        129.1282,
        129.1283,
        129.1285,
        129.1286,
        129.1288,
        129.129,
        129.1291,
        129.1293,
        129.1294,
        129.1296,
        129.1298,
        129.1299,
        129.1301,
        129.1302,
        129.1304,
        129.1305,
        129.1307,
        129.1309,
        129.131,
        129.1312
      ],
      "metrics": {
        "MAE": 0.003602,
        "RMSE": 0.020812,
        "MAPE": 0.0028,
        "R2": 0.9513
      }
    },
    "USD_UGX": {
      "current": 3724.6819,
      "next_1h": 3724.4989,
      "next_24h": 3720.6727,
      "change_pct": -0.005,
      "trend": "\ud83d\udcc9 DOWN",
      "predictions": [
        3724.4989,
        3724.3171,
        3724.1365,
        3723.9572,
        3723.779,
        3723.6021,
        3723.4267,
        3723.2528,
        3723.0805,
        3722.9098,
        3722.7406,
        3722.5728,
        3722.4066,
        3722.2418,
        3722.0785,
        3721.9167,
        3721.7563,
        3721.5973,
        3721.4397,
        3721.2836,
        3721.1288,
        3720.9754,
        3720.8234,
        3720.6727
      ],
      "metrics": {
        "MAE": 0.626059,
        "RMSE": 2.93074,
        "MAPE": 0.0169,
        "R2": 0.9683
      }
    },
    "USD_EUR": {
      "current": 0.8528,
      "next_1h": 0.8528,
      "next_24h": 0.8527,
      "change_pct": -0.001,
      "trend": "\ud83d\udcc9 DOWN",
      "predictions": [
        0.8528,
        0.8528,
        0.8528,
        0.8528,
        0.8528,
        0.8528,
        0.8528,
        0.8528,
        0.8527,
        0.8527,
        0.8527,
        0.8527,
        0.8527,
        0.8527,
        0.8527,
        0.8527,
        0.8527,
        0.8527,
        0.8527,
        0.8527,
        0.8527,
        0.8527,
        0.8527,
        0.8527
      ],
      "metrics": {
        "MAE": 6.2e-05,
        "RMSE": 0.000291,
        "MAPE": 0.0072,
        "R2": 0.9079
      }
    }
  },
  "crypto": {
    "BTC_USD": {
      "current": 79175.0,
      "next_1h": 79177.03,
      "next_24h": 79176.64,
      "change_pct": 0.003,
      "trend": "\ud83d\udcc8 UP",
      "predictions": [
        79177.03,
        79192.15,
        79197.77,
        79197.45,
        79206.64,
        79204.36,
        79203.76,
        79202.87,
        79200.79,
        79199.74,
        79197.98,
        79196.34,
        79194.74,
        79193.03,
        79191.4,
        79189.74,
        79188.08,
        79186.44,
        79184.79,
        79183.15,
        79181.52,
        79179.89,
        79178.26,
        79176.64
      ],
      "metrics": {
        "MAE": 200.762496,
        "RMSE": 283.591722,
        "MAPE": 0.2596,
        "R2": 0.9267
      }
    },
    "ETH_USD": {
      "current": 2344.77,
      "next_1h": 2345.17,
      "next_24h": 2336.82,
      "change_pct": 0.017,
      "trend": "\ud83d\udcc8 UP",
      "predictions": [
        2345.17,
        2345.33,
        2346.3,
        2345.2,
        2345.65,
        2345.24,
        2344.73,
        2344.43,
        2343.84,
        2343.41,
        2342.93,
        2342.42,
        2341.96,
        2341.46,
        2340.98,
        2340.51,
        2340.03,
        2339.56,
        2339.1,
        2338.63,
        2338.17,
        2337.72,
        2337.27,
        2336.82
      ],
      "metrics": {
        "MAE": 7.264011,
        "RMSE": 11.306065,
        "MAPE": 0.3158,
        "R2": 0.8707
      }
    },
    "BNB_USD": {
      "current": 620.61,
      "next_1h": 620.65,
      "next_24h": 620.23,
      "change_pct": 0.007,
      "trend": "\ud83d\udcc8 UP",
      "predictions": [
        620.65,
        620.7,
        620.69,
        620.66,
        620.68,
        620.66,
        620.64,
        620.62,
        620.59,
        620.57,
        620.54,
        620.52,
        620.49,
        620.47,
        620.44,
        620.42,
        620.4,
        620.37,
        620.35,
        620.33,
        620.3,
        620.28,
        620.26,
        620.23
      ],
      "metrics": {
        "MAE": 1.185441,
        "RMSE": 1.697683,
        "MAPE": 0.1905,
        "R2": 0.9038
      }
    }
  }
}