{
  "generated_at": "2026-07-21 01:17:11",
  "exchange_rates": {
    "USD_TZS": {
      "current": 2626.5347,
      "next_1h": 2626.2589,
      "next_24h": 2621.7732,
      "change_pct": -0.011,
      "trend": "\ud83d\udcc9 DOWN",
      "predictions": [
        2626.2589,
        2625.9886,
        2625.7237,
        2625.464,
        2625.2094,
        2624.9757,
        2624.7489,
        2624.5288,
        2624.3153,
        2624.1081,
        2623.9071,
        2623.7121,
        2623.5227,
        2623.3389,
        2623.1605,
        2622.9874,
        2622.8193,
        2622.6562,
        2622.4979,
        2622.3442,
        2622.195,
        2622.0502,
        2621.9096,
        2621.7732
      ],
      "metrics": {
        "MAE": 0.542026,
        "RMSE": 2.07051,
        "MAPE": 0.0207,
        "R2": 0.9562
      }
    },
    "USD_KES": {
      "current": 129.2986,
      "next_1h": 129.2993,
      "next_24h": 129.3123,
      "change_pct": 0.001,
      "trend": "\ud83d\udcc8 UP",
      "predictions": [
        129.2993,
        129.2999,
        129.3006,
        129.3012,
        129.3019,
        129.3025,
        129.3031,
        129.3037,
        129.3042,
        129.3048,
        129.3054,
        129.3059,
        129.3065,
        129.307,
        129.3076,
        129.3081,
        129.3087,
        129.3092,
        129.3097,
        129.3102,
        129.3107,
        129.3112,
        129.3118,
        129.3123
      ],
      "metrics": {
        "MAE": 0.002641,
        "RMSE": 0.012144,
        "MAPE": 0.002,
        "R2": 0.9597
      }
    },
    "USD_UGX": {
      "current": 3684.2026,
      "next_1h": 3684.1526,
      "next_24h": 3683.1959,
      "change_pct": -0.001,
      "trend": "\ud83d\udcc9 DOWN",
      "predictions": [
        3684.1526,
        3684.1027,
        3684.0529,
        3684.0032,
        3683.9537,
        3683.9125,
        3683.8715,
        3683.8307,
        3683.79,
        3683.7494,
        3683.709,
        3683.6688,
        3683.6286,
        3683.5886,
        3683.5488,
        3683.509,
        3683.4694,
        3683.43,
        3683.3906,
        3683.3514,
        3683.3124,
        3683.2734,
        3683.2346,
        3683.1959
      ],
      "metrics": {
        "MAE": 0.416853,
        "RMSE": 2.380617,
        "MAPE": 0.0113,
        "R2": 0.9589
      }
    },
    "USD_EUR": {
      "current": 0.8758,
      "next_1h": 0.8758,
      "next_24h": 0.8759,
      "change_pct": 0.0,
      "trend": "\ud83d\udcc9 DOWN",
      "predictions": [
        0.8758,
        0.8758,
        0.8758,
        0.8758,
        0.8758,
        0.8758,
        0.8758,
        0.8758,
        0.8758,
        0.8758,
        0.8758,
        0.8758,
        0.8758,
        0.8758,
        0.8758,
        0.8758,
        0.8758,
        0.8758,
        0.8758,
        0.8758,
        0.8758,
        0.8758,
        0.8759,
        0.8759
      ],
      "metrics": {
        "MAE": 4.3e-05,
        "RMSE": 0.000238,
        "MAPE": 0.0049,
        "R2": 0.9666
      }
    }
  },
  "crypto": {
    "BTC_USD": {
      "current": 65529.0,
      "next_1h": 65494.64,
      "next_24h": 65182.94,
      "change_pct": -0.052,
      "trend": "\ud83d\udcc9 DOWN",
      "predictions": [
        65494.64,
        65464.62,
        65452.11,
        65452.7,
        65441.28,
        65425.25,
        65410.08,
        65396.43,
        65383.23,
        65369.5,
        65355.63,
        65341.89,
        65328.31,
        65314.8,
        65301.33,
        65287.91,
        65274.56,
        65261.28,
        65248.07,
        65234.92,
        65221.83,
        65208.8,
        65195.84,
        65182.94
      ],
      "metrics": {
        "MAE": 100.416013,
        "RMSE": 149.554053,
        "MAPE": 0.1561,
        "R2": 0.937
      }
    },
    "ETH_USD": {
      "current": 1914.04,
      "next_1h": 1912.44,
      "next_24h": 1892.27,
      "change_pct": -0.083,
      "trend": "\ud83d\udcc9 DOWN",
      "predictions": [
        1912.44,
        1911.38,
        1910.63,
        1909.61,
        1908.67,
        1907.77,
        1906.88,
        1905.98,
        1905.09,
        1904.2,
        1903.32,
        1902.45,
        1901.57,
        1900.7,
        1899.84,
        1898.98,
        1898.13,
        1897.28,
        1896.43,
        1895.59,
        1894.75,
        1893.92,
        1893.09,
        1892.27
      ],
      "metrics": {
        "MAE": 4.216006,
        "RMSE": 6.243928,
        "MAPE": 0.225,
        "R2": 0.9512
      }
    },
    "BNB_USD": {
      "current": 573.28,
      "next_1h": 573.31,
      "next_24h": 573.92,
      "change_pct": 0.005,
      "trend": "\ud83d\udcc8 UP",
      "predictions": [
        573.31,
        573.34,
        573.42,
        573.43,
        573.45,
        573.48,
        573.5,
        573.53,
        573.55,
        573.58,
        573.6,
        573.63,
        573.65,
        573.68,
        573.7,
        573.73,
        573.75,
        573.78,
        573.8,
        573.82,
        573.85,
        573.87,
        573.89,
        573.92
      ],
      "metrics": {
        "MAE": 0.809293,
        "RMSE": 1.132331,
        "MAPE": 0.1416,
        "R2": 0.9562
      }
    }
  }
}