{
  "generated_at": "2026-06-05 03:22:18",
  "exchange_rates": {
    "USD_TZS": {
      "current": 2619.5894,
      "next_1h": 2618.7824,
      "next_24h": 2605.7514,
      "change_pct": -0.031,
      "trend": "\ud83d\udcc9 DOWN",
      "predictions": [
        2618.7824,
        2617.9918,
        2617.2172,
        2616.4582,
        2615.6914,
        2614.9402,
        2614.2192,
        2613.5277,
        2612.8647,
        2612.2293,
        2611.6211,
        2611.0393,
        2610.4828,
        2609.9505,
        2609.4414,
        2608.9545,
        2608.4888,
        2608.0435,
        2607.6176,
        2607.2103,
        2606.8208,
        2606.4483,
        2606.0921,
        2605.7514
      ],
      "metrics": {
        "MAE": 0.988776,
        "RMSE": 2.412363,
        "MAPE": 0.0378,
        "R2": 0.9494
      }
    },
    "USD_KES": {
      "current": 129.2572,
      "next_1h": 129.2573,
      "next_24h": 129.2651,
      "change_pct": 0.0,
      "trend": "\ud83d\udcc9 DOWN",
      "predictions": [
        129.2573,
        129.2573,
        129.2573,
        129.2573,
        129.2577,
        129.2581,
        129.2585,
        129.2589,
        129.2593,
        129.2597,
        129.2601,
        129.2605,
        129.2609,
        129.2613,
        129.2617,
        129.2621,
        129.2625,
        129.2628,
        129.2632,
        129.2636,
        129.264,
        129.2643,
        129.2647,
        129.2651
      ],
      "metrics": {
        "MAE": 0.003511,
        "RMSE": 0.013911,
        "MAPE": 0.0027,
        "R2": 0.9235
      }
    },
    "USD_UGX": {
      "current": 3739.6655,
      "next_1h": 3739.6349,
      "next_24h": 3739.1405,
      "change_pct": -0.001,
      "trend": "\ud83d\udcc9 DOWN",
      "predictions": [
        3739.6349,
        3739.6045,
        3739.5743,
        3739.5442,
        3739.5222,
        3739.5004,
        3739.4787,
        3739.4573,
        3739.4361,
        3739.4151,
        3739.3943,
        3739.3737,
        3739.3533,
        3739.3331,
        3739.313,
        3739.2932,
        3739.2735,
        3739.254,
        3739.2346,
        3739.2155,
        3739.1965,
        3739.1777,
        3739.159,
        3739.1405
      ],
      "metrics": {
        "MAE": 0.647234,
        "RMSE": 2.734805,
        "MAPE": 0.0173,
        "R2": 0.8855
      }
    },
    "USD_EUR": {
      "current": 0.8605,
      "next_1h": 0.8605,
      "next_24h": 0.8603,
      "change_pct": -0.002,
      "trend": "\ud83d\udcc9 DOWN",
      "predictions": [
        0.8605,
        0.8605,
        0.8605,
        0.8605,
        0.8605,
        0.8605,
        0.8604,
        0.8604,
        0.8604,
        0.8604,
        0.8604,
        0.8604,
        0.8604,
        0.8604,
        0.8604,
        0.8603,
        0.8603,
        0.8603,
        0.8603,
        0.8603,
        0.8603,
        0.8603,
        0.8603,
        0.8603
      ],
      "metrics": {
        "MAE": 6e-05,
        "RMSE": 0.000253,
        "MAPE": 0.007,
        "R2": 0.9551
      }
    }
  },
  "crypto": {
    "BTC_USD": {
      "current": 62604.0,
      "next_1h": 62816.86,
      "next_24h": 65749.97,
      "change_pct": 0.34,
      "trend": "\ud83d\udcc8 UP",
      "predictions": [
        62816.86,
        62980.56,
        63108.6,
        63273.65,
        63422.56,
        63550.68,
        63682.02,
        63812.47,
        63940.7,
        64068.76,
        64196.04,
        64322.01,
        64446.9,
        64570.7,
        64693.37,
        64814.97,
        64935.5,
        65054.96,
        65173.37,
        65290.74,
        65407.08,
        65522.39,
        65636.69,
        65749.97
      ],
      "metrics": {
        "MAE": 315.486119,
        "RMSE": 451.181716,
        "MAPE": 0.4563,
        "R2": 0.9874
      }
    },
    "ETH_USD": {
      "current": 1732.63,
      "next_1h": 1735.34,
      "next_24h": 1767.06,
      "change_pct": 0.156,
      "trend": "\ud83d\udcc8 UP",
      "predictions": [
        1735.34,
        1737.55,
        1739.09,
        1741.55,
        1743.5,
        1744.66,
        1745.88,
        1747.12,
        1748.33,
        1749.59,
        1750.88,
        1752.15,
        1753.42,
        1754.68,
        1755.94,
        1757.19,
        1758.44,
        1759.68,
        1760.92,
        1762.15,
        1763.39,
        1764.61,
        1765.84,
        1767.06
      ],
      "metrics": {
        "MAE": 9.723513,
        "RMSE": 14.245246,
        "MAPE": 0.5062,
        "R2": 0.9776
      }
    },
    "BNB_USD": {
      "current": 594.79,
      "next_1h": 595.6,
      "next_24h": 604.43,
      "change_pct": 0.135,
      "trend": "\ud83d\udcc8 UP",
      "predictions": [
        595.6,
        596.43,
        596.59,
        596.96,
        597.49,
        597.87,
        598.23,
        598.63,
        599.02,
        599.39,
        599.77,
        600.14,
        600.52,
        600.88,
        601.25,
        601.62,
        601.98,
        602.33,
        602.69,
        603.04,
        603.4,
        603.74,
        604.09,
        604.43
      ],
      "metrics": {
        "MAE": 4.172327,
        "RMSE": 5.563005,
        "MAPE": 0.6282,
        "R2": 0.9769
      }
    }
  }
}