{
  "generated_at": "2026-07-09 18:17:10",
  "exchange_rates": {
    "USD_TZS": {
      "current": 2624.9992,
      "next_1h": 2624.6526,
      "next_24h": 2618.9926,
      "change_pct": -0.013,
      "trend": "\ud83d\udcc9 DOWN",
      "predictions": [
        2624.6526,
        2624.3137,
        2623.9823,
        2623.6582,
        2623.3414,
        2623.0316,
        2622.7325,
        2622.4438,
        2622.1652,
        2621.8963,
        2621.6369,
        2621.3867,
        2621.1453,
        2620.9125,
        2620.6879,
        2620.4712,
        2620.2623,
        2620.0607,
        2619.8663,
        2619.6787,
        2619.4978,
        2619.3233,
        2619.155,
        2618.9926
      ],
      "metrics": {
        "MAE": 0.428675,
        "RMSE": 0.723959,
        "MAPE": 0.0163,
        "R2": 0.9109
      }
    },
    "USD_KES": {
      "current": 129.2854,
      "next_1h": 129.288,
      "next_24h": 129.3398,
      "change_pct": 0.002,
      "trend": "\ud83d\udcc8 UP",
      "predictions": [
        129.288,
        129.2906,
        129.2932,
        129.2957,
        129.2983,
        129.3008,
        129.3033,
        129.3057,
        129.3081,
        129.3105,
        129.3128,
        129.3151,
        129.3174,
        129.3196,
        129.3217,
        129.3239,
        129.326,
        129.3281,
        129.3301,
        129.3321,
        129.3341,
        129.336,
        129.3379,
        129.3398
      ],
      "metrics": {
        "MAE": 0.006288,
        "RMSE": 0.020248,
        "MAPE": 0.0049,
        "R2": 0.9686
      }
    },
    "USD_UGX": {
      "current": 3655.5446,
      "next_1h": 3655.6179,
      "next_24h": 3657.2504,
      "change_pct": 0.002,
      "trend": "\ud83d\udcc8 UP",
      "predictions": [
        3655.6179,
        3655.6911,
        3655.7641,
        3655.837,
        3655.9097,
        3655.9823,
        3656.0546,
        3656.1268,
        3656.1987,
        3656.2704,
        3656.3418,
        3656.413,
        3656.484,
        3656.5548,
        3656.6254,
        3656.6957,
        3656.7658,
        3656.8357,
        3656.9054,
        3656.9748,
        3657.0441,
        3657.1131,
        3657.1819,
        3657.2504
      ],
      "metrics": {
        "MAE": 1.054285,
        "RMSE": 4.210042,
        "MAPE": 0.0289,
        "R2": 0.8474
      }
    },
    "USD_EUR": {
      "current": 0.8761,
      "next_1h": 0.8762,
      "next_24h": 0.8768,
      "change_pct": 0.003,
      "trend": "\ud83d\udcc8 UP",
      "predictions": [
        0.8762,
        0.8762,
        0.8762,
        0.8762,
        0.8763,
        0.8763,
        0.8763,
        0.8763,
        0.8764,
        0.8764,
        0.8764,
        0.8764,
        0.8765,
        0.8765,
        0.8765,
        0.8765,
        0.8766,
        0.8766,
        0.8766,
        0.8766,
        0.8767,
        0.8767,
        0.8767,
        0.8768
      ],
      "metrics": {
        "MAE": 9.2e-05,
        "RMSE": 0.00036,
        "MAPE": 0.0104,
        "R2": 0.9091
      }
    }
  },
  "crypto": {
    "BTC_USD": {
      "current": 63361.0,
      "next_1h": 63317.37,
      "next_24h": 63061.09,
      "change_pct": -0.069,
      "trend": "\ud83d\udcc9 DOWN",
      "predictions": [
        63317.37,
        63268.23,
        63256.95,
        63263.02,
        63264.73,
        63250.85,
        63237.61,
        63227.06,
        63217.19,
        63206.82,
        63195.93,
        63185.19,
        63174.63,
        63164.12,
        63153.63,
        63143.16,
        63132.74,
        63122.38,
        63112.05,
        63101.77,
        63091.53,
        63081.34,
        63071.19,
        63061.09
      ],
      "metrics": {
        "MAE": 158.992615,
        "RMSE": 248.504456,
        "MAPE": 0.2524,
        "R2": 0.8562
      }
    },
    "ETH_USD": {
      "current": 1753.3,
      "next_1h": 1752.39,
      "next_24h": 1742.5,
      "change_pct": -0.052,
      "trend": "\ud83d\udcc9 DOWN",
      "predictions": [
        1752.39,
        1751.62,
        1751.34,
        1750.81,
        1750.23,
        1749.81,
        1749.41,
        1748.98,
        1748.56,
        1748.14,
        1747.73,
        1747.31,
        1746.9,
        1746.49,
        1746.08,
        1745.68,
        1745.27,
        1744.87,
        1744.47,
        1744.07,
        1743.68,
        1743.28,
        1742.89,
        1742.5
      ],
      "metrics": {
        "MAE": 5.310971,
        "RMSE": 7.908737,
        "MAPE": 0.3008,
        "R2": 0.8863
      }
    },
    "BNB_USD": {
      "current": 572.19,
      "next_1h": 572.19,
      "next_24h": 572.81,
      "change_pct": 0.001,
      "trend": "\ud83d\udcc8 UP",
      "predictions": [
        572.19,
        572.22,
        572.3,
        572.34,
        572.35,
        572.38,
        572.4,
        572.43,
        572.45,
        572.48,
        572.5,
        572.53,
        572.55,
        572.57,
        572.6,
        572.62,
        572.65,
        572.67,
        572.7,
        572.72,
        572.74,
        572.77,
        572.79,
        572.81
      ],
      "metrics": {
        "MAE": 1.310664,
        "RMSE": 1.954101,
        "MAPE": 0.2278,
        "R2": 0.9363
      }
    }
  }
}