{
  "generated_at": "2026-04-04 21:14:20",
  "exchange_rates": {
    "USD_TZS": {
      "current": 2596.9564,
      "next_1h": 2596.6404,
      "next_24h": 2590.758,
      "change_pct": -0.012,
      "trend": "\ud83d\udcc9 DOWN",
      "predictions": [
        2596.6404,
        2596.3316,
        2596.026,
        2595.7254,
        2595.426,
        2595.1311,
        2594.8424,
        2594.5595,
        2594.2825,
        2594.0112,
        2593.7456,
        2593.4855,
        2593.2309,
        2592.9816,
        2592.7375,
        2592.4985,
        2592.2645,
        2592.0354,
        2591.8111,
        2591.5915,
        2591.3765,
        2591.1659,
        2590.9598,
        2590.758
      ],
      "metrics": {
        "MAE": 0.638402,
        "RMSE": 2.70247,
        "MAPE": 0.0246,
        "R2": 0.9137
      }
    },
    "USD_KES": {
      "current": 130.0613,
      "next_1h": 130.0559,
      "next_24h": 129.9544,
      "change_pct": -0.004,
      "trend": "\ud83d\udcc9 DOWN",
      "predictions": [
        130.0559,
        130.0501,
        130.0448,
        130.0398,
        130.0351,
        130.0306,
        130.0261,
        130.0216,
        130.0171,
        130.0126,
        130.0082,
        130.0038,
        129.9995,
        129.9952,
        129.991,
        129.9867,
        129.9826,
        129.9784,
        129.9743,
        129.9703,
        129.9662,
        129.9622,
        129.9583,
        129.9544
      ],
      "metrics": {
        "MAE": 0.008715,
        "RMSE": 0.025474,
        "MAPE": 0.0067,
        "R2": 0.9341
      }
    },
    "USD_UGX": {
      "current": 3753.7694,
      "next_1h": 3753.7685,
      "next_24h": 3753.7504,
      "change_pct": 0.0,
      "trend": "\ud83d\udcc9 DOWN",
      "predictions": [
        3753.7685,
        3753.7677,
        3753.7668,
        3753.766,
        3753.7651,
        3753.7643,
        3753.7635,
        3753.7627,
        3753.7618,
        3753.761,
        3753.7602,
        3753.7595,
        3753.7587,
        3753.7579,
        3753.7571,
        3753.7563,
        3753.7556,
        3753.7548,
        3753.7541,
        3753.7533,
        3753.7526,
        3753.7519,
        3753.7511,
        3753.7504
      ],
      "metrics": {
        "MAE": 0.610693,
        "RMSE": 3.078957,
        "MAPE": 0.0163,
        "R2": 0.8865
      }
    },
    "USD_EUR": {
      "current": 0.8674,
      "next_1h": 0.8674,
      "next_24h": 0.8675,
      "change_pct": 0.0,
      "trend": "\ud83d\udcc9 DOWN",
      "predictions": [
        0.8674,
        0.8674,
        0.8674,
        0.8674,
        0.8674,
        0.8674,
        0.8674,
        0.8674,
        0.8674,
        0.8674,
        0.8674,
        0.8674,
        0.8674,
        0.8674,
        0.8674,
        0.8674,
        0.8674,
        0.8674,
        0.8674,
        0.8675,
        0.8675,
        0.8675,
        0.8675,
        0.8675
      ],
      "metrics": {
        "MAE": 0.000179,
        "RMSE": 0.000721,
        "MAPE": 0.0207,
        "R2": 0.9442
      }
    }
  },
  "crypto": {
    "BTC_USD": {
      "current": 67238.0,
      "next_1h": 67276.91,
      "next_24h": 67872.97,
      "change_pct": 0.058,
      "trend": "\ud83d\udcc8 UP",
      "predictions": [
        67276.91,
        67303.74,
        67337.49,
        67376.26,
        67403.49,
        67430.04,
        67456.88,
        67482.83,
        67508.61,
        67534.73,
        67560.55,
        67586.11,
        67611.43,
        67636.47,
        67661.22,
        67685.72,
        67709.97,
        67733.98,
        67757.74,
        67781.26,
        67804.54,
        67827.58,
        67850.39,
        67872.97
      ],
      "metrics": {
        "MAE": 203.417803,
        "RMSE": 288.654772,
        "MAPE": 0.3021,
        "R2": 0.823
      }
    },
    "ETH_USD": {
      "current": 2063.1,
      "next_1h": 2063.86,
      "next_24h": 2077.04,
      "change_pct": 0.037,
      "trend": "\ud83d\udcc8 UP",
      "predictions": [
        2063.86,
        2064.17,
        2064.98,
        2065.62,
        2066.28,
        2066.95,
        2067.59,
        2068.22,
        2068.85,
        2069.46,
        2070.07,
        2070.66,
        2071.24,
        2071.82,
        2072.38,
        2072.93,
        2073.48,
        2074.01,
        2074.54,
        2075.06,
        2075.56,
        2076.06,
        2076.56,
        2077.04
      ],
      "metrics": {
        "MAE": 8.11936,
        "RMSE": 11.729144,
        "MAPE": 0.3911,
        "R2": 0.8759
      }
    },
    "BNB_USD": {
      "current": 593.51,
      "next_1h": 594.43,
      "next_24h": 609.41,
      "change_pct": 0.155,
      "trend": "\ud83d\udcc8 UP",
      "predictions": [
        594.43,
        595.12,
        595.88,
        596.74,
        597.48,
        598.19,
        598.9,
        599.6,
        600.28,
        600.96,
        601.62,
        602.28,
        602.92,
        603.56,
        604.19,
        604.8,
        605.41,
        606.01,
        606.6,
        607.18,
        607.75,
        608.31,
        608.86,
        609.41
      ],
      "metrics": {
        "MAE": 1.836513,
        "RMSE": 2.546834,
        "MAPE": 0.3063,
        "R2": 0.9664
      }
    }
  }
}