{
  "generated_at": "2026-04-04 01:00:21",
  "exchange_rates": {
    "USD_TZS": {
      "current": 2596.9564,
      "next_1h": 2596.6261,
      "next_24h": 2591.0199,
      "change_pct": -0.013,
      "trend": "\ud83d\udcc9 DOWN",
      "predictions": [
        2596.6261,
        2596.3958,
        2596.1249,
        2595.9451,
        2595.6877,
        2595.3981,
        2595.1135,
        2594.8349,
        2594.5608,
        2594.291,
        2594.0262,
        2593.7666,
        2593.5121,
        2593.2625,
        2593.0178,
        2592.7779,
        2592.5427,
        2592.312,
        2592.0859,
        2591.8642,
        2591.6468,
        2591.4337,
        2591.2247,
        2591.0199
      ],
      "metrics": {
        "MAE": 0.689565,
        "RMSE": 2.845577,
        "MAPE": 0.0266,
        "R2": 0.9103
      }
    },
    "USD_KES": {
      "current": 130.0613,
      "next_1h": 130.0543,
      "next_24h": 129.8811,
      "change_pct": -0.005,
      "trend": "\ud83d\udcc9 DOWN",
      "predictions": [
        130.0543,
        130.0419,
        130.0313,
        130.0219,
        130.0131,
        130.0054,
        129.998,
        129.9905,
        129.9829,
        129.9755,
        129.9681,
        129.9608,
        129.9536,
        129.9466,
        129.9396,
        129.9327,
        129.926,
        129.9193,
        129.9127,
        129.9062,
        129.8998,
        129.8935,
        129.8872,
        129.8811
      ],
      "metrics": {
        "MAE": 0.013579,
        "RMSE": 0.03287,
        "MAPE": 0.0104,
        "R2": 0.8932
      }
    },
    "USD_UGX": {
      "current": 3753.7694,
      "next_1h": 3753.7311,
      "next_24h": 3753.1999,
      "change_pct": -0.001,
      "trend": "\ud83d\udcc9 DOWN",
      "predictions": [
        3753.7311,
        3753.6893,
        3753.6756,
        3753.6352,
        3753.5977,
        3753.5755,
        3753.5533,
        3753.5313,
        3753.5095,
        3753.4878,
        3753.4662,
        3753.4448,
        3753.4235,
        3753.4024,
        3753.3815,
        3753.3607,
        3753.34,
        3753.3196,
        3753.2992,
        3753.2791,
        3753.259,
        3753.2392,
        3753.2194,
        3753.1999
      ],
      "metrics": {
        "MAE": 0.763146,
        "RMSE": 3.467631,
        "MAPE": 0.0204,
        "R2": 0.873
      }
    },
    "USD_EUR": {
      "current": 0.8674,
      "next_1h": 0.8674,
      "next_24h": 0.8673,
      "change_pct": -0.001,
      "trend": "\ud83d\udcc9 DOWN",
      "predictions": [
        0.8674,
        0.8673,
        0.8673,
        0.8674,
        0.8673,
        0.8673,
        0.8673,
        0.8673,
        0.8673,
        0.8673,
        0.8673,
        0.8673,
        0.8673,
        0.8673,
        0.8673,
        0.8673,
        0.8673,
        0.8673,
        0.8673,
        0.8673,
        0.8673,
        0.8673,
        0.8673,
        0.8673
      ],
      "metrics": {
        "MAE": 0.0002,
        "RMSE": 0.000747,
        "MAPE": 0.0231,
        "R2": 0.9438
      }
    }
  },
  "crypto": {
    "BTC_USD": {
      "current": 66881.0,
      "next_1h": 66912.65,
      "next_24h": 67527.67,
      "change_pct": 0.047,
      "trend": "\ud83d\udcc8 UP",
      "predictions": [
        66912.65,
        66941.43,
        66973.48,
        67003.85,
        67037.12,
        67065.07,
        67092.84,
        67120.27,
        67147.4,
        67174.24,
        67201.11,
        67227.71,
        67254.05,
        67280.15,
        67306.0,
        67331.58,
        67356.92,
        67382.02,
        67406.88,
        67431.5,
        67455.89,
        67480.05,
        67503.98,
        67527.67
      ],
      "metrics": {
        "MAE": 227.514231,
        "RMSE": 311.0858,
        "MAPE": 0.3383,
        "R2": 0.8247
      }
    },
    "ETH_USD": {
      "current": 2051.88,
      "next_1h": 2052.45,
      "next_24h": 2067.03,
      "change_pct": 0.028,
      "trend": "\ud83d\udcc8 UP",
      "predictions": [
        2052.45,
        2053.16,
        2053.84,
        2054.57,
        2055.29,
        2056.0,
        2056.7,
        2057.39,
        2058.07,
        2058.74,
        2059.39,
        2060.04,
        2060.67,
        2061.3,
        2061.91,
        2062.52,
        2063.11,
        2063.7,
        2064.28,
        2064.84,
        2065.4,
        2065.95,
        2066.49,
        2067.03
      ],
      "metrics": {
        "MAE": 8.985882,
        "RMSE": 12.50295,
        "MAPE": 0.4344,
        "R2": 0.9026
      }
    },
    "BNB_USD": {
      "current": 587.81,
      "next_1h": 588.7,
      "next_24h": 605.54,
      "change_pct": 0.152,
      "trend": "\ud83d\udcc8 UP",
      "predictions": [
        588.7,
        589.66,
        590.56,
        591.41,
        592.27,
        593.06,
        593.85,
        594.62,
        595.38,
        596.13,
        596.87,
        597.6,
        598.32,
        599.03,
        599.73,
        600.41,
        601.09,
        601.75,
        602.41,
        603.05,
        603.69,
        604.32,
        604.93,
        605.54
      ],
      "metrics": {
        "MAE": 1.953444,
        "RMSE": 2.670305,
        "MAPE": 0.3249,
        "R2": 0.9633
      }
    }
  }
}