{
  "generated_at": "2026-03-12 02:00:22",
  "exchange_rates": {
    "USD_TZS": {
      "current": 2573.508,
      "next_1h": 2576.3524,
      "next_24h": 2576.6915,
      "change_pct": 0.111,
      "trend": "\ud83d\udcc8 UP",
      "predictions": [
        2576.3524,
        2578.6648,
        2581.3657,
        2582.0623,
        2582.2523,
        2582.117,
        2581.6623,
        2580.8173,
        2579.835,
        2578.8597,
        2577.9452,
        2577.1303,
        2576.4673,
        2575.9798,
        2575.6628,
        2575.5,
        2575.4701,
        2575.5463,
        2575.6976,
        2575.8947,
        2576.1117,
        2576.3271,
        2576.5242,
        2576.6915
      ],
      "metrics": {
        "MAE": 3.801241,
        "RMSE": 4.085162,
        "MAPE": 0.1484,
        "R2": -0.0006
      }
    },
    "USD_KES": {
      "current": 129.2363,
      "next_1h": 129.251,
      "next_24h": 129.269,
      "change_pct": 0.011,
      "trend": "\ud83d\udcc8 UP",
      "predictions": [
        129.251,
        129.2561,
        129.2585,
        129.2609,
        129.2616,
        129.262,
        129.2626,
        129.2634,
        129.2641,
        129.2647,
        129.2653,
        129.2658,
        129.2662,
        129.2666,
        129.267,
        129.2673,
        129.2676,
        129.2679,
        129.2681,
        129.2684,
        129.2686,
        129.2687,
        129.2689,
        129.269
      ],
      "metrics": {
        "MAE": 0.00974,
        "RMSE": 0.019589,
        "MAPE": 0.0075,
        "R2": 0.4553
      }
    },
    "USD_UGX": {
      "current": 3694.9123,
      "next_1h": 3697.7431,
      "next_24h": 3737.493,
      "change_pct": 0.077,
      "trend": "\ud83d\udcc8 UP",
      "predictions": [
        3697.7431,
        3700.0327,
        3702.6538,
        3705.9256,
        3706.8688,
        3707.6887,
        3708.7239,
        3709.834,
        3711.0748,
        3712.5968,
        3714.1406,
        3715.6857,
        3717.256,
        3718.8492,
        3720.4685,
        3722.1433,
        3723.8737,
        3725.6572,
        3727.4943,
        3729.3848,
        3731.3277,
        3733.3252,
        3735.3797,
        3737.493
      ],
      "metrics": {
        "MAE": 3.063629,
        "RMSE": 5.323028,
        "MAPE": 0.0826,
        "R2": 0.2122
      }
    },
    "USD_EUR": {
      "current": 0.8646,
      "next_1h": 0.8636,
      "next_24h": 0.863,
      "change_pct": -0.118,
      "trend": "\ud83d\udcc9 DOWN",
      "predictions": [
        0.8636,
        0.8639,
        0.8642,
        0.864,
        0.8638,
        0.8638,
        0.8638,
        0.8637,
        0.8636,
        0.8635,
        0.8635,
        0.8634,
        0.8634,
        0.8633,
        0.8633,
        0.8633,
        0.8632,
        0.8632,
        0.8632,
        0.8631,
        0.8631,
        0.8631,
        0.8631,
        0.863
      ],
      "metrics": {
        "MAE": 0.000363,
        "RMSE": 0.000927,
        "MAPE": 0.0421,
        "R2": 0.4768
      }
    }
  },
  "crypto": {
    "BTC_USD": {
      "current": 69831.0,
      "next_1h": 69996.1,
      "next_24h": 70132.98,
      "change_pct": 0.236,
      "trend": "\ud83d\udcc8 UP",
      "predictions": [
        69996.1,
        69994.92,
        70034.22,
        70093.38,
        70027.91,
        70049.75,
        70041.76,
        70050.94,
        70071.9,
        70067.91,
        70076.81,
        70077.68,
        70081.63,
        70089.3,
        70092.88,
        70098.85,
        70102.8,
        70106.93,
        70111.76,
        70115.88,
        70120.52,
        70124.71,
        70128.82,
        70132.98
      ],
      "metrics": {
        "MAE": 311.633751,
        "RMSE": 375.642903,
        "MAPE": 0.4446,
        "R2": 0.409
      }
    },
    "ETH_USD": {
      "current": 2045.78,
      "next_1h": 2043.73,
      "next_24h": 2030.58,
      "change_pct": -0.1,
      "trend": "\ud83d\udcc9 DOWN",
      "predictions": [
        2043.73,
        2039.98,
        2037.06,
        2036.03,
        2033.59,
        2032.56,
        2031.5,
        2030.75,
        2030.35,
        2029.91,
        2029.74,
        2029.62,
        2029.59,
        2029.63,
        2029.68,
        2029.78,
        2029.88,
        2030.0,
        2030.11,
        2030.22,
        2030.33,
        2030.42,
        2030.51,
        2030.58
      ],
      "metrics": {
        "MAE": 9.919101,
        "RMSE": 11.693089,
        "MAPE": 0.4856,
        "R2": 0.7063
      }
    },
    "BNB_USD": {
      "current": 647.02,
      "next_1h": 647.47,
      "next_24h": 648.23,
      "change_pct": 0.07,
      "trend": "\ud83d\udcc8 UP",
      "predictions": [
        647.47,
        648.0,
        647.85,
        648.2,
        647.96,
        647.94,
        648.02,
        648.01,
        648.05,
        648.06,
        648.06,
        648.08,
        648.09,
        648.11,
        648.12,
        648.14,
        648.15,
        648.16,
        648.17,
        648.18,
        648.2,
        648.21,
        648.22,
        648.23
      ],
      "metrics": {
        "MAE": 2.899933,
        "RMSE": 3.341617,
        "MAPE": 0.4499,
        "R2": 0.5821
      }
    }
  }
}