{
  "generated_at": "2026-07-20 00:13:09",
  "exchange_rates": {
    "USD_TZS": {
      "current": 2627.1477,
      "next_1h": 2626.864,
      "next_24h": 2622.013,
      "change_pct": -0.011,
      "trend": "\ud83d\udcc9 DOWN",
      "predictions": [
        2626.864,
        2626.586,
        2626.3135,
        2626.0464,
        2625.7847,
        2625.5283,
        2625.2793,
        2625.0376,
        2624.803,
        2624.5753,
        2624.3543,
        2624.1399,
        2623.9319,
        2623.73,
        2623.5341,
        2623.3441,
        2623.1596,
        2622.9807,
        2622.807,
        2622.6385,
        2622.475,
        2622.3163,
        2622.1624,
        2622.013
      ],
      "metrics": {
        "MAE": 0.543404,
        "RMSE": 2.09905,
        "MAPE": 0.0208,
        "R2": 0.9542
      }
    },
    "USD_KES": {
      "current": 129.3243,
      "next_1h": 129.3248,
      "next_24h": 129.3349,
      "change_pct": 0.0,
      "trend": "\ud83d\udcc9 DOWN",
      "predictions": [
        129.3248,
        129.3253,
        129.3258,
        129.3262,
        129.3267,
        129.3272,
        129.3277,
        129.3281,
        129.3286,
        129.329,
        129.3295,
        129.3299,
        129.3304,
        129.3308,
        129.3312,
        129.3316,
        129.3321,
        129.3325,
        129.3329,
        129.3333,
        129.3337,
        129.3341,
        129.3345,
        129.3349
      ],
      "metrics": {
        "MAE": 0.002752,
        "RMSE": 0.012041,
        "MAPE": 0.0021,
        "R2": 0.9685
      }
    },
    "USD_UGX": {
      "current": 3666.6571,
      "next_1h": 3666.6803,
      "next_24h": 3667.1957,
      "change_pct": 0.001,
      "trend": "\ud83d\udcc8 UP",
      "predictions": [
        3666.6803,
        3666.7034,
        3666.7266,
        3666.7496,
        3666.7726,
        3666.7956,
        3666.8185,
        3666.8413,
        3666.864,
        3666.8866,
        3666.9092,
        3666.9317,
        3666.9541,
        3666.9765,
        3666.9987,
        3667.0209,
        3667.043,
        3667.065,
        3667.087,
        3667.1089,
        3667.1307,
        3667.1524,
        3667.1741,
        3667.1957
      ],
      "metrics": {
        "MAE": 0.289316,
        "RMSE": 1.655116,
        "MAPE": 0.0079,
        "R2": 0.9733
      }
    },
    "USD_EUR": {
      "current": 0.8745,
      "next_1h": 0.8745,
      "next_24h": 0.8746,
      "change_pct": 0.001,
      "trend": "\ud83d\udcc8 UP",
      "predictions": [
        0.8745,
        0.8745,
        0.8745,
        0.8745,
        0.8745,
        0.8745,
        0.8745,
        0.8745,
        0.8745,
        0.8745,
        0.8746,
        0.8746,
        0.8746,
        0.8746,
        0.8746,
        0.8746,
        0.8746,
        0.8746,
        0.8746,
        0.8746,
        0.8746,
        0.8746,
        0.8746,
        0.8746
      ],
      "metrics": {
        "MAE": 3.9e-05,
        "RMSE": 0.000233,
        "MAPE": 0.0044,
        "R2": 0.9691
      }
    }
  },
  "crypto": {
    "BTC_USD": {
      "current": 64880.0,
      "next_1h": 64869.94,
      "next_24h": 64561.9,
      "change_pct": -0.016,
      "trend": "\ud83d\udcc9 DOWN",
      "predictions": [
        64869.94,
        64845.15,
        64820.48,
        64809.9,
        64806.06,
        64792.7,
        64778.24,
        64764.41,
        64751.55,
        64738.84,
        64725.8,
        64712.77,
        64699.84,
        64687.02,
        64674.26,
        64661.54,
        64648.88,
        64636.28,
        64623.74,
        64611.26,
        64598.83,
        64586.46,
        64574.16,
        64561.9
      ],
      "metrics": {
        "MAE": 101.156689,
        "RMSE": 151.758285,
        "MAPE": 0.1576,
        "R2": 0.9344
      }
    },
    "ETH_USD": {
      "current": 1883.45,
      "next_1h": 1882.35,
      "next_24h": 1862.19,
      "change_pct": -0.058,
      "trend": "\ud83d\udcc9 DOWN",
      "predictions": [
        1882.35,
        1880.56,
        1879.59,
        1878.9,
        1877.82,
        1876.95,
        1876.11,
        1875.26,
        1874.4,
        1873.56,
        1872.72,
        1871.88,
        1871.05,
        1870.22,
        1869.4,
        1868.58,
        1867.77,
        1866.96,
        1866.15,
        1865.35,
        1864.55,
        1863.76,
        1862.97,
        1862.19
      ],
      "metrics": {
        "MAE": 4.288,
        "RMSE": 6.69258,
        "MAPE": 0.2294,
        "R2": 0.9481
      }
    },
    "BNB_USD": {
      "current": 571.39,
      "next_1h": 571.44,
      "next_24h": 571.92,
      "change_pct": 0.009,
      "trend": "\ud83d\udcc8 UP",
      "predictions": [
        571.44,
        571.45,
        571.47,
        571.51,
        571.52,
        571.54,
        571.56,
        571.59,
        571.61,
        571.63,
        571.65,
        571.67,
        571.69,
        571.72,
        571.74,
        571.76,
        571.78,
        571.8,
        571.82,
        571.84,
        571.86,
        571.88,
        571.9,
        571.92
      ],
      "metrics": {
        "MAE": 0.813006,
        "RMSE": 1.146884,
        "MAPE": 0.1418,
        "R2": 0.9632
      }
    }
  }
}