{
  "generated_at": "2026-03-28 17:00:41",
  "exchange_rates": {
    "USD_TZS": {
      "current": 2579.0945,
      "next_1h": 2579.218,
      "next_24h": 2581.4503,
      "change_pct": 0.005,
      "trend": "\ud83d\udcc8 UP",
      "predictions": [
        2579.218,
        2579.3379,
        2579.4564,
        2579.5727,
        2579.6885,
        2579.8022,
        2579.9132,
        2580.0218,
        2580.1278,
        2580.2313,
        2580.3325,
        2580.4312,
        2580.5277,
        2580.6218,
        2580.7138,
        2580.8036,
        2580.8913,
        2580.977,
        2581.0606,
        2581.1423,
        2581.2221,
        2581.3,
        2581.376,
        2581.4503
      ],
      "metrics": {
        "MAE": 0.584732,
        "RMSE": 1.866057,
        "MAPE": 0.0227,
        "R2": 0.9205
      }
    },
    "USD_KES": {
      "current": 129.7657,
      "next_1h": 129.7451,
      "next_24h": 129.4652,
      "change_pct": -0.016,
      "trend": "\ud83d\udcc9 DOWN",
      "predictions": [
        129.7451,
        129.7229,
        129.7033,
        129.6855,
        129.6688,
        129.6533,
        129.6384,
        129.6242,
        129.6105,
        129.5974,
        129.5849,
        129.5729,
        129.5615,
        129.5506,
        129.5402,
        129.5303,
        129.5208,
        129.5117,
        129.5031,
        129.4948,
        129.4869,
        129.4793,
        129.4721,
        129.4652
      ],
      "metrics": {
        "MAE": 0.018056,
        "RMSE": 0.02039,
        "MAPE": 0.0139,
        "R2": 0.8759
      }
    },
    "USD_UGX": {
      "current": 3724.7379,
      "next_1h": 3725.0916,
      "next_24h": 3732.387,
      "change_pct": 0.009,
      "trend": "\ud83d\udcc8 UP",
      "predictions": [
        3725.0916,
        3725.4392,
        3725.7804,
        3726.1184,
        3726.4502,
        3726.7762,
        3727.1009,
        3727.4241,
        3727.7458,
        3728.066,
        3728.3847,
        3728.7018,
        3729.0173,
        3729.3313,
        3729.6437,
        3729.9546,
        3730.2639,
        3730.5717,
        3730.878,
        3731.1828,
        3731.4861,
        3731.7879,
        3732.0882,
        3732.387
      ],
      "metrics": {
        "MAE": 1.009185,
        "RMSE": 4.356378,
        "MAPE": 0.027,
        "R2": 0.9678
      }
    },
    "USD_EUR": {
      "current": 0.8681,
      "next_1h": 0.8681,
      "next_24h": 0.8678,
      "change_pct": -0.002,
      "trend": "\ud83d\udcc9 DOWN",
      "predictions": [
        0.8681,
        0.8681,
        0.8681,
        0.8681,
        0.8681,
        0.868,
        0.868,
        0.868,
        0.868,
        0.868,
        0.868,
        0.868,
        0.8679,
        0.8679,
        0.8679,
        0.8679,
        0.8679,
        0.8679,
        0.8679,
        0.8679,
        0.8678,
        0.8678,
        0.8678,
        0.8678
      ],
      "metrics": {
        "MAE": 0.000114,
        "RMSE": 0.00034,
        "MAPE": 0.0132,
        "R2": 0.9741
      }
    }
  },
  "crypto": {
    "BTC_USD": {
      "current": 66875.0,
      "next_1h": 66926.22,
      "next_24h": 68174.96,
      "change_pct": 0.077,
      "trend": "\ud83d\udcc8 UP",
      "predictions": [
        66926.22,
        66984.69,
        67050.08,
        67108.86,
        67178.03,
        67238.73,
        67297.77,
        67355.89,
        67413.1,
        67469.17,
        67524.8,
        67579.6,
        67633.54,
        67686.67,
        67738.98,
        67790.46,
        67841.16,
        67891.08,
        67940.24,
        67988.65,
        68036.31,
        68083.24,
        68129.46,
        68174.96
      ],
      "metrics": {
        "MAE": 217.020153,
        "RMSE": 313.970515,
        "MAPE": 0.3152,
        "R2": 0.9735
      }
    },
    "ETH_USD": {
      "current": 2023.74,
      "next_1h": 2025.64,
      "next_24h": 2063.86,
      "change_pct": 0.094,
      "trend": "\ud83d\udcc8 UP",
      "predictions": [
        2025.64,
        2027.82,
        2029.67,
        2031.67,
        2033.58,
        2035.47,
        2037.33,
        2039.15,
        2040.93,
        2042.68,
        2044.39,
        2046.08,
        2047.72,
        2049.34,
        2050.92,
        2052.48,
        2054.0,
        2055.49,
        2056.96,
        2058.39,
        2059.8,
        2061.18,
        2062.54,
        2063.86
      ],
      "metrics": {
        "MAE": 7.443457,
        "RMSE": 11.325073,
        "MAPE": 0.3579,
        "R2": 0.9741
      }
    },
    "BNB_USD": {
      "current": 616.53,
      "next_1h": 617.17,
      "next_24h": 630.17,
      "change_pct": 0.104,
      "trend": "\ud83d\udcc8 UP",
      "predictions": [
        617.17,
        617.86,
        618.57,
        619.23,
        619.93,
        620.57,
        621.2,
        621.82,
        622.43,
        623.02,
        623.6,
        624.17,
        624.73,
        625.28,
        625.82,
        626.34,
        626.85,
        627.36,
        627.85,
        628.33,
        628.81,
        629.27,
        629.72,
        630.17
      ],
      "metrics": {
        "MAE": 1.689725,
        "RMSE": 2.563131,
        "MAPE": 0.2692,
        "R2": 0.961
      }
    }
  }
}