{
  "generated_at": "2026-06-21 21:36:42",
  "exchange_rates": {
    "USD_TZS": {
      "current": 2610.4055,
      "next_1h": 2610.3518,
      "next_24h": 2609.2596,
      "change_pct": -0.002,
      "trend": "\ud83d\udcc9 DOWN",
      "predictions": [
        2610.3518,
        2610.2984,
        2610.2453,
        2610.1926,
        2610.1402,
        2610.0882,
        2610.0368,
        2609.986,
        2609.936,
        2609.8866,
        2609.8378,
        2609.7897,
        2609.7422,
        2609.6954,
        2609.6491,
        2609.6035,
        2609.5585,
        2609.5141,
        2609.4702,
        2609.427,
        2609.3843,
        2609.3422,
        2609.3006,
        2609.2596
      ],
      "metrics": {
        "MAE": 0.639947,
        "RMSE": 3.089597,
        "MAPE": 0.0245,
        "R2": 0.818
      }
    },
    "USD_KES": {
      "current": 129.4365,
      "next_1h": 129.436,
      "next_24h": 129.4263,
      "change_pct": 0.0,
      "trend": "\ud83d\udcc9 DOWN",
      "predictions": [
        129.436,
        129.4356,
        129.4351,
        129.4346,
        129.4342,
        129.4337,
        129.4333,
        129.4329,
        129.4324,
        129.432,
        129.4316,
        129.4311,
        129.4307,
        129.4303,
        129.4299,
        129.4295,
        129.4291,
        129.4287,
        129.4283,
        129.4279,
        129.4275,
        129.4271,
        129.4267,
        129.4263
      ],
      "metrics": {
        "MAE": 0.002847,
        "RMSE": 0.013352,
        "MAPE": 0.0022,
        "R2": 0.8769
      }
    },
    "USD_UGX": {
      "current": 3651.2384,
      "next_1h": 3652.7955,
      "next_24h": 3683.0852,
      "change_pct": 0.043,
      "trend": "\ud83d\udcc8 UP",
      "predictions": [
        3652.7955,
        3654.3391,
        3655.8693,
        3657.3863,
        3658.8901,
        3660.3808,
        3661.8453,
        3663.284,
        3664.6971,
        3666.085,
        3667.448,
        3668.7864,
        3670.1008,
        3671.3914,
        3672.6588,
        3673.9034,
        3675.1255,
        3676.3256,
        3677.504,
        3678.6612,
        3679.7976,
        3680.9134,
        3682.0092,
        3683.0852
      ],
      "metrics": {
        "MAE": 2.269689,
        "RMSE": 6.345249,
        "MAPE": 0.0618,
        "R2": 0.9707
      }
    },
    "USD_EUR": {
      "current": 0.872,
      "next_1h": 0.8719,
      "next_24h": 0.8712,
      "change_pct": -0.004,
      "trend": "\ud83d\udcc9 DOWN",
      "predictions": [
        0.8719,
        0.8719,
        0.8719,
        0.8718,
        0.8718,
        0.8718,
        0.8717,
        0.8717,
        0.8717,
        0.8717,
        0.8716,
        0.8716,
        0.8716,
        0.8715,
        0.8715,
        0.8715,
        0.8714,
        0.8714,
        0.8714,
        0.8713,
        0.8713,
        0.8713,
        0.8713,
        0.8712
      ],
      "metrics": {
        "MAE": 0.000125,
        "RMSE": 0.000659,
        "MAPE": 0.0144,
        "R2": 0.9736
      }
    }
  },
  "crypto": {
    "BTC_USD": {
      "current": 63705.0,
      "next_1h": 63713.63,
      "next_24h": 63097.74,
      "change_pct": 0.014,
      "trend": "\ud83d\udcc8 UP",
      "predictions": [
        63713.63,
        63712.1,
        63674.18,
        63623.96,
        63585.74,
        63566.11,
        63541.87,
        63513.14,
        63484.85,
        63458.68,
        63433.57,
        63407.67,
        63381.44,
        63355.44,
        63329.67,
        63303.93,
        63278.1,
        63252.27,
        63226.48,
        63200.73,
        63174.97,
        63149.22,
        63123.47,
        63097.74
      ],
      "metrics": {
        "MAE": 207.419966,
        "RMSE": 298.545375,
        "MAPE": 0.3212,
        "R2": 0.9205
      }
    },
    "ETH_USD": {
      "current": 1715.07,
      "next_1h": 1715.77,
      "next_24h": 1693.18,
      "change_pct": 0.041,
      "trend": "\ud83d\udcc8 UP",
      "predictions": [
        1715.77,
        1715.13,
        1713.46,
        1712.04,
        1711.19,
        1710.26,
        1709.25,
        1708.28,
        1707.34,
        1706.39,
        1705.44,
        1704.5,
        1703.55,
        1702.6,
        1701.66,
        1700.72,
        1699.77,
        1698.83,
        1697.89,
        1696.95,
        1696.0,
        1695.06,
        1694.12,
        1693.18
      ],
      "metrics": {
        "MAE": 7.858462,
        "RMSE": 12.836124,
        "MAPE": 0.4513,
        "R2": 0.91
      }
    },
    "BNB_USD": {
      "current": 586.83,
      "next_1h": 587.21,
      "next_24h": 592.46,
      "change_pct": 0.064,
      "trend": "\ud83d\udcc8 UP",
      "predictions": [
        587.21,
        587.37,
        587.39,
        587.52,
        587.8,
        588.04,
        588.29,
        588.54,
        588.8,
        589.05,
        589.3,
        589.55,
        589.81,
        590.05,
        590.3,
        590.55,
        590.79,
        591.04,
        591.28,
        591.52,
        591.76,
        591.99,
        592.23,
        592.46
      ],
      "metrics": {
        "MAE": 1.844053,
        "RMSE": 2.76906,
        "MAPE": 0.3081,
        "R2": 0.9589
      }
    }
  }
}