{
  "generated_at": "2026-04-10 11:24:27",
  "exchange_rates": {
    "USD_TZS": {
      "current": 2603.8322,
      "next_1h": 2603.4047,
      "next_24h": 2595.5232,
      "change_pct": -0.016,
      "trend": "\ud83d\udcc9 DOWN",
      "predictions": [
        2603.4047,
        2602.982,
        2602.5639,
        2602.1504,
        2601.7414,
        2601.3372,
        2600.9424,
        2600.5571,
        2600.181,
        2599.8139,
        2599.4557,
        2599.1063,
        2598.7654,
        2598.4328,
        2598.1084,
        2597.7919,
        2597.4831,
        2597.1819,
        2596.8881,
        2596.6014,
        2596.3218,
        2596.049,
        2595.7829,
        2595.5232
      ],
      "metrics": {
        "MAE": 0.49186,
        "RMSE": 1.525096,
        "MAPE": 0.0189,
        "R2": 0.9223
      }
    },
    "USD_KES": {
      "current": 129.2113,
      "next_1h": 129.2134,
      "next_24h": 129.2619,
      "change_pct": 0.002,
      "trend": "\ud83d\udcc8 UP",
      "predictions": [
        129.2134,
        129.2156,
        129.2178,
        129.2199,
        129.2221,
        129.2242,
        129.2264,
        129.2285,
        129.2306,
        129.2328,
        129.2349,
        129.237,
        129.2391,
        129.2412,
        129.2433,
        129.2454,
        129.2475,
        129.2495,
        129.2516,
        129.2537,
        129.2557,
        129.2578,
        129.2598,
        129.2619
      ],
      "metrics": {
        "MAE": 0.007605,
        "RMSE": 0.053009,
        "MAPE": 0.0059,
        "R2": 0.9571
      }
    },
    "USD_UGX": {
      "current": 3702.097,
      "next_1h": 3702.6447,
      "next_24h": 3713.8023,
      "change_pct": 0.015,
      "trend": "\ud83d\udcc8 UP",
      "predictions": [
        3702.6447,
        3703.1873,
        3703.7248,
        3704.2574,
        3704.785,
        3705.3076,
        3705.8247,
        3706.336,
        3706.8419,
        3707.3422,
        3707.8371,
        3708.3267,
        3708.8109,
        3709.2898,
        3709.7636,
        3710.2322,
        3710.6957,
        3711.1542,
        3711.6077,
        3712.0562,
        3712.4999,
        3712.9388,
        3713.3729,
        3713.8023
      ],
      "metrics": {
        "MAE": 0.604553,
        "RMSE": 3.470742,
        "MAPE": 0.0162,
        "R2": 0.9597
      }
    },
    "USD_EUR": {
      "current": 0.8554,
      "next_1h": 0.8556,
      "next_24h": 0.8599,
      "change_pct": 0.026,
      "trend": "\ud83d\udcc8 UP",
      "predictions": [
        0.8556,
        0.8559,
        0.8561,
        0.8563,
        0.8565,
        0.8567,
        0.8569,
        0.8571,
        0.8573,
        0.8575,
        0.8577,
        0.8579,
        0.8581,
        0.8583,
        0.8585,
        0.8586,
        0.8588,
        0.859,
        0.8591,
        0.8593,
        0.8595,
        0.8596,
        0.8598,
        0.8599
      ],
      "metrics": {
        "MAE": 0.000168,
        "RMSE": 0.000639,
        "MAPE": 0.0195,
        "R2": 0.9824
      }
    }
  },
  "crypto": {
    "BTC_USD": {
      "current": 72178.0,
      "next_1h": 72174.04,
      "next_24h": 71621.57,
      "change_pct": -0.005,
      "trend": "\ud83d\udcc9 DOWN",
      "predictions": [
        72174.04,
        72131.75,
        72116.11,
        72086.16,
        72032.88,
        72008.91,
        71987.45,
        71963.37,
        71941.58,
        71920.96,
        71898.52,
        71876.18,
        71854.21,
        71832.2,
        71810.32,
        71788.73,
        71767.3,
        71746.01,
        71724.89,
        71703.93,
        71683.11,
        71662.44,
        71641.93,
        71621.57
      ],
      "metrics": {
        "MAE": 211.965997,
        "RMSE": 310.192604,
        "MAPE": 0.3026,
        "R2": 0.9729
      }
    },
    "ETH_USD": {
      "current": 2214.12,
      "next_1h": 2213.6,
      "next_24h": 2187.68,
      "change_pct": -0.023,
      "trend": "\ud83d\udcc9 DOWN",
      "predictions": [
        2213.6,
        2212.23,
        2211.49,
        2209.93,
        2207.93,
        2206.71,
        2205.52,
        2204.32,
        2203.2,
        2202.1,
        2200.98,
        2199.88,
        2198.79,
        2197.72,
        2196.66,
        2195.61,
        2194.57,
        2193.55,
        2192.54,
        2191.54,
        2190.56,
        2189.59,
        2188.62,
        2187.68
      ],
      "metrics": {
        "MAE": 8.557035,
        "RMSE": 13.003458,
        "MAPE": 0.398,
        "R2": 0.9635
      }
    },
    "BNB_USD": {
      "current": 602.29,
      "next_1h": 602.26,
      "next_24h": 601.64,
      "change_pct": -0.004,
      "trend": "\ud83d\udcc9 DOWN",
      "predictions": [
        602.26,
        602.26,
        602.21,
        602.2,
        602.08,
        602.05,
        602.03,
        602.0,
        601.98,
        601.96,
        601.94,
        601.91,
        601.89,
        601.87,
        601.84,
        601.82,
        601.8,
        601.77,
        601.75,
        601.73,
        601.7,
        601.68,
        601.66,
        601.64
      ],
      "metrics": {
        "MAE": 1.512019,
        "RMSE": 2.058399,
        "MAPE": 0.2513,
        "R2": 0.9207
      }
    }
  }
}