{
  "generated_at": "2026-03-26 03:00:21",
  "exchange_rates": {
    "USD_TZS": {
      "current": 2569.1397,
      "next_1h": 2569.4626,
      "next_24h": 2575.5729,
      "change_pct": 0.013,
      "trend": "\ud83d\udcc8 UP",
      "predictions": [
        2569.4626,
        2569.6557,
        2569.954,
        2570.2781,
        2570.6015,
        2570.9173,
        2571.2276,
        2571.5321,
        2571.8299,
        2572.1211,
        2572.4058,
        2572.6841,
        2572.9561,
        2573.222,
        2573.4819,
        2573.7359,
        2573.9843,
        2574.227,
        2574.4643,
        2574.6962,
        2574.9229,
        2575.1445,
        2575.3612,
        2575.5729
      ],
      "metrics": {
        "MAE": 0.391156,
        "RMSE": 1.44938,
        "MAPE": 0.0152,
        "R2": 0.9313
      }
    },
    "USD_KES": {
      "current": 129.6529,
      "next_1h": 129.639,
      "next_24h": 129.4509,
      "change_pct": -0.011,
      "trend": "\ud83d\udcc9 DOWN",
      "predictions": [
        129.639,
        129.6233,
        129.6098,
        129.5986,
        129.5885,
        129.5791,
        129.5699,
        129.5608,
        129.552,
        129.5434,
        129.5351,
        129.5271,
        129.5195,
        129.5121,
        129.5049,
        129.498,
        129.4914,
        129.4849,
        129.4788,
        129.4728,
        129.467,
        129.4614,
        129.4561,
        129.4509
      ],
      "metrics": {
        "MAE": 0.020298,
        "RMSE": 0.057386,
        "MAPE": 0.0157,
        "R2": 0.9139
      }
    },
    "USD_UGX": {
      "current": 3725.4836,
      "next_1h": 3726.0123,
      "next_24h": 3734.0318,
      "change_pct": 0.014,
      "trend": "\ud83d\udcc8 UP",
      "predictions": [
        3726.0123,
        3726.8425,
        3727.6289,
        3727.9457,
        3728.2589,
        3728.5666,
        3728.872,
        3729.1825,
        3729.4972,
        3729.8102,
        3730.1217,
        3730.4316,
        3730.7398,
        3731.0464,
        3731.3516,
        3731.6552,
        3731.9574,
        3732.2581,
        3732.5574,
        3732.8552,
        3733.1515,
        3733.4464,
        3733.7398,
        3734.0318
      ],
      "metrics": {
        "MAE": 0.834695,
        "RMSE": 4.522455,
        "MAPE": 0.0223,
        "R2": 0.8354
      }
    },
    "USD_EUR": {
      "current": 0.8638,
      "next_1h": 0.864,
      "next_24h": 0.8653,
      "change_pct": 0.015,
      "trend": "\ud83d\udcc8 UP",
      "predictions": [
        0.864,
        0.8641,
        0.8641,
        0.8642,
        0.8643,
        0.8643,
        0.8644,
        0.8644,
        0.8645,
        0.8646,
        0.8646,
        0.8647,
        0.8647,
        0.8648,
        0.8648,
        0.8649,
        0.865,
        0.865,
        0.8651,
        0.8651,
        0.8652,
        0.8652,
        0.8653,
        0.8653
      ],
      "metrics": {
        "MAE": 0.000131,
        "RMSE": 0.000343,
        "MAPE": 0.0151,
        "R2": 0.942
      }
    }
  },
  "crypto": {
    "BTC_USD": {
      "current": 70866.0,
      "next_1h": 70890.61,
      "next_24h": 70993.67,
      "change_pct": 0.035,
      "trend": "\ud83d\udcc8 UP",
      "predictions": [
        70890.61,
        70902.97,
        70922.04,
        70934.9,
        70942.53,
        70944.12,
        70946.35,
        70948.9,
        70951.86,
        70954.98,
        70958.09,
        70961.11,
        70964.06,
        70966.96,
        70969.81,
        70972.62,
        70975.39,
        70978.12,
        70980.81,
        70983.46,
        70986.07,
        70988.64,
        70991.17,
        70993.67
      ],
      "metrics": {
        "MAE": 275.819509,
        "RMSE": 395.718,
        "MAPE": 0.3951,
        "R2": 0.8911
      }
    },
    "ETH_USD": {
      "current": 2148.36,
      "next_1h": 2148.44,
      "next_24h": 2140.97,
      "change_pct": 0.004,
      "trend": "\ud83d\udcc8 UP",
      "predictions": [
        2148.44,
        2147.2,
        2146.44,
        2145.73,
        2144.94,
        2144.66,
        2144.35,
        2144.08,
        2143.83,
        2143.59,
        2143.37,
        2143.16,
        2142.95,
        2142.75,
        2142.56,
        2142.37,
        2142.18,
        2141.99,
        2141.81,
        2141.64,
        2141.47,
        2141.3,
        2141.13,
        2140.97
      ],
      "metrics": {
        "MAE": 9.410303,
        "RMSE": 15.775479,
        "MAPE": 0.4436,
        "R2": 0.8795
      }
    },
    "BNB_USD": {
      "current": 643.33,
      "next_1h": 643.75,
      "next_24h": 648.04,
      "change_pct": 0.065,
      "trend": "\ud83d\udcc8 UP",
      "predictions": [
        643.75,
        644.11,
        644.32,
        644.55,
        644.77,
        644.98,
        645.18,
        645.38,
        645.58,
        645.77,
        645.95,
        646.14,
        646.32,
        646.49,
        646.66,
        646.83,
        646.99,
        647.15,
        647.31,
        647.46,
        647.61,
        647.75,
        647.9,
        648.04
      ],
      "metrics": {
        "MAE": 1.992925,
        "RMSE": 2.901751,
        "MAPE": 0.3137,
        "R2": 0.8456
      }
    }
  }
}