{
  "generated_at": "2026-07-03 22:39:55",
  "exchange_rates": {
    "USD_TZS": {
      "current": 2621.5058,
      "next_1h": 2621.2846,
      "next_24h": 2617.0765,
      "change_pct": -0.008,
      "trend": "\ud83d\udcc9 DOWN",
      "predictions": [
        2621.2846,
        2621.0656,
        2620.8487,
        2620.634,
        2620.4214,
        2620.2109,
        2620.0046,
        2619.8024,
        2619.6043,
        2619.4103,
        2619.2202,
        2619.034,
        2618.8516,
        2618.673,
        2618.498,
        2618.3266,
        2618.1588,
        2617.9944,
        2617.8334,
        2617.6756,
        2617.5211,
        2617.3698,
        2617.2216,
        2617.0765
      ],
      "metrics": {
        "MAE": 0.773887,
        "RMSE": 2.995258,
        "MAPE": 0.0295,
        "R2": 0.8792
      }
    },
    "USD_KES": {
      "current": 129.2535,
      "next_1h": 129.2569,
      "next_24h": 129.3224,
      "change_pct": 0.003,
      "trend": "\ud83d\udcc8 UP",
      "predictions": [
        129.2569,
        129.2603,
        129.2636,
        129.2669,
        129.2702,
        129.2734,
        129.2766,
        129.2797,
        129.2828,
        129.2858,
        129.2887,
        129.2916,
        129.2945,
        129.2973,
        129.3,
        129.3027,
        129.3053,
        129.3079,
        129.3104,
        129.3129,
        129.3154,
        129.3178,
        129.3201,
        129.3224
      ],
      "metrics": {
        "MAE": 0.005428,
        "RMSE": 0.02227,
        "MAPE": 0.0042,
        "R2": 0.9333
      }
    },
    "USD_UGX": {
      "current": 3644.8929,
      "next_1h": 3644.8032,
      "next_24h": 3642.7707,
      "change_pct": -0.002,
      "trend": "\ud83d\udcc9 DOWN",
      "predictions": [
        3644.8032,
        3644.7136,
        3644.6242,
        3644.535,
        3644.4459,
        3644.357,
        3644.2682,
        3644.1794,
        3644.0908,
        3644.0022,
        3643.9137,
        3643.8253,
        3643.7369,
        3643.6487,
        3643.5605,
        3643.4724,
        3643.3844,
        3643.2965,
        3643.2086,
        3643.1209,
        3643.0332,
        3642.9456,
        3642.8581,
        3642.7707
      ],
      "metrics": {
        "MAE": 1.013761,
        "RMSE": 4.288242,
        "MAPE": 0.0277,
        "R2": 0.8889
      }
    },
    "USD_EUR": {
      "current": 0.8754,
      "next_1h": 0.8754,
      "next_24h": 0.8767,
      "change_pct": 0.007,
      "trend": "\ud83d\udcc8 UP",
      "predictions": [
        0.8754,
        0.8755,
        0.8755,
        0.8756,
        0.8756,
        0.8757,
        0.8757,
        0.8758,
        0.8759,
        0.8759,
        0.876,
        0.876,
        0.8761,
        0.8761,
        0.8762,
        0.8763,
        0.8763,
        0.8764,
        0.8764,
        0.8765,
        0.8765,
        0.8766,
        0.8767,
        0.8767
      ],
      "metrics": {
        "MAE": 0.000157,
        "RMSE": 0.000475,
        "MAPE": 0.0178,
        "R2": 0.9142
      }
    }
  },
  "crypto": {
    "BTC_USD": {
      "current": 62554.0,
      "next_1h": 62510.28,
      "next_24h": 62210.29,
      "change_pct": -0.07,
      "trend": "\ud83d\udcc9 DOWN",
      "predictions": [
        62510.28,
        62495.32,
        62499.53,
        62510.69,
        62491.49,
        62472.61,
        62458.06,
        62445.24,
        62431.66,
        62416.18,
        62400.92,
        62386.14,
        62371.48,
        62356.72,
        62341.88,
        62327.1,
        62312.39,
        62297.72,
        62283.06,
        62268.44,
        62253.85,
        62239.3,
        62224.77,
        62210.29
      ],
      "metrics": {
        "MAE": 245.178514,
        "RMSE": 366.908671,
        "MAPE": 0.409,
        "R2": 0.8485
      }
    },
    "ETH_USD": {
      "current": 1756.86,
      "next_1h": 1755.24,
      "next_24h": 1741.22,
      "change_pct": -0.092,
      "trend": "\ud83d\udcc9 DOWN",
      "predictions": [
        1755.24,
        1755.28,
        1755.12,
        1753.71,
        1753.16,
        1752.61,
        1751.95,
        1751.26,
        1750.64,
        1750.0,
        1749.36,
        1748.72,
        1748.09,
        1747.46,
        1746.82,
        1746.19,
        1745.57,
        1744.94,
        1744.31,
        1743.69,
        1743.07,
        1742.45,
        1741.83,
        1741.22
      ],
      "metrics": {
        "MAE": 8.319164,
        "RMSE": 12.635482,
        "MAPE": 0.5184,
        "R2": 0.9352
      }
    },
    "BNB_USD": {
      "current": 572.51,
      "next_1h": 572.68,
      "next_24h": 573.94,
      "change_pct": 0.029,
      "trend": "\ud83d\udcc8 UP",
      "predictions": [
        572.68,
        572.88,
        573.03,
        573.02,
        573.08,
        573.14,
        573.19,
        573.23,
        573.28,
        573.32,
        573.37,
        573.41,
        573.46,
        573.5,
        573.55,
        573.59,
        573.64,
        573.68,
        573.73,
        573.77,
        573.81,
        573.86,
        573.9,
        573.94
      ],
      "metrics": {
        "MAE": 2.039398,
        "RMSE": 2.904515,
        "MAPE": 0.3667,
        "R2": 0.8421
      }
    }
  }
}