{
  "generated_at": "2026-07-19 14:43:16",
  "exchange_rates": {
    "USD_TZS": {
      "current": 2627.1477,
      "next_1h": 2626.8589,
      "next_24h": 2621.9321,
      "change_pct": -0.011,
      "trend": "\ud83d\udcc9 DOWN",
      "predictions": [
        2626.8589,
        2626.5758,
        2626.2985,
        2626.0268,
        2625.7606,
        2625.4998,
        2625.2467,
        2625.001,
        2624.7626,
        2624.5313,
        2624.3068,
        2624.0891,
        2623.8779,
        2623.6729,
        2623.4742,
        2623.2813,
        2623.0942,
        2622.9127,
        2622.7366,
        2622.5658,
        2622.4001,
        2622.2394,
        2622.0834,
        2621.9321
      ],
      "metrics": {
        "MAE": 0.546535,
        "RMSE": 2.104155,
        "MAPE": 0.0209,
        "R2": 0.9539
      }
    },
    "USD_KES": {
      "current": 129.3243,
      "next_1h": 129.3249,
      "next_24h": 129.3358,
      "change_pct": 0.0,
      "trend": "\ud83d\udcc9 DOWN",
      "predictions": [
        129.3249,
        129.3254,
        129.3259,
        129.3264,
        129.3269,
        129.3274,
        129.3279,
        129.3284,
        129.3289,
        129.3294,
        129.3299,
        129.3304,
        129.3309,
        129.3313,
        129.3318,
        129.3323,
        129.3327,
        129.3332,
        129.3336,
        129.3341,
        129.3345,
        129.3349,
        129.3354,
        129.3358
      ],
      "metrics": {
        "MAE": 0.002878,
        "RMSE": 0.012078,
        "MAPE": 0.0022,
        "R2": 0.9693
      }
    },
    "USD_UGX": {
      "current": 3666.6571,
      "next_1h": 3666.6809,
      "next_24h": 3667.2095,
      "change_pct": 0.001,
      "trend": "\ud83d\udcc8 UP",
      "predictions": [
        3666.6809,
        3666.7046,
        3666.7284,
        3666.752,
        3666.7756,
        3666.7992,
        3666.8226,
        3666.846,
        3666.8693,
        3666.8926,
        3666.9157,
        3666.9388,
        3666.9618,
        3666.9847,
        3667.0075,
        3667.0303,
        3667.053,
        3667.0756,
        3667.0981,
        3667.1205,
        3667.1429,
        3667.1652,
        3667.1874,
        3667.2095
      ],
      "metrics": {
        "MAE": 0.291589,
        "RMSE": 1.659149,
        "MAPE": 0.0079,
        "R2": 0.974
      }
    },
    "USD_EUR": {
      "current": 0.8745,
      "next_1h": 0.8745,
      "next_24h": 0.8746,
      "change_pct": 0.001,
      "trend": "\ud83d\udcc8 UP",
      "predictions": [
        0.8745,
        0.8745,
        0.8745,
        0.8745,
        0.8745,
        0.8745,
        0.8745,
        0.8745,
        0.8745,
        0.8745,
        0.8746,
        0.8746,
        0.8746,
        0.8746,
        0.8746,
        0.8746,
        0.8746,
        0.8746,
        0.8746,
        0.8746,
        0.8746,
        0.8746,
        0.8746,
        0.8746
      ],
      "metrics": {
        "MAE": 3.9e-05,
        "RMSE": 0.000233,
        "MAPE": 0.0044,
        "R2": 0.9688
      }
    }
  },
  "crypto": {
    "BTC_USD": {
      "current": 64439.0,
      "next_1h": 64418.12,
      "next_24h": 64166.39,
      "change_pct": -0.032,
      "trend": "\ud83d\udcc9 DOWN",
      "predictions": [
        64418.12,
        64403.68,
        64396.36,
        64388.6,
        64376.22,
        64364.03,
        64352.5,
        64341.37,
        64330.18,
        64318.86,
        64307.6,
        64296.43,
        64285.32,
        64274.26,
        64263.25,
        64252.28,
        64241.37,
        64230.51,
        64219.7,
        64208.94,
        64198.23,
        64187.57,
        64176.96,
        64166.39
      ],
      "metrics": {
        "MAE": 101.764631,
        "RMSE": 151.831815,
        "MAPE": 0.1588,
        "R2": 0.9546
      }
    },
    "ETH_USD": {
      "current": 1871.44,
      "next_1h": 1870.21,
      "next_24h": 1852.15,
      "change_pct": -0.066,
      "trend": "\ud83d\udcc9 DOWN",
      "predictions": [
        1870.21,
        1869.39,
        1868.59,
        1867.7,
        1866.87,
        1866.07,
        1865.26,
        1864.46,
        1863.66,
        1862.86,
        1862.07,
        1861.28,
        1860.5,
        1859.72,
        1858.95,
        1858.17,
        1857.41,
        1856.64,
        1855.89,
        1855.13,
        1854.38,
        1853.63,
        1852.89,
        1852.15
      ],
      "metrics": {
        "MAE": 4.253386,
        "RMSE": 6.642335,
        "MAPE": 0.2279,
        "R2": 0.9654
      }
    },
    "BNB_USD": {
      "current": 568.33,
      "next_1h": 568.36,
      "next_24h": 569.15,
      "change_pct": 0.005,
      "trend": "\ud83d\udcc8 UP",
      "predictions": [
        568.36,
        568.4,
        568.45,
        568.48,
        568.51,
        568.55,
        568.58,
        568.62,
        568.65,
        568.69,
        568.72,
        568.76,
        568.79,
        568.82,
        568.86,
        568.89,
        568.92,
        568.96,
        568.99,
        569.02,
        569.06,
        569.09,
        569.12,
        569.15
      ],
      "metrics": {
        "MAE": 0.814599,
        "RMSE": 1.149514,
        "MAPE": 0.1421,
        "R2": 0.963
      }
    }
  }
}