{
  "generated_at": "2026-03-13 06:00:22",
  "exchange_rates": {
    "USD_TZS": {
      "current": 2581.7171,
      "next_1h": 2581.2057,
      "next_24h": 2575.0332,
      "change_pct": -0.02,
      "trend": "\ud83d\udcc9 DOWN",
      "predictions": [
        2581.2057,
        2580.7294,
        2580.2689,
        2579.829,
        2579.3876,
        2578.9654,
        2578.5729,
        2578.208,
        2577.8686,
        2577.5539,
        2577.2632,
        2576.9951,
        2576.7479,
        2576.5201,
        2576.3103,
        2576.1171,
        2575.9392,
        2575.7755,
        2575.6248,
        2575.486,
        2575.3584,
        2575.2409,
        2575.1327,
        2575.0332
      ],
      "metrics": {
        "MAE": 0.431491,
        "RMSE": 1.593634,
        "MAPE": 0.0167,
        "R2": 0.782
      }
    },
    "USD_KES": {
      "current": 129.2872,
      "next_1h": 129.2858,
      "next_24h": 129.2735,
      "change_pct": -0.001,
      "trend": "\ud83d\udcc9 DOWN",
      "predictions": [
        129.2858,
        129.2842,
        129.283,
        129.2819,
        129.2809,
        129.2801,
        129.2794,
        129.2787,
        129.2781,
        129.2775,
        129.277,
        129.2765,
        129.2761,
        129.2758,
        129.2754,
        129.2751,
        129.2748,
        129.2746,
        129.2744,
        129.2742,
        129.274,
        129.2738,
        129.2737,
        129.2735
      ],
      "metrics": {
        "MAE": 0.00539,
        "RMSE": 0.00998,
        "MAPE": 0.0042,
        "R2": 0.7781
      }
    },
    "USD_UGX": {
      "current": 3728.7654,
      "next_1h": 3727.514,
      "next_24h": 3707.4787,
      "change_pct": -0.034,
      "trend": "\ud83d\udcc9 DOWN",
      "predictions": [
        3727.514,
        3726.3002,
        3725.1266,
        3723.9607,
        3722.8314,
        3721.7358,
        3720.6781,
        3719.6577,
        3718.6732,
        3717.7235,
        3716.8076,
        3715.9242,
        3715.0721,
        3714.2504,
        3713.4578,
        3712.6934,
        3711.9561,
        3711.245,
        3710.5592,
        3709.8978,
        3709.2598,
        3708.6445,
        3708.0511,
        3707.4787
      ],
      "metrics": {
        "MAE": 1.544851,
        "RMSE": 6.551472,
        "MAPE": 0.0415,
        "R2": 0.7833
      }
    },
    "USD_EUR": {
      "current": 0.8672,
      "next_1h": 0.8669,
      "next_24h": 0.8635,
      "change_pct": -0.037,
      "trend": "\ud83d\udcc9 DOWN",
      "predictions": [
        0.8669,
        0.8666,
        0.8664,
        0.8661,
        0.8659,
        0.8656,
        0.8654,
        0.8652,
        0.865,
        0.8649,
        0.8647,
        0.8646,
        0.8644,
        0.8643,
        0.8642,
        0.8641,
        0.864,
        0.8639,
        0.8639,
        0.8638,
        0.8637,
        0.8637,
        0.8636,
        0.8635
      ],
      "metrics": {
        "MAE": 0.000264,
        "RMSE": 0.000569,
        "MAPE": 0.0305,
        "R2": 0.7288
      }
    }
  },
  "crypto": {
    "BTC_USD": {
      "current": 71602.0,
      "next_1h": 71548.41,
      "next_24h": 70782.7,
      "change_pct": -0.075,
      "trend": "\ud83d\udcc9 DOWN",
      "predictions": [
        71548.41,
        71456.65,
        71409.64,
        71348.94,
        71330.14,
        71299.16,
        71264.61,
        71231.12,
        71195.31,
        71163.43,
        71132.08,
        71101.45,
        71071.57,
        71042.0,
        71013.26,
        70985.18,
        70957.76,
        70930.99,
        70904.82,
        70879.25,
        70854.26,
        70829.85,
        70806.0,
        70782.7
      ],
      "metrics": {
        "MAE": 283.462601,
        "RMSE": 363.999399,
        "MAPE": 0.4018,
        "R2": 0.7139
      }
    },
    "ETH_USD": {
      "current": 2111.83,
      "next_1h": 2103.57,
      "next_24h": 2031.97,
      "change_pct": -0.391,
      "trend": "\ud83d\udcc9 DOWN",
      "predictions": [
        2103.57,
        2094.34,
        2088.28,
        2080.23,
        2073.59,
        2066.54,
        2060.32,
        2055.08,
        2050.28,
        2046.28,
        2042.82,
        2040.0,
        2037.74,
        2035.93,
        2034.54,
        2033.49,
        2032.74,
        2032.23,
        2031.91,
        2031.74,
        2031.69,
        2031.73,
        2031.83,
        2031.97
      ],
      "metrics": {
        "MAE": 10.402818,
        "RMSE": 14.343436,
        "MAPE": 0.5005,
        "R2": 0.7603
      }
    },
    "BNB_USD": {
      "current": 660.95,
      "next_1h": 660.72,
      "next_24h": 655.58,
      "change_pct": -0.036,
      "trend": "\ud83d\udcc9 DOWN",
      "predictions": [
        660.72,
        660.27,
        660.05,
        659.75,
        659.49,
        659.24,
        658.99,
        658.74,
        658.5,
        658.27,
        658.04,
        657.82,
        657.61,
        657.4,
        657.19,
        657.0,
        656.8,
        656.61,
        656.43,
        656.25,
        656.07,
        655.9,
        655.74,
        655.58
      ],
      "metrics": {
        "MAE": 2.123967,
        "RMSE": 2.632306,
        "MAPE": 0.3254,
        "R2": 0.7773
      }
    }
  }
}