{
  "generated_at": "2026-05-31 17:30:23",
  "exchange_rates": {
    "USD_TZS": {
      "current": 2619.9004,
      "next_1h": 2618.8547,
      "next_24h": 2603.8689,
      "change_pct": -0.04,
      "trend": "\ud83d\udcc9 DOWN",
      "predictions": [
        2618.8547,
        2617.8341,
        2616.8383,
        2615.8668,
        2614.9189,
        2613.9941,
        2613.1175,
        2612.2872,
        2611.5016,
        2610.759,
        2610.0577,
        2609.3962,
        2608.7724,
        2608.1841,
        2607.6294,
        2607.1064,
        2606.6134,
        2606.1487,
        2605.7105,
        2605.2975,
        2604.9081,
        2604.5411,
        2604.1951,
        2603.8689
      ],
      "metrics": {
        "MAE": 1.095363,
        "RMSE": 2.980091,
        "MAPE": 0.042,
        "R2": 0.9582
      }
    },
    "USD_KES": {
      "current": 129.4252,
      "next_1h": 129.4256,
      "next_24h": 129.4339,
      "change_pct": 0.0,
      "trend": "\ud83d\udcc9 DOWN",
      "predictions": [
        129.4256,
        129.426,
        129.4263,
        129.4267,
        129.4271,
        129.4275,
        129.4278,
        129.4282,
        129.4286,
        129.4289,
        129.4293,
        129.4296,
        129.43,
        129.4304,
        129.4307,
        129.4311,
        129.4314,
        129.4318,
        129.4322,
        129.4325,
        129.4329,
        129.4332,
        129.4336,
        129.4339
      ],
      "metrics": {
        "MAE": 0.003743,
        "RMSE": 0.02333,
        "MAPE": 0.0029,
        "R2": 0.9474
      }
    },
    "USD_UGX": {
      "current": 3742.9132,
      "next_1h": 3742.8,
      "next_24h": 3740.4146,
      "change_pct": -0.003,
      "trend": "\ud83d\udcc9 DOWN",
      "predictions": [
        3742.8,
        3742.6873,
        3742.5751,
        3742.4635,
        3742.3524,
        3742.2419,
        3742.1324,
        3742.0238,
        3741.9163,
        3741.8097,
        3741.704,
        3741.5994,
        3741.4956,
        3741.3928,
        3741.291,
        3741.19,
        3741.09,
        3740.9909,
        3740.8926,
        3740.7953,
        3740.6988,
        3740.6032,
        3740.5085,
        3740.4146
      ],
      "metrics": {
        "MAE": 0.929152,
        "RMSE": 3.555539,
        "MAPE": 0.0247,
        "R2": 0.876
      }
    },
    "USD_EUR": {
      "current": 0.8578,
      "next_1h": 0.8578,
      "next_24h": 0.858,
      "change_pct": 0.001,
      "trend": "\ud83d\udcc8 UP",
      "predictions": [
        0.8578,
        0.8578,
        0.8578,
        0.8578,
        0.8578,
        0.8578,
        0.8578,
        0.8578,
        0.8578,
        0.8579,
        0.8579,
        0.8579,
        0.8579,
        0.8579,
        0.8579,
        0.8579,
        0.8579,
        0.8579,
        0.8579,
        0.8579,
        0.8579,
        0.8579,
        0.858,
        0.858
      ],
      "metrics": {
        "MAE": 4.5e-05,
        "RMSE": 0.000231,
        "MAPE": 0.0052,
        "R2": 0.9767
      }
    }
  },
  "crypto": {
    "BTC_USD": {
      "current": 73485.0,
      "next_1h": 73535.36,
      "next_24h": 74123.09,
      "change_pct": 0.069,
      "trend": "\ud83d\udcc8 UP",
      "predictions": [
        73535.36,
        73568.68,
        73602.86,
        73637.13,
        73658.35,
        73682.84,
        73708.36,
        73733.44,
        73758.82,
        73784.44,
        73809.66,
        73834.68,
        73859.56,
        73884.25,
        73908.78,
        73933.18,
        73957.43,
        73981.54,
        74005.49,
        74029.3,
        74052.97,
        74076.49,
        74099.86,
        74123.09
      ],
      "metrics": {
        "MAE": 188.745432,
        "RMSE": 274.883259,
        "MAPE": 0.2519,
        "R2": 0.9654
      }
    },
    "ETH_USD": {
      "current": 1999.07,
      "next_1h": 1999.87,
      "next_24h": 1996.61,
      "change_pct": 0.04,
      "trend": "\ud83d\udcc8 UP",
      "predictions": [
        1999.87,
        2000.48,
        2000.66,
        2000.9,
        2000.66,
        2000.34,
        2000.06,
        1999.83,
        1999.61,
        1999.42,
        1999.23,
        1999.03,
        1998.83,
        1998.62,
        1998.42,
        1998.22,
        1998.01,
        1997.81,
        1997.61,
        1997.41,
        1997.21,
        1997.01,
        1996.81,
        1996.61
      ],
      "metrics": {
        "MAE": 6.883961,
        "RMSE": 10.308208,
        "MAPE": 0.3352,
        "R2": 0.9438
      }
    },
    "BNB_USD": {
      "current": 712.49,
      "next_1h": 714.24,
      "next_24h": 702.87,
      "change_pct": 0.245,
      "trend": "\ud83d\udcc8 UP",
      "predictions": [
        714.24,
        712.46,
        712.04,
        711.63,
        711.14,
        710.7,
        710.23,
        709.77,
        709.32,
        708.87,
        708.42,
        707.97,
        707.53,
        707.09,
        706.66,
        706.22,
        705.79,
        705.37,
        704.94,
        704.52,
        704.1,
        703.69,
        703.28,
        702.87
      ],
      "metrics": {
        "MAE": 2.772894,
        "RMSE": 4.182941,
        "MAPE": 0.4114,
        "R2": 0.9739
      }
    }
  }
}