{
  "generated_at": "2026-03-09 21:00:07",
  "exchange_rates": {
    "USD_TZS": {
      "current": 2574.6404,
      "next_1h": 2575.1525,
      "next_24h": 2577.4437,
      "change_pct": 0.02,
      "trend": "\ud83d\udcc8 UP",
      "predictions": [
        2575.1525,
        2575.5036,
        2575.8167,
        2576.0657,
        2576.3487,
        2576.5618,
        2576.7396,
        2576.8794,
        2577.0035,
        2577.0988,
        2577.1755,
        2577.2352,
        2577.2841,
        2577.3217,
        2577.3514,
        2577.3743,
        2577.3924,
        2577.4063,
        2577.4172,
        2577.4255,
        2577.432,
        2577.4369,
        2577.4407,
        2577.4437
      ],
      "metrics": {
        "MAE": 0.512102,
        "RMSE": 0.512102,
        "MAPE": 0.0199,
        "R2": 0.0
      }
    },
    "USD_KES": {
      "current": 129.2331,
      "next_1h": 129.2437,
      "next_24h": 129.3239,
      "change_pct": 0.008,
      "trend": "\ud83d\udcc8 UP",
      "predictions": [
        129.2437,
        129.2555,
        129.265,
        129.2727,
        129.2794,
        129.2851,
        129.2901,
        129.2946,
        129.2985,
        129.3021,
        129.3052,
        129.3079,
        129.3103,
        129.3124,
        129.3143,
        129.316,
        129.3174,
        129.3187,
        129.3199,
        129.3209,
        129.3218,
        129.3226,
        129.3233,
        129.3239
      ],
      "metrics": {
        "MAE": 0.01058,
        "RMSE": 0.01058,
        "MAPE": 0.0082,
        "R2": 0.0
      }
    },
    "USD_UGX": {
      "current": 3681.2744,
      "next_1h": 3680.9281,
      "next_24h": 3677.5256,
      "change_pct": -0.009,
      "trend": "\ud83d\udcc9 DOWN",
      "predictions": [
        3680.9281,
        3680.6203,
        3680.3532,
        3680.0852,
        3679.8535,
        3679.6535,
        3679.461,
        3679.2806,
        3679.1123,
        3678.9524,
        3678.802,
        3678.6614,
        3678.5295,
        3678.4059,
        3678.2902,
        3678.1817,
        3678.08,
        3677.9847,
        3677.8953,
        3677.8115,
        3677.733,
        3677.6594,
        3677.5903,
        3677.5256
      ],
      "metrics": {
        "MAE": 0.346312,
        "RMSE": 0.346312,
        "MAPE": 0.0094,
        "R2": 0.0
      }
    },
    "USD_EUR": {
      "current": 0.8662,
      "next_1h": 0.866,
      "next_24h": 0.8643,
      "change_pct": -0.02,
      "trend": "\ud83d\udcc9 DOWN",
      "predictions": [
        0.866,
        0.8659,
        0.8658,
        0.8656,
        0.8655,
        0.8654,
        0.8653,
        0.8652,
        0.8651,
        0.865,
        0.865,
        0.8649,
        0.8648,
        0.8647,
        0.8647,
        0.8646,
        0.8646,
        0.8645,
        0.8645,
        0.8644,
        0.8644,
        0.8643,
        0.8643,
        0.8643
      ],
      "metrics": {
        "MAE": 0.00017,
        "RMSE": 0.00017,
        "MAPE": 0.0196,
        "R2": 0.0
      }
    }
  },
  "crypto": {
    "BTC_USD": {
      "current": 69017.0,
      "next_1h": 68504.0,
      "next_24h": 67185.31,
      "change_pct": -0.743,
      "trend": "\ud83d\udcc9 DOWN",
      "predictions": [
        68504.0,
        68222.19,
        67884.36,
        67518.16,
        67269.92,
        67094.03,
        66977.63,
        66931.16,
        66931.7,
        66960.92,
        67008.37,
        67061.46,
        67111.26,
        67153.24,
        67184.83,
        67205.55,
        67216.6,
        67219.88,
        67217.58,
        67211.87,
        67204.6,
        67197.18,
        67190.57,
        67185.31
      ],
      "metrics": {
        "MAE": 445.070814,
        "RMSE": 557.472686,
        "MAPE": 0.6472,
        "R2": -0.1409
      }
    },
    "ETH_USD": {
      "current": 2027.56,
      "next_1h": 2028.89,
      "next_24h": 2028.57,
      "change_pct": 0.066,
      "trend": "\ud83d\udcc8 UP",
      "predictions": [
        2028.89,
        2028.92,
        2029.37,
        2031.5,
        2030.43,
        2030.65,
        2030.59,
        2030.52,
        2030.49,
        2030.19,
        2030.03,
        2029.84,
        2029.66,
        2029.49,
        2029.32,
        2029.18,
        2029.05,
        2028.93,
        2028.84,
        2028.76,
        2028.69,
        2028.64,
        2028.6,
        2028.57
      ],
      "metrics": {
        "MAE": 8.614057,
        "RMSE": 10.988624,
        "MAPE": 0.4271,
        "R2": 0.3326
      }
    },
    "BNB_USD": {
      "current": 638.63,
      "next_1h": 638.13,
      "next_24h": 637.48,
      "change_pct": -0.078,
      "trend": "\ud83d\udcc9 DOWN",
      "predictions": [
        638.13,
        638.32,
        637.92,
        637.99,
        638.06,
        637.95,
        637.95,
        637.9,
        637.86,
        637.84,
        637.8,
        637.77,
        637.75,
        637.72,
        637.69,
        637.66,
        637.64,
        637.61,
        637.59,
        637.56,
        637.54,
        637.52,
        637.5,
        637.48
      ],
      "metrics": {
        "MAE": 2.190291,
        "RMSE": 2.877347,
        "MAPE": 0.3443,
        "R2": 0.56
      }
    }
  }
}