{
  "generated_at": "2026-03-24 22:00:14",
  "exchange_rates": {
    "USD_TZS": {
      "current": 2581.1454,
      "next_1h": 2581.2339,
      "next_24h": 2582.8556,
      "change_pct": 0.003,
      "trend": "\ud83d\udcc8 UP",
      "predictions": [
        2581.2339,
        2581.3199,
        2581.4049,
        2581.4882,
        2581.5714,
        2581.6531,
        2581.733,
        2581.8113,
        2581.8878,
        2581.9627,
        2582.036,
        2582.1077,
        2582.1778,
        2582.2464,
        2582.3136,
        2582.3792,
        2582.4434,
        2582.5063,
        2582.5678,
        2582.6279,
        2582.6867,
        2582.7443,
        2582.8006,
        2582.8556
      ],
      "metrics": {
        "MAE": 0.297136,
        "RMSE": 1.251592,
        "MAPE": 0.0115,
        "R2": 0.8908
      }
    },
    "USD_KES": {
      "current": 129.5996,
      "next_1h": 129.5877,
      "next_24h": 129.4206,
      "change_pct": -0.009,
      "trend": "\ud83d\udcc9 DOWN",
      "predictions": [
        129.5877,
        129.5742,
        129.5628,
        129.5526,
        129.5433,
        129.5346,
        129.5263,
        129.5181,
        129.5101,
        129.5025,
        129.4951,
        129.4879,
        129.4811,
        129.4745,
        129.4682,
        129.4621,
        129.4562,
        129.4505,
        129.4451,
        129.4398,
        129.4347,
        129.4299,
        129.4252,
        129.4206
      ],
      "metrics": {
        "MAE": 0.019647,
        "RMSE": 0.058856,
        "MAPE": 0.0152,
        "R2": 0.8817
      }
    },
    "USD_UGX": {
      "current": 3780.9511,
      "next_1h": 3781.0345,
      "next_24h": 3782.7584,
      "change_pct": 0.002,
      "trend": "\ud83d\udcc8 UP",
      "predictions": [
        3781.0345,
        3781.1165,
        3781.197,
        3781.2767,
        3781.355,
        3781.4318,
        3781.5084,
        3781.5847,
        3781.6606,
        3781.7362,
        3781.8115,
        3781.8864,
        3781.9609,
        3782.0351,
        3782.109,
        3782.1825,
        3782.2557,
        3782.3285,
        3782.401,
        3782.4732,
        3782.545,
        3782.6165,
        3782.6876,
        3782.7584
      ],
      "metrics": {
        "MAE": 0.177951,
        "RMSE": 0.576748,
        "MAPE": 0.0047,
        "R2": 0.9036
      }
    },
    "USD_EUR": {
      "current": 0.8624,
      "next_1h": 0.8625,
      "next_24h": 0.8644,
      "change_pct": 0.012,
      "trend": "\ud83d\udcc8 UP",
      "predictions": [
        0.8625,
        0.8626,
        0.8627,
        0.8628,
        0.8629,
        0.863,
        0.863,
        0.8631,
        0.8632,
        0.8633,
        0.8634,
        0.8635,
        0.8636,
        0.8636,
        0.8637,
        0.8638,
        0.8639,
        0.864,
        0.864,
        0.8641,
        0.8642,
        0.8642,
        0.8643,
        0.8644
      ],
      "metrics": {
        "MAE": 0.000106,
        "RMSE": 0.000315,
        "MAPE": 0.0123,
        "R2": 0.9431
      }
    }
  },
  "crypto": {
    "BTC_USD": {
      "current": 70259.0,
      "next_1h": 70252.22,
      "next_24h": 70584.54,
      "change_pct": -0.01,
      "trend": "\ud83d\udcc9 DOWN",
      "predictions": [
        70252.22,
        70249.28,
        70248.13,
        70253.38,
        70271.85,
        70292.41,
        70311.92,
        70330.54,
        70348.42,
        70365.82,
        70382.98,
        70399.92,
        70416.62,
        70433.09,
        70449.3,
        70465.26,
        70480.98,
        70496.46,
        70511.71,
        70526.72,
        70541.51,
        70556.07,
        70570.41,
        70584.54
      ],
      "metrics": {
        "MAE": 276.515753,
        "RMSE": 423.716031,
        "MAPE": 0.3977,
        "R2": 0.8479
      }
    },
    "ETH_USD": {
      "current": 2146.89,
      "next_1h": 2147.76,
      "next_24h": 2147.02,
      "change_pct": 0.041,
      "trend": "\ud83d\udcc8 UP",
      "predictions": [
        2147.76,
        2149.01,
        2149.85,
        2150.93,
        2150.74,
        2150.68,
        2150.57,
        2150.41,
        2150.23,
        2150.0,
        2149.77,
        2149.54,
        2149.31,
        2149.09,
        2148.86,
        2148.64,
        2148.42,
        2148.21,
        2148.0,
        2147.8,
        2147.59,
        2147.4,
        2147.2,
        2147.02
      ],
      "metrics": {
        "MAE": 10.382157,
        "RMSE": 17.894275,
        "MAPE": 0.4916,
        "R2": 0.8173
      }
    },
    "BNB_USD": {
      "current": 637.01,
      "next_1h": 637.12,
      "next_24h": 644.89,
      "change_pct": 0.018,
      "trend": "\ud83d\udcc8 UP",
      "predictions": [
        637.12,
        637.66,
        638.03,
        638.44,
        638.84,
        639.23,
        639.61,
        639.98,
        640.34,
        640.69,
        641.04,
        641.38,
        641.71,
        642.03,
        642.35,
        642.66,
        642.96,
        643.25,
        643.54,
        643.82,
        644.1,
        644.37,
        644.63,
        644.89
      ],
      "metrics": {
        "MAE": 2.018826,
        "RMSE": 3.215302,
        "MAPE": 0.3189,
        "R2": 0.7245
      }
    }
  }
}