{
  "generated_at": "2026-06-10 23:37:56",
  "exchange_rates": {
    "USD_TZS": {
      "current": 2617.1138,
      "next_1h": 2616.6953,
      "next_24h": 2609.2578,
      "change_pct": -0.016,
      "trend": "\ud83d\udcc9 DOWN",
      "predictions": [
        2616.6953,
        2616.2821,
        2615.8743,
        2615.4717,
        2615.0743,
        2614.6819,
        2614.3004,
        2613.9296,
        2613.5692,
        2613.2191,
        2612.879,
        2612.5487,
        2612.228,
        2611.9166,
        2611.6141,
        2611.3205,
        2611.0354,
        2610.7585,
        2610.4896,
        2610.2286,
        2609.9751,
        2609.7289,
        2609.4899,
        2609.2578
      ],
      "metrics": {
        "MAE": 0.579377,
        "RMSE": 0.890467,
        "MAPE": 0.0221,
        "R2": 0.7404
      }
    },
    "USD_KES": {
      "current": 129.3129,
      "next_1h": 129.3135,
      "next_24h": 129.3261,
      "change_pct": 0.0,
      "trend": "\ud83d\udcc9 DOWN",
      "predictions": [
        129.3135,
        129.3141,
        129.3147,
        129.3152,
        129.3158,
        129.3164,
        129.3169,
        129.3175,
        129.3181,
        129.3186,
        129.3192,
        129.3197,
        129.3203,
        129.3208,
        129.3214,
        129.3219,
        129.3224,
        129.323,
        129.3235,
        129.324,
        129.3246,
        129.3251,
        129.3256,
        129.3261
      ],
      "metrics": {
        "MAE": 0.003569,
        "RMSE": 0.015283,
        "MAPE": 0.0028,
        "R2": 0.9683
      }
    },
    "USD_UGX": {
      "current": 3755.9913,
      "next_1h": 3755.6921,
      "next_24h": 3749.9699,
      "change_pct": -0.008,
      "trend": "\ud83d\udcc9 DOWN",
      "predictions": [
        3755.6921,
        3755.3963,
        3755.1038,
        3754.8146,
        3754.5285,
        3754.2457,
        3753.9681,
        3753.6956,
        3753.4282,
        3753.1658,
        3752.9083,
        3752.6556,
        3752.4077,
        3752.1645,
        3751.9258,
        3751.6916,
        3751.4619,
        3751.2364,
        3751.0152,
        3750.7981,
        3750.5851,
        3750.3761,
        3750.1711,
        3749.9699
      ],
      "metrics": {
        "MAE": 0.443725,
        "RMSE": 1.835348,
        "MAPE": 0.0118,
        "R2": 0.9167
      }
    },
    "USD_EUR": {
      "current": 0.8659,
      "next_1h": 0.8658,
      "next_24h": 0.8651,
      "change_pct": -0.004,
      "trend": "\ud83d\udcc9 DOWN",
      "predictions": [
        0.8658,
        0.8658,
        0.8658,
        0.8657,
        0.8657,
        0.8657,
        0.8656,
        0.8656,
        0.8656,
        0.8655,
        0.8655,
        0.8655,
        0.8654,
        0.8654,
        0.8654,
        0.8653,
        0.8653,
        0.8653,
        0.8653,
        0.8652,
        0.8652,
        0.8652,
        0.8651,
        0.8651
      ],
      "metrics": {
        "MAE": 0.000119,
        "RMSE": 0.000515,
        "MAPE": 0.0138,
        "R2": 0.9708
      }
    }
  },
  "crypto": {
    "BTC_USD": {
      "current": 61488.0,
      "next_1h": 61526.17,
      "next_24h": 61775.52,
      "change_pct": 0.062,
      "trend": "\ud83d\udcc8 UP",
      "predictions": [
        61526.17,
        61524.28,
        61543.53,
        61553.66,
        61563.51,
        61575.29,
        61586.42,
        61597.61,
        61608.86,
        61620.04,
        61631.22,
        61642.4,
        61653.56,
        61664.7,
        61675.84,
        61686.96,
        61698.07,
        61709.17,
        61720.26,
        61731.34,
        61742.4,
        61753.45,
        61764.49,
        61775.52
      ],
      "metrics": {
        "MAE": 381.745072,
        "RMSE": 511.976956,
        "MAPE": 0.6017,
        "R2": 0.9689
      }
    },
    "ETH_USD": {
      "current": 1620.32,
      "next_1h": 1620.75,
      "next_24h": 1607.84,
      "change_pct": 0.026,
      "trend": "\ud83d\udcc8 UP",
      "predictions": [
        1620.75,
        1620.31,
        1619.99,
        1619.58,
        1618.83,
        1618.2,
        1617.63,
        1617.04,
        1616.47,
        1615.9,
        1615.33,
        1614.75,
        1614.18,
        1613.6,
        1613.02,
        1612.45,
        1611.87,
        1611.3,
        1610.72,
        1610.14,
        1609.57,
        1608.99,
        1608.41,
        1607.84
      ],
      "metrics": {
        "MAE": 13.925741,
        "RMSE": 18.787037,
        "MAPE": 0.8188,
        "R2": 0.9784
      }
    },
    "BNB_USD": {
      "current": 586.18,
      "next_1h": 586.86,
      "next_24h": 601.41,
      "change_pct": 0.115,
      "trend": "\ud83d\udcc8 UP",
      "predictions": [
        586.86,
        587.38,
        587.96,
        588.57,
        589.29,
        589.97,
        590.65,
        591.32,
        591.99,
        592.66,
        593.32,
        593.98,
        594.63,
        595.27,
        595.91,
        596.54,
        597.17,
        597.79,
        598.41,
        599.02,
        599.62,
        600.22,
        600.82,
        601.41
      ],
      "metrics": {
        "MAE": 3.99012,
        "RMSE": 5.191889,
        "MAPE": 0.6543,
        "R2": 0.9749
      }
    }
  }
}