{
  "generated_at": "2026-04-23 10:39:38",
  "exchange_rates": {
    "USD_TZS": {
      "current": 2608.6288,
      "next_1h": 2608.3916,
      "next_24h": 2603.5593,
      "change_pct": -0.009,
      "trend": "\ud83d\udcc9 DOWN",
      "predictions": [
        2608.3916,
        2608.1558,
        2607.9215,
        2607.6886,
        2607.4572,
        2607.2271,
        2607.0,
        2606.7758,
        2606.5545,
        2606.3361,
        2606.1205,
        2605.9076,
        2605.6976,
        2605.4902,
        2605.2856,
        2605.0836,
        2604.8842,
        2604.6874,
        2604.4932,
        2604.3015,
        2604.1123,
        2603.9256,
        2603.7412,
        2603.5593
      ],
      "metrics": {
        "MAE": 0.328284,
        "RMSE": 0.94446,
        "MAPE": 0.0126,
        "R2": 0.8854
      }
    },
    "USD_KES": {
      "current": 129.09,
      "next_1h": 129.0939,
      "next_24h": 129.1786,
      "change_pct": 0.003,
      "trend": "\ud83d\udcc8 UP",
      "predictions": [
        129.0939,
        129.0978,
        129.1017,
        129.1056,
        129.1095,
        129.1133,
        129.1172,
        129.121,
        129.1248,
        129.1285,
        129.1323,
        129.136,
        129.1397,
        129.1433,
        129.147,
        129.1506,
        129.1542,
        129.1577,
        129.1613,
        129.1648,
        129.1683,
        129.1718,
        129.1752,
        129.1786
      ],
      "metrics": {
        "MAE": 0.006367,
        "RMSE": 0.014519,
        "MAPE": 0.0049,
        "R2": 0.9256
      }
    },
    "USD_UGX": {
      "current": 3701.5567,
      "next_1h": 3701.7626,
      "next_24h": 3706.0028,
      "change_pct": 0.006,
      "trend": "\ud83d\udcc8 UP",
      "predictions": [
        3701.7626,
        3701.9671,
        3702.17,
        3702.3715,
        3702.5714,
        3702.77,
        3702.9664,
        3703.1607,
        3703.353,
        3703.5432,
        3703.7314,
        3703.9176,
        3704.1018,
        3704.284,
        3704.4643,
        3704.6427,
        3704.8191,
        3704.9937,
        3705.1664,
        3705.3373,
        3705.5064,
        3705.6736,
        3705.8391,
        3706.0028
      ],
      "metrics": {
        "MAE": 0.421992,
        "RMSE": 0.975546,
        "MAPE": 0.0114,
        "R2": 0.9377
      }
    },
    "USD_EUR": {
      "current": 0.853,
      "next_1h": 0.8529,
      "next_24h": 0.8522,
      "change_pct": -0.004,
      "trend": "\ud83d\udcc9 DOWN",
      "predictions": [
        0.8529,
        0.8529,
        0.8529,
        0.8528,
        0.8528,
        0.8528,
        0.8527,
        0.8527,
        0.8527,
        0.8526,
        0.8526,
        0.8526,
        0.8525,
        0.8525,
        0.8525,
        0.8524,
        0.8524,
        0.8524,
        0.8523,
        0.8523,
        0.8523,
        0.8522,
        0.8522,
        0.8522
      ],
      "metrics": {
        "MAE": 0.000111,
        "RMSE": 0.000387,
        "MAPE": 0.0131,
        "R2": 0.9208
      }
    }
  },
  "crypto": {
    "BTC_USD": {
      "current": 77426.0,
      "next_1h": 77367.15,
      "next_24h": 76978.15,
      "change_pct": -0.076,
      "trend": "\ud83d\udcc9 DOWN",
      "predictions": [
        77367.15,
        77380.39,
        77327.61,
        77324.02,
        77310.52,
        77285.94,
        77272.0,
        77253.66,
        77234.92,
        77218.18,
        77200.26,
        77182.67,
        77165.41,
        77147.94,
        77130.66,
        77113.45,
        77096.28,
        77079.2,
        77062.19,
        77045.24,
        77028.36,
        77011.56,
        76994.82,
        76978.15
      ],
      "metrics": {
        "MAE": 242.88999,
        "RMSE": 328.073363,
        "MAPE": 0.3184,
        "R2": 0.9324
      }
    },
    "ETH_USD": {
      "current": 2313.65,
      "next_1h": 2310.85,
      "next_24h": 2294.5,
      "change_pct": -0.121,
      "trend": "\ud83d\udcc9 DOWN",
      "predictions": [
        2310.85,
        2309.69,
        2307.96,
        2307.42,
        2306.5,
        2305.68,
        2305.08,
        2304.36,
        2303.71,
        2303.07,
        2302.42,
        2301.78,
        2301.15,
        2300.52,
        2299.9,
        2299.28,
        2298.67,
        2298.06,
        2297.46,
        2296.86,
        2296.26,
        2295.67,
        2295.09,
        2294.5
      ],
      "metrics": {
        "MAE": 8.706526,
        "RMSE": 11.82031,
        "MAPE": 0.3716,
        "R2": 0.9233
      }
    },
    "BNB_USD": {
      "current": 631.76,
      "next_1h": 631.26,
      "next_24h": 627.17,
      "change_pct": -0.079,
      "trend": "\ud83d\udcc9 DOWN",
      "predictions": [
        631.26,
        631.17,
        630.85,
        630.81,
        630.68,
        630.47,
        630.29,
        630.09,
        629.88,
        629.68,
        629.49,
        629.3,
        629.11,
        628.93,
        628.74,
        628.56,
        628.38,
        628.2,
        628.03,
        627.85,
        627.68,
        627.51,
        627.34,
        627.17
      ],
      "metrics": {
        "MAE": 1.62298,
        "RMSE": 2.204106,
        "MAPE": 0.2564,
        "R2": 0.9171
      }
    }
  }
}