{
  "generated_at": "2026-07-24 22:13:09",
  "exchange_rates": {
    "USD_TZS": {
      "current": 2631.1729,
      "next_1h": 2630.7529,
      "next_24h": 2623.5736,
      "change_pct": -0.016,
      "trend": "\ud83d\udcc9 DOWN",
      "predictions": [
        2630.7529,
        2630.341,
        2629.9371,
        2629.541,
        2629.1525,
        2628.7715,
        2628.4018,
        2628.0431,
        2627.6951,
        2627.3575,
        2627.0301,
        2626.7126,
        2626.4046,
        2626.106,
        2625.8164,
        2625.5355,
        2625.2632,
        2624.999,
        2624.7429,
        2624.4944,
        2624.2535,
        2624.0199,
        2623.7933,
        2623.5736
      ],
      "metrics": {
        "MAE": 0.44289,
        "RMSE": 1.139496,
        "MAPE": 0.0169,
        "R2": 0.9738
      }
    },
    "USD_KES": {
      "current": 129.4349,
      "next_1h": 129.4343,
      "next_24h": 129.4204,
      "change_pct": -0.001,
      "trend": "\ud83d\udcc9 DOWN",
      "predictions": [
        129.4343,
        129.4336,
        129.433,
        129.4323,
        129.4317,
        129.431,
        129.4304,
        129.4297,
        129.4291,
        129.4285,
        129.4279,
        129.4273,
        129.4267,
        129.4261,
        129.4255,
        129.4249,
        129.4243,
        129.4237,
        129.4231,
        129.4226,
        129.422,
        129.4215,
        129.4209,
        129.4204
      ],
      "metrics": {
        "MAE": 0.00273,
        "RMSE": 0.014232,
        "MAPE": 0.0021,
        "R2": 0.9137
      }
    },
    "USD_UGX": {
      "current": 3707.508,
      "next_1h": 3707.4003,
      "next_24h": 3705.012,
      "change_pct": -0.003,
      "trend": "\ud83d\udcc9 DOWN",
      "predictions": [
        3707.4003,
        3707.2928,
        3707.1856,
        3707.0786,
        3706.9718,
        3706.8653,
        3706.7591,
        3706.6533,
        3706.548,
        3706.443,
        3706.3383,
        3706.2341,
        3706.1302,
        3706.0267,
        3705.9236,
        3705.8208,
        3705.7184,
        3705.6164,
        3705.5147,
        3705.4135,
        3705.3125,
        3705.212,
        3705.1118,
        3705.012
      ],
      "metrics": {
        "MAE": 0.445399,
        "RMSE": 2.439669,
        "MAPE": 0.0121,
        "R2": 0.9688
      }
    },
    "USD_EUR": {
      "current": 0.8782,
      "next_1h": 0.8782,
      "next_24h": 0.8782,
      "change_pct": 0.0,
      "trend": "\ud83d\udcc9 DOWN",
      "predictions": [
        0.8782,
        0.8782,
        0.8782,
        0.8782,
        0.8782,
        0.8782,
        0.8782,
        0.8782,
        0.8782,
        0.8782,
        0.8782,
        0.8782,
        0.8782,
        0.8782,
        0.8782,
        0.8782,
        0.8782,
        0.8782,
        0.8782,
        0.8782,
        0.8782,
        0.8782,
        0.8782,
        0.8782
      ],
      "metrics": {
        "MAE": 3.8e-05,
        "RMSE": 0.000224,
        "MAPE": 0.0043,
        "R2": 0.9748
      }
    }
  },
  "crypto": {
    "BTC_USD": {
      "current": 64116.0,
      "next_1h": 64105.99,
      "next_24h": 63946.96,
      "change_pct": -0.016,
      "trend": "\ud83d\udcc9 DOWN",
      "predictions": [
        64105.99,
        64096.24,
        64088.77,
        64082.47,
        64076.06,
        64068.79,
        64061.58,
        64054.55,
        64047.63,
        64040.71,
        64033.79,
        64026.9,
        64020.06,
        64013.25,
        64006.48,
        63999.73,
        63993.02,
        63986.34,
        63979.7,
        63973.09,
        63966.51,
        63959.96,
        63953.45,
        63946.96
      ],
      "metrics": {
        "MAE": 96.678949,
        "RMSE": 136.358091,
        "MAPE": 0.1483,
        "R2": 0.9686
      }
    },
    "ETH_USD": {
      "current": 1858.6,
      "next_1h": 1858.01,
      "next_24h": 1845.58,
      "change_pct": -0.032,
      "trend": "\ud83d\udcc9 DOWN",
      "predictions": [
        1858.01,
        1857.39,
        1856.83,
        1856.28,
        1855.71,
        1855.15,
        1854.6,
        1854.05,
        1853.5,
        1852.95,
        1852.41,
        1851.87,
        1851.33,
        1850.79,
        1850.26,
        1849.73,
        1849.2,
        1848.68,
        1848.16,
        1847.64,
        1847.12,
        1846.6,
        1846.09,
        1845.58
      ],
      "metrics": {
        "MAE": 3.709389,
        "RMSE": 5.189221,
        "MAPE": 0.1956,
        "R2": 0.9713
      }
    },
    "BNB_USD": {
      "current": 564.04,
      "next_1h": 564.09,
      "next_24h": 565.24,
      "change_pct": 0.01,
      "trend": "\ud83d\udcc8 UP",
      "predictions": [
        564.09,
        564.13,
        564.18,
        564.24,
        564.29,
        564.34,
        564.39,
        564.45,
        564.5,
        564.55,
        564.6,
        564.65,
        564.7,
        564.75,
        564.8,
        564.85,
        564.9,
        564.95,
        565.0,
        565.05,
        565.09,
        565.14,
        565.19,
        565.24
      ],
      "metrics": {
        "MAE": 0.688905,
        "RMSE": 0.943769,
        "MAPE": 0.121,
        "R2": 0.9233
      }
    }
  }
}