{
  "generated_at": "2026-04-04 02:00:31",
  "exchange_rates": {
    "USD_TZS": {
      "current": 2596.9564,
      "next_1h": 2596.7188,
      "next_24h": 2591.0357,
      "change_pct": -0.009,
      "trend": "\ud83d\udcc9 DOWN",
      "predictions": [
        2596.7188,
        2596.4451,
        2596.2606,
        2596.0024,
        2595.7086,
        2595.4184,
        2595.1342,
        2594.8546,
        2594.5794,
        2594.3093,
        2594.0444,
        2593.7847,
        2593.53,
        2593.2803,
        2593.0354,
        2592.7954,
        2592.5599,
        2592.3291,
        2592.1028,
        2591.8809,
        2591.6633,
        2591.45,
        2591.2408,
        2591.0357
      ],
      "metrics": {
        "MAE": 0.690125,
        "RMSE": 2.845734,
        "MAPE": 0.0267,
        "R2": 0.9098
      }
    },
    "USD_KES": {
      "current": 130.0613,
      "next_1h": 130.0495,
      "next_24h": 129.8806,
      "change_pct": -0.009,
      "trend": "\ud83d\udcc9 DOWN",
      "predictions": [
        130.0495,
        130.0382,
        130.0285,
        130.0194,
        130.0115,
        130.004,
        129.9966,
        129.989,
        129.9815,
        129.9741,
        129.9668,
        129.9596,
        129.9525,
        129.9455,
        129.9386,
        129.9318,
        129.9251,
        129.9185,
        129.9119,
        129.9055,
        129.8992,
        129.8929,
        129.8867,
        129.8806
      ],
      "metrics": {
        "MAE": 0.013545,
        "RMSE": 0.032858,
        "MAPE": 0.0104,
        "R2": 0.8926
      }
    },
    "USD_UGX": {
      "current": 3753.7694,
      "next_1h": 3753.7269,
      "next_24h": 3753.205,
      "change_pct": -0.001,
      "trend": "\ud83d\udcc9 DOWN",
      "predictions": [
        3753.7269,
        3753.7124,
        3753.6716,
        3753.6333,
        3753.6104,
        3753.5877,
        3753.565,
        3753.5427,
        3753.5204,
        3753.4983,
        3753.4763,
        3753.4545,
        3753.4328,
        3753.4113,
        3753.39,
        3753.3688,
        3753.3478,
        3753.327,
        3753.3063,
        3753.2857,
        3753.2653,
        3753.2451,
        3753.225,
        3753.205
      ],
      "metrics": {
        "MAE": 0.76167,
        "RMSE": 3.467613,
        "MAPE": 0.0203,
        "R2": 0.8712
      }
    },
    "USD_EUR": {
      "current": 0.8674,
      "next_1h": 0.8673,
      "next_24h": 0.8673,
      "change_pct": -0.012,
      "trend": "\ud83d\udcc9 DOWN",
      "predictions": [
        0.8673,
        0.8673,
        0.8674,
        0.8673,
        0.8673,
        0.8673,
        0.8673,
        0.8673,
        0.8673,
        0.8673,
        0.8673,
        0.8673,
        0.8673,
        0.8673,
        0.8673,
        0.8673,
        0.8673,
        0.8673,
        0.8673,
        0.8673,
        0.8673,
        0.8673,
        0.8673,
        0.8673
      ],
      "metrics": {
        "MAE": 0.0002,
        "RMSE": 0.000747,
        "MAPE": 0.0231,
        "R2": 0.9438
      }
    }
  },
  "crypto": {
    "BTC_USD": {
      "current": 66839.0,
      "next_1h": 66869.24,
      "next_24h": 67487.99,
      "change_pct": 0.045,
      "trend": "\ud83d\udcc8 UP",
      "predictions": [
        66869.24,
        66902.45,
        66932.58,
        66968.14,
        67000.25,
        67027.91,
        67055.36,
        67082.58,
        67109.29,
        67136.05,
        67162.8,
        67189.27,
        67215.5,
        67241.49,
        67267.21,
        67292.68,
        67317.91,
        67342.9,
        67367.66,
        67392.18,
        67416.48,
        67440.54,
        67464.38,
        67487.99
      ],
      "metrics": {
        "MAE": 227.317305,
        "RMSE": 311.018791,
        "MAPE": 0.338,
        "R2": 0.8237
      }
    },
    "ETH_USD": {
      "current": 2050.99,
      "next_1h": 2051.72,
      "next_24h": 2066.35,
      "change_pct": 0.036,
      "trend": "\ud83d\udcc8 UP",
      "predictions": [
        2051.72,
        2052.37,
        2053.07,
        2053.81,
        2054.54,
        2055.25,
        2055.95,
        2056.65,
        2057.33,
        2058.0,
        2058.66,
        2059.31,
        2059.95,
        2060.58,
        2061.2,
        2061.81,
        2062.41,
        2063.0,
        2063.58,
        2064.15,
        2064.71,
        2065.27,
        2065.81,
        2066.35
      ],
      "metrics": {
        "MAE": 8.981283,
        "RMSE": 12.502843,
        "MAPE": 0.4341,
        "R2": 0.9001
      }
    },
    "BNB_USD": {
      "current": 587.52,
      "next_1h": 588.5,
      "next_24h": 605.3,
      "change_pct": 0.168,
      "trend": "\ud83d\udcc8 UP",
      "predictions": [
        588.5,
        589.45,
        590.29,
        591.18,
        592.04,
        592.83,
        593.61,
        594.39,
        595.15,
        595.9,
        596.64,
        597.37,
        598.09,
        598.8,
        599.49,
        600.18,
        600.85,
        601.52,
        602.17,
        602.82,
        603.45,
        604.08,
        604.7,
        605.3
      ],
      "metrics": {
        "MAE": 1.956146,
        "RMSE": 2.67023,
        "MAPE": 0.3253,
        "R2": 0.9636
      }
    }
  }
}