{
  "generated_at": "2026-07-11 13:43:16",
  "exchange_rates": {
    "USD_TZS": {
      "current": 2626.6457,
      "next_1h": 2626.2745,
      "next_24h": 2620.151,
      "change_pct": -0.014,
      "trend": "\ud83d\udcc9 DOWN",
      "predictions": [
        2626.2745,
        2625.9115,
        2625.5566,
        2625.2094,
        2624.87,
        2624.538,
        2624.2171,
        2623.9068,
        2623.6069,
        2623.317,
        2623.0369,
        2622.7662,
        2622.5048,
        2622.2521,
        2622.008,
        2621.7722,
        2621.5443,
        2621.3241,
        2621.1114,
        2620.9059,
        2620.7073,
        2620.5155,
        2620.3301,
        2620.151
      ],
      "metrics": {
        "MAE": 0.362693,
        "RMSE": 0.600562,
        "MAPE": 0.0138,
        "R2": 0.846
      }
    },
    "USD_KES": {
      "current": 129.1819,
      "next_1h": 129.1863,
      "next_24h": 129.2732,
      "change_pct": 0.003,
      "trend": "\ud83d\udcc8 UP",
      "predictions": [
        129.1863,
        129.1907,
        129.1951,
        129.1994,
        129.2037,
        129.208,
        129.2122,
        129.2163,
        129.2203,
        129.2243,
        129.2282,
        129.232,
        129.2358,
        129.2395,
        129.2431,
        129.2467,
        129.2502,
        129.2537,
        129.2571,
        129.2604,
        129.2637,
        129.2669,
        129.2701,
        129.2732
      ],
      "metrics": {
        "MAE": 0.007069,
        "RMSE": 0.02093,
        "MAPE": 0.0055,
        "R2": 0.9141
      }
    },
    "USD_UGX": {
      "current": 3659.1295,
      "next_1h": 3659.0696,
      "next_24h": 3657.7222,
      "change_pct": -0.002,
      "trend": "\ud83d\udcc9 DOWN",
      "predictions": [
        3659.0696,
        3659.0099,
        3658.9502,
        3658.8907,
        3658.8313,
        3658.772,
        3658.7128,
        3658.6537,
        3658.5947,
        3658.5358,
        3658.4771,
        3658.4184,
        3658.3598,
        3658.3013,
        3658.243,
        3658.1847,
        3658.1265,
        3658.0685,
        3658.0105,
        3657.9526,
        3657.8949,
        3657.8372,
        3657.7797,
        3657.7222
      ],
      "metrics": {
        "MAE": 0.936911,
        "RMSE": 4.052722,
        "MAPE": 0.0257,
        "R2": 0.9009
      }
    },
    "USD_EUR": {
      "current": 0.8756,
      "next_1h": 0.8756,
      "next_24h": 0.8759,
      "change_pct": 0.002,
      "trend": "\ud83d\udcc8 UP",
      "predictions": [
        0.8756,
        0.8756,
        0.8756,
        0.8756,
        0.8756,
        0.8757,
        0.8757,
        0.8757,
        0.8757,
        0.8757,
        0.8757,
        0.8757,
        0.8757,
        0.8758,
        0.8758,
        0.8758,
        0.8758,
        0.8758,
        0.8758,
        0.8758,
        0.8759,
        0.8759,
        0.8759,
        0.8759
      ],
      "metrics": {
        "MAE": 7.2e-05,
        "RMSE": 0.00032,
        "MAPE": 0.0082,
        "R2": 0.8983
      }
    }
  },
  "crypto": {
    "BTC_USD": {
      "current": 64161.0,
      "next_1h": 64148.1,
      "next_24h": 63888.13,
      "change_pct": -0.02,
      "trend": "\ud83d\udcc9 DOWN",
      "predictions": [
        64148.1,
        64131.02,
        64116.41,
        64107.35,
        64097.65,
        64085.97,
        64074.17,
        64062.74,
        64051.58,
        64040.39,
        64029.18,
        64018.01,
        64006.92,
        63995.88,
        63984.89,
        63973.94,
        63963.04,
        63952.19,
        63941.4,
        63930.65,
        63919.94,
        63909.29,
        63898.68,
        63888.13
      ],
      "metrics": {
        "MAE": 106.268521,
        "RMSE": 149.911339,
        "MAPE": 0.1686,
        "R2": 0.9665
      }
    },
    "ETH_USD": {
      "current": 1800.86,
      "next_1h": 1800.18,
      "next_24h": 1787.32,
      "change_pct": -0.038,
      "trend": "\ud83d\udcc9 DOWN",
      "predictions": [
        1800.18,
        1799.37,
        1798.8,
        1798.29,
        1797.64,
        1797.07,
        1796.51,
        1795.95,
        1795.38,
        1794.83,
        1794.27,
        1793.72,
        1793.17,
        1792.63,
        1792.08,
        1791.54,
        1791.01,
        1790.47,
        1789.94,
        1789.41,
        1788.88,
        1788.36,
        1787.84,
        1787.32
      ],
      "metrics": {
        "MAE": 3.708408,
        "RMSE": 5.492355,
        "MAPE": 0.2107,
        "R2": 0.9525
      }
    },
    "BNB_USD": {
      "current": 580.88,
      "next_1h": 580.92,
      "next_24h": 581.17,
      "change_pct": 0.006,
      "trend": "\ud83d\udcc8 UP",
      "predictions": [
        580.92,
        580.88,
        580.93,
        580.97,
        580.96,
        580.97,
        580.99,
        581.0,
        581.01,
        581.02,
        581.03,
        581.04,
        581.05,
        581.06,
        581.08,
        581.09,
        581.1,
        581.11,
        581.12,
        581.13,
        581.14,
        581.15,
        581.16,
        581.17
      ],
      "metrics": {
        "MAE": 0.929741,
        "RMSE": 1.288246,
        "MAPE": 0.1627,
        "R2": 0.9406
      }
    }
  }
}