{
  "generated_at": "2026-07-20 06:17:12",
  "exchange_rates": {
    "USD_TZS": {
      "current": 2628.4738,
      "next_1h": 2628.1561,
      "next_24h": 2622.7163,
      "change_pct": -0.012,
      "trend": "\ud83d\udcc9 DOWN",
      "predictions": [
        2628.1561,
        2627.8447,
        2627.5395,
        2627.2404,
        2626.9472,
        2626.6599,
        2626.3809,
        2626.1101,
        2625.8472,
        2625.5919,
        2625.3442,
        2625.1038,
        2624.8704,
        2624.644,
        2624.4242,
        2624.2109,
        2624.004,
        2623.8031,
        2623.6081,
        2623.4189,
        2623.2353,
        2623.0571,
        2622.8842,
        2622.7163
      ],
      "metrics": {
        "MAE": 0.546403,
        "RMSE": 2.091993,
        "MAPE": 0.0209,
        "R2": 0.9546
      }
    },
    "USD_KES": {
      "current": 129.2866,
      "next_1h": 129.2874,
      "next_24h": 129.3047,
      "change_pct": 0.001,
      "trend": "\ud83d\udcc8 UP",
      "predictions": [
        129.2874,
        129.2882,
        129.289,
        129.2898,
        129.2907,
        129.2915,
        129.2923,
        129.293,
        129.2938,
        129.2946,
        129.2954,
        129.2961,
        129.2969,
        129.2976,
        129.2984,
        129.2991,
        129.2998,
        129.3005,
        129.3012,
        129.3019,
        129.3026,
        129.3033,
        129.304,
        129.3047
      ],
      "metrics": {
        "MAE": 0.002853,
        "RMSE": 0.012269,
        "MAPE": 0.0022,
        "R2": 0.9657
      }
    },
    "USD_UGX": {
      "current": 3691.0959,
      "next_1h": 3691.0356,
      "next_24h": 3689.6952,
      "change_pct": -0.002,
      "trend": "\ud83d\udcc9 DOWN",
      "predictions": [
        3691.0356,
        3690.9753,
        3690.9152,
        3690.8553,
        3690.7954,
        3690.7357,
        3690.6762,
        3690.6169,
        3690.5578,
        3690.4989,
        3690.4402,
        3690.3817,
        3690.3234,
        3690.2653,
        3690.2074,
        3690.1497,
        3690.0922,
        3690.0349,
        3689.9778,
        3689.9209,
        3689.8642,
        3689.8077,
        3689.7513,
        3689.6952
      ],
      "metrics": {
        "MAE": 0.403323,
        "RMSE": 2.362023,
        "MAPE": 0.011,
        "R2": 0.9509
      }
    },
    "USD_EUR": {
      "current": 0.875,
      "next_1h": 0.875,
      "next_24h": 0.8751,
      "change_pct": 0.001,
      "trend": "\ud83d\udcc8 UP",
      "predictions": [
        0.875,
        0.875,
        0.875,
        0.875,
        0.875,
        0.875,
        0.875,
        0.8751,
        0.8751,
        0.8751,
        0.8751,
        0.8751,
        0.8751,
        0.8751,
        0.8751,
        0.8751,
        0.8751,
        0.8751,
        0.8751,
        0.8751,
        0.8751,
        0.8751,
        0.8751,
        0.8751
      ],
      "metrics": {
        "MAE": 4.1e-05,
        "RMSE": 0.000234,
        "MAPE": 0.0047,
        "R2": 0.9683
      }
    }
  },
  "crypto": {
    "BTC_USD": {
      "current": 64093.0,
      "next_1h": 64103.7,
      "next_24h": 63896.97,
      "change_pct": 0.017,
      "trend": "\ud83d\udcc8 UP",
      "predictions": [
        64103.7,
        64096.29,
        64074.41,
        64062.0,
        64052.51,
        64045.28,
        64036.8,
        64027.78,
        64019.15,
        64010.74,
        64002.43,
        63994.08,
        63985.76,
        63977.48,
        63969.26,
        63961.08,
        63952.93,
        63944.82,
        63936.75,
        63928.71,
        63920.72,
        63912.77,
        63904.85,
        63896.97
      ],
      "metrics": {
        "MAE": 96.942979,
        "RMSE": 145.132926,
        "MAPE": 0.1509,
        "R2": 0.9309
      }
    },
    "ETH_USD": {
      "current": 1854.01,
      "next_1h": 1853.57,
      "next_24h": 1839.43,
      "change_pct": -0.024,
      "trend": "\ud83d\udcc9 DOWN",
      "predictions": [
        1853.57,
        1852.88,
        1852.37,
        1851.71,
        1851.09,
        1850.44,
        1849.8,
        1849.16,
        1848.53,
        1847.9,
        1847.28,
        1846.65,
        1846.04,
        1845.42,
        1844.81,
        1844.2,
        1843.59,
        1842.99,
        1842.39,
        1841.79,
        1841.2,
        1840.61,
        1840.02,
        1839.43
      ],
      "metrics": {
        "MAE": 3.938677,
        "RMSE": 5.927535,
        "MAPE": 0.2104,
        "R2": 0.9528
      }
    },
    "BNB_USD": {
      "current": 564.24,
      "next_1h": 564.29,
      "next_24h": 565.72,
      "change_pct": 0.009,
      "trend": "\ud83d\udcc8 UP",
      "predictions": [
        564.29,
        564.3,
        564.41,
        564.43,
        564.51,
        564.58,
        564.65,
        564.71,
        564.78,
        564.84,
        564.91,
        564.97,
        565.04,
        565.1,
        565.16,
        565.23,
        565.29,
        565.35,
        565.42,
        565.48,
        565.54,
        565.6,
        565.66,
        565.72
      ],
      "metrics": {
        "MAE": 0.788032,
        "RMSE": 1.09566,
        "MAPE": 0.1376,
        "R2": 0.9664
      }
    }
  }
}