{
  "generated_at": "2026-05-31 22:28:58",
  "exchange_rates": {
    "USD_TZS": {
      "current": 2619.9004,
      "next_1h": 2618.8531,
      "next_24h": 2603.7889,
      "change_pct": -0.04,
      "trend": "\ud83d\udcc9 DOWN",
      "predictions": [
        2618.8531,
        2617.8308,
        2616.833,
        2615.859,
        2614.9084,
        2613.9804,
        2613.1005,
        2612.2668,
        2611.4776,
        2610.7313,
        2610.0263,
        2609.361,
        2608.7333,
        2608.1411,
        2607.5825,
        2607.0557,
        2606.5589,
        2606.0903,
        2605.6484,
        2605.2317,
        2604.8387,
        2604.4681,
        2604.1186,
        2603.7889
      ],
      "metrics": {
        "MAE": 1.110479,
        "RMSE": 2.985265,
        "MAPE": 0.0426,
        "R2": 0.9576
      }
    },
    "USD_KES": {
      "current": 129.4252,
      "next_1h": 129.4256,
      "next_24h": 129.434,
      "change_pct": 0.0,
      "trend": "\ud83d\udcc9 DOWN",
      "predictions": [
        129.4256,
        129.426,
        129.4264,
        129.4267,
        129.4271,
        129.4275,
        129.4278,
        129.4282,
        129.4286,
        129.4289,
        129.4293,
        129.4297,
        129.43,
        129.4304,
        129.4308,
        129.4311,
        129.4315,
        129.4319,
        129.4322,
        129.4326,
        129.4329,
        129.4333,
        129.4336,
        129.434
      ],
      "metrics": {
        "MAE": 0.003759,
        "RMSE": 0.02333,
        "MAPE": 0.0029,
        "R2": 0.9486
      }
    },
    "USD_UGX": {
      "current": 3742.9132,
      "next_1h": 3742.8053,
      "next_24h": 3740.5293,
      "change_pct": -0.003,
      "trend": "\ud83d\udcc9 DOWN",
      "predictions": [
        3742.8053,
        3742.6979,
        3742.5911,
        3742.4846,
        3742.3787,
        3742.2733,
        3742.1688,
        3742.0652,
        3741.9626,
        3741.8609,
        3741.7601,
        3741.6602,
        3741.5612,
        3741.4631,
        3741.3659,
        3741.2695,
        3741.1741,
        3741.0794,
        3740.9857,
        3740.8927,
        3740.8007,
        3740.7094,
        3740.619,
        3740.5293
      ],
      "metrics": {
        "MAE": 0.919954,
        "RMSE": 3.555235,
        "MAPE": 0.0245,
        "R2": 0.8815
      }
    },
    "USD_EUR": {
      "current": 0.8578,
      "next_1h": 0.8578,
      "next_24h": 0.858,
      "change_pct": 0.001,
      "trend": "\ud83d\udcc8 UP",
      "predictions": [
        0.8578,
        0.8578,
        0.8578,
        0.8578,
        0.8578,
        0.8578,
        0.8578,
        0.8578,
        0.8579,
        0.8579,
        0.8579,
        0.8579,
        0.8579,
        0.8579,
        0.8579,
        0.8579,
        0.8579,
        0.8579,
        0.8579,
        0.8579,
        0.8579,
        0.8579,
        0.858,
        0.858
      ],
      "metrics": {
        "MAE": 4.5e-05,
        "RMSE": 0.000231,
        "MAPE": 0.0053,
        "R2": 0.9761
      }
    }
  },
  "crypto": {
    "BTC_USD": {
      "current": 73843.0,
      "next_1h": 73849.08,
      "next_24h": 74195.29,
      "change_pct": 0.008,
      "trend": "\ud83d\udcc8 UP",
      "predictions": [
        73849.08,
        73853.17,
        73864.89,
        73874.65,
        73880.66,
        73899.86,
        73918.08,
        73935.33,
        73952.76,
        73969.78,
        73986.2,
        74002.67,
        74019.11,
        74035.48,
        74051.79,
        74068.05,
        74084.22,
        74100.31,
        74116.33,
        74132.27,
        74148.13,
        74163.93,
        74179.65,
        74195.29
      ],
      "metrics": {
        "MAE": 185.456685,
        "RMSE": 267.88526,
        "MAPE": 0.2476,
        "R2": 0.9682
      }
    },
    "ETH_USD": {
      "current": 2008.96,
      "next_1h": 2007.55,
      "next_24h": 1981.88,
      "change_pct": -0.07,
      "trend": "\ud83d\udcc9 DOWN",
      "predictions": [
        2007.55,
        2005.92,
        2004.05,
        2002.55,
        2001.35,
        2000.44,
        1999.52,
        1998.56,
        1997.56,
        1996.52,
        1995.47,
        1994.43,
        1993.39,
        1992.35,
        1991.32,
        1990.28,
        1989.23,
        1988.19,
        1987.14,
        1986.09,
        1985.04,
        1983.99,
        1982.94,
        1981.88
      ],
      "metrics": {
        "MAE": 6.869215,
        "RMSE": 10.049732,
        "MAPE": 0.3346,
        "R2": 0.9488
      }
    },
    "BNB_USD": {
      "current": 711.55,
      "next_1h": 711.31,
      "next_24h": 699.91,
      "change_pct": -0.033,
      "trend": "\ud83d\udcc9 DOWN",
      "predictions": [
        711.31,
        710.24,
        709.84,
        709.34,
        708.85,
        708.36,
        707.85,
        707.35,
        706.86,
        706.37,
        705.89,
        705.41,
        704.93,
        704.45,
        703.98,
        703.52,
        703.05,
        702.59,
        702.14,
        701.68,
        701.24,
        700.79,
        700.35,
        699.91
      ],
      "metrics": {
        "MAE": 2.782657,
        "RMSE": 4.155591,
        "MAPE": 0.4116,
        "R2": 0.9764
      }
    }
  }
}