{
  "generated_at": "2026-07-19 04:17:13",
  "exchange_rates": {
    "USD_TZS": {
      "current": 2627.1477,
      "next_1h": 2626.8331,
      "next_24h": 2621.764,
      "change_pct": -0.012,
      "trend": "\ud83d\udcc9 DOWN",
      "predictions": [
        2626.8331,
        2626.525,
        2626.2395,
        2625.9599,
        2625.686,
        2625.4176,
        2625.1575,
        2624.9052,
        2624.6605,
        2624.4231,
        2624.193,
        2623.9697,
        2623.7533,
        2623.5434,
        2623.3398,
        2623.1425,
        2622.9511,
        2622.7655,
        2622.5855,
        2622.4109,
        2622.2417,
        2622.0775,
        2621.9184,
        2621.764
      ],
      "metrics": {
        "MAE": 0.561712,
        "RMSE": 2.121413,
        "MAPE": 0.0215,
        "R2": 0.9529
      }
    },
    "USD_KES": {
      "current": 129.3243,
      "next_1h": 129.3248,
      "next_24h": 129.3356,
      "change_pct": 0.0,
      "trend": "\ud83d\udcc9 DOWN",
      "predictions": [
        129.3248,
        129.3253,
        129.3258,
        129.3263,
        129.3269,
        129.3274,
        129.3279,
        129.3283,
        129.3288,
        129.3293,
        129.3298,
        129.3303,
        129.3307,
        129.3312,
        129.3317,
        129.3321,
        129.3326,
        129.333,
        129.3334,
        129.3339,
        129.3343,
        129.3347,
        129.3352,
        129.3356
      ],
      "metrics": {
        "MAE": 0.003032,
        "RMSE": 0.012211,
        "MAPE": 0.0023,
        "R2": 0.9699
      }
    },
    "USD_UGX": {
      "current": 3666.6571,
      "next_1h": 3666.6975,
      "next_24h": 3667.6795,
      "change_pct": 0.001,
      "trend": "\ud83d\udcc8 UP",
      "predictions": [
        3666.6975,
        3666.7379,
        3666.7821,
        3666.8263,
        3666.8704,
        3666.9144,
        3666.9582,
        3667.0019,
        3667.0454,
        3667.0887,
        3667.1319,
        3667.175,
        3667.2179,
        3667.2606,
        3667.3032,
        3667.3456,
        3667.3879,
        3667.43,
        3667.4719,
        3667.5137,
        3667.5554,
        3667.5969,
        3667.6383,
        3667.6795
      ],
      "metrics": {
        "MAE": 0.361627,
        "RMSE": 1.849951,
        "MAPE": 0.0099,
        "R2": 0.9682
      }
    },
    "USD_EUR": {
      "current": 0.8745,
      "next_1h": 0.8745,
      "next_24h": 0.8746,
      "change_pct": 0.001,
      "trend": "\ud83d\udcc8 UP",
      "predictions": [
        0.8745,
        0.8745,
        0.8745,
        0.8745,
        0.8745,
        0.8745,
        0.8745,
        0.8745,
        0.8745,
        0.8745,
        0.8745,
        0.8745,
        0.8745,
        0.8746,
        0.8746,
        0.8746,
        0.8746,
        0.8746,
        0.8746,
        0.8746,
        0.8746,
        0.8746,
        0.8746,
        0.8746
      ],
      "metrics": {
        "MAE": 4.1e-05,
        "RMSE": 0.00024,
        "MAPE": 0.0047,
        "R2": 0.9668
      }
    }
  },
  "crypto": {
    "BTC_USD": {
      "current": 64592.0,
      "next_1h": 64591.25,
      "next_24h": 64304.96,
      "change_pct": -0.001,
      "trend": "\ud83d\udcc9 DOWN",
      "predictions": [
        64591.25,
        64580.34,
        64563.19,
        64548.12,
        64535.07,
        64523.15,
        64510.66,
        64497.93,
        64485.35,
        64472.93,
        64460.61,
        64448.31,
        64436.05,
        64423.85,
        64411.71,
        64399.63,
        64387.61,
        64375.64,
        64363.72,
        64351.86,
        64340.05,
        64328.3,
        64316.6,
        64304.96
      ],
      "metrics": {
        "MAE": 106.030738,
        "RMSE": 155.582606,
        "MAPE": 0.1658,
        "R2": 0.9668
      }
    },
    "ETH_USD": {
      "current": 1863.71,
      "next_1h": 1862.97,
      "next_24h": 1845.34,
      "change_pct": -0.039,
      "trend": "\ud83d\udcc9 DOWN",
      "predictions": [
        1862.97,
        1862.07,
        1861.29,
        1860.52,
        1859.72,
        1858.92,
        1858.14,
        1857.35,
        1856.57,
        1855.79,
        1855.02,
        1854.25,
        1853.49,
        1852.73,
        1851.97,
        1851.22,
        1850.47,
        1849.73,
        1848.99,
        1848.25,
        1847.52,
        1846.79,
        1846.06,
        1845.34
      ],
      "metrics": {
        "MAE": 4.432626,
        "RMSE": 6.82592,
        "MAPE": 0.2386,
        "R2": 0.9744
      }
    },
    "BNB_USD": {
      "current": 567.67,
      "next_1h": 567.69,
      "next_24h": 568.37,
      "change_pct": 0.003,
      "trend": "\ud83d\udcc8 UP",
      "predictions": [
        567.69,
        567.7,
        567.71,
        567.74,
        567.78,
        567.81,
        567.84,
        567.87,
        567.9,
        567.94,
        567.97,
        568.0,
        568.03,
        568.06,
        568.09,
        568.12,
        568.15,
        568.18,
        568.22,
        568.25,
        568.28,
        568.31,
        568.34,
        568.37
      ],
      "metrics": {
        "MAE": 0.852129,
        "RMSE": 1.179969,
        "MAPE": 0.1487,
        "R2": 0.9635
      }
    }
  }
}