{
  "generated_at": "2026-07-13 15:43:16",
  "exchange_rates": {
    "USD_TZS": {
      "current": 2627.8658,
      "next_1h": 2627.4773,
      "next_24h": 2621.0261,
      "change_pct": -0.015,
      "trend": "\ud83d\udcc9 DOWN",
      "predictions": [
        2627.4773,
        2627.0972,
        2626.7255,
        2626.3618,
        2626.0061,
        2625.6582,
        2625.3214,
        2624.9957,
        2624.6805,
        2624.3757,
        2624.0808,
        2623.7957,
        2623.52,
        2623.2534,
        2622.9956,
        2622.7463,
        2622.5052,
        2622.272,
        2622.0466,
        2621.8286,
        2621.6178,
        2621.4139,
        2621.2168,
        2621.0261
      ],
      "metrics": {
        "MAE": 0.382645,
        "RMSE": 0.659285,
        "MAPE": 0.0146,
        "R2": 0.8447
      }
    },
    "USD_KES": {
      "current": 129.1822,
      "next_1h": 129.1857,
      "next_24h": 129.256,
      "change_pct": 0.003,
      "trend": "\ud83d\udcc8 UP",
      "predictions": [
        129.1857,
        129.1892,
        129.1927,
        129.1961,
        129.1996,
        129.203,
        129.2063,
        129.2096,
        129.2129,
        129.2161,
        129.2192,
        129.2223,
        129.2254,
        129.2284,
        129.2314,
        129.2343,
        129.2371,
        129.24,
        129.2428,
        129.2455,
        129.2482,
        129.2508,
        129.2534,
        129.256
      ],
      "metrics": {
        "MAE": 0.005183,
        "RMSE": 0.013803,
        "MAPE": 0.004,
        "R2": 0.8804
      }
    },
    "USD_UGX": {
      "current": 3659.3418,
      "next_1h": 3659.3042,
      "next_24h": 3658.4613,
      "change_pct": -0.001,
      "trend": "\ud83d\udcc9 DOWN",
      "predictions": [
        3659.3042,
        3659.2668,
        3659.2293,
        3659.192,
        3659.1547,
        3659.1175,
        3659.0804,
        3659.0433,
        3659.0064,
        3658.9695,
        3658.9327,
        3658.896,
        3658.8593,
        3658.8227,
        3658.7862,
        3658.7498,
        3658.7135,
        3658.6772,
        3658.6411,
        3658.605,
        3658.5689,
        3658.533,
        3658.4971,
        3658.4613
      ],
      "metrics": {
        "MAE": 0.617547,
        "RMSE": 3.200422,
        "MAPE": 0.0169,
        "R2": 0.9116
      }
    },
    "USD_EUR": {
      "current": 0.8768,
      "next_1h": 0.8768,
      "next_24h": 0.8768,
      "change_pct": 0.0,
      "trend": "\ud83d\udcc9 DOWN",
      "predictions": [
        0.8768,
        0.8768,
        0.8768,
        0.8768,
        0.8768,
        0.8768,
        0.8768,
        0.8768,
        0.8768,
        0.8768,
        0.8768,
        0.8768,
        0.8768,
        0.8768,
        0.8768,
        0.8768,
        0.8768,
        0.8768,
        0.8768,
        0.8768,
        0.8768,
        0.8768,
        0.8768,
        0.8768
      ],
      "metrics": {
        "MAE": 3.3e-05,
        "RMSE": 0.000178,
        "MAPE": 0.0037,
        "R2": 0.9381
      }
    }
  },
  "crypto": {
    "BTC_USD": {
      "current": 62552.0,
      "next_1h": 62523.36,
      "next_24h": 62436.51,
      "change_pct": -0.046,
      "trend": "\ud83d\udcc9 DOWN",
      "predictions": [
        62523.36,
        62527.99,
        62541.82,
        62539.32,
        62526.81,
        62520.61,
        62516.7,
        62512.7,
        62507.71,
        62502.5,
        62497.6,
        62492.84,
        62488.06,
        62483.26,
        62478.47,
        62473.72,
        62469.0,
        62464.3,
        62459.61,
        62454.95,
        62450.31,
        62445.69,
        62441.08,
        62436.51
      ],
      "metrics": {
        "MAE": 92.201601,
        "RMSE": 126.952809,
        "MAPE": 0.145,
        "R2": 0.9479
      }
    },
    "ETH_USD": {
      "current": 1776.48,
      "next_1h": 1775.88,
      "next_24h": 1765.55,
      "change_pct": -0.034,
      "trend": "\ud83d\udcc9 DOWN",
      "predictions": [
        1775.88,
        1775.47,
        1774.94,
        1774.4,
        1773.94,
        1773.49,
        1773.03,
        1772.57,
        1772.11,
        1771.66,
        1771.21,
        1770.76,
        1770.31,
        1769.87,
        1769.42,
        1768.98,
        1768.55,
        1768.11,
        1767.68,
        1767.25,
        1766.82,
        1766.39,
        1765.97,
        1765.55
      ],
      "metrics": {
        "MAE": 3.664925,
        "RMSE": 5.710353,
        "MAPE": 0.2046,
        "R2": 0.9431
      }
    },
    "BNB_USD": {
      "current": 568.23,
      "next_1h": 568.29,
      "next_24h": 569.35,
      "change_pct": 0.01,
      "trend": "\ud83d\udcc8 UP",
      "predictions": [
        568.29,
        568.39,
        568.44,
        568.44,
        568.5,
        568.55,
        568.59,
        568.64,
        568.68,
        568.73,
        568.77,
        568.82,
        568.87,
        568.91,
        568.96,
        569.0,
        569.04,
        569.09,
        569.13,
        569.18,
        569.22,
        569.26,
        569.31,
        569.35
      ],
      "metrics": {
        "MAE": 0.776564,
        "RMSE": 1.135257,
        "MAPE": 0.1353,
        "R2": 0.9171
      }
    }
  }
}