{
  "generated_at": "2026-07-16 11:43:17",
  "exchange_rates": {
    "USD_TZS": {
      "current": 2614.7645,
      "next_1h": 2614.8063,
      "next_24h": 2615.509,
      "change_pct": 0.002,
      "trend": "\ud83d\udcc8 UP",
      "predictions": [
        2614.8063,
        2614.8472,
        2614.8873,
        2614.9266,
        2614.965,
        2615.0026,
        2615.039,
        2615.0743,
        2615.1085,
        2615.1416,
        2615.1737,
        2615.2048,
        2615.2349,
        2615.264,
        2615.2922,
        2615.3195,
        2615.3459,
        2615.3715,
        2615.3963,
        2615.4204,
        2615.4436,
        2615.4661,
        2615.4879,
        2615.509
      ],
      "metrics": {
        "MAE": 0.513679,
        "RMSE": 1.960345,
        "MAPE": 0.0196,
        "R2": 0.955
      }
    },
    "USD_KES": {
      "current": 129.367,
      "next_1h": 129.3673,
      "next_24h": 129.3724,
      "change_pct": 0.0,
      "trend": "\ud83d\udcc9 DOWN",
      "predictions": [
        129.3673,
        129.3675,
        129.3678,
        129.368,
        129.3682,
        129.3685,
        129.3687,
        129.3689,
        129.3692,
        129.3694,
        129.3696,
        129.3699,
        129.3701,
        129.3703,
        129.3705,
        129.3707,
        129.3709,
        129.3711,
        129.3714,
        129.3716,
        129.3718,
        129.372,
        129.3722,
        129.3724
      ],
      "metrics": {
        "MAE": 0.004503,
        "RMSE": 0.016769,
        "MAPE": 0.0035,
        "R2": 0.9211
      }
    },
    "USD_UGX": {
      "current": 3686.5095,
      "next_1h": 3686.4213,
      "next_24h": 3684.4455,
      "change_pct": -0.002,
      "trend": "\ud83d\udcc9 DOWN",
      "predictions": [
        3686.4213,
        3686.3332,
        3686.2452,
        3686.1575,
        3686.0699,
        3685.9825,
        3685.8953,
        3685.8083,
        3685.7215,
        3685.6349,
        3685.5486,
        3685.4625,
        3685.3765,
        3685.2908,
        3685.2053,
        3685.1201,
        3685.035,
        3684.9502,
        3684.8655,
        3684.7811,
        3684.6969,
        3684.6129,
        3684.5291,
        3684.4455
      ],
      "metrics": {
        "MAE": 0.452824,
        "RMSE": 2.50388,
        "MAPE": 0.0123,
        "R2": 0.9455
      }
    },
    "USD_EUR": {
      "current": 0.8734,
      "next_1h": 0.8734,
      "next_24h": 0.8737,
      "change_pct": 0.001,
      "trend": "\ud83d\udcc8 UP",
      "predictions": [
        0.8734,
        0.8734,
        0.8735,
        0.8735,
        0.8735,
        0.8735,
        0.8735,
        0.8735,
        0.8735,
        0.8735,
        0.8735,
        0.8735,
        0.8735,
        0.8736,
        0.8736,
        0.8736,
        0.8736,
        0.8736,
        0.8736,
        0.8736,
        0.8736,
        0.8736,
        0.8736,
        0.8737
      ],
      "metrics": {
        "MAE": 4.9e-05,
        "RMSE": 0.000258,
        "MAPE": 0.0056,
        "R2": 0.9282
      }
    }
  },
  "crypto": {
    "BTC_USD": {
      "current": 64180.0,
      "next_1h": 64167.26,
      "next_24h": 63958.12,
      "change_pct": -0.02,
      "trend": "\ud83d\udcc9 DOWN",
      "predictions": [
        64167.26,
        64155.43,
        64144.54,
        64136.09,
        64129.11,
        64119.54,
        64109.93,
        64100.56,
        64091.43,
        64082.33,
        64073.17,
        64064.05,
        64054.99,
        64045.98,
        64037.01,
        64028.07,
        64019.18,
        64010.34,
        64001.53,
        63992.77,
        63984.04,
        63975.36,
        63966.72,
        63958.12
      ],
      "metrics": {
        "MAE": 110.42694,
        "RMSE": 154.111427,
        "MAPE": 0.173,
        "R2": 0.9722
      }
    },
    "ETH_USD": {
      "current": 1884.37,
      "next_1h": 1883.55,
      "next_24h": 1863.23,
      "change_pct": -0.044,
      "trend": "\ud83d\udcc9 DOWN",
      "predictions": [
        1883.55,
        1882.62,
        1881.62,
        1880.71,
        1879.8,
        1878.88,
        1877.97,
        1877.07,
        1876.17,
        1875.27,
        1874.38,
        1873.5,
        1872.62,
        1871.74,
        1870.87,
        1870.0,
        1869.14,
        1868.28,
        1867.43,
        1866.58,
        1865.73,
        1864.89,
        1864.06,
        1863.23
      ],
      "metrics": {
        "MAE": 4.844175,
        "RMSE": 7.581666,
        "MAPE": 0.2635,
        "R2": 0.98
      }
    },
    "BNB_USD": {
      "current": 577.12,
      "next_1h": 577.13,
      "next_24h": 577.45,
      "change_pct": 0.002,
      "trend": "\ud83d\udcc8 UP",
      "predictions": [
        577.13,
        577.15,
        577.14,
        577.18,
        577.19,
        577.2,
        577.22,
        577.23,
        577.25,
        577.26,
        577.27,
        577.29,
        577.3,
        577.32,
        577.33,
        577.34,
        577.36,
        577.37,
        577.38,
        577.4,
        577.41,
        577.43,
        577.44,
        577.45
      ],
      "metrics": {
        "MAE": 0.85138,
        "RMSE": 1.256615,
        "MAPE": 0.1479,
        "R2": 0.9482
      }
    }
  }
}