{
  "generated_at": "2026-05-29 01:16:33",
  "exchange_rates": {
    "USD_TZS": {
      "current": 2621.4993,
      "next_1h": 2620.99,
      "next_24h": 2606.1362,
      "change_pct": -0.019,
      "trend": "\ud83d\udcc9 DOWN",
      "predictions": [
        2620.99,
        2620.4643,
        2619.95,
        2619.4468,
        2618.9546,
        2617.9598,
        2616.9993,
        2616.0738,
        2615.1821,
        2614.3232,
        2613.4961,
        2612.7135,
        2611.9735,
        2611.2743,
        2610.6141,
        2609.9911,
        2609.4038,
        2608.8501,
        2608.3282,
        2607.8364,
        2607.3728,
        2606.9359,
        2606.5242,
        2606.1362
      ],
      "metrics": {
        "MAE": 1.22421,
        "RMSE": 3.56255,
        "MAPE": 0.0472,
        "R2": 0.8764
      }
    },
    "USD_KES": {
      "current": 129.4688,
      "next_1h": 129.463,
      "next_24h": 129.3579,
      "change_pct": -0.004,
      "trend": "\ud83d\udcc9 DOWN",
      "predictions": [
        129.463,
        129.4573,
        129.4517,
        129.4461,
        129.4406,
        129.4353,
        129.4302,
        129.4251,
        129.4202,
        129.4154,
        129.4107,
        129.4061,
        129.4015,
        129.3971,
        129.3928,
        129.3886,
        129.3845,
        129.3804,
        129.3765,
        129.3726,
        129.3688,
        129.3651,
        129.3615,
        129.3579
      ],
      "metrics": {
        "MAE": 0.012174,
        "RMSE": 0.030737,
        "MAPE": 0.0094,
        "R2": 0.9337
      }
    },
    "USD_UGX": {
      "current": 3766.3072,
      "next_1h": 3765.785,
      "next_24h": 3754.6625,
      "change_pct": -0.014,
      "trend": "\ud83d\udcc9 DOWN",
      "predictions": [
        3765.785,
        3765.2659,
        3764.7505,
        3764.2389,
        3763.731,
        3763.1981,
        3762.6716,
        3762.1515,
        3761.6379,
        3761.1305,
        3760.6294,
        3760.1346,
        3759.6461,
        3759.1637,
        3758.6874,
        3758.2171,
        3757.7528,
        3757.2943,
        3756.8416,
        3756.3946,
        3755.9533,
        3755.5175,
        3755.0873,
        3754.6625
      ],
      "metrics": {
        "MAE": 1.12815,
        "RMSE": 3.647757,
        "MAPE": 0.03,
        "R2": 0.8716
      }
    },
    "USD_EUR": {
      "current": 0.8589,
      "next_1h": 0.8589,
      "next_24h": 0.8588,
      "change_pct": -0.001,
      "trend": "\ud83d\udcc9 DOWN",
      "predictions": [
        0.8589,
        0.8589,
        0.8589,
        0.8589,
        0.8589,
        0.8589,
        0.8589,
        0.8589,
        0.8589,
        0.8589,
        0.8589,
        0.8588,
        0.8588,
        0.8588,
        0.8588,
        0.8588,
        0.8588,
        0.8588,
        0.8588,
        0.8588,
        0.8588,
        0.8588,
        0.8588,
        0.8588
      ],
      "metrics": {
        "MAE": 4.9e-05,
        "RMSE": 0.000209,
        "MAPE": 0.0057,
        "R2": 0.9579
      }
    }
  },
  "crypto": {
    "BTC_USD": {
      "current": 73675.0,
      "next_1h": 73729.7,
      "next_24h": 74998.4,
      "change_pct": 0.074,
      "trend": "\ud83d\udcc8 UP",
      "predictions": [
        73729.7,
        73800.26,
        73867.37,
        73925.85,
        73985.87,
        74045.21,
        74103.55,
        74161.47,
        74218.76,
        74275.29,
        74331.15,
        74386.33,
        74440.83,
        74494.67,
        74547.86,
        74600.4,
        74652.3,
        74703.58,
        74754.23,
        74804.26,
        74853.69,
        74902.52,
        74950.75,
        74998.4
      ],
      "metrics": {
        "MAE": 203.973909,
        "RMSE": 288.171333,
        "MAPE": 0.2687,
        "R2": 0.952
      }
    },
    "ETH_USD": {
      "current": 2010.64,
      "next_1h": 2011.63,
      "next_24h": 2025.19,
      "change_pct": 0.049,
      "trend": "\ud83d\udcc8 UP",
      "predictions": [
        2011.63,
        2012.73,
        2013.5,
        2013.93,
        2014.43,
        2014.98,
        2015.55,
        2016.14,
        2016.73,
        2017.31,
        2017.88,
        2018.46,
        2019.03,
        2019.6,
        2020.16,
        2020.73,
        2021.29,
        2021.85,
        2022.42,
        2022.97,
        2023.53,
        2024.08,
        2024.64,
        2025.19
      ],
      "metrics": {
        "MAE": 7.2478,
        "RMSE": 10.724552,
        "MAPE": 0.3485,
        "R2": 0.9369
      }
    },
    "BNB_USD": {
      "current": 637.48,
      "next_1h": 637.48,
      "next_24h": 638.38,
      "change_pct": -0.001,
      "trend": "\ud83d\udcc9 DOWN",
      "predictions": [
        637.48,
        637.51,
        637.59,
        637.61,
        637.66,
        637.7,
        637.74,
        637.78,
        637.82,
        637.86,
        637.9,
        637.94,
        637.98,
        638.02,
        638.05,
        638.09,
        638.13,
        638.17,
        638.2,
        638.24,
        638.28,
        638.31,
        638.35,
        638.38
      ],
      "metrics": {
        "MAE": 1.791985,
        "RMSE": 2.606645,
        "MAPE": 0.275,
        "R2": 0.8906
      }
    }
  }
}