{
  "generated_at": "2026-04-13 06:59:10",
  "exchange_rates": {
    "USD_TZS": {
      "current": 2597.1504,
      "next_1h": 2596.9711,
      "next_24h": 2593.4545,
      "change_pct": -0.007,
      "trend": "\ud83d\udcc9 DOWN",
      "predictions": [
        2596.9711,
        2596.7907,
        2596.6119,
        2596.4346,
        2596.2588,
        2596.0845,
        2595.9134,
        2595.7455,
        2595.5808,
        2595.4191,
        2595.2605,
        2595.105,
        2594.9524,
        2594.8027,
        2594.6559,
        2594.5119,
        2594.3706,
        2594.2321,
        2594.0961,
        2593.9628,
        2593.832,
        2593.7038,
        2593.5779,
        2593.4545
      ],
      "metrics": {
        "MAE": 0.432376,
        "RMSE": 1.579164,
        "MAPE": 0.0166,
        "R2": 0.9229
      }
    },
    "USD_KES": {
      "current": 129.1727,
      "next_1h": 129.1758,
      "next_24h": 129.2435,
      "change_pct": 0.002,
      "trend": "\ud83d\udcc8 UP",
      "predictions": [
        129.1758,
        129.1789,
        129.182,
        129.185,
        129.1881,
        129.1911,
        129.1941,
        129.1971,
        129.2001,
        129.2031,
        129.206,
        129.209,
        129.2119,
        129.2149,
        129.2178,
        129.2207,
        129.2236,
        129.2265,
        129.2293,
        129.2322,
        129.235,
        129.2379,
        129.2407,
        129.2435
      ],
      "metrics": {
        "MAE": 0.009579,
        "RMSE": 0.053342,
        "MAPE": 0.0074,
        "R2": 0.982
      }
    },
    "USD_UGX": {
      "current": 3695.1681,
      "next_1h": 3695.8011,
      "next_24h": 3709.6203,
      "change_pct": 0.017,
      "trend": "\ud83d\udcc8 UP",
      "predictions": [
        3695.8011,
        3696.4706,
        3697.1358,
        3697.7967,
        3698.4533,
        3699.1056,
        3699.7505,
        3700.3879,
        3701.0178,
        3701.6403,
        3702.2554,
        3702.8632,
        3703.4639,
        3704.0575,
        3704.644,
        3705.2236,
        3705.7963,
        3706.3623,
        3706.9216,
        3707.4742,
        3708.0204,
        3708.56,
        3709.0933,
        3709.6203
      ],
      "metrics": {
        "MAE": 0.837629,
        "RMSE": 3.489951,
        "MAPE": 0.0226,
        "R2": 0.9773
      }
    },
    "USD_EUR": {
      "current": 0.8561,
      "next_1h": 0.8563,
      "next_24h": 0.8599,
      "change_pct": 0.024,
      "trend": "\ud83d\udcc8 UP",
      "predictions": [
        0.8563,
        0.8565,
        0.8567,
        0.8569,
        0.857,
        0.8572,
        0.8574,
        0.8576,
        0.8577,
        0.8579,
        0.8581,
        0.8582,
        0.8584,
        0.8585,
        0.8587,
        0.8588,
        0.859,
        0.8591,
        0.8593,
        0.8594,
        0.8595,
        0.8597,
        0.8598,
        0.8599
      ],
      "metrics": {
        "MAE": 0.000272,
        "RMSE": 0.000705,
        "MAPE": 0.0318,
        "R2": 0.9771
      }
    }
  },
  "crypto": {
    "BTC_USD": {
      "current": 71043.0,
      "next_1h": 71001.96,
      "next_24h": 70593.75,
      "change_pct": -0.058,
      "trend": "\ud83d\udcc9 DOWN",
      "predictions": [
        71001.96,
        70975.46,
        70975.25,
        70956.91,
        70925.85,
        70908.45,
        70889.34,
        70869.22,
        70851.23,
        70833.51,
        70815.25,
        70797.34,
        70779.59,
        70761.87,
        70744.33,
        70726.99,
        70709.79,
        70692.75,
        70675.87,
        70659.15,
        70642.57,
        70626.15,
        70609.88,
        70593.75
      ],
      "metrics": {
        "MAE": 225.338298,
        "RMSE": 314.307555,
        "MAPE": 0.3161,
        "R2": 0.9494
      }
    },
    "ETH_USD": {
      "current": 2198.67,
      "next_1h": 2197.55,
      "next_24h": 2177.36,
      "change_pct": -0.051,
      "trend": "\ud83d\udcc9 DOWN",
      "predictions": [
        2197.55,
        2196.88,
        2196.43,
        2195.22,
        2193.99,
        2193.01,
        2192.02,
        2191.06,
        2190.13,
        2189.21,
        2188.3,
        2187.4,
        2186.5,
        2185.62,
        2184.75,
        2183.89,
        2183.04,
        2182.2,
        2181.37,
        2180.54,
        2179.73,
        2178.93,
        2178.14,
        2177.36
      ],
      "metrics": {
        "MAE": 9.220226,
        "RMSE": 13.712196,
        "MAPE": 0.4191,
        "R2": 0.9311
      }
    },
    "BNB_USD": {
      "current": 598.5,
      "next_1h": 598.44,
      "next_24h": 599.37,
      "change_pct": -0.01,
      "trend": "\ud83d\udcc9 DOWN",
      "predictions": [
        598.44,
        598.57,
        598.7,
        598.58,
        598.5,
        598.54,
        598.57,
        598.62,
        598.69,
        598.74,
        598.79,
        598.84,
        598.88,
        598.93,
        598.97,
        599.02,
        599.06,
        599.11,
        599.15,
        599.19,
        599.24,
        599.28,
        599.33,
        599.37
      ],
      "metrics": {
        "MAE": 1.529658,
        "RMSE": 2.045526,
        "MAPE": 0.2536,
        "R2": 0.8906
      }
    }
  }
}