{
  "generated_at": "2026-07-18 00:13:08",
  "exchange_rates": {
    "USD_TZS": {
      "current": 2628.277,
      "next_1h": 2627.9343,
      "next_24h": 2622.1337,
      "change_pct": -0.013,
      "trend": "\ud83d\udcc9 DOWN",
      "predictions": [
        2627.9343,
        2627.5988,
        2627.2701,
        2626.9482,
        2626.633,
        2626.3242,
        2626.0248,
        2625.7345,
        2625.453,
        2625.1801,
        2624.9156,
        2624.6592,
        2624.4107,
        2624.1699,
        2623.9365,
        2623.7102,
        2623.4909,
        2623.2784,
        2623.0724,
        2622.8727,
        2622.6792,
        2622.4917,
        2622.3099,
        2622.1337
      ],
      "metrics": {
        "MAE": 0.549734,
        "RMSE": 2.146989,
        "MAPE": 0.021,
        "R2": 0.9483
      }
    },
    "USD_KES": {
      "current": 129.3048,
      "next_1h": 129.3059,
      "next_24h": 129.3292,
      "change_pct": 0.001,
      "trend": "\ud83d\udcc8 UP",
      "predictions": [
        129.3059,
        129.307,
        129.3082,
        129.3093,
        129.3104,
        129.3115,
        129.3126,
        129.3136,
        129.3147,
        129.3158,
        129.3168,
        129.3178,
        129.3188,
        129.3198,
        129.3208,
        129.3218,
        129.3228,
        129.3237,
        129.3246,
        129.3256,
        129.3265,
        129.3274,
        129.3283,
        129.3292
      ],
      "metrics": {
        "MAE": 0.004285,
        "RMSE": 0.015241,
        "MAPE": 0.0033,
        "R2": 0.9523
      }
    },
    "USD_UGX": {
      "current": 3681.1587,
      "next_1h": 3681.126,
      "next_24h": 3680.3987,
      "change_pct": -0.001,
      "trend": "\ud83d\udcc9 DOWN",
      "predictions": [
        3681.126,
        3681.0933,
        3681.0608,
        3681.0283,
        3680.9958,
        3680.9635,
        3680.9312,
        3680.8991,
        3680.867,
        3680.8351,
        3680.8032,
        3680.7715,
        3680.7399,
        3680.7083,
        3680.6769,
        3680.6456,
        3680.6144,
        3680.5833,
        3680.5522,
        3680.5213,
        3680.4905,
        3680.4598,
        3680.4292,
        3680.3987
      ],
      "metrics": {
        "MAE": 0.359487,
        "RMSE": 1.982746,
        "MAPE": 0.0098,
        "R2": 0.9658
      }
    },
    "USD_EUR": {
      "current": 0.8735,
      "next_1h": 0.8735,
      "next_24h": 0.8737,
      "change_pct": 0.001,
      "trend": "\ud83d\udcc8 UP",
      "predictions": [
        0.8735,
        0.8735,
        0.8735,
        0.8735,
        0.8735,
        0.8735,
        0.8736,
        0.8736,
        0.8736,
        0.8736,
        0.8736,
        0.8736,
        0.8736,
        0.8736,
        0.8736,
        0.8736,
        0.8736,
        0.8737,
        0.8737,
        0.8737,
        0.8737,
        0.8737,
        0.8737,
        0.8737
      ],
      "metrics": {
        "MAE": 4.8e-05,
        "RMSE": 0.000253,
        "MAPE": 0.0054,
        "R2": 0.9626
      }
    }
  },
  "crypto": {
    "BTC_USD": {
      "current": 63868.0,
      "next_1h": 63855.71,
      "next_24h": 63690.7,
      "change_pct": -0.019,
      "trend": "\ud83d\udcc9 DOWN",
      "predictions": [
        63855.71,
        63844.6,
        63839.36,
        63834.09,
        63825.03,
        63817.28,
        63809.93,
        63802.82,
        63795.61,
        63788.33,
        63781.12,
        63773.97,
        63766.85,
        63759.77,
        63752.71,
        63745.69,
        63738.7,
        63731.75,
        63724.82,
        63717.94,
        63711.08,
        63704.25,
        63697.46,
        63690.7
      ],
      "metrics": {
        "MAE": 124.930462,
        "RMSE": 174.471838,
        "MAPE": 0.196,
        "R2": 0.9651
      }
    },
    "ETH_USD": {
      "current": 1840.1,
      "next_1h": 1839.08,
      "next_24h": 1825.07,
      "change_pct": -0.055,
      "trend": "\ud83d\udcc9 DOWN",
      "predictions": [
        1839.08,
        1838.39,
        1837.92,
        1837.17,
        1836.52,
        1835.9,
        1835.27,
        1834.64,
        1834.02,
        1833.4,
        1832.79,
        1832.17,
        1831.56,
        1830.96,
        1830.36,
        1829.76,
        1829.16,
        1828.57,
        1827.98,
        1827.39,
        1826.8,
        1826.22,
        1825.64,
        1825.07
      ],
      "metrics": {
        "MAE": 5.200378,
        "RMSE": 7.792368,
        "MAPE": 0.2817,
        "R2": 0.9767
      }
    },
    "BNB_USD": {
      "current": 567.66,
      "next_1h": 567.7,
      "next_24h": 568.93,
      "change_pct": 0.006,
      "trend": "\ud83d\udcc8 UP",
      "predictions": [
        567.7,
        567.75,
        567.84,
        567.88,
        567.93,
        567.99,
        568.04,
        568.1,
        568.15,
        568.21,
        568.26,
        568.31,
        568.37,
        568.42,
        568.47,
        568.52,
        568.57,
        568.63,
        568.68,
        568.73,
        568.78,
        568.83,
        568.88,
        568.93
      ],
      "metrics": {
        "MAE": 0.939695,
        "RMSE": 1.324245,
        "MAPE": 0.164,
        "R2": 0.9556
      }
    }
  }
}