{
  "generated_at": "2026-06-24 01:08:21",
  "exchange_rates": {
    "USD_TZS": {
      "current": 2614.0006,
      "next_1h": 2613.8884,
      "next_24h": 2611.7949,
      "change_pct": -0.004,
      "trend": "\ud83d\udcc9 DOWN",
      "predictions": [
        2613.8884,
        2613.777,
        2613.6663,
        2613.5564,
        2613.4471,
        2613.3488,
        2613.2519,
        2613.1563,
        2613.0621,
        2612.9692,
        2612.8777,
        2612.7874,
        2612.6983,
        2612.6104,
        2612.5238,
        2612.4383,
        2612.3539,
        2612.2708,
        2612.1887,
        2612.1078,
        2612.0279,
        2611.9492,
        2611.8715,
        2611.7949
      ],
      "metrics": {
        "MAE": 0.658426,
        "RMSE": 3.110085,
        "MAPE": 0.0252,
        "R2": 0.816
      }
    },
    "USD_KES": {
      "current": 129.4959,
      "next_1h": 129.4953,
      "next_24h": 129.4774,
      "change_pct": 0.0,
      "trend": "\ud83d\udcc9 DOWN",
      "predictions": [
        129.4953,
        129.4948,
        129.4942,
        129.4936,
        129.4931,
        129.4922,
        129.4913,
        129.4904,
        129.4895,
        129.4887,
        129.4878,
        129.487,
        129.4861,
        129.4853,
        129.4845,
        129.4837,
        129.4828,
        129.482,
        129.4812,
        129.4805,
        129.4797,
        129.4789,
        129.4781,
        129.4774
      ],
      "metrics": {
        "MAE": 0.003448,
        "RMSE": 0.015442,
        "MAPE": 0.0027,
        "R2": 0.8341
      }
    },
    "USD_UGX": {
      "current": 3639.8656,
      "next_1h": 3641.8657,
      "next_24h": 3679.0812,
      "change_pct": 0.055,
      "trend": "\ud83d\udcc8 UP",
      "predictions": [
        3641.8657,
        3643.8448,
        3645.803,
        3647.7405,
        3649.6576,
        3651.5082,
        3653.3217,
        3655.0986,
        3656.8394,
        3658.5448,
        3660.2154,
        3661.852,
        3663.4553,
        3665.0261,
        3666.5649,
        3668.0725,
        3669.5495,
        3670.9964,
        3672.414,
        3673.8027,
        3675.1632,
        3676.4961,
        3677.8019,
        3679.0812
      ],
      "metrics": {
        "MAE": 2.704442,
        "RMSE": 6.447717,
        "MAPE": 0.0739,
        "R2": 0.9631
      }
    },
    "USD_EUR": {
      "current": 0.878,
      "next_1h": 0.8778,
      "next_24h": 0.8755,
      "change_pct": -0.014,
      "trend": "\ud83d\udcc9 DOWN",
      "predictions": [
        0.8778,
        0.8777,
        0.8776,
        0.8775,
        0.8773,
        0.8772,
        0.8771,
        0.877,
        0.8769,
        0.8768,
        0.8767,
        0.8767,
        0.8766,
        0.8765,
        0.8764,
        0.8763,
        0.8762,
        0.8761,
        0.876,
        0.8759,
        0.8758,
        0.8757,
        0.8756,
        0.8755
      ],
      "metrics": {
        "MAE": 0.000184,
        "RMSE": 0.000749,
        "MAPE": 0.0211,
        "R2": 0.9749
      }
    }
  },
  "crypto": {
    "BTC_USD": {
      "current": 62826.0,
      "next_1h": 62807.27,
      "next_24h": 62448.27,
      "change_pct": -0.03,
      "trend": "\ud83d\udcc9 DOWN",
      "predictions": [
        62807.27,
        62786.76,
        62780.69,
        62780.07,
        62779.86,
        62759.82,
        62741.43,
        62725.87,
        62710.27,
        62693.59,
        62675.51,
        62657.88,
        62640.56,
        62623.14,
        62605.58,
        62587.96,
        62570.44,
        62552.95,
        62535.46,
        62517.97,
        62500.51,
        62483.07,
        62465.66,
        62448.27
      ],
      "metrics": {
        "MAE": 235.333882,
        "RMSE": 326.013088,
        "MAPE": 0.3657,
        "R2": 0.9257
      }
    },
    "ETH_USD": {
      "current": 1665.9,
      "next_1h": 1665.14,
      "next_24h": 1649.15,
      "change_pct": -0.046,
      "trend": "\ud83d\udcc9 DOWN",
      "predictions": [
        1665.14,
        1664.25,
        1663.67,
        1663.15,
        1662.44,
        1661.72,
        1661.02,
        1660.33,
        1659.62,
        1658.91,
        1658.21,
        1657.51,
        1656.81,
        1656.1,
        1655.4,
        1654.71,
        1654.01,
        1653.31,
        1652.61,
        1651.92,
        1651.23,
        1650.53,
        1649.84,
        1649.15
      ],
      "metrics": {
        "MAE": 9.00845,
        "RMSE": 14.042946,
        "MAPE": 0.518,
        "R2": 0.884
      }
    },
    "BNB_USD": {
      "current": 578.63,
      "next_1h": 578.96,
      "next_24h": 585.73,
      "change_pct": 0.057,
      "trend": "\ud83d\udcc8 UP",
      "predictions": [
        578.96,
        579.28,
        579.66,
        580.0,
        580.3,
        580.61,
        580.91,
        581.21,
        581.51,
        581.8,
        582.09,
        582.38,
        582.67,
        582.96,
        583.24,
        583.53,
        583.81,
        584.09,
        584.37,
        584.64,
        584.92,
        585.19,
        585.46,
        585.73
      ],
      "metrics": {
        "MAE": 2.042334,
        "RMSE": 2.996925,
        "MAPE": 0.3434,
        "R2": 0.9546
      }
    }
  }
}