{
  "generated_at": "2026-07-03 13:06:32",
  "exchange_rates": {
    "USD_TZS": {
      "current": 2621.5058,
      "next_1h": 2621.2614,
      "next_24h": 2617.0139,
      "change_pct": -0.009,
      "trend": "\ud83d\udcc9 DOWN",
      "predictions": [
        2621.2614,
        2621.0193,
        2620.8013,
        2620.5854,
        2620.3716,
        2620.16,
        2619.9528,
        2619.7499,
        2619.5512,
        2619.3564,
        2619.1657,
        2618.9788,
        2618.7958,
        2618.6165,
        2618.4409,
        2618.2689,
        2618.1004,
        2617.9354,
        2617.7738,
        2617.6154,
        2617.4603,
        2617.3084,
        2617.1596,
        2617.0139
      ],
      "metrics": {
        "MAE": 0.769529,
        "RMSE": 2.995176,
        "MAPE": 0.0294,
        "R2": 0.8828
      }
    },
    "USD_KES": {
      "current": 129.2535,
      "next_1h": 129.2564,
      "next_24h": 129.3206,
      "change_pct": 0.002,
      "trend": "\ud83d\udcc8 UP",
      "predictions": [
        129.2564,
        129.2593,
        129.2626,
        129.2658,
        129.269,
        129.2722,
        129.2753,
        129.2784,
        129.2814,
        129.2844,
        129.2873,
        129.2902,
        129.293,
        129.2957,
        129.2984,
        129.3011,
        129.3037,
        129.3062,
        129.3088,
        129.3112,
        129.3136,
        129.316,
        129.3183,
        129.3206
      ],
      "metrics": {
        "MAE": 0.005352,
        "RMSE": 0.022262,
        "MAPE": 0.0041,
        "R2": 0.9128
      }
    },
    "USD_UGX": {
      "current": 3644.8929,
      "next_1h": 3644.8126,
      "next_24h": 3642.7163,
      "change_pct": -0.002,
      "trend": "\ud83d\udcc9 DOWN",
      "predictions": [
        3644.8126,
        3644.7324,
        3644.6396,
        3644.5471,
        3644.4546,
        3644.3624,
        3644.2702,
        3644.1782,
        3644.0862,
        3643.9943,
        3643.9025,
        3643.8108,
        3643.7191,
        3643.6276,
        3643.5361,
        3643.4447,
        3643.3533,
        3643.2621,
        3643.1709,
        3643.0798,
        3642.9888,
        3642.8979,
        3642.807,
        3642.7163
      ],
      "metrics": {
        "MAE": 1.016431,
        "RMSE": 4.288443,
        "MAPE": 0.0278,
        "R2": 0.8917
      }
    },
    "USD_EUR": {
      "current": 0.8754,
      "next_1h": 0.8754,
      "next_24h": 0.8769,
      "change_pct": 0.01,
      "trend": "\ud83d\udcc8 UP",
      "predictions": [
        0.8754,
        0.8755,
        0.8756,
        0.8756,
        0.8757,
        0.8758,
        0.8758,
        0.8759,
        0.876,
        0.876,
        0.8761,
        0.8761,
        0.8762,
        0.8763,
        0.8763,
        0.8764,
        0.8765,
        0.8765,
        0.8766,
        0.8766,
        0.8767,
        0.8768,
        0.8768,
        0.8769
      ],
      "metrics": {
        "MAE": 0.000163,
        "RMSE": 0.000477,
        "MAPE": 0.0185,
        "R2": 0.9042
      }
    }
  },
  "crypto": {
    "BTC_USD": {
      "current": 61899.0,
      "next_1h": 61862.34,
      "next_24h": 61603.55,
      "change_pct": -0.059,
      "trend": "\ud83d\udcc9 DOWN",
      "predictions": [
        61862.34,
        61864.39,
        61886.8,
        61880.64,
        61864.82,
        61848.79,
        61837.44,
        61826.26,
        61812.27,
        61797.66,
        61783.54,
        61769.84,
        61756.02,
        61741.96,
        61727.93,
        61714.0,
        61700.12,
        61686.25,
        61672.38,
        61658.55,
        61644.76,
        61630.99,
        61617.26,
        61603.55
      ],
      "metrics": {
        "MAE": 265.40762,
        "RMSE": 394.886055,
        "MAPE": 0.443,
        "R2": 0.7738
      }
    },
    "ETH_USD": {
      "current": 1734.83,
      "next_1h": 1732.95,
      "next_24h": 1722.78,
      "change_pct": -0.109,
      "trend": "\ud83d\udcc9 DOWN",
      "predictions": [
        1732.95,
        1733.88,
        1734.08,
        1732.39,
        1732.02,
        1731.71,
        1731.17,
        1730.58,
        1730.13,
        1729.64,
        1729.13,
        1728.63,
        1728.14,
        1727.64,
        1727.15,
        1726.66,
        1726.17,
        1725.68,
        1725.2,
        1724.71,
        1724.23,
        1723.74,
        1723.26,
        1722.78
      ],
      "metrics": {
        "MAE": 8.849111,
        "RMSE": 13.674088,
        "MAPE": 0.5536,
        "R2": 0.8798
      }
    },
    "BNB_USD": {
      "current": 564.59,
      "next_1h": 564.83,
      "next_24h": 567.47,
      "change_pct": 0.043,
      "trend": "\ud83d\udcc8 UP",
      "predictions": [
        564.83,
        565.1,
        565.34,
        565.4,
        565.52,
        565.64,
        565.75,
        565.85,
        565.96,
        566.06,
        566.16,
        566.27,
        566.37,
        566.47,
        566.57,
        566.68,
        566.78,
        566.88,
        566.98,
        567.08,
        567.18,
        567.28,
        567.37,
        567.47
      ],
      "metrics": {
        "MAE": 2.194481,
        "RMSE": 3.222868,
        "MAPE": 0.3949,
        "R2": 0.7802
      }
    }
  }
}