{
  "generated_at": "2026-07-09 14:13:09",
  "exchange_rates": {
    "USD_TZS": {
      "current": 2624.9992,
      "next_1h": 2624.6441,
      "next_24h": 2618.8708,
      "change_pct": -0.014,
      "trend": "\ud83d\udcc9 DOWN",
      "predictions": [
        2624.6441,
        2624.2969,
        2623.9575,
        2623.6259,
        2623.3017,
        2622.985,
        2622.6793,
        2622.3843,
        2622.0998,
        2621.8254,
        2621.5607,
        2621.3055,
        2621.0595,
        2620.8223,
        2620.5935,
        2620.373,
        2620.1604,
        2619.9554,
        2619.7578,
        2619.5672,
        2619.3835,
        2619.2063,
        2619.0355,
        2618.8708
      ],
      "metrics": {
        "MAE": 0.440637,
        "RMSE": 0.731208,
        "MAPE": 0.0168,
        "R2": 0.9211
      }
    },
    "USD_KES": {
      "current": 129.2854,
      "next_1h": 129.288,
      "next_24h": 129.3398,
      "change_pct": 0.002,
      "trend": "\ud83d\udcc8 UP",
      "predictions": [
        129.288,
        129.2906,
        129.2932,
        129.2958,
        129.2983,
        129.3008,
        129.3033,
        129.3058,
        129.3082,
        129.3105,
        129.3128,
        129.3151,
        129.3174,
        129.3196,
        129.3218,
        129.3239,
        129.326,
        129.3281,
        129.3301,
        129.3321,
        129.3341,
        129.336,
        129.3379,
        129.3398
      ],
      "metrics": {
        "MAE": 0.006281,
        "RMSE": 0.020308,
        "MAPE": 0.0049,
        "R2": 0.9714
      }
    },
    "USD_UGX": {
      "current": 3655.5446,
      "next_1h": 3655.6189,
      "next_24h": 3657.2743,
      "change_pct": 0.002,
      "trend": "\ud83d\udcc8 UP",
      "predictions": [
        3655.6189,
        3655.6931,
        3655.7672,
        3655.8411,
        3655.9148,
        3655.9884,
        3656.0618,
        3656.135,
        3656.2079,
        3656.2806,
        3656.353,
        3656.4252,
        3656.4972,
        3656.569,
        3656.6405,
        3656.7119,
        3656.783,
        3656.8538,
        3656.9245,
        3656.9949,
        3657.0651,
        3657.135,
        3657.2048,
        3657.2743
      ],
      "metrics": {
        "MAE": 1.061226,
        "RMSE": 4.223517,
        "MAPE": 0.0291,
        "R2": 0.8513
      }
    },
    "USD_EUR": {
      "current": 0.8761,
      "next_1h": 0.8762,
      "next_24h": 0.8768,
      "change_pct": 0.003,
      "trend": "\ud83d\udcc8 UP",
      "predictions": [
        0.8762,
        0.8762,
        0.8762,
        0.8762,
        0.8763,
        0.8763,
        0.8763,
        0.8763,
        0.8764,
        0.8764,
        0.8764,
        0.8765,
        0.8765,
        0.8765,
        0.8765,
        0.8766,
        0.8766,
        0.8766,
        0.8766,
        0.8767,
        0.8767,
        0.8767,
        0.8767,
        0.8768
      ],
      "metrics": {
        "MAE": 9.2e-05,
        "RMSE": 0.000361,
        "MAPE": 0.0106,
        "R2": 0.918
      }
    }
  },
  "crypto": {
    "BTC_USD": {
      "current": 62865.0,
      "next_1h": 62866.27,
      "next_24h": 62657.48,
      "change_pct": 0.002,
      "trend": "\ud83d\udcc8 UP",
      "predictions": [
        62866.27,
        62846.2,
        62833.46,
        62824.47,
        62821.43,
        62812.65,
        62802.91,
        62793.85,
        62785.17,
        62776.6,
        62767.84,
        62759.09,
        62750.41,
        62741.79,
        62733.2,
        62724.64,
        62716.12,
        62707.63,
        62699.19,
        62690.77,
        62682.4,
        62674.06,
        62665.75,
        62657.48
      ],
      "metrics": {
        "MAE": 155.355151,
        "RMSE": 246.617044,
        "MAPE": 0.2467,
        "R2": 0.8614
      }
    },
    "ETH_USD": {
      "current": 1740.84,
      "next_1h": 1740.92,
      "next_24h": 1732.39,
      "change_pct": 0.005,
      "trend": "\ud83d\udcc8 UP",
      "predictions": [
        1740.92,
        1740.44,
        1739.77,
        1739.64,
        1739.23,
        1738.83,
        1738.45,
        1738.09,
        1737.72,
        1737.35,
        1736.98,
        1736.62,
        1736.26,
        1735.9,
        1735.54,
        1735.18,
        1734.82,
        1734.47,
        1734.12,
        1733.77,
        1733.42,
        1733.08,
        1732.73,
        1732.39
      ],
      "metrics": {
        "MAE": 5.375384,
        "RMSE": 7.979658,
        "MAPE": 0.3044,
        "R2": 0.8818
      }
    },
    "BNB_USD": {
      "current": 570.02,
      "next_1h": 570.06,
      "next_24h": 570.89,
      "change_pct": 0.007,
      "trend": "\ud83d\udcc8 UP",
      "predictions": [
        570.06,
        570.08,
        570.1,
        570.19,
        570.21,
        570.24,
        570.28,
        570.32,
        570.36,
        570.39,
        570.43,
        570.47,
        570.5,
        570.54,
        570.57,
        570.61,
        570.65,
        570.68,
        570.72,
        570.75,
        570.79,
        570.82,
        570.86,
        570.89
      ],
      "metrics": {
        "MAE": 1.33127,
        "RMSE": 1.973302,
        "MAPE": 0.2314,
        "R2": 0.9355
      }
    }
  }
}