{
  "generated_at": "2026-04-22 13:41:20",
  "exchange_rates": {
    "USD_TZS": {
      "current": 2603.876,
      "next_1h": 2603.7034,
      "next_24h": 2600.1884,
      "change_pct": -0.007,
      "trend": "\ud83d\udcc9 DOWN",
      "predictions": [
        2603.7034,
        2603.5318,
        2603.3612,
        2603.1917,
        2603.0232,
        2602.8557,
        2602.6904,
        2602.5273,
        2602.3662,
        2602.2072,
        2602.0504,
        2601.8955,
        2601.7427,
        2601.5919,
        2601.4431,
        2601.2962,
        2601.1513,
        2601.0082,
        2600.867,
        2600.7277,
        2600.5902,
        2600.4545,
        2600.3206,
        2600.1884
      ],
      "metrics": {
        "MAE": 0.290996,
        "RMSE": 0.861532,
        "MAPE": 0.0112,
        "R2": 0.9099
      }
    },
    "USD_KES": {
      "current": 129.1467,
      "next_1h": 129.1497,
      "next_24h": 129.215,
      "change_pct": 0.002,
      "trend": "\ud83d\udcc8 UP",
      "predictions": [
        129.1497,
        129.1527,
        129.1557,
        129.1587,
        129.1617,
        129.1647,
        129.1676,
        129.1705,
        129.1734,
        129.1763,
        129.1792,
        129.1821,
        129.1849,
        129.1877,
        129.1905,
        129.1933,
        129.1961,
        129.1988,
        129.2016,
        129.2043,
        129.207,
        129.2097,
        129.2123,
        129.215
      ],
      "metrics": {
        "MAE": 0.00581,
        "RMSE": 0.014652,
        "MAPE": 0.0045,
        "R2": 0.955
      }
    },
    "USD_UGX": {
      "current": 3697.0944,
      "next_1h": 3697.4412,
      "next_24h": 3704.5309,
      "change_pct": 0.009,
      "trend": "\ud83d\udcc8 UP",
      "predictions": [
        3697.4412,
        3697.7852,
        3698.1266,
        3698.4652,
        3698.8013,
        3699.1346,
        3699.4643,
        3699.7902,
        3700.1124,
        3700.431,
        3700.746,
        3701.0575,
        3701.3654,
        3701.6698,
        3701.9708,
        3702.2684,
        3702.5626,
        3702.8534,
        3703.141,
        3703.4254,
        3703.7065,
        3703.9844,
        3704.2592,
        3704.5309
      ],
      "metrics": {
        "MAE": 0.661872,
        "RMSE": 2.315696,
        "MAPE": 0.0179,
        "R2": 0.5386
      }
    },
    "USD_EUR": {
      "current": 0.8511,
      "next_1h": 0.851,
      "next_24h": 0.8501,
      "change_pct": -0.005,
      "trend": "\ud83d\udcc9 DOWN",
      "predictions": [
        0.851,
        0.851,
        0.851,
        0.8509,
        0.8509,
        0.8508,
        0.8508,
        0.8508,
        0.8507,
        0.8507,
        0.8506,
        0.8506,
        0.8506,
        0.8505,
        0.8505,
        0.8504,
        0.8504,
        0.8504,
        0.8503,
        0.8503,
        0.8503,
        0.8502,
        0.8502,
        0.8501
      ],
      "metrics": {
        "MAE": 0.000104,
        "RMSE": 0.000353,
        "MAPE": 0.0123,
        "R2": 0.9104
      }
    }
  },
  "crypto": {
    "BTC_USD": {
      "current": 78469.0,
      "next_1h": 78471.15,
      "next_24h": 77766.67,
      "change_pct": 0.003,
      "trend": "\ud83d\udcc8 UP",
      "predictions": [
        78471.15,
        78411.15,
        78417.91,
        78369.05,
        78335.82,
        78311.33,
        78275.22,
        78245.51,
        78215.21,
        78183.32,
        78153.18,
        78122.54,
        78091.97,
        78061.84,
        78031.64,
        78001.64,
        77971.81,
        77942.08,
        77912.5,
        77883.06,
        77853.76,
        77824.6,
        77795.57,
        77766.67
      ],
      "metrics": {
        "MAE": 250.752583,
        "RMSE": 336.619199,
        "MAPE": 0.3305,
        "R2": 0.8993
      }
    },
    "ETH_USD": {
      "current": 2409.61,
      "next_1h": 2409.15,
      "next_24h": 2376.63,
      "change_pct": -0.019,
      "trend": "\ud83d\udcc9 DOWN",
      "predictions": [
        2409.15,
        2408.63,
        2407.7,
        2405.82,
        2404.66,
        2403.14,
        2401.53,
        2400.07,
        2398.49,
        2396.96,
        2395.46,
        2393.93,
        2392.44,
        2390.95,
        2389.47,
        2388.0,
        2386.54,
        2385.09,
        2383.66,
        2382.23,
        2380.82,
        2379.41,
        2378.02,
        2376.63
      ],
      "metrics": {
        "MAE": 8.993597,
        "RMSE": 12.397325,
        "MAPE": 0.3843,
        "R2": 0.9068
      }
    },
    "BNB_USD": {
      "current": 645.4,
      "next_1h": 645.02,
      "next_24h": 635.76,
      "change_pct": -0.059,
      "trend": "\ud83d\udcc9 DOWN",
      "predictions": [
        645.02,
        644.73,
        644.38,
        643.66,
        643.19,
        642.73,
        642.27,
        641.87,
        641.45,
        641.03,
        640.63,
        640.22,
        639.82,
        639.43,
        639.04,
        638.66,
        638.28,
        637.9,
        637.54,
        637.17,
        636.81,
        636.46,
        636.11,
        635.76
      ],
      "metrics": {
        "MAE": 1.668056,
        "RMSE": 2.27238,
        "MAPE": 0.2644,
        "R2": 0.907
      }
    }
  }
}