{
  "generated_at": "2026-03-13 01:00:22",
  "exchange_rates": {
    "USD_TZS": {
      "current": 2581.7171,
      "next_1h": 2581.0813,
      "next_24h": 2575.2534,
      "change_pct": -0.025,
      "trend": "\ud83d\udcc9 DOWN",
      "predictions": [
        2581.0813,
        2580.8406,
        2580.4371,
        2580.3885,
        2580.0198,
        2579.6996,
        2579.3759,
        2579.077,
        2578.7751,
        2578.485,
        2578.2031,
        2577.9307,
        2577.6664,
        2577.4105,
        2577.1626,
        2576.9224,
        2576.6898,
        2576.4645,
        2576.2462,
        2576.0348,
        2575.83,
        2575.6316,
        2575.4395,
        2575.2534
      ],
      "metrics": {
        "MAE": 0.99148,
        "RMSE": 3.134323,
        "MAPE": 0.0385,
        "R2": 0.0165
      }
    },
    "USD_KES": {
      "current": 129.2872,
      "next_1h": 129.2972,
      "next_24h": 129.2811,
      "change_pct": 0.008,
      "trend": "\ud83d\udcc8 UP",
      "predictions": [
        129.2972,
        129.2912,
        129.2876,
        129.2858,
        129.2844,
        129.284,
        129.2839,
        129.2837,
        129.2834,
        129.2832,
        129.2829,
        129.2826,
        129.2824,
        129.2822,
        129.2821,
        129.2819,
        129.2818,
        129.2817,
        129.2815,
        129.2814,
        129.2813,
        129.2813,
        129.2812,
        129.2811
      ],
      "metrics": {
        "MAE": 0.009924,
        "RMSE": 0.020076,
        "MAPE": 0.0077,
        "R2": -0.0476
      }
    },
    "USD_UGX": {
      "current": 3728.7654,
      "next_1h": 3728.1346,
      "next_24h": 3727.9785,
      "change_pct": -0.017,
      "trend": "\ud83d\udcc9 DOWN",
      "predictions": [
        3728.1346,
        3727.4131,
        3727.4836,
        3726.8074,
        3726.2146,
        3726.374,
        3726.499,
        3726.6057,
        3726.7255,
        3726.8253,
        3726.9092,
        3726.9943,
        3727.0792,
        3727.1635,
        3727.2478,
        3727.3318,
        3727.415,
        3727.4975,
        3727.5793,
        3727.6604,
        3727.7409,
        3727.8207,
        3727.8999,
        3727.9785
      ],
      "metrics": {
        "MAE": 2.492825,
        "RMSE": 7.725344,
        "MAPE": 0.0671,
        "R2": -0.0701
      }
    },
    "USD_EUR": {
      "current": 0.8672,
      "next_1h": 0.8669,
      "next_24h": 0.8634,
      "change_pct": -0.031,
      "trend": "\ud83d\udcc9 DOWN",
      "predictions": [
        0.8669,
        0.8661,
        0.8661,
        0.8662,
        0.8658,
        0.8656,
        0.8654,
        0.8653,
        0.8651,
        0.8649,
        0.8648,
        0.8646,
        0.8645,
        0.8644,
        0.8642,
        0.8641,
        0.864,
        0.8639,
        0.8638,
        0.8637,
        0.8637,
        0.8636,
        0.8635,
        0.8634
      ],
      "metrics": {
        "MAE": 0.000438,
        "RMSE": 0.001038,
        "MAPE": 0.0506,
        "R2": -0.0501
      }
    }
  },
  "crypto": {
    "BTC_USD": {
      "current": 71398.0,
      "next_1h": 71212.66,
      "next_24h": 71074.07,
      "change_pct": -0.26,
      "trend": "\ud83d\udcc9 DOWN",
      "predictions": [
        71212.66,
        71166.76,
        71030.29,
        70967.68,
        71031.67,
        71047.67,
        71067.41,
        71063.71,
        71053.95,
        71054.29,
        71055.06,
        71058.86,
        71061.34,
        71062.36,
        71063.4,
        71064.28,
        71065.55,
        71066.91,
        71068.2,
        71069.44,
        71070.6,
        71071.76,
        71072.92,
        71074.07
      ],
      "metrics": {
        "MAE": 292.075375,
        "RMSE": 376.81647,
        "MAPE": 0.4162,
        "R2": 0.3391
      }
    },
    "ETH_USD": {
      "current": 2116.35,
      "next_1h": 2107.51,
      "next_24h": 2034.63,
      "change_pct": -0.418,
      "trend": "\ud83d\udcc9 DOWN",
      "predictions": [
        2107.51,
        2104.7,
        2100.37,
        2097.09,
        2094.95,
        2086.93,
        2080.6,
        2074.37,
        2068.72,
        2063.53,
        2058.31,
        2053.94,
        2050.1,
        2046.83,
        2044.06,
        2041.71,
        2039.84,
        2038.33,
        2037.16,
        2036.26,
        2035.59,
        2035.13,
        2034.82,
        2034.63
      ],
      "metrics": {
        "MAE": 10.369435,
        "RMSE": 14.286564,
        "MAPE": 0.502,
        "R2": 0.4929
      }
    },
    "BNB_USD": {
      "current": 658.22,
      "next_1h": 657.33,
      "next_24h": 657.1,
      "change_pct": -0.135,
      "trend": "\ud83d\udcc9 DOWN",
      "predictions": [
        657.33,
        656.89,
        656.85,
        656.73,
        656.87,
        656.89,
        656.89,
        656.91,
        656.92,
        656.94,
        656.95,
        656.96,
        656.98,
        656.99,
        657.0,
        657.01,
        657.03,
        657.04,
        657.05,
        657.06,
        657.07,
        657.08,
        657.09,
        657.1
      ],
      "metrics": {
        "MAE": 2.248989,
        "RMSE": 2.806893,
        "MAPE": 0.346,
        "R2": 0.4549
      }
    }
  }
}