{
  "generated_at": "2026-03-19 16:00:22",
  "exchange_rates": {
    "USD_TZS": {
      "current": 2610.1517,
      "next_1h": 2609.0885,
      "next_24h": 2592.0713,
      "change_pct": -0.041,
      "trend": "\ud83d\udcc9 DOWN",
      "predictions": [
        2609.0885,
        2608.0723,
        2607.0731,
        2606.1035,
        2605.1359,
        2604.1949,
        2603.2875,
        2602.4127,
        2601.5691,
        2600.7561,
        2599.9729,
        2599.2187,
        2598.4922,
        2597.7926,
        2597.1188,
        2596.4699,
        2595.8449,
        2595.2431,
        2594.6635,
        2594.1053,
        2593.5677,
        2593.05,
        2592.5514,
        2592.0713
      ],
      "metrics": {
        "MAE": 0.848654,
        "RMSE": 2.471924,
        "MAPE": 0.0326,
        "R2": 0.9179
      }
    },
    "USD_KES": {
      "current": 129.5292,
      "next_1h": 129.5052,
      "next_24h": 129.2732,
      "change_pct": -0.019,
      "trend": "\ud83d\udcc9 DOWN",
      "predictions": [
        129.5052,
        129.4785,
        129.4565,
        129.4378,
        129.4212,
        129.4064,
        129.3928,
        129.3802,
        129.3685,
        129.3577,
        129.3478,
        129.3387,
        129.3304,
        129.3227,
        129.3157,
        129.3092,
        129.3033,
        129.2978,
        129.2928,
        129.2882,
        129.284,
        129.2801,
        129.2765,
        129.2732
      ],
      "metrics": {
        "MAE": 0.017613,
        "RMSE": 0.033696,
        "MAPE": 0.0136,
        "R2": 0.9299
      }
    },
    "USD_UGX": {
      "current": 3769.7753,
      "next_1h": 3769.8061,
      "next_24h": 3770.435,
      "change_pct": 0.001,
      "trend": "\ud83d\udcc8 UP",
      "predictions": [
        3769.8061,
        3769.8363,
        3769.8659,
        3769.8953,
        3769.9241,
        3769.9524,
        3769.9806,
        3770.0086,
        3770.0364,
        3770.0641,
        3770.0916,
        3770.119,
        3770.1462,
        3770.1732,
        3770.2001,
        3770.2268,
        3770.2534,
        3770.2798,
        3770.306,
        3770.3321,
        3770.3581,
        3770.3838,
        3770.4095,
        3770.435
      ],
      "metrics": {
        "MAE": 0.397069,
        "RMSE": 1.990106,
        "MAPE": 0.0105,
        "R2": 0.8938
      }
    },
    "USD_EUR": {
      "current": 0.8713,
      "next_1h": 0.8713,
      "next_24h": 0.8708,
      "change_pct": -0.003,
      "trend": "\ud83d\udcc9 DOWN",
      "predictions": [
        0.8713,
        0.8712,
        0.8712,
        0.8712,
        0.8712,
        0.8712,
        0.8711,
        0.8711,
        0.8711,
        0.8711,
        0.8711,
        0.871,
        0.871,
        0.871,
        0.871,
        0.871,
        0.871,
        0.8709,
        0.8709,
        0.8709,
        0.8709,
        0.8709,
        0.8709,
        0.8708
      ],
      "metrics": {
        "MAE": 0.000175,
        "RMSE": 0.00061,
        "MAPE": 0.0201,
        "R2": 0.8714
      }
    }
  },
  "crypto": {
    "BTC_USD": {
      "current": 69441.0,
      "next_1h": 69557.61,
      "next_24h": 70358.65,
      "change_pct": 0.168,
      "trend": "\ud83d\udcc8 UP",
      "predictions": [
        69557.61,
        69571.25,
        69642.88,
        69691.2,
        69718.72,
        69753.91,
        69786.41,
        69821.0,
        69857.19,
        69892.43,
        69927.4,
        69961.9,
        69996.04,
        70030.04,
        70063.85,
        70097.46,
        70130.87,
        70164.05,
        70197.01,
        70229.75,
        70262.29,
        70294.62,
        70326.73,
        70358.65
      ],
      "metrics": {
        "MAE": 277.283992,
        "RMSE": 354.504541,
        "MAPE": 0.3844,
        "R2": 0.9587
      }
    },
    "ETH_USD": {
      "current": 2120.06,
      "next_1h": 2119.48,
      "next_24h": 2121.39,
      "change_pct": -0.027,
      "trend": "\ud83d\udcc9 DOWN",
      "predictions": [
        2119.48,
        2116.3,
        2116.59,
        2115.83,
        2115.61,
        2115.86,
        2115.9,
        2116.24,
        2116.52,
        2116.83,
        2117.19,
        2117.52,
        2117.88,
        2118.22,
        2118.57,
        2118.91,
        2119.24,
        2119.57,
        2119.89,
        2120.2,
        2120.51,
        2120.81,
        2121.1,
        2121.39
      ],
      "metrics": {
        "MAE": 11.973129,
        "RMSE": 15.160898,
        "MAPE": 0.5325,
        "R2": 0.9573
      }
    },
    "BNB_USD": {
      "current": 637.98,
      "next_1h": 639.08,
      "next_24h": 649.04,
      "change_pct": 0.172,
      "trend": "\ud83d\udcc8 UP",
      "predictions": [
        639.08,
        639.52,
        640.17,
        640.67,
        641.13,
        641.63,
        642.11,
        642.58,
        643.05,
        643.5,
        643.94,
        644.38,
        644.81,
        645.23,
        645.65,
        646.05,
        646.45,
        646.84,
        647.23,
        647.6,
        647.97,
        648.34,
        648.69,
        649.04
      ],
      "metrics": {
        "MAE": 2.104088,
        "RMSE": 2.794002,
        "MAPE": 0.3199,
        "R2": 0.9469
      }
    }
  }
}