{
  "generated_at": "2026-04-01 17:00:25",
  "exchange_rates": {
    "USD_TZS": {
      "current": 2573.516,
      "next_1h": 2573.6288,
      "next_24h": 2575.8224,
      "change_pct": 0.004,
      "trend": "\ud83d\udcc8 UP",
      "predictions": [
        2573.6288,
        2573.7391,
        2573.8485,
        2573.9565,
        2574.0645,
        2574.1711,
        2574.276,
        2574.3792,
        2574.4808,
        2574.5808,
        2574.6792,
        2574.7759,
        2574.8712,
        2574.9648,
        2575.057,
        2575.1477,
        2575.2369,
        2575.3247,
        2575.411,
        2575.496,
        2575.5796,
        2575.6618,
        2575.7428,
        2575.8224
      ],
      "metrics": {
        "MAE": 0.54971,
        "RMSE": 2.268617,
        "MAPE": 0.0213,
        "R2": 0.878
      }
    },
    "USD_KES": {
      "current": 129.7668,
      "next_1h": 129.7586,
      "next_24h": 129.6197,
      "change_pct": -0.006,
      "trend": "\ud83d\udcc9 DOWN",
      "predictions": [
        129.7586,
        129.7496,
        129.7416,
        129.7342,
        129.7272,
        129.7205,
        129.714,
        129.7075,
        129.7011,
        129.6949,
        129.6888,
        129.6828,
        129.6769,
        129.6711,
        129.6655,
        129.66,
        129.6546,
        129.6493,
        129.6441,
        129.639,
        129.634,
        129.6291,
        129.6244,
        129.6197
      ],
      "metrics": {
        "MAE": 0.013777,
        "RMSE": 0.027349,
        "MAPE": 0.0106,
        "R2": 0.9203
      }
    },
    "USD_UGX": {
      "current": 3756.4181,
      "next_1h": 3756.38,
      "next_24h": 3755.5869,
      "change_pct": -0.001,
      "trend": "\ud83d\udcc9 DOWN",
      "predictions": [
        3756.38,
        3756.3423,
        3756.3051,
        3756.268,
        3756.2314,
        3756.1951,
        3756.1592,
        3756.1234,
        3756.088,
        3756.0528,
        3756.0179,
        3755.9832,
        3755.9488,
        3755.9147,
        3755.8808,
        3755.8471,
        3755.8138,
        3755.7806,
        3755.7477,
        3755.7151,
        3755.6827,
        3755.6505,
        3755.6186,
        3755.5869
      ],
      "metrics": {
        "MAE": 0.613829,
        "RMSE": 2.817206,
        "MAPE": 0.0164,
        "R2": 0.9421
      }
    },
    "USD_EUR": {
      "current": 0.8672,
      "next_1h": 0.8672,
      "next_24h": 0.8671,
      "change_pct": 0.0,
      "trend": "\ud83d\udcc9 DOWN",
      "predictions": [
        0.8672,
        0.8672,
        0.8672,
        0.8672,
        0.8672,
        0.8672,
        0.8672,
        0.8672,
        0.8672,
        0.8672,
        0.8672,
        0.8672,
        0.8672,
        0.8672,
        0.8672,
        0.8672,
        0.8671,
        0.8671,
        0.8671,
        0.8671,
        0.8671,
        0.8671,
        0.8671,
        0.8671
      ],
      "metrics": {
        "MAE": 0.000137,
        "RMSE": 0.000557,
        "MAPE": 0.0157,
        "R2": 0.9086
      }
    }
  },
  "crypto": {
    "BTC_USD": {
      "current": 68798.0,
      "next_1h": 68845.24,
      "next_24h": 69141.75,
      "change_pct": 0.069,
      "trend": "\ud83d\udcc8 UP",
      "predictions": [
        68845.24,
        68864.7,
        68845.1,
        68848.2,
        68871.15,
        68884.7,
        68901.05,
        68918.93,
        68934.54,
        68949.19,
        68964.14,
        68978.67,
        68993.0,
        69007.31,
        69021.48,
        69035.47,
        69049.31,
        69062.99,
        69076.5,
        69089.85,
        69103.05,
        69116.1,
        69129.0,
        69141.75
      ],
      "metrics": {
        "MAE": 206.371958,
        "RMSE": 279.591955,
        "MAPE": 0.3074,
        "R2": 0.8794
      }
    },
    "ETH_USD": {
      "current": 2145.05,
      "next_1h": 2145.12,
      "next_24h": 2133.89,
      "change_pct": 0.003,
      "trend": "\ud83d\udcc8 UP",
      "predictions": [
        2145.12,
        2145.21,
        2144.9,
        2144.25,
        2143.65,
        2143.05,
        2142.46,
        2141.88,
        2141.31,
        2140.75,
        2140.2,
        2139.66,
        2139.13,
        2138.61,
        2138.1,
        2137.6,
        2137.1,
        2136.62,
        2136.14,
        2135.67,
        2135.22,
        2134.76,
        2134.32,
        2133.89
      ],
      "metrics": {
        "MAE": 8.285843,
        "RMSE": 11.237823,
        "MAPE": 0.4047,
        "R2": 0.9432
      }
    },
    "BNB_USD": {
      "current": 616.32,
      "next_1h": 617.05,
      "next_24h": 627.3,
      "change_pct": 0.119,
      "trend": "\ud83d\udcc8 UP",
      "predictions": [
        617.05,
        617.71,
        618.15,
        618.63,
        619.12,
        619.61,
        620.11,
        620.6,
        621.08,
        621.55,
        622.01,
        622.47,
        622.91,
        623.35,
        623.78,
        624.2,
        624.61,
        625.02,
        625.41,
        625.81,
        626.19,
        626.57,
        626.94,
        627.3
      ],
      "metrics": {
        "MAE": 1.627364,
        "RMSE": 2.181945,
        "MAPE": 0.266,
        "R2": 0.6516
      }
    }
  }
}