{
  "generated_at": "2026-07-16 18:17:11",
  "exchange_rates": {
    "USD_TZS": {
      "current": 2614.7645,
      "next_1h": 2614.8081,
      "next_24h": 2615.5416,
      "change_pct": 0.002,
      "trend": "\ud83d\udcc8 UP",
      "predictions": [
        2614.8081,
        2614.8508,
        2614.8926,
        2614.9335,
        2614.9736,
        2615.0128,
        2615.0508,
        2615.0876,
        2615.1233,
        2615.1579,
        2615.1913,
        2615.2238,
        2615.2552,
        2615.2856,
        2615.315,
        2615.3435,
        2615.3712,
        2615.3979,
        2615.4238,
        2615.4489,
        2615.4732,
        2615.4967,
        2615.5195,
        2615.5416
      ],
      "metrics": {
        "MAE": 0.504225,
        "RMSE": 1.954766,
        "MAPE": 0.0193,
        "R2": 0.9551
      }
    },
    "USD_KES": {
      "current": 129.367,
      "next_1h": 129.3672,
      "next_24h": 129.3716,
      "change_pct": 0.0,
      "trend": "\ud83d\udcc9 DOWN",
      "predictions": [
        129.3672,
        129.3674,
        129.3677,
        129.3679,
        129.3681,
        129.3683,
        129.3685,
        129.3687,
        129.3689,
        129.3691,
        129.3693,
        129.3695,
        129.3697,
        129.3698,
        129.37,
        129.3702,
        129.3704,
        129.3706,
        129.3708,
        129.3709,
        129.3711,
        129.3713,
        129.3715,
        129.3716
      ],
      "metrics": {
        "MAE": 0.004344,
        "RMSE": 0.016718,
        "MAPE": 0.0034,
        "R2": 0.9334
      }
    },
    "USD_UGX": {
      "current": 3686.5095,
      "next_1h": 3686.4208,
      "next_24h": 3684.4339,
      "change_pct": -0.002,
      "trend": "\ud83d\udcc9 DOWN",
      "predictions": [
        3686.4208,
        3686.3322,
        3686.2438,
        3686.1555,
        3686.0675,
        3685.9795,
        3685.8918,
        3685.8044,
        3685.7171,
        3685.6301,
        3685.5432,
        3685.4566,
        3685.3702,
        3685.284,
        3685.1981,
        3685.1123,
        3685.0268,
        3684.9414,
        3684.8563,
        3684.7714,
        3684.6867,
        3684.6022,
        3684.5179,
        3684.4339
      ],
      "metrics": {
        "MAE": 0.453004,
        "RMSE": 2.497464,
        "MAPE": 0.0124,
        "R2": 0.9436
      }
    },
    "USD_EUR": {
      "current": 0.8734,
      "next_1h": 0.8734,
      "next_24h": 0.8736,
      "change_pct": 0.001,
      "trend": "\ud83d\udcc8 UP",
      "predictions": [
        0.8734,
        0.8734,
        0.8735,
        0.8735,
        0.8735,
        0.8735,
        0.8735,
        0.8735,
        0.8735,
        0.8735,
        0.8735,
        0.8735,
        0.8735,
        0.8736,
        0.8736,
        0.8736,
        0.8736,
        0.8736,
        0.8736,
        0.8736,
        0.8736,
        0.8736,
        0.8736,
        0.8736
      ],
      "metrics": {
        "MAE": 4.9e-05,
        "RMSE": 0.000257,
        "MAPE": 0.0056,
        "R2": 0.9413
      }
    }
  },
  "crypto": {
    "BTC_USD": {
      "current": 64157.0,
      "next_1h": 64147.65,
      "next_24h": 63939.43,
      "change_pct": -0.015,
      "trend": "\ud83d\udcc9 DOWN",
      "predictions": [
        64147.65,
        64135.94,
        64122.12,
        64112.51,
        64103.47,
        64094.65,
        64085.57,
        64076.5,
        64067.61,
        64058.8,
        64050.02,
        64041.27,
        64032.55,
        64023.89,
        64015.26,
        64006.68,
        63998.13,
        63989.63,
        63981.16,
        63972.74,
        63964.35,
        63956.01,
        63947.7,
        63939.43
      ],
      "metrics": {
        "MAE": 115.252281,
        "RMSE": 159.514616,
        "MAPE": 0.1805,
        "R2": 0.9702
      }
    },
    "ETH_USD": {
      "current": 1873.23,
      "next_1h": 1872.56,
      "next_24h": 1854.08,
      "change_pct": -0.036,
      "trend": "\ud83d\udcc9 DOWN",
      "predictions": [
        1872.56,
        1871.44,
        1870.64,
        1869.88,
        1869.01,
        1868.17,
        1867.36,
        1866.55,
        1865.73,
        1864.93,
        1864.13,
        1863.33,
        1862.54,
        1861.75,
        1860.96,
        1860.18,
        1859.4,
        1858.63,
        1857.86,
        1857.1,
        1856.34,
        1855.58,
        1854.83,
        1854.08
      ],
      "metrics": {
        "MAE": 4.919513,
        "RMSE": 7.627881,
        "MAPE": 0.2672,
        "R2": 0.9801
      }
    },
    "BNB_USD": {
      "current": 575.61,
      "next_1h": 575.62,
      "next_24h": 576.08,
      "change_pct": 0.001,
      "trend": "\ud83d\udcc8 UP",
      "predictions": [
        575.62,
        575.62,
        575.65,
        575.66,
        575.69,
        575.71,
        575.73,
        575.75,
        575.77,
        575.79,
        575.81,
        575.84,
        575.86,
        575.88,
        575.9,
        575.92,
        575.94,
        575.96,
        575.98,
        576.0,
        576.02,
        576.04,
        576.06,
        576.08
      ],
      "metrics": {
        "MAE": 0.882798,
        "RMSE": 1.277011,
        "MAPE": 0.1534,
        "R2": 0.9445
      }
    }
  }
}