{
  "generated_at": "2026-07-07 16:43:16",
  "exchange_rates": {
    "USD_TZS": {
      "current": 2622.6358,
      "next_1h": 2622.3121,
      "next_24h": 2617.0551,
      "change_pct": -0.012,
      "trend": "\ud83d\udcc9 DOWN",
      "predictions": [
        2622.3121,
        2621.9959,
        2621.687,
        2621.3853,
        2621.0907,
        2620.8031,
        2620.5255,
        2620.2576,
        2619.9991,
        2619.7496,
        2619.5089,
        2619.2767,
        2619.0528,
        2618.8367,
        2618.6283,
        2618.4273,
        2618.2334,
        2618.0463,
        2617.8659,
        2617.6919,
        2617.524,
        2617.362,
        2617.2058,
        2617.0551
      ],
      "metrics": {
        "MAE": 0.673437,
        "RMSE": 2.222705,
        "MAPE": 0.0257,
        "R2": 0.9081
      }
    },
    "USD_KES": {
      "current": 129.2243,
      "next_1h": 129.2279,
      "next_24h": 129.2996,
      "change_pct": 0.003,
      "trend": "\ud83d\udcc8 UP",
      "predictions": [
        129.2279,
        129.2315,
        129.2351,
        129.2387,
        129.2423,
        129.2458,
        129.2492,
        129.2526,
        129.256,
        129.2592,
        129.2625,
        129.2656,
        129.2687,
        129.2718,
        129.2748,
        129.2778,
        129.2807,
        129.2835,
        129.2863,
        129.2891,
        129.2918,
        129.2945,
        129.2971,
        129.2996
      ],
      "metrics": {
        "MAE": 0.004965,
        "RMSE": 0.018426,
        "MAPE": 0.0038,
        "R2": 0.9815
      }
    },
    "USD_UGX": {
      "current": 3659.5308,
      "next_1h": 3659.5946,
      "next_24h": 3661.0155,
      "change_pct": 0.002,
      "trend": "\ud83d\udcc8 UP",
      "predictions": [
        3659.5946,
        3659.6583,
        3659.7219,
        3659.7853,
        3659.8486,
        3659.9118,
        3659.9748,
        3660.0376,
        3660.1002,
        3660.1626,
        3660.2248,
        3660.2868,
        3660.3486,
        3660.4102,
        3660.4716,
        3660.5328,
        3660.5938,
        3660.6547,
        3660.7153,
        3660.7757,
        3660.836,
        3660.896,
        3660.9559,
        3661.0155
      ],
      "metrics": {
        "MAE": 0.824236,
        "RMSE": 3.424897,
        "MAPE": 0.0226,
        "R2": 0.8988
      }
    },
    "USD_EUR": {
      "current": 0.8746,
      "next_1h": 0.8747,
      "next_24h": 0.8754,
      "change_pct": 0.003,
      "trend": "\ud83d\udcc8 UP",
      "predictions": [
        0.8747,
        0.8747,
        0.8747,
        0.8748,
        0.8748,
        0.8748,
        0.8748,
        0.8749,
        0.8749,
        0.8749,
        0.875,
        0.875,
        0.875,
        0.8751,
        0.8751,
        0.8751,
        0.8751,
        0.8752,
        0.8752,
        0.8752,
        0.8753,
        0.8753,
        0.8753,
        0.8754
      ],
      "metrics": {
        "MAE": 9.3e-05,
        "RMSE": 0.000361,
        "MAPE": 0.0106,
        "R2": 0.9478
      }
    }
  },
  "crypto": {
    "BTC_USD": {
      "current": 63941.0,
      "next_1h": 63913.59,
      "next_24h": 63490.62,
      "change_pct": -0.043,
      "trend": "\ud83d\udcc9 DOWN",
      "predictions": [
        63913.59,
        63909.44,
        63898.64,
        63882.71,
        63868.24,
        63847.1,
        63826.89,
        63806.94,
        63786.92,
        63766.9,
        63746.67,
        63726.56,
        63706.54,
        63686.59,
        63666.7,
        63646.86,
        63627.1,
        63607.4,
        63587.77,
        63568.21,
        63548.71,
        63529.28,
        63509.92,
        63490.62
      ],
      "metrics": {
        "MAE": 222.512792,
        "RMSE": 340.910768,
        "MAPE": 0.3627,
        "R2": 0.9655
      }
    },
    "ETH_USD": {
      "current": 1799.7,
      "next_1h": 1799.08,
      "next_24h": 1777.0,
      "change_pct": -0.034,
      "trend": "\ud83d\udcc9 DOWN",
      "predictions": [
        1799.08,
        1797.2,
        1796.05,
        1795.31,
        1794.18,
        1793.2,
        1792.3,
        1791.39,
        1790.45,
        1789.53,
        1788.62,
        1787.7,
        1786.79,
        1785.88,
        1784.98,
        1784.08,
        1783.18,
        1782.29,
        1781.4,
        1780.51,
        1779.63,
        1778.75,
        1777.87,
        1777.0
      ],
      "metrics": {
        "MAE": 7.641426,
        "RMSE": 11.402501,
        "MAPE": 0.4521,
        "R2": 0.9841
      }
    },
    "BNB_USD": {
      "current": 584.87,
      "next_1h": 584.95,
      "next_24h": 583.42,
      "change_pct": 0.014,
      "trend": "\ud83d\udcc8 UP",
      "predictions": [
        584.95,
        584.95,
        584.89,
        584.87,
        584.78,
        584.71,
        584.64,
        584.57,
        584.49,
        584.42,
        584.35,
        584.27,
        584.2,
        584.13,
        584.06,
        583.98,
        583.91,
        583.84,
        583.77,
        583.7,
        583.63,
        583.56,
        583.49,
        583.42
      ],
      "metrics": {
        "MAE": 1.812909,
        "RMSE": 2.66903,
        "MAPE": 0.321,
        "R2": 0.9677
      }
    }
  }
}