{
  "generated_at": "2026-05-07 15:04:46",
  "exchange_rates": {
    "USD_TZS": {
      "current": 2605.4046,
      "next_1h": 2605.0762,
      "next_24h": 2600.869,
      "change_pct": -0.013,
      "trend": "\ud83d\udcc9 DOWN",
      "predictions": [
        2605.0762,
        2604.7574,
        2604.4479,
        2604.1475,
        2603.8559,
        2603.5731,
        2603.309,
        2603.0626,
        2602.8331,
        2602.6198,
        2602.422,
        2602.2388,
        2602.0693,
        2601.9125,
        2601.7675,
        2601.6335,
        2601.5096,
        2601.3951,
        2601.2892,
        2601.1914,
        2601.101,
        2601.0175,
        2600.9403,
        2600.869
      ],
      "metrics": {
        "MAE": 1.071344,
        "RMSE": 3.104685,
        "MAPE": 0.0412,
        "R2": 0.9134
      }
    },
    "USD_KES": {
      "current": 129.1655,
      "next_1h": 129.1651,
      "next_24h": 129.1568,
      "change_pct": 0.0,
      "trend": "\ud83d\udcc9 DOWN",
      "predictions": [
        129.1651,
        129.1647,
        129.1643,
        129.1639,
        129.1635,
        129.1631,
        129.1628,
        129.1624,
        129.162,
        129.1617,
        129.1613,
        129.1609,
        129.1606,
        129.1602,
        129.1599,
        129.1595,
        129.1592,
        129.1588,
        129.1585,
        129.1581,
        129.1578,
        129.1574,
        129.1571,
        129.1568
      ],
      "metrics": {
        "MAE": 0.001491,
        "RMSE": 0.006681,
        "MAPE": 0.0012,
        "R2": 0.949
      }
    },
    "USD_UGX": {
      "current": 3754.1719,
      "next_1h": 3753.5492,
      "next_24h": 3740.9534,
      "change_pct": -0.017,
      "trend": "\ud83d\udcc9 DOWN",
      "predictions": [
        3753.5492,
        3752.932,
        3752.3202,
        3751.7139,
        3751.1128,
        3750.5168,
        3749.9281,
        3749.3465,
        3748.772,
        3748.2046,
        3747.6441,
        3747.0905,
        3746.5437,
        3746.0036,
        3745.47,
        3744.9431,
        3744.4226,
        3743.9085,
        3743.4006,
        3742.899,
        3742.4036,
        3741.9142,
        3741.4308,
        3740.9534
      ],
      "metrics": {
        "MAE": 0.667639,
        "RMSE": 2.416469,
        "MAPE": 0.0179,
        "R2": 0.9452
      }
    },
    "USD_EUR": {
      "current": 0.851,
      "next_1h": 0.851,
      "next_24h": 0.8512,
      "change_pct": 0.001,
      "trend": "\ud83d\udcc8 UP",
      "predictions": [
        0.851,
        0.851,
        0.851,
        0.851,
        0.851,
        0.8511,
        0.8511,
        0.8511,
        0.8511,
        0.8511,
        0.8511,
        0.8511,
        0.8511,
        0.8511,
        0.8511,
        0.8511,
        0.8511,
        0.8511,
        0.8511,
        0.8511,
        0.8511,
        0.8511,
        0.8511,
        0.8512
      ],
      "metrics": {
        "MAE": 8.2e-05,
        "RMSE": 0.000415,
        "MAPE": 0.0096,
        "R2": 0.8894
      }
    }
  },
  "crypto": {
    "BTC_USD": {
      "current": 80142.0,
      "next_1h": 80119.26,
      "next_24h": 79329.37,
      "change_pct": -0.028,
      "trend": "\ud83d\udcc9 DOWN",
      "predictions": [
        80119.26,
        80046.53,
        79994.28,
        79956.25,
        79906.84,
        79874.66,
        79840.52,
        79807.13,
        79775.48,
        79743.37,
        79712.15,
        79681.16,
        79650.4,
        79619.99,
        79589.8,
        79559.88,
        79530.21,
        79500.79,
        79471.62,
        79442.69,
        79414.0,
        79385.56,
        79357.35,
        79329.37
      ],
      "metrics": {
        "MAE": 203.314283,
        "RMSE": 303.246018,
        "MAPE": 0.2552,
        "R2": 0.9676
      }
    },
    "ETH_USD": {
      "current": 2299.04,
      "next_1h": 2297.62,
      "next_24h": 2291.7,
      "change_pct": -0.062,
      "trend": "\ud83d\udcc9 DOWN",
      "predictions": [
        2297.62,
        2295.37,
        2294.12,
        2293.62,
        2292.48,
        2292.31,
        2292.11,
        2291.95,
        2291.92,
        2291.83,
        2291.81,
        2291.79,
        2291.77,
        2291.76,
        2291.75,
        2291.74,
        2291.74,
        2291.73,
        2291.73,
        2291.72,
        2291.72,
        2291.71,
        2291.71,
        2291.7
      ],
      "metrics": {
        "MAE": 6.800699,
        "RMSE": 10.584755,
        "MAPE": 0.2905,
        "R2": 0.9238
      }
    },
    "BNB_USD": {
      "current": 642.83,
      "next_1h": 642.65,
      "next_24h": 637.15,
      "change_pct": -0.028,
      "trend": "\ud83d\udcc9 DOWN",
      "predictions": [
        642.65,
        642.22,
        641.82,
        641.64,
        641.24,
        641.0,
        640.77,
        640.52,
        640.29,
        640.06,
        639.83,
        639.61,
        639.39,
        639.17,
        638.96,
        638.75,
        638.54,
        638.33,
        638.13,
        637.93,
        637.73,
        637.53,
        637.34,
        637.15
      ],
      "metrics": {
        "MAE": 1.322252,
        "RMSE": 2.088043,
        "MAPE": 0.2094,
        "R2": 0.9657
      }
    }
  }
}