{
  "generated_at": "2026-03-16 20:00:32",
  "exchange_rates": {
    "USD_TZS": {
      "current": 2590.779,
      "next_1h": 2590.029,
      "next_24h": 2579.8844,
      "change_pct": -0.029,
      "trend": "\ud83d\udcc9 DOWN",
      "predictions": [
        2590.029,
        2589.3231,
        2588.6355,
        2587.9766,
        2587.3231,
        2586.6957,
        2586.1024,
        2585.5417,
        2585.0115,
        2584.5109,
        2584.0388,
        2583.5938,
        2583.1743,
        2582.7789,
        2582.4062,
        2582.0551,
        2581.7241,
        2581.4123,
        2581.1184,
        2580.8415,
        2580.5805,
        2580.3346,
        2580.1028,
        2579.8844
      ],
      "metrics": {
        "MAE": 0.679492,
        "RMSE": 1.994969,
        "MAPE": 0.0262,
        "R2": 0.8968
      }
    },
    "USD_KES": {
      "current": 129.1502,
      "next_1h": 129.1601,
      "next_24h": 129.2481,
      "change_pct": 0.008,
      "trend": "\ud83d\udcc8 UP",
      "predictions": [
        129.1601,
        129.171,
        129.18,
        129.1876,
        129.1942,
        129.2001,
        129.2054,
        129.2103,
        129.2147,
        129.2188,
        129.2224,
        129.2258,
        129.2288,
        129.2315,
        129.234,
        129.2362,
        129.2382,
        129.2401,
        129.2418,
        129.2433,
        129.2447,
        129.2459,
        129.247,
        129.2481
      ],
      "metrics": {
        "MAE": 0.008289,
        "RMSE": 0.011317,
        "MAPE": 0.0064,
        "R2": 0.7924
      }
    },
    "USD_UGX": {
      "current": 3741.4821,
      "next_1h": 3741.5548,
      "next_24h": 3743.0134,
      "change_pct": 0.002,
      "trend": "\ud83d\udcc8 UP",
      "predictions": [
        3741.5548,
        3741.6262,
        3741.6962,
        3741.7656,
        3741.8336,
        3741.9004,
        3741.9666,
        3742.0323,
        3742.0975,
        3742.1622,
        3742.2263,
        3742.2899,
        3742.353,
        3742.4155,
        3742.4776,
        3742.5391,
        3742.6001,
        3742.6606,
        3742.7207,
        3742.7802,
        3742.8392,
        3742.8977,
        3742.9558,
        3743.0134
      ],
      "metrics": {
        "MAE": 0.245217,
        "RMSE": 0.803822,
        "MAPE": 0.0066,
        "R2": 0.6518
      }
    },
    "USD_EUR": {
      "current": 0.8746,
      "next_1h": 0.8746,
      "next_24h": 0.8736,
      "change_pct": -0.006,
      "trend": "\ud83d\udcc9 DOWN",
      "predictions": [
        0.8746,
        0.8745,
        0.8745,
        0.8745,
        0.8744,
        0.8744,
        0.8743,
        0.8743,
        0.8742,
        0.8742,
        0.8741,
        0.8741,
        0.8741,
        0.874,
        0.874,
        0.8739,
        0.8739,
        0.8739,
        0.8738,
        0.8738,
        0.8737,
        0.8737,
        0.8737,
        0.8736
      ],
      "metrics": {
        "MAE": 8.8e-05,
        "RMSE": 0.000244,
        "MAPE": 0.0101,
        "R2": 0.8881
      }
    }
  },
  "crypto": {
    "BTC_USD": {
      "current": 73963.0,
      "next_1h": 73851.67,
      "next_24h": 72588.59,
      "change_pct": -0.151,
      "trend": "\ud83d\udcc9 DOWN",
      "predictions": [
        73851.67,
        73738.9,
        73675.61,
        73612.84,
        73554.93,
        73495.79,
        73435.32,
        73376.48,
        73318.92,
        73262.78,
        73207.88,
        73154.07,
        73101.35,
        73049.71,
        72999.14,
        72949.62,
        72901.13,
        72853.64,
        72807.12,
        72761.57,
        72716.96,
        72673.28,
        72630.49,
        72588.59
      ],
      "metrics": {
        "MAE": 250.98828,
        "RMSE": 338.140477,
        "MAPE": 0.3447,
        "R2": 0.8925
      }
    },
    "ETH_USD": {
      "current": 2331.67,
      "next_1h": 2312.04,
      "next_24h": 2067.81,
      "change_pct": -0.842,
      "trend": "\ud83d\udcc9 DOWN",
      "predictions": [
        2312.04,
        2293.54,
        2277.54,
        2257.89,
        2238.7,
        2218.99,
        2200.86,
        2184.23,
        2168.73,
        2154.72,
        2142.07,
        2130.83,
        2120.87,
        2112.06,
        2104.34,
        2097.59,
        2091.72,
        2086.62,
        2082.21,
        2078.4,
        2075.12,
        2072.3,
        2069.88,
        2067.81
      ],
      "metrics": {
        "MAE": 15.781884,
        "RMSE": 22.104484,
        "MAPE": 0.7111,
        "R2": 0.9261
      }
    },
    "BNB_USD": {
      "current": 678.46,
      "next_1h": 677.8,
      "next_24h": 668.05,
      "change_pct": -0.097,
      "trend": "\ud83d\udcc9 DOWN",
      "predictions": [
        677.8,
        677.01,
        676.52,
        676.0,
        675.51,
        675.03,
        674.56,
        674.09,
        673.64,
        673.21,
        672.78,
        672.36,
        671.95,
        671.55,
        671.16,
        670.78,
        670.41,
        670.05,
        669.7,
        669.35,
        669.01,
        668.68,
        668.36,
        668.05
      ],
      "metrics": {
        "MAE": 2.394598,
        "RMSE": 3.187027,
        "MAPE": 0.3564,
        "R2": 0.8758
      }
    }
  }
}