{
  "generated_at": "2026-07-13 04:43:16",
  "exchange_rates": {
    "USD_TZS": {
      "current": 2627.8658,
      "next_1h": 2627.5087,
      "next_24h": 2621.0017,
      "change_pct": -0.014,
      "trend": "\ud83d\udcc9 DOWN",
      "predictions": [
        2627.5087,
        2627.1594,
        2626.7825,
        2626.4139,
        2626.0533,
        2625.7006,
        2625.359,
        2625.0282,
        2624.7083,
        2624.3988,
        2624.0995,
        2623.8102,
        2623.5304,
        2623.2599,
        2622.9983,
        2622.7454,
        2622.5009,
        2622.2645,
        2622.0359,
        2621.8149,
        2621.6012,
        2621.3946,
        2621.1948,
        2621.0017
      ],
      "metrics": {
        "MAE": 0.376156,
        "RMSE": 0.659114,
        "MAPE": 0.0143,
        "R2": 0.8256
      }
    },
    "USD_KES": {
      "current": 129.1822,
      "next_1h": 129.1861,
      "next_24h": 129.2619,
      "change_pct": 0.003,
      "trend": "\ud83d\udcc8 UP",
      "predictions": [
        129.1861,
        129.19,
        129.1938,
        129.1975,
        129.2012,
        129.2049,
        129.2086,
        129.2121,
        129.2156,
        129.2191,
        129.2225,
        129.2258,
        129.2291,
        129.2324,
        129.2356,
        129.2387,
        129.2418,
        129.2448,
        129.2477,
        129.2507,
        129.2535,
        129.2564,
        129.2592,
        129.2619
      ],
      "metrics": {
        "MAE": 0.005523,
        "RMSE": 0.014022,
        "MAPE": 0.0043,
        "R2": 0.884
      }
    },
    "USD_UGX": {
      "current": 3659.3418,
      "next_1h": 3659.312,
      "next_24h": 3658.6221,
      "change_pct": -0.001,
      "trend": "\ud83d\udcc9 DOWN",
      "predictions": [
        3659.312,
        3659.2822,
        3659.2515,
        3659.2209,
        3659.1903,
        3659.1598,
        3659.1293,
        3659.099,
        3659.0687,
        3659.0384,
        3659.0083,
        3658.9781,
        3658.9481,
        3658.9181,
        3658.8882,
        3658.8584,
        3658.8286,
        3658.7989,
        3658.7693,
        3658.7397,
        3658.7102,
        3658.6808,
        3658.6514,
        3658.6221
      ],
      "metrics": {
        "MAE": 0.628943,
        "RMSE": 3.220541,
        "MAPE": 0.0172,
        "R2": 0.9234
      }
    },
    "USD_EUR": {
      "current": 0.8768,
      "next_1h": 0.8768,
      "next_24h": 0.8768,
      "change_pct": 0.0,
      "trend": "\ud83d\udcc9 DOWN",
      "predictions": [
        0.8768,
        0.8768,
        0.8768,
        0.8768,
        0.8768,
        0.8768,
        0.8768,
        0.8768,
        0.8768,
        0.8768,
        0.8768,
        0.8768,
        0.8768,
        0.8768,
        0.8768,
        0.8768,
        0.8768,
        0.8768,
        0.8768,
        0.8768,
        0.8768,
        0.8768,
        0.8768,
        0.8768
      ],
      "metrics": {
        "MAE": 3.3e-05,
        "RMSE": 0.000179,
        "MAPE": 0.0038,
        "R2": 0.9284
      }
    }
  },
  "crypto": {
    "BTC_USD": {
      "current": 62662.0,
      "next_1h": 62661.69,
      "next_24h": 62508.57,
      "change_pct": 0.0,
      "trend": "\ud83d\udcc9 DOWN",
      "predictions": [
        62661.69,
        62649.35,
        62643.34,
        62634.1,
        62625.13,
        62619.06,
        62612.82,
        62606.52,
        62600.06,
        62593.7,
        62587.47,
        62581.25,
        62575.04,
        62568.86,
        62562.71,
        62556.59,
        62550.49,
        62544.42,
        62538.38,
        62532.36,
        62526.38,
        62520.41,
        62514.48,
        62508.57
      ],
      "metrics": {
        "MAE": 94.96608,
        "RMSE": 131.310847,
        "MAPE": 0.1495,
        "R2": 0.9583
      }
    },
    "ETH_USD": {
      "current": 1779.2,
      "next_1h": 1778.1,
      "next_24h": 1767.44,
      "change_pct": -0.062,
      "trend": "\ud83d\udcc9 DOWN",
      "predictions": [
        1778.1,
        1777.83,
        1777.49,
        1777.0,
        1776.46,
        1775.98,
        1775.48,
        1774.98,
        1774.49,
        1774.01,
        1773.52,
        1773.04,
        1772.56,
        1772.08,
        1771.61,
        1771.14,
        1770.67,
        1770.2,
        1769.73,
        1769.27,
        1768.81,
        1768.35,
        1767.9,
        1767.44
      ],
      "metrics": {
        "MAE": 3.790354,
        "RMSE": 5.875009,
        "MAPE": 0.2121,
        "R2": 0.9554
      }
    },
    "BNB_USD": {
      "current": 568.12,
      "next_1h": 568.02,
      "next_24h": 568.88,
      "change_pct": -0.018,
      "trend": "\ud83d\udcc9 DOWN",
      "predictions": [
        568.02,
        568.1,
        568.15,
        568.18,
        568.21,
        568.25,
        568.29,
        568.33,
        568.36,
        568.4,
        568.43,
        568.47,
        568.5,
        568.54,
        568.57,
        568.61,
        568.64,
        568.68,
        568.71,
        568.75,
        568.78,
        568.82,
        568.85,
        568.88
      ],
      "metrics": {
        "MAE": 0.82545,
        "RMSE": 1.186965,
        "MAPE": 0.1438,
        "R2": 0.9061
      }
    }
  }
}