{
  "generated_at": "2026-04-18 07:33:14",
  "exchange_rates": {
    "USD_TZS": {
      "current": 2606.1375,
      "next_1h": 2605.8448,
      "next_24h": 2600.1236,
      "change_pct": -0.011,
      "trend": "\ud83d\udcc9 DOWN",
      "predictions": [
        2605.8448,
        2605.5546,
        2605.2668,
        2604.9813,
        2604.6981,
        2604.4173,
        2604.1413,
        2603.87,
        2603.6035,
        2603.3415,
        2603.0842,
        2602.8314,
        2602.5831,
        2602.3391,
        2602.0994,
        2601.864,
        2601.6326,
        2601.4054,
        2601.1822,
        2600.9629,
        2600.7474,
        2600.5358,
        2600.3278,
        2600.1236
      ],
      "metrics": {
        "MAE": 0.271603,
        "RMSE": 0.688815,
        "MAPE": 0.0104,
        "R2": 0.9462
      }
    },
    "USD_KES": {
      "current": 129.142,
      "next_1h": 129.1457,
      "next_24h": 129.2261,
      "change_pct": 0.003,
      "trend": "\ud83d\udcc8 UP",
      "predictions": [
        129.1457,
        129.1494,
        129.1531,
        129.1568,
        129.1605,
        129.1642,
        129.1679,
        129.1715,
        129.1751,
        129.1787,
        129.1822,
        129.1858,
        129.1893,
        129.1927,
        129.1962,
        129.1996,
        129.203,
        129.2064,
        129.2097,
        129.213,
        129.2163,
        129.2196,
        129.2228,
        129.2261
      ],
      "metrics": {
        "MAE": 0.005753,
        "RMSE": 0.015536,
        "MAPE": 0.0045,
        "R2": 0.9544
      }
    },
    "USD_UGX": {
      "current": 3690.0531,
      "next_1h": 3690.3035,
      "next_24h": 3695.6922,
      "change_pct": 0.007,
      "trend": "\ud83d\udcc8 UP",
      "predictions": [
        3690.3035,
        3690.553,
        3690.8014,
        3691.0488,
        3691.2952,
        3691.5406,
        3691.7844,
        3692.0265,
        3692.2671,
        3692.5061,
        3692.7436,
        3692.9795,
        3693.2138,
        3693.4466,
        3693.6779,
        3693.9076,
        3694.1359,
        3694.3626,
        3694.5879,
        3694.8117,
        3695.034,
        3695.2549,
        3695.4743,
        3695.6922
      ],
      "metrics": {
        "MAE": 0.619159,
        "RMSE": 3.068891,
        "MAPE": 0.0167,
        "R2": 0.9217
      }
    },
    "USD_EUR": {
      "current": 0.8484,
      "next_1h": 0.8485,
      "next_24h": 0.8488,
      "change_pct": 0.002,
      "trend": "\ud83d\udcc8 UP",
      "predictions": [
        0.8485,
        0.8485,
        0.8485,
        0.8485,
        0.8485,
        0.8485,
        0.8485,
        0.8486,
        0.8486,
        0.8486,
        0.8486,
        0.8486,
        0.8486,
        0.8486,
        0.8487,
        0.8487,
        0.8487,
        0.8487,
        0.8487,
        0.8487,
        0.8487,
        0.8487,
        0.8488,
        0.8488
      ],
      "metrics": {
        "MAE": 0.000103,
        "RMSE": 0.000561,
        "MAPE": 0.0121,
        "R2": 0.9678
      }
    }
  },
  "crypto": {
    "BTC_USD": {
      "current": 77097.0,
      "next_1h": 76999.14,
      "next_24h": 74869.48,
      "change_pct": -0.127,
      "trend": "\ud83d\udcc9 DOWN",
      "predictions": [
        76999.14,
        76894.27,
        76789.4,
        76684.44,
        76581.5,
        76479.96,
        76379.73,
        76280.92,
        76183.43,
        76087.25,
        75992.37,
        75898.78,
        75806.45,
        75715.36,
        75625.5,
        75536.86,
        75449.42,
        75363.15,
        75278.05,
        75194.1,
        75111.29,
        75029.59,
        74948.99,
        74869.48
      ],
      "metrics": {
        "MAE": 243.256506,
        "RMSE": 332.774473,
        "MAPE": 0.3277,
        "R2": 0.9705
      }
    },
    "ETH_USD": {
      "current": 2406.91,
      "next_1h": 2402.09,
      "next_24h": 2299.89,
      "change_pct": -0.2,
      "trend": "\ud83d\udcc9 DOWN",
      "predictions": [
        2402.09,
        2397.03,
        2391.6,
        2386.29,
        2381.14,
        2376.08,
        2371.13,
        2366.27,
        2361.51,
        2356.84,
        2352.25,
        2347.75,
        2343.33,
        2339.0,
        2334.75,
        2330.58,
        2326.48,
        2322.46,
        2318.52,
        2314.65,
        2310.86,
        2307.13,
        2303.48,
        2299.89
      ],
      "metrics": {
        "MAE": 9.988958,
        "RMSE": 14.469069,
        "MAPE": 0.4308,
        "R2": 0.9635
      }
    },
    "BNB_USD": {
      "current": 644.32,
      "next_1h": 643.79,
      "next_24h": 633.6,
      "change_pct": -0.083,
      "trend": "\ud83d\udcc9 DOWN",
      "predictions": [
        643.79,
        643.08,
        642.52,
        642.05,
        641.56,
        641.09,
        640.63,
        640.16,
        639.7,
        639.25,
        638.81,
        638.37,
        637.94,
        637.51,
        637.09,
        636.68,
        636.28,
        635.88,
        635.48,
        635.09,
        634.71,
        634.33,
        633.96,
        633.6
      ],
      "metrics": {
        "MAE": 1.645277,
        "RMSE": 2.206652,
        "MAPE": 0.2665,
        "R2": 0.9801
      }
    }
  }
}