{
  "generated_at": "2026-04-05 16:15:57",
  "exchange_rates": {
    "USD_TZS": {
      "current": 2596.8995,
      "next_1h": 2596.5837,
      "next_24h": 2590.7021,
      "change_pct": -0.012,
      "trend": "\ud83d\udcc9 DOWN",
      "predictions": [
        2596.5837,
        2596.275,
        2595.9696,
        2595.6691,
        2595.3699,
        2595.0752,
        2594.7865,
        2594.5038,
        2594.2269,
        2593.9557,
        2593.6901,
        2593.4301,
        2593.1755,
        2592.9262,
        2592.6821,
        2592.4431,
        2592.209,
        2591.9799,
        2591.7556,
        2591.5359,
        2591.3208,
        2591.1102,
        2590.904,
        2590.7021
      ],
      "metrics": {
        "MAE": 0.654315,
        "RMSE": 2.665508,
        "MAPE": 0.0253,
        "R2": 0.9109
      }
    },
    "USD_KES": {
      "current": 130.0617,
      "next_1h": 130.0572,
      "next_24h": 129.9717,
      "change_pct": -0.003,
      "trend": "\ud83d\udcc9 DOWN",
      "predictions": [
        130.0572,
        130.0523,
        130.0479,
        130.0438,
        130.0398,
        130.036,
        130.0323,
        130.0285,
        130.0247,
        130.021,
        130.0173,
        130.0136,
        130.0099,
        130.0063,
        130.0027,
        129.9992,
        129.9956,
        129.9921,
        129.9886,
        129.9852,
        129.9818,
        129.9784,
        129.975,
        129.9717
      ],
      "metrics": {
        "MAE": 0.008003,
        "RMSE": 0.024998,
        "MAPE": 0.0062,
        "R2": 0.9419
      }
    },
    "USD_UGX": {
      "current": 3754.2575,
      "next_1h": 3754.2501,
      "next_24h": 3754.0972,
      "change_pct": 0.0,
      "trend": "\ud83d\udcc9 DOWN",
      "predictions": [
        3754.2501,
        3754.2428,
        3754.2356,
        3754.2285,
        3754.2214,
        3754.2144,
        3754.2074,
        3754.2005,
        3754.1937,
        3754.1869,
        3754.1802,
        3754.1735,
        3754.1669,
        3754.1603,
        3754.1537,
        3754.1473,
        3754.1408,
        3754.1345,
        3754.1281,
        3754.1218,
        3754.1156,
        3754.1094,
        3754.1033,
        3754.0972
      ],
      "metrics": {
        "MAE": 0.587074,
        "RMSE": 3.034152,
        "MAPE": 0.0157,
        "R2": 0.8961
      }
    },
    "USD_EUR": {
      "current": 0.8675,
      "next_1h": 0.8675,
      "next_24h": 0.8676,
      "change_pct": 0.0,
      "trend": "\ud83d\udcc9 DOWN",
      "predictions": [
        0.8675,
        0.8675,
        0.8675,
        0.8675,
        0.8675,
        0.8675,
        0.8675,
        0.8675,
        0.8675,
        0.8675,
        0.8675,
        0.8675,
        0.8675,
        0.8675,
        0.8675,
        0.8675,
        0.8675,
        0.8675,
        0.8675,
        0.8676,
        0.8676,
        0.8676,
        0.8676,
        0.8676
      ],
      "metrics": {
        "MAE": 0.000172,
        "RMSE": 0.000711,
        "MAPE": 0.0199,
        "R2": 0.9402
      }
    }
  },
  "crypto": {
    "BTC_USD": {
      "current": 67300.0,
      "next_1h": 67332.88,
      "next_24h": 67786.74,
      "change_pct": 0.049,
      "trend": "\ud83d\udcc8 UP",
      "predictions": [
        67332.88,
        67359.67,
        67378.76,
        67386.93,
        67390.82,
        67413.14,
        67435.51,
        67458.12,
        67481.35,
        67503.99,
        67525.41,
        67546.63,
        67567.61,
        67588.37,
        67608.99,
        67629.47,
        67649.77,
        67669.89,
        67689.82,
        67709.56,
        67729.13,
        67748.51,
        67767.71,
        67786.74
      ],
      "metrics": {
        "MAE": 190.206555,
        "RMSE": 278.568054,
        "MAPE": 0.2825,
        "R2": 0.8265
      }
    },
    "ETH_USD": {
      "current": 2055.31,
      "next_1h": 2056.45,
      "next_24h": 2071.28,
      "change_pct": 0.056,
      "trend": "\ud83d\udcc8 UP",
      "predictions": [
        2056.45,
        2057.72,
        2058.87,
        2059.55,
        2060.24,
        2060.93,
        2061.59,
        2062.24,
        2062.87,
        2063.5,
        2064.12,
        2064.73,
        2065.33,
        2065.91,
        2066.49,
        2067.06,
        2067.62,
        2068.17,
        2068.71,
        2069.24,
        2069.76,
        2070.28,
        2070.78,
        2071.28
      ],
      "metrics": {
        "MAE": 7.655807,
        "RMSE": 11.334228,
        "MAPE": 0.3686,
        "R2": 0.882
      }
    },
    "BNB_USD": {
      "current": 592.85,
      "next_1h": 593.73,
      "next_24h": 607.64,
      "change_pct": 0.148,
      "trend": "\ud83d\udcc8 UP",
      "predictions": [
        593.73,
        594.54,
        595.26,
        595.9,
        596.5,
        597.16,
        597.81,
        598.46,
        599.1,
        599.73,
        600.35,
        600.96,
        601.56,
        602.15,
        602.73,
        603.31,
        603.88,
        604.44,
        604.99,
        605.54,
        606.07,
        606.6,
        607.12,
        607.64
      ],
      "metrics": {
        "MAE": 1.742609,
        "RMSE": 2.494197,
        "MAPE": 0.2917,
        "R2": 0.9621
      }
    }
  }
}