{
  "generated_at": "2026-03-24 23:00:16",
  "exchange_rates": {
    "USD_TZS": {
      "current": 2581.1454,
      "next_1h": 2581.2339,
      "next_24h": 2582.8556,
      "change_pct": 0.003,
      "trend": "\ud83d\udcc8 UP",
      "predictions": [
        2581.2339,
        2581.3199,
        2581.4049,
        2581.4882,
        2581.5714,
        2581.6531,
        2581.733,
        2581.8113,
        2581.8878,
        2581.9627,
        2582.036,
        2582.1077,
        2582.1778,
        2582.2464,
        2582.3136,
        2582.3792,
        2582.4434,
        2582.5063,
        2582.5678,
        2582.6279,
        2582.6867,
        2582.7443,
        2582.8006,
        2582.8556
      ],
      "metrics": {
        "MAE": 0.294622,
        "RMSE": 1.244067,
        "MAPE": 0.0114,
        "R2": 0.8932
      }
    },
    "USD_KES": {
      "current": 129.5996,
      "next_1h": 129.5877,
      "next_24h": 129.4206,
      "change_pct": -0.009,
      "trend": "\ud83d\udcc9 DOWN",
      "predictions": [
        129.5877,
        129.5742,
        129.5628,
        129.5526,
        129.5433,
        129.5346,
        129.5263,
        129.5181,
        129.5101,
        129.5025,
        129.4951,
        129.4879,
        129.4811,
        129.4745,
        129.4682,
        129.4621,
        129.4562,
        129.4505,
        129.4451,
        129.4398,
        129.4347,
        129.4299,
        129.4252,
        129.4206
      ],
      "metrics": {
        "MAE": 0.019554,
        "RMSE": 0.058515,
        "MAPE": 0.0151,
        "R2": 0.8834
      }
    },
    "USD_UGX": {
      "current": 3780.9511,
      "next_1h": 3781.0345,
      "next_24h": 3782.7584,
      "change_pct": 0.002,
      "trend": "\ud83d\udcc8 UP",
      "predictions": [
        3781.0345,
        3781.1165,
        3781.197,
        3781.2767,
        3781.355,
        3781.4318,
        3781.5084,
        3781.5847,
        3781.6606,
        3781.7362,
        3781.8115,
        3781.8864,
        3781.9609,
        3782.0351,
        3782.109,
        3782.1825,
        3782.2557,
        3782.3285,
        3782.401,
        3782.4732,
        3782.545,
        3782.6165,
        3782.6876,
        3782.7584
      ],
      "metrics": {
        "MAE": 0.176812,
        "RMSE": 0.573336,
        "MAPE": 0.0047,
        "R2": 0.9062
      }
    },
    "USD_EUR": {
      "current": 0.8624,
      "next_1h": 0.8625,
      "next_24h": 0.8644,
      "change_pct": 0.012,
      "trend": "\ud83d\udcc8 UP",
      "predictions": [
        0.8625,
        0.8626,
        0.8627,
        0.8628,
        0.8629,
        0.863,
        0.863,
        0.8631,
        0.8632,
        0.8633,
        0.8634,
        0.8635,
        0.8636,
        0.8636,
        0.8637,
        0.8638,
        0.8639,
        0.8639,
        0.864,
        0.8641,
        0.8642,
        0.8642,
        0.8643,
        0.8644
      ],
      "metrics": {
        "MAE": 0.000107,
        "RMSE": 0.000316,
        "MAPE": 0.0124,
        "R2": 0.9444
      }
    }
  },
  "crypto": {
    "BTC_USD": {
      "current": 70327.0,
      "next_1h": 70317.79,
      "next_24h": 70632.67,
      "change_pct": -0.013,
      "trend": "\ud83d\udcc9 DOWN",
      "predictions": [
        70317.79,
        70313.83,
        70314.94,
        70330.07,
        70348.37,
        70366.83,
        70384.31,
        70401.0,
        70417.15,
        70433.03,
        70448.71,
        70464.18,
        70479.44,
        70494.46,
        70509.25,
        70523.82,
        70538.17,
        70552.29,
        70566.21,
        70579.91,
        70593.4,
        70606.69,
        70619.78,
        70632.67
      ],
      "metrics": {
        "MAE": 275.06218,
        "RMSE": 423.188171,
        "MAPE": 0.3956,
        "R2": 0.8477
      }
    },
    "ETH_USD": {
      "current": 2146.2,
      "next_1h": 2147.49,
      "next_24h": 2145.62,
      "change_pct": 0.06,
      "trend": "\ud83d\udcc8 UP",
      "predictions": [
        2147.49,
        2148.29,
        2149.33,
        2149.12,
        2149.02,
        2148.93,
        2148.8,
        2148.63,
        2148.42,
        2148.22,
        2148.02,
        2147.82,
        2147.62,
        2147.42,
        2147.22,
        2147.03,
        2146.84,
        2146.65,
        2146.47,
        2146.3,
        2146.12,
        2145.95,
        2145.78,
        2145.62
      ],
      "metrics": {
        "MAE": 10.388728,
        "RMSE": 17.894515,
        "MAPE": 0.4919,
        "R2": 0.8167
      }
    },
    "BNB_USD": {
      "current": 636.72,
      "next_1h": 637.29,
      "next_24h": 644.91,
      "change_pct": 0.089,
      "trend": "\ud83d\udcc8 UP",
      "predictions": [
        637.29,
        637.68,
        638.08,
        638.5,
        638.89,
        639.28,
        639.65,
        640.02,
        640.38,
        640.73,
        641.08,
        641.41,
        641.74,
        642.06,
        642.38,
        642.69,
        642.99,
        643.28,
        643.57,
        643.85,
        644.12,
        644.39,
        644.65,
        644.91
      ],
      "metrics": {
        "MAE": 2.018997,
        "RMSE": 3.215078,
        "MAPE": 0.3189,
        "R2": 0.7179
      }
    }
  }
}