{
  "generated_at": "2026-07-16 04:17:11",
  "exchange_rates": {
    "USD_TZS": {
      "current": 2614.7645,
      "next_1h": 2614.8858,
      "next_24h": 2615.5642,
      "change_pct": 0.005,
      "trend": "\ud83d\udcc8 UP",
      "predictions": [
        2614.8858,
        2615.0045,
        2615.0398,
        2615.0742,
        2615.108,
        2615.141,
        2615.1723,
        2615.2018,
        2615.2304,
        2615.258,
        2615.2848,
        2615.3107,
        2615.3358,
        2615.3601,
        2615.3836,
        2615.4063,
        2615.4284,
        2615.4497,
        2615.4703,
        2615.4903,
        2615.5097,
        2615.5285,
        2615.5466,
        2615.5642
      ],
      "metrics": {
        "MAE": 0.524032,
        "RMSE": 1.971098,
        "MAPE": 0.02,
        "R2": 0.9547
      }
    },
    "USD_KES": {
      "current": 129.367,
      "next_1h": 129.3681,
      "next_24h": 129.3742,
      "change_pct": 0.001,
      "trend": "\ud83d\udcc8 UP",
      "predictions": [
        129.3681,
        129.3691,
        129.3694,
        129.3696,
        129.3699,
        129.3702,
        129.3704,
        129.3707,
        129.3709,
        129.3711,
        129.3714,
        129.3716,
        129.3718,
        129.3721,
        129.3723,
        129.3725,
        129.3727,
        129.373,
        129.3732,
        129.3734,
        129.3736,
        129.3738,
        129.374,
        129.3742
      ],
      "metrics": {
        "MAE": 0.004664,
        "RMSE": 0.016865,
        "MAPE": 0.0036,
        "R2": 0.8998
      }
    },
    "USD_UGX": {
      "current": 3686.5095,
      "next_1h": 3686.4297,
      "next_24h": 3684.4708,
      "change_pct": -0.002,
      "trend": "\ud83d\udcc9 DOWN",
      "predictions": [
        3686.4297,
        3686.35,
        3686.2625,
        3686.1751,
        3686.0879,
        3686.0009,
        3685.9141,
        3685.8275,
        3685.7411,
        3685.6549,
        3685.5689,
        3685.4832,
        3685.3976,
        3685.3123,
        3685.2272,
        3685.1423,
        3685.0576,
        3684.9732,
        3684.8889,
        3684.8049,
        3684.721,
        3684.6374,
        3684.554,
        3684.4708
      ],
      "metrics": {
        "MAE": 0.455078,
        "RMSE": 2.517031,
        "MAPE": 0.0124,
        "R2": 0.9426
      }
    },
    "USD_EUR": {
      "current": 0.8734,
      "next_1h": 0.8734,
      "next_24h": 0.8737,
      "change_pct": 0.001,
      "trend": "\ud83d\udcc8 UP",
      "predictions": [
        0.8734,
        0.8734,
        0.8735,
        0.8735,
        0.8735,
        0.8735,
        0.8735,
        0.8735,
        0.8735,
        0.8735,
        0.8735,
        0.8735,
        0.8736,
        0.8736,
        0.8736,
        0.8736,
        0.8736,
        0.8736,
        0.8736,
        0.8736,
        0.8736,
        0.8736,
        0.8736,
        0.8737
      ],
      "metrics": {
        "MAE": 5e-05,
        "RMSE": 0.00026,
        "MAPE": 0.0057,
        "R2": 0.9057
      }
    }
  },
  "crypto": {
    "BTC_USD": {
      "current": 64599.0,
      "next_1h": 64582.06,
      "next_24h": 64333.01,
      "change_pct": -0.026,
      "trend": "\ud83d\udcc9 DOWN",
      "predictions": [
        64582.06,
        64571.96,
        64565.04,
        64553.47,
        64540.64,
        64528.97,
        64517.84,
        64506.75,
        64495.48,
        64484.23,
        64473.08,
        64462.02,
        64450.99,
        64440.01,
        64429.08,
        64418.2,
        64407.38,
        64396.61,
        64385.88,
        64375.21,
        64364.58,
        64354.01,
        64343.48,
        64333.01
      ],
      "metrics": {
        "MAE": 105.852703,
        "RMSE": 149.093159,
        "MAPE": 0.166,
        "R2": 0.9738
      }
    },
    "ETH_USD": {
      "current": 1918.48,
      "next_1h": 1917.42,
      "next_24h": 1893.24,
      "change_pct": -0.055,
      "trend": "\ud83d\udcc9 DOWN",
      "predictions": [
        1917.42,
        1916.59,
        1915.33,
        1914.18,
        1913.14,
        1912.05,
        1910.94,
        1909.86,
        1908.78,
        1907.71,
        1906.64,
        1905.57,
        1904.52,
        1903.46,
        1902.42,
        1901.38,
        1900.34,
        1899.31,
        1898.29,
        1897.27,
        1896.25,
        1895.24,
        1894.24,
        1893.24
      ],
      "metrics": {
        "MAE": 4.729706,
        "RMSE": 7.515431,
        "MAPE": 0.2579,
        "R2": 0.9785
      }
    },
    "BNB_USD": {
      "current": 581.38,
      "next_1h": 581.36,
      "next_24h": 581.18,
      "change_pct": -0.003,
      "trend": "\ud83d\udcc9 DOWN",
      "predictions": [
        581.36,
        581.37,
        581.37,
        581.37,
        581.36,
        581.35,
        581.34,
        581.33,
        581.32,
        581.31,
        581.3,
        581.29,
        581.28,
        581.27,
        581.26,
        581.25,
        581.25,
        581.24,
        581.23,
        581.22,
        581.21,
        581.2,
        581.19,
        581.18
      ],
      "metrics": {
        "MAE": 0.839856,
        "RMSE": 1.237606,
        "MAPE": 0.146,
        "R2": 0.9489
      }
    }
  }
}