{
  "generated_at": "2026-03-18 20:00:25",
  "exchange_rates": {
    "USD_TZS": {
      "current": 2589.1453,
      "next_1h": 2588.7217,
      "next_24h": 2582.2631,
      "change_pct": -0.016,
      "trend": "\ud83d\udcc9 DOWN",
      "predictions": [
        2588.7217,
        2588.3175,
        2587.9204,
        2587.5357,
        2587.1522,
        2586.7798,
        2586.4231,
        2586.0815,
        2585.7542,
        2585.441,
        2585.1415,
        2584.8552,
        2584.5815,
        2584.32,
        2584.0699,
        2583.831,
        2583.6026,
        2583.3843,
        2583.1757,
        2582.9763,
        2582.7857,
        2582.6036,
        2582.4295,
        2582.2631
      ],
      "metrics": {
        "MAE": 0.458988,
        "RMSE": 0.486202,
        "MAPE": 0.0177,
        "R2": 0.5701
      }
    },
    "USD_KES": {
      "current": 129.335,
      "next_1h": 129.327,
      "next_24h": 129.2519,
      "change_pct": -0.006,
      "trend": "\ud83d\udcc9 DOWN",
      "predictions": [
        129.327,
        129.3182,
        129.3109,
        129.3048,
        129.2993,
        129.2945,
        129.29,
        129.2859,
        129.2821,
        129.2786,
        129.2754,
        129.2725,
        129.2699,
        129.2674,
        129.2652,
        129.2631,
        129.2613,
        129.2595,
        129.258,
        129.2565,
        129.2552,
        129.254,
        129.2529,
        129.2519
      ],
      "metrics": {
        "MAE": 0.010516,
        "RMSE": 0.022643,
        "MAPE": 0.0081,
        "R2": 0.9217
      }
    },
    "USD_UGX": {
      "current": 3774.0215,
      "next_1h": 3773.7019,
      "next_24h": 3767.3497,
      "change_pct": -0.008,
      "trend": "\ud83d\udcc9 DOWN",
      "predictions": [
        3773.7019,
        3773.3881,
        3773.0804,
        3772.7755,
        3772.4764,
        3772.1829,
        3771.8921,
        3771.6041,
        3771.3187,
        3771.036,
        3770.756,
        3770.4787,
        3770.204,
        3769.9319,
        3769.6624,
        3769.3955,
        3769.1311,
        3768.8692,
        3768.6099,
        3768.353,
        3768.0985,
        3767.8465,
        3767.5969,
        3767.3497
      ],
      "metrics": {
        "MAE": 0.815282,
        "RMSE": 3.176467,
        "MAPE": 0.0216,
        "R2": 0.9246
      }
    },
    "USD_EUR": {
      "current": 0.8672,
      "next_1h": 0.8673,
      "next_24h": 0.8684,
      "change_pct": 0.007,
      "trend": "\ud83d\udcc8 UP",
      "predictions": [
        0.8673,
        0.8673,
        0.8674,
        0.8674,
        0.8675,
        0.8675,
        0.8676,
        0.8676,
        0.8677,
        0.8677,
        0.8678,
        0.8679,
        0.8679,
        0.868,
        0.868,
        0.868,
        0.8681,
        0.8681,
        0.8682,
        0.8682,
        0.8683,
        0.8683,
        0.8684,
        0.8684
      ],
      "metrics": {
        "MAE": 0.000203,
        "RMSE": 0.000733,
        "MAPE": 0.0234,
        "R2": 0.9236
      }
    }
  },
  "crypto": {
    "BTC_USD": {
      "current": 71065.0,
      "next_1h": 71128.24,
      "next_24h": 71661.78,
      "change_pct": 0.089,
      "trend": "\ud83d\udcc8 UP",
      "predictions": [
        71128.24,
        71159.77,
        71241.35,
        71247.04,
        71263.91,
        71283.87,
        71302.59,
        71328.15,
        71350.58,
        71372.66,
        71394.43,
        71415.57,
        71437.0,
        71458.23,
        71479.31,
        71500.25,
        71520.97,
        71541.56,
        71561.98,
        71582.24,
        71602.36,
        71622.32,
        71642.13,
        71661.78
      ],
      "metrics": {
        "MAE": 294.081499,
        "RMSE": 371.999661,
        "MAPE": 0.3995,
        "R2": 0.8754
      }
    },
    "ETH_USD": {
      "current": 2185.05,
      "next_1h": 2182.05,
      "next_24h": 2129.19,
      "change_pct": -0.137,
      "trend": "\ud83d\udcc9 DOWN",
      "predictions": [
        2182.05,
        2177.5,
        2177.16,
        2171.86,
        2169.7,
        2166.8,
        2163.71,
        2161.25,
        2158.37,
        2155.89,
        2153.43,
        2151.03,
        2148.79,
        2146.59,
        2144.51,
        2142.5,
        2140.58,
        2138.74,
        2136.97,
        2135.28,
        2133.66,
        2132.1,
        2130.62,
        2129.19
      ],
      "metrics": {
        "MAE": 12.860233,
        "RMSE": 16.582503,
        "MAPE": 0.5592,
        "R2": 0.8836
      }
    },
    "BNB_USD": {
      "current": 648.16,
      "next_1h": 648.7,
      "next_24h": 655.3,
      "change_pct": 0.084,
      "trend": "\ud83d\udcc8 UP",
      "predictions": [
        648.7,
        648.99,
        649.48,
        649.76,
        650.07,
        650.41,
        650.72,
        651.04,
        651.34,
        651.64,
        651.93,
        652.22,
        652.51,
        652.79,
        653.06,
        653.33,
        653.59,
        653.85,
        654.1,
        654.35,
        654.6,
        654.84,
        655.07,
        655.3
      ],
      "metrics": {
        "MAE": 2.226198,
        "RMSE": 3.02257,
        "MAPE": 0.3329,
        "R2": 0.8929
      }
    }
  }
}