{
  "generated_at": "2026-07-15 06:13:08",
  "exchange_rates": {
    "USD_TZS": {
      "current": 2605.8011,
      "next_1h": 2606.1353,
      "next_24h": 2611.2685,
      "change_pct": 0.013,
      "trend": "\ud83d\udcc8 UP",
      "predictions": [
        2606.1353,
        2606.436,
        2606.7303,
        2607.0183,
        2607.3002,
        2607.576,
        2607.8428,
        2608.1012,
        2608.3513,
        2608.5935,
        2608.8278,
        2609.0546,
        2609.2741,
        2609.4866,
        2609.6922,
        2609.8911,
        2610.0837,
        2610.27,
        2610.4503,
        2610.6249,
        2610.7938,
        2610.9572,
        2611.1154,
        2611.2685
      ],
      "metrics": {
        "MAE": 0.486995,
        "RMSE": 1.887491,
        "MAPE": 0.0186,
        "R2": 0.9447
      }
    },
    "USD_KES": {
      "current": 129.2468,
      "next_1h": 129.2486,
      "next_24h": 129.2904,
      "change_pct": 0.001,
      "trend": "\ud83d\udcc8 UP",
      "predictions": [
        129.2486,
        129.2506,
        129.2526,
        129.2547,
        129.2567,
        129.2587,
        129.2606,
        129.2626,
        129.2645,
        129.2664,
        129.2683,
        129.2701,
        129.2719,
        129.2737,
        129.2755,
        129.2772,
        129.279,
        129.2807,
        129.2823,
        129.284,
        129.2856,
        129.2873,
        129.2888,
        129.2904
      ],
      "metrics": {
        "MAE": 0.004922,
        "RMSE": 0.015178,
        "MAPE": 0.0038,
        "R2": 0.9006
      }
    },
    "USD_UGX": {
      "current": 3673.063,
      "next_1h": 3673.0823,
      "next_24h": 3673.1495,
      "change_pct": 0.001,
      "trend": "\ud83d\udcc8 UP",
      "predictions": [
        3673.0823,
        3673.0853,
        3673.0883,
        3673.0914,
        3673.0944,
        3673.0974,
        3673.1004,
        3673.1033,
        3673.1063,
        3673.1092,
        3673.1122,
        3673.1151,
        3673.118,
        3673.1209,
        3673.1238,
        3673.1267,
        3673.1296,
        3673.1325,
        3673.1353,
        3673.1382,
        3673.141,
        3673.1439,
        3673.1467,
        3673.1495
      ],
      "metrics": {
        "MAE": 0.552296,
        "RMSE": 2.978174,
        "MAPE": 0.0151,
        "R2": 0.9107
      }
    },
    "USD_EUR": {
      "current": 0.8758,
      "next_1h": 0.8758,
      "next_24h": 0.8758,
      "change_pct": 0.0,
      "trend": "\ud83d\udcc9 DOWN",
      "predictions": [
        0.8758,
        0.8758,
        0.8758,
        0.8758,
        0.8758,
        0.8758,
        0.8758,
        0.8758,
        0.8758,
        0.8758,
        0.8758,
        0.8758,
        0.8758,
        0.8758,
        0.8758,
        0.8758,
        0.8758,
        0.8758,
        0.8758,
        0.8758,
        0.8758,
        0.8758,
        0.8758,
        0.8758
      ],
      "metrics": {
        "MAE": 4.1e-05,
        "RMSE": 0.000215,
        "MAPE": 0.0047,
        "R2": 0.933
      }
    }
  },
  "crypto": {
    "BTC_USD": {
      "current": 64911.0,
      "next_1h": 64894.28,
      "next_24h": 64583.35,
      "change_pct": -0.026,
      "trend": "\ud83d\udcc9 DOWN",
      "predictions": [
        64894.28,
        64856.84,
        64831.87,
        64827.56,
        64823.25,
        64809.37,
        64794.58,
        64781.23,
        64768.93,
        64756.47,
        64743.65,
        64730.88,
        64718.25,
        64705.73,
        64693.24,
        64680.8,
        64668.41,
        64656.09,
        64643.83,
        64631.62,
        64619.47,
        64607.37,
        64595.33,
        64583.35
      ],
      "metrics": {
        "MAE": 99.47157,
        "RMSE": 141.049389,
        "MAPE": 0.1564,
        "R2": 0.9692
      }
    },
    "ETH_USD": {
      "current": 1886.33,
      "next_1h": 1885.08,
      "next_24h": 1863.19,
      "change_pct": -0.066,
      "trend": "\ud83d\udcc9 DOWN",
      "predictions": [
        1885.08,
        1883.27,
        1882.3,
        1881.63,
        1880.42,
        1879.44,
        1878.52,
        1877.59,
        1876.65,
        1875.72,
        1874.79,
        1873.87,
        1872.96,
        1872.04,
        1871.14,
        1870.24,
        1869.34,
        1868.45,
        1867.56,
        1866.68,
        1865.8,
        1864.92,
        1864.06,
        1863.19
      ],
      "metrics": {
        "MAE": 4.19471,
        "RMSE": 6.689171,
        "MAPE": 0.2316,
        "R2": 0.9586
      }
    },
    "BNB_USD": {
      "current": 580.52,
      "next_1h": 580.46,
      "next_24h": 580.29,
      "change_pct": -0.01,
      "trend": "\ud83d\udcc9 DOWN",
      "predictions": [
        580.46,
        580.45,
        580.44,
        580.48,
        580.45,
        580.44,
        580.44,
        580.43,
        580.42,
        580.41,
        580.4,
        580.39,
        580.38,
        580.38,
        580.37,
        580.36,
        580.35,
        580.34,
        580.33,
        580.33,
        580.32,
        580.31,
        580.3,
        580.29
      ],
      "metrics": {
        "MAE": 0.807538,
        "RMSE": 1.190183,
        "MAPE": 0.1406,
        "R2": 0.9468
      }
    }
  }
}