{
  "generated_at": "2026-04-17 06:50:58",
  "exchange_rates": {
    "USD_TZS": {
      "current": 2603.6084,
      "next_1h": 2603.4256,
      "next_24h": 2598.8207,
      "change_pct": -0.007,
      "trend": "\ud83d\udcc9 DOWN",
      "predictions": [
        2603.4256,
        2603.1943,
        2602.9648,
        2602.7369,
        2602.5107,
        2602.2862,
        2602.0649,
        2601.8473,
        2601.6332,
        2601.4227,
        2601.2157,
        2601.0121,
        2600.812,
        2600.6153,
        2600.4218,
        2600.2316,
        2600.0446,
        2599.8608,
        2599.68,
        2599.5022,
        2599.3275,
        2599.1557,
        2598.9868,
        2598.8207
      ],
      "metrics": {
        "MAE": 0.273181,
        "RMSE": 0.842951,
        "MAPE": 0.0105,
        "R2": 0.8197
      }
    },
    "USD_KES": {
      "current": 129.182,
      "next_1h": 129.1872,
      "next_24h": 129.3,
      "change_pct": 0.004,
      "trend": "\ud83d\udcc8 UP",
      "predictions": [
        129.1872,
        129.1925,
        129.1979,
        129.2032,
        129.2085,
        129.2138,
        129.219,
        129.2242,
        129.2293,
        129.2344,
        129.2394,
        129.2444,
        129.2493,
        129.2541,
        129.2589,
        129.2637,
        129.2684,
        129.2731,
        129.2777,
        129.2822,
        129.2868,
        129.2912,
        129.2957,
        129.3
      ],
      "metrics": {
        "MAE": 0.007836,
        "RMSE": 0.016965,
        "MAPE": 0.0061,
        "R2": 0.95
      }
    },
    "USD_UGX": {
      "current": 3697.0154,
      "next_1h": 3697.2541,
      "next_24h": 3702.3194,
      "change_pct": 0.006,
      "trend": "\ud83d\udcc8 UP",
      "predictions": [
        3697.2541,
        3697.4872,
        3697.7197,
        3697.9515,
        3698.1826,
        3698.4131,
        3698.6421,
        3698.8696,
        3699.0957,
        3699.3204,
        3699.5436,
        3699.7654,
        3699.9858,
        3700.2048,
        3700.4224,
        3700.6386,
        3700.8534,
        3701.0669,
        3701.279,
        3701.4897,
        3701.6991,
        3701.9072,
        3702.1139,
        3702.3194
      ],
      "metrics": {
        "MAE": 0.596701,
        "RMSE": 3.01259,
        "MAPE": 0.0161,
        "R2": 0.9113
      }
    },
    "USD_EUR": {
      "current": 0.849,
      "next_1h": 0.8491,
      "next_24h": 0.851,
      "change_pct": 0.011,
      "trend": "\ud83d\udcc8 UP",
      "predictions": [
        0.8491,
        0.8492,
        0.8493,
        0.8494,
        0.8495,
        0.8495,
        0.8496,
        0.8497,
        0.8498,
        0.8499,
        0.85,
        0.85,
        0.8501,
        0.8502,
        0.8503,
        0.8504,
        0.8504,
        0.8505,
        0.8506,
        0.8507,
        0.8508,
        0.8508,
        0.8509,
        0.851
      ],
      "metrics": {
        "MAE": 0.00017,
        "RMSE": 0.000594,
        "MAPE": 0.02,
        "R2": 0.9641
      }
    }
  },
  "crypto": {
    "BTC_USD": {
      "current": 74875.0,
      "next_1h": 74803.86,
      "next_24h": 73223.49,
      "change_pct": -0.095,
      "trend": "\ud83d\udcc9 DOWN",
      "predictions": [
        74803.86,
        74725.87,
        74659.33,
        74575.66,
        74497.35,
        74422.23,
        74346.97,
        74273.3,
        74200.76,
        74129.08,
        74058.43,
        73988.76,
        73920.02,
        73852.24,
        73785.38,
        73719.44,
        73654.41,
        73590.27,
        73527.01,
        73464.61,
        73403.08,
        73342.39,
        73282.53,
        73223.49
      ],
      "metrics": {
        "MAE": 213.652418,
        "RMSE": 293.273581,
        "MAPE": 0.2907,
        "R2": 0.9571
      }
    },
    "ETH_USD": {
      "current": 2329.88,
      "next_1h": 2326.01,
      "next_24h": 2249.93,
      "change_pct": -0.166,
      "trend": "\ud83d\udcc9 DOWN",
      "predictions": [
        2326.01,
        2322.34,
        2318.73,
        2314.77,
        2310.81,
        2307.04,
        2303.33,
        2299.68,
        2296.12,
        2292.62,
        2289.19,
        2285.82,
        2282.51,
        2279.27,
        2276.08,
        2272.95,
        2269.88,
        2266.87,
        2263.91,
        2261.01,
        2258.16,
        2255.37,
        2252.63,
        2249.93
      ],
      "metrics": {
        "MAE": 9.483535,
        "RMSE": 14.084791,
        "MAPE": 0.413,
        "R2": 0.9526
      }
    },
    "BNB_USD": {
      "current": 628.69,
      "next_1h": 628.55,
      "next_24h": 624.27,
      "change_pct": -0.022,
      "trend": "\ud83d\udcc9 DOWN",
      "predictions": [
        628.55,
        628.39,
        628.27,
        628.14,
        627.92,
        627.71,
        627.49,
        627.28,
        627.07,
        626.87,
        626.67,
        626.47,
        626.28,
        626.09,
        625.9,
        625.71,
        625.52,
        625.34,
        625.15,
        624.97,
        624.8,
        624.62,
        624.44,
        624.27
      ],
      "metrics": {
        "MAE": 1.532696,
        "RMSE": 2.084272,
        "MAPE": 0.2503,
        "R2": 0.9678
      }
    }
  }
}