{
  "generated_at": "2026-04-08 15:38:44",
  "exchange_rates": {
    "USD_TZS": {
      "current": 2593.3881,
      "next_1h": 2593.1492,
      "next_24h": 2588.7442,
      "change_pct": -0.009,
      "trend": "\ud83d\udcc9 DOWN",
      "predictions": [
        2593.1492,
        2592.9128,
        2592.6791,
        2592.4478,
        2592.2191,
        2591.9928,
        2591.7719,
        2591.5563,
        2591.3459,
        2591.1406,
        2590.9403,
        2590.7449,
        2590.5544,
        2590.3685,
        2590.1872,
        2590.0104,
        2589.838,
        2589.6698,
        2589.5057,
        2589.3457,
        2589.1897,
        2589.0375,
        2588.889,
        2588.7442
      ],
      "metrics": {
        "MAE": 0.520859,
        "RMSE": 1.523927,
        "MAPE": 0.0201,
        "R2": 0.882
      }
    },
    "USD_KES": {
      "current": 130.0835,
      "next_1h": 130.0825,
      "next_24h": 130.0598,
      "change_pct": -0.001,
      "trend": "\ud83d\udcc9 DOWN",
      "predictions": [
        130.0825,
        130.0815,
        130.0805,
        130.0794,
        130.0784,
        130.0774,
        130.0764,
        130.0754,
        130.0744,
        130.0734,
        130.0724,
        130.0714,
        130.0704,
        130.0694,
        130.0685,
        130.0675,
        130.0665,
        130.0656,
        130.0646,
        130.0636,
        130.0627,
        130.0617,
        130.0608,
        130.0598
      ],
      "metrics": {
        "MAE": 0.002384,
        "RMSE": 0.010158,
        "MAPE": 0.0018,
        "R2": 0.9062
      }
    },
    "USD_UGX": {
      "current": 3753.5476,
      "next_1h": 3753.5159,
      "next_24h": 3752.8712,
      "change_pct": -0.001,
      "trend": "\ud83d\udcc9 DOWN",
      "predictions": [
        3753.5159,
        3753.4845,
        3753.4534,
        3753.4226,
        3753.3921,
        3753.3618,
        3753.3319,
        3753.3023,
        3753.2731,
        3753.2441,
        3753.2155,
        3753.1872,
        3753.1592,
        3753.1316,
        3753.1042,
        3753.0771,
        3753.0504,
        3753.0239,
        3752.9977,
        3752.9719,
        3752.9463,
        3752.921,
        3752.8959,
        3752.8712
      ],
      "metrics": {
        "MAE": 0.309094,
        "RMSE": 1.612065,
        "MAPE": 0.0082,
        "R2": 0.9184
      }
    },
    "USD_EUR": {
      "current": 0.8607,
      "next_1h": 0.8608,
      "next_24h": 0.8624,
      "change_pct": 0.009,
      "trend": "\ud83d\udcc8 UP",
      "predictions": [
        0.8608,
        0.8609,
        0.8609,
        0.861,
        0.8611,
        0.8612,
        0.8612,
        0.8613,
        0.8614,
        0.8615,
        0.8615,
        0.8616,
        0.8617,
        0.8617,
        0.8618,
        0.8619,
        0.8619,
        0.862,
        0.8621,
        0.8621,
        0.8622,
        0.8623,
        0.8623,
        0.8624
      ],
      "metrics": {
        "MAE": 0.000113,
        "RMSE": 0.000603,
        "MAPE": 0.0131,
        "R2": 0.9346
      }
    }
  },
  "crypto": {
    "BTC_USD": {
      "current": 71271.0,
      "next_1h": 71268.16,
      "next_24h": 70962.72,
      "change_pct": -0.004,
      "trend": "\ud83d\udcc9 DOWN",
      "predictions": [
        71268.16,
        71234.54,
        71245.61,
        71243.91,
        71223.77,
        71209.27,
        71194.25,
        71178.37,
        71163.81,
        71149.68,
        71135.51,
        71121.54,
        71107.67,
        71093.88,
        71080.22,
        71066.68,
        71053.27,
        71039.98,
        71026.81,
        71013.75,
        71000.82,
        70988.0,
        70975.3,
        70962.72
      ],
      "metrics": {
        "MAE": 173.717943,
        "RMSE": 266.334454,
        "MAPE": 0.2531,
        "R2": 0.972
      }
    },
    "ETH_USD": {
      "current": 2215.55,
      "next_1h": 2214.32,
      "next_24h": 2188.56,
      "change_pct": -0.056,
      "trend": "\ud83d\udcc9 DOWN",
      "predictions": [
        2214.32,
        2212.4,
        2212.18,
        2211.24,
        2209.82,
        2208.6,
        2207.34,
        2206.09,
        2204.87,
        2203.68,
        2202.5,
        2201.34,
        2200.2,
        2199.07,
        2197.95,
        2196.85,
        2195.76,
        2194.69,
        2193.64,
        2192.59,
        2191.57,
        2190.55,
        2189.55,
        2188.56
      ],
      "metrics": {
        "MAE": 7.239816,
        "RMSE": 11.717626,
        "MAPE": 0.3426,
        "R2": 0.9639
      }
    },
    "BNB_USD": {
      "current": 605.2,
      "next_1h": 605.12,
      "next_24h": 605.07,
      "change_pct": -0.013,
      "trend": "\ud83d\udcc9 DOWN",
      "predictions": [
        605.12,
        605.09,
        605.28,
        605.55,
        605.48,
        605.46,
        605.44,
        605.41,
        605.37,
        605.35,
        605.33,
        605.31,
        605.29,
        605.27,
        605.25,
        605.23,
        605.21,
        605.19,
        605.17,
        605.15,
        605.13,
        605.11,
        605.09,
        605.07
      ],
      "metrics": {
        "MAE": 1.431998,
        "RMSE": 2.045249,
        "MAPE": 0.2402,
        "R2": 0.9585
      }
    }
  }
}