{
  "generated_at": "2026-07-18 03:43:16",
  "exchange_rates": {
    "USD_TZS": {
      "current": 2629.0886,
      "next_1h": 2628.7313,
      "next_24h": 2622.5619,
      "change_pct": -0.014,
      "trend": "\ud83d\udcc9 DOWN",
      "predictions": [
        2628.7313,
        2628.3812,
        2628.0384,
        2627.6956,
        2627.3599,
        2627.031,
        2626.712,
        2626.4026,
        2626.1026,
        2625.8117,
        2625.5297,
        2625.2563,
        2624.9913,
        2624.7344,
        2624.4855,
        2624.2441,
        2624.0102,
        2623.7835,
        2623.5637,
        2623.3506,
        2623.1441,
        2622.944,
        2622.75,
        2622.5619
      ],
      "metrics": {
        "MAE": 0.553499,
        "RMSE": 2.143283,
        "MAPE": 0.0212,
        "R2": 0.949
      }
    },
    "USD_KES": {
      "current": 129.3268,
      "next_1h": 129.3278,
      "next_24h": 129.3456,
      "change_pct": 0.001,
      "trend": "\ud83d\udcc8 UP",
      "predictions": [
        129.3278,
        129.3288,
        129.3297,
        129.3306,
        129.3314,
        129.3323,
        129.3331,
        129.3339,
        129.3347,
        129.3355,
        129.3363,
        129.337,
        129.3378,
        129.3386,
        129.3393,
        129.34,
        129.3408,
        129.3415,
        129.3422,
        129.3429,
        129.3436,
        129.3443,
        129.3449,
        129.3456
      ],
      "metrics": {
        "MAE": 0.004352,
        "RMSE": 0.015273,
        "MAPE": 0.0034,
        "R2": 0.9529
      }
    },
    "USD_UGX": {
      "current": 3669.5216,
      "next_1h": 3669.5129,
      "next_24h": 3669.5941,
      "change_pct": 0.0,
      "trend": "\ud83d\udcc9 DOWN",
      "predictions": [
        3669.5129,
        3669.5042,
        3669.4956,
        3669.5004,
        3669.5052,
        3669.5099,
        3669.5147,
        3669.5195,
        3669.5243,
        3669.529,
        3669.5338,
        3669.5385,
        3669.5432,
        3669.5479,
        3669.5526,
        3669.5573,
        3669.562,
        3669.5666,
        3669.5712,
        3669.5758,
        3669.5804,
        3669.585,
        3669.5896,
        3669.5941
      ],
      "metrics": {
        "MAE": 0.41564,
        "RMSE": 2.142791,
        "MAPE": 0.0113,
        "R2": 0.9593
      }
    },
    "USD_EUR": {
      "current": 0.8744,
      "next_1h": 0.8745,
      "next_24h": 0.8746,
      "change_pct": 0.001,
      "trend": "\ud83d\udcc8 UP",
      "predictions": [
        0.8745,
        0.8745,
        0.8745,
        0.8745,
        0.8745,
        0.8745,
        0.8745,
        0.8745,
        0.8745,
        0.8745,
        0.8745,
        0.8745,
        0.8746,
        0.8746,
        0.8746,
        0.8746,
        0.8746,
        0.8746,
        0.8746,
        0.8746,
        0.8746,
        0.8746,
        0.8746,
        0.8746
      ],
      "metrics": {
        "MAE": 5.2e-05,
        "RMSE": 0.000261,
        "MAPE": 0.006,
        "R2": 0.9604
      }
    }
  },
  "crypto": {
    "BTC_USD": {
      "current": 63907.0,
      "next_1h": 63899.62,
      "next_24h": 63730.58,
      "change_pct": -0.012,
      "trend": "\ud83d\udcc9 DOWN",
      "predictions": [
        63899.62,
        63892.97,
        63885.95,
        63878.21,
        63870.18,
        63862.52,
        63854.95,
        63847.39,
        63839.82,
        63832.28,
        63824.79,
        63817.34,
        63809.92,
        63802.53,
        63795.18,
        63787.87,
        63780.59,
        63773.34,
        63766.13,
        63758.95,
        63751.81,
        63744.7,
        63737.62,
        63730.58
      ],
      "metrics": {
        "MAE": 123.284495,
        "RMSE": 173.507524,
        "MAPE": 0.1934,
        "R2": 0.9652
      }
    },
    "ETH_USD": {
      "current": 1842.36,
      "next_1h": 1841.72,
      "next_24h": 1827.15,
      "change_pct": -0.035,
      "trend": "\ud83d\udcc9 DOWN",
      "predictions": [
        1841.72,
        1840.92,
        1840.24,
        1839.61,
        1838.93,
        1838.28,
        1837.63,
        1836.99,
        1836.35,
        1835.72,
        1835.08,
        1834.45,
        1833.83,
        1833.2,
        1832.58,
        1831.97,
        1831.35,
        1830.74,
        1830.13,
        1829.53,
        1828.93,
        1828.33,
        1827.74,
        1827.15
      ],
      "metrics": {
        "MAE": 5.143904,
        "RMSE": 7.753885,
        "MAPE": 0.2786,
        "R2": 0.9766
      }
    },
    "BNB_USD": {
      "current": 567.9,
      "next_1h": 567.96,
      "next_24h": 569.11,
      "change_pct": 0.01,
      "trend": "\ud83d\udcc8 UP",
      "predictions": [
        567.96,
        568.04,
        568.09,
        568.13,
        568.19,
        568.24,
        568.29,
        568.34,
        568.39,
        568.44,
        568.49,
        568.54,
        568.59,
        568.64,
        568.68,
        568.73,
        568.78,
        568.83,
        568.88,
        568.93,
        568.97,
        569.02,
        569.07,
        569.11
      ],
      "metrics": {
        "MAE": 0.938174,
        "RMSE": 1.320579,
        "MAPE": 0.1638,
        "R2": 0.956
      }
    }
  }
}