{
  "generated_at": "2026-06-06 15:34:57",
  "exchange_rates": {
    "USD_TZS": {
      "current": 2619.7635,
      "next_1h": 2618.8227,
      "next_24h": 2604.5692,
      "change_pct": -0.036,
      "trend": "\ud83d\udcc9 DOWN",
      "predictions": [
        2618.8227,
        2617.9024,
        2617.0023,
        2616.1215,
        2615.2595,
        2614.416,
        2613.6109,
        2612.8428,
        2612.1106,
        2611.4131,
        2610.7491,
        2610.1175,
        2609.5168,
        2608.9455,
        2608.4022,
        2607.8856,
        2607.3944,
        2606.9273,
        2606.4831,
        2606.0608,
        2605.6593,
        2605.2774,
        2604.9144,
        2604.5692
      ],
      "metrics": {
        "MAE": 0.996319,
        "RMSE": 1.865443,
        "MAPE": 0.038,
        "R2": 0.8451
      }
    },
    "USD_KES": {
      "current": 129.2747,
      "next_1h": 129.275,
      "next_24h": 129.2823,
      "change_pct": 0.0,
      "trend": "\ud83d\udcc9 DOWN",
      "predictions": [
        129.275,
        129.2753,
        129.2757,
        129.276,
        129.2763,
        129.2767,
        129.277,
        129.2773,
        129.2776,
        129.278,
        129.2783,
        129.2786,
        129.2789,
        129.2792,
        129.2795,
        129.2798,
        129.2802,
        129.2805,
        129.2808,
        129.2811,
        129.2814,
        129.2817,
        129.282,
        129.2823
      ],
      "metrics": {
        "MAE": 0.003229,
        "RMSE": 0.013743,
        "MAPE": 0.0025,
        "R2": 0.9699
      }
    },
    "USD_UGX": {
      "current": 3736.5633,
      "next_1h": 3736.5918,
      "next_24h": 3737.1759,
      "change_pct": 0.001,
      "trend": "\ud83d\udcc8 UP",
      "predictions": [
        3736.5918,
        3736.6201,
        3736.6482,
        3736.676,
        3736.7037,
        3736.7311,
        3736.7583,
        3736.7851,
        3736.8116,
        3736.8378,
        3736.8638,
        3736.8894,
        3736.9148,
        3736.9399,
        3736.9647,
        3736.9892,
        3737.0135,
        3737.0375,
        3737.0612,
        3737.0847,
        3737.1079,
        3737.1308,
        3737.1535,
        3737.1759
      ],
      "metrics": {
        "MAE": 0.438514,
        "RMSE": 1.998176,
        "MAPE": 0.0117,
        "R2": 0.9446
      }
    },
    "USD_EUR": {
      "current": 0.8653,
      "next_1h": 0.8653,
      "next_24h": 0.8648,
      "change_pct": -0.003,
      "trend": "\ud83d\udcc9 DOWN",
      "predictions": [
        0.8653,
        0.8653,
        0.8653,
        0.8652,
        0.8652,
        0.8652,
        0.8652,
        0.8651,
        0.8651,
        0.8651,
        0.8651,
        0.8651,
        0.865,
        0.865,
        0.865,
        0.865,
        0.8649,
        0.8649,
        0.8649,
        0.8649,
        0.8648,
        0.8648,
        0.8648,
        0.8648
      ],
      "metrics": {
        "MAE": 8.9e-05,
        "RMSE": 0.000474,
        "MAPE": 0.0103,
        "R2": 0.9471
      }
    }
  },
  "crypto": {
    "BTC_USD": {
      "current": 60639.0,
      "next_1h": 60666.52,
      "next_24h": 61308.23,
      "change_pct": 0.045,
      "trend": "\ud83d\udcc8 UP",
      "predictions": [
        60666.52,
        60711.29,
        60734.7,
        60761.99,
        60796.48,
        60823.53,
        60850.36,
        60877.93,
        60905.21,
        60932.33,
        60959.57,
        60986.74,
        61013.83,
        61040.88,
        61067.87,
        61094.8,
        61121.67,
        61148.49,
        61175.25,
        61201.96,
        61228.61,
        61255.21,
        61281.75,
        61308.23
      ],
      "metrics": {
        "MAE": 330.746549,
        "RMSE": 469.380017,
        "MAPE": 0.4978,
        "R2": 0.9915
      }
    },
    "ETH_USD": {
      "current": 1556.03,
      "next_1h": 1554.55,
      "next_24h": 1539.86,
      "change_pct": -0.095,
      "trend": "\ud83d\udcc9 DOWN",
      "predictions": [
        1554.55,
        1554.26,
        1553.5,
        1552.85,
        1552.42,
        1551.78,
        1551.1,
        1550.44,
        1549.77,
        1549.1,
        1548.44,
        1547.78,
        1547.12,
        1546.46,
        1545.8,
        1545.14,
        1544.48,
        1543.82,
        1543.16,
        1542.5,
        1541.84,
        1541.18,
        1540.52,
        1539.86
      ],
      "metrics": {
        "MAE": 11.691969,
        "RMSE": 16.96115,
        "MAPE": 0.6493,
        "R2": 0.9888
      }
    },
    "BNB_USD": {
      "current": 573.56,
      "next_1h": 573.8,
      "next_24h": 586.73,
      "change_pct": 0.042,
      "trend": "\ud83d\udcc8 UP",
      "predictions": [
        573.8,
        574.91,
        575.46,
        575.87,
        576.51,
        577.13,
        577.68,
        578.24,
        578.81,
        579.37,
        579.93,
        580.48,
        581.02,
        581.57,
        582.1,
        582.63,
        583.16,
        583.68,
        584.2,
        584.71,
        585.22,
        585.73,
        586.23,
        586.73
      ],
      "metrics": {
        "MAE": 4.602847,
        "RMSE": 5.92991,
        "MAPE": 0.7089,
        "R2": 0.9851
      }
    }
  }
}