{
  "generated_at": "2026-07-12 20:13:09",
  "exchange_rates": {
    "USD_TZS": {
      "current": 2624.1721,
      "next_1h": 2623.8916,
      "next_24h": 2619.2467,
      "change_pct": -0.011,
      "trend": "\ud83d\udcc9 DOWN",
      "predictions": [
        2623.8916,
        2623.6173,
        2623.3491,
        2623.0867,
        2622.83,
        2622.579,
        2622.3362,
        2622.1014,
        2621.8742,
        2621.6546,
        2621.4423,
        2621.237,
        2621.0385,
        2620.8467,
        2620.6612,
        2620.4819,
        2620.3086,
        2620.1411,
        2619.9791,
        2619.8225,
        2619.6712,
        2619.5249,
        2619.3834,
        2619.2467
      ],
      "metrics": {
        "MAE": 0.356735,
        "RMSE": 0.590298,
        "MAPE": 0.0136,
        "R2": 0.8578
      }
    },
    "USD_KES": {
      "current": 129.172,
      "next_1h": 129.1761,
      "next_24h": 129.2578,
      "change_pct": 0.003,
      "trend": "\ud83d\udcc8 UP",
      "predictions": [
        129.1761,
        129.1802,
        129.1843,
        129.1884,
        129.1924,
        129.1964,
        129.2003,
        129.2042,
        129.208,
        129.2117,
        129.2154,
        129.219,
        129.2226,
        129.2261,
        129.2295,
        129.2329,
        129.2362,
        129.2394,
        129.2426,
        129.2458,
        129.2488,
        129.2519,
        129.2549,
        129.2578
      ],
      "metrics": {
        "MAE": 0.005612,
        "RMSE": 0.014117,
        "MAPE": 0.0043,
        "R2": 0.8869
      }
    },
    "USD_UGX": {
      "current": 3656.7124,
      "next_1h": 3656.724,
      "next_24h": 3656.9835,
      "change_pct": 0.0,
      "trend": "\ud83d\udcc9 DOWN",
      "predictions": [
        3656.724,
        3656.7356,
        3656.7471,
        3656.7587,
        3656.7702,
        3656.7817,
        3656.7932,
        3656.8046,
        3656.816,
        3656.8274,
        3656.8387,
        3656.85,
        3656.8613,
        3656.8726,
        3656.8838,
        3656.895,
        3656.9061,
        3656.9173,
        3656.9284,
        3656.9395,
        3656.9505,
        3656.9615,
        3656.9725,
        3656.9835
      ],
      "metrics": {
        "MAE": 0.674498,
        "RMSE": 3.310168,
        "MAPE": 0.0185,
        "R2": 0.925
      }
    },
    "USD_EUR": {
      "current": 0.8755,
      "next_1h": 0.8755,
      "next_24h": 0.8756,
      "change_pct": 0.001,
      "trend": "\ud83d\udcc8 UP",
      "predictions": [
        0.8755,
        0.8755,
        0.8755,
        0.8755,
        0.8755,
        0.8755,
        0.8755,
        0.8755,
        0.8756,
        0.8756,
        0.8756,
        0.8756,
        0.8756,
        0.8756,
        0.8756,
        0.8756,
        0.8756,
        0.8756,
        0.8756,
        0.8756,
        0.8756,
        0.8756,
        0.8756,
        0.8756
      ],
      "metrics": {
        "MAE": 3.6e-05,
        "RMSE": 0.000172,
        "MAPE": 0.0042,
        "R2": 0.9296
      }
    }
  },
  "crypto": {
    "BTC_USD": {
      "current": 64153.0,
      "next_1h": 64135.03,
      "next_24h": 63830.14,
      "change_pct": -0.028,
      "trend": "\ud83d\udcc9 DOWN",
      "predictions": [
        64135.03,
        64123.65,
        64110.24,
        64095.71,
        64083.05,
        64069.13,
        64055.38,
        64041.64,
        64027.99,
        64014.43,
        64000.89,
        63987.41,
        63973.99,
        63960.63,
        63947.32,
        63934.08,
        63920.89,
        63907.75,
        63894.68,
        63881.66,
        63868.7,
        63855.79,
        63842.94,
        63830.14
      ],
      "metrics": {
        "MAE": 88.520411,
        "RMSE": 116.710258,
        "MAPE": 0.1396,
        "R2": 0.9758
      }
    },
    "ETH_USD": {
      "current": 1818.73,
      "next_1h": 1818.23,
      "next_24h": 1801.97,
      "change_pct": -0.027,
      "trend": "\ud83d\udcc9 DOWN",
      "predictions": [
        1818.23,
        1817.39,
        1816.57,
        1815.89,
        1815.15,
        1814.42,
        1813.7,
        1812.98,
        1812.26,
        1811.55,
        1810.85,
        1810.14,
        1809.44,
        1808.74,
        1808.05,
        1807.36,
        1806.68,
        1805.99,
        1805.31,
        1804.64,
        1803.97,
        1803.3,
        1802.63,
        1801.97
      ],
      "metrics": {
        "MAE": 3.328412,
        "RMSE": 4.644333,
        "MAPE": 0.1872,
        "R2": 0.9754
      }
    },
    "BNB_USD": {
      "current": 578.73,
      "next_1h": 578.73,
      "next_24h": 578.29,
      "change_pct": -0.001,
      "trend": "\ud83d\udcc9 DOWN",
      "predictions": [
        578.73,
        578.7,
        578.67,
        578.66,
        578.64,
        578.62,
        578.6,
        578.58,
        578.56,
        578.55,
        578.53,
        578.51,
        578.49,
        578.47,
        578.45,
        578.43,
        578.42,
        578.4,
        578.38,
        578.36,
        578.34,
        578.33,
        578.31,
        578.29
      ],
      "metrics": {
        "MAE": 0.780803,
        "RMSE": 1.059896,
        "MAPE": 0.1362,
        "R2": 0.942
      }
    }
  }
}