{
  "generated_at": "2026-07-15 04:13:08",
  "exchange_rates": {
    "USD_TZS": {
      "current": 2605.8011,
      "next_1h": 2606.1352,
      "next_24h": 2611.2926,
      "change_pct": 0.013,
      "trend": "\ud83d\udcc8 UP",
      "predictions": [
        2606.1352,
        2606.4621,
        2606.782,
        2607.0687,
        2607.3494,
        2607.624,
        2607.8896,
        2608.1466,
        2608.3951,
        2608.6357,
        2608.8685,
        2609.0938,
        2609.3118,
        2609.5228,
        2609.7271,
        2609.9247,
        2610.1159,
        2610.301,
        2610.4801,
        2610.6534,
        2610.8212,
        2610.9835,
        2611.1406,
        2611.2926
      ],
      "metrics": {
        "MAE": 0.48752,
        "RMSE": 1.892408,
        "MAPE": 0.0186,
        "R2": 0.9423
      }
    },
    "USD_KES": {
      "current": 129.2468,
      "next_1h": 129.2486,
      "next_24h": 129.2903,
      "change_pct": 0.001,
      "trend": "\ud83d\udcc8 UP",
      "predictions": [
        129.2486,
        129.2504,
        129.2522,
        129.2542,
        129.2562,
        129.2582,
        129.2602,
        129.2622,
        129.2641,
        129.266,
        129.2679,
        129.2698,
        129.2716,
        129.2734,
        129.2752,
        129.277,
        129.2787,
        129.2804,
        129.2821,
        129.2838,
        129.2855,
        129.2871,
        129.2887,
        129.2903
      ],
      "metrics": {
        "MAE": 0.004956,
        "RMSE": 0.015221,
        "MAPE": 0.0038,
        "R2": 0.9
      }
    },
    "USD_UGX": {
      "current": 3673.063,
      "next_1h": 3673.0824,
      "next_24h": 3673.1825,
      "change_pct": 0.001,
      "trend": "\ud83d\udcc8 UP",
      "predictions": [
        3673.0824,
        3673.1018,
        3673.1211,
        3673.1242,
        3673.1272,
        3673.1302,
        3673.1333,
        3673.1363,
        3673.1392,
        3673.1422,
        3673.1451,
        3673.148,
        3673.1509,
        3673.1539,
        3673.1568,
        3673.1597,
        3673.1625,
        3673.1654,
        3673.1683,
        3673.1711,
        3673.174,
        3673.1768,
        3673.1796,
        3673.1825
      ],
      "metrics": {
        "MAE": 0.555478,
        "RMSE": 2.986299,
        "MAPE": 0.0152,
        "R2": 0.9082
      }
    },
    "USD_EUR": {
      "current": 0.8758,
      "next_1h": 0.8758,
      "next_24h": 0.8758,
      "change_pct": 0.0,
      "trend": "\ud83d\udcc9 DOWN",
      "predictions": [
        0.8758,
        0.8758,
        0.8758,
        0.8758,
        0.8758,
        0.8758,
        0.8758,
        0.8758,
        0.8758,
        0.8758,
        0.8758,
        0.8758,
        0.8758,
        0.8758,
        0.8758,
        0.8758,
        0.8758,
        0.8758,
        0.8758,
        0.8758,
        0.8758,
        0.8758,
        0.8758,
        0.8758
      ],
      "metrics": {
        "MAE": 4.2e-05,
        "RMSE": 0.000216,
        "MAPE": 0.0048,
        "R2": 0.9338
      }
    }
  },
  "crypto": {
    "BTC_USD": {
      "current": 64774.0,
      "next_1h": 64748.62,
      "next_24h": 64467.2,
      "change_pct": -0.039,
      "trend": "\ud83d\udcc9 DOWN",
      "predictions": [
        64748.62,
        64720.59,
        64707.98,
        64701.17,
        64693.14,
        64679.73,
        64666.53,
        64654.35,
        64642.55,
        64630.61,
        64618.51,
        64606.5,
        64594.59,
        64582.76,
        64570.96,
        64559.21,
        64547.52,
        64535.88,
        64524.3,
        64512.77,
        64501.3,
        64489.88,
        64478.51,
        64467.2
      ],
      "metrics": {
        "MAE": 98.998306,
        "RMSE": 140.406888,
        "MAPE": 0.1557,
        "R2": 0.9688
      }
    },
    "ETH_USD": {
      "current": 1876.12,
      "next_1h": 1874.77,
      "next_24h": 1854.53,
      "change_pct": -0.072,
      "trend": "\ud83d\udcc9 DOWN",
      "predictions": [
        1874.77,
        1873.67,
        1872.73,
        1871.88,
        1870.86,
        1869.96,
        1869.07,
        1868.18,
        1867.29,
        1866.41,
        1865.53,
        1864.66,
        1863.79,
        1862.93,
        1862.07,
        1861.21,
        1860.36,
        1859.52,
        1858.67,
        1857.84,
        1857.0,
        1856.18,
        1855.35,
        1854.53
      ],
      "metrics": {
        "MAE": 4.170018,
        "RMSE": 6.653804,
        "MAPE": 0.2304,
        "R2": 0.9556
      }
    },
    "BNB_USD": {
      "current": 580.45,
      "next_1h": 580.42,
      "next_24h": 580.27,
      "change_pct": -0.005,
      "trend": "\ud83d\udcc9 DOWN",
      "predictions": [
        580.42,
        580.44,
        580.4,
        580.43,
        580.41,
        580.4,
        580.39,
        580.39,
        580.38,
        580.37,
        580.36,
        580.36,
        580.35,
        580.34,
        580.33,
        580.33,
        580.32,
        580.31,
        580.3,
        580.3,
        580.29,
        580.28,
        580.28,
        580.27
      ],
      "metrics": {
        "MAE": 0.804579,
        "RMSE": 1.186452,
        "MAPE": 0.1401,
        "R2": 0.9465
      }
    }
  }
}