{
  "generated_at": "2026-07-15 06:43:17",
  "exchange_rates": {
    "USD_TZS": {
      "current": 2605.8011,
      "next_1h": 2606.1091,
      "next_24h": 2611.2588,
      "change_pct": 0.012,
      "trend": "\ud83d\udcc8 UP",
      "predictions": [
        2606.1091,
        2606.4106,
        2606.7056,
        2606.9942,
        2607.2768,
        2607.5532,
        2607.821,
        2608.0802,
        2608.3312,
        2608.5742,
        2608.8093,
        2609.0369,
        2609.2572,
        2609.4704,
        2609.6767,
        2609.8764,
        2610.0696,
        2610.2566,
        2610.4376,
        2610.6128,
        2610.7823,
        2610.9464,
        2611.1051,
        2611.2588
      ],
      "metrics": {
        "MAE": 0.487311,
        "RMSE": 1.887563,
        "MAPE": 0.0186,
        "R2": 0.9458
      }
    },
    "USD_KES": {
      "current": 129.2468,
      "next_1h": 129.2488,
      "next_24h": 129.2904,
      "change_pct": 0.002,
      "trend": "\ud83d\udcc8 UP",
      "predictions": [
        129.2488,
        129.2508,
        129.2528,
        129.2549,
        129.2568,
        129.2588,
        129.2608,
        129.2627,
        129.2646,
        129.2665,
        129.2684,
        129.2702,
        129.272,
        129.2738,
        129.2755,
        129.2773,
        129.279,
        129.2807,
        129.2824,
        129.284,
        129.2856,
        129.2872,
        129.2888,
        129.2904
      ],
      "metrics": {
        "MAE": 0.004906,
        "RMSE": 0.015175,
        "MAPE": 0.0038,
        "R2": 0.901
      }
    },
    "USD_UGX": {
      "current": 3673.063,
      "next_1h": 3673.066,
      "next_24h": 3673.1319,
      "change_pct": 0.0,
      "trend": "\ud83d\udcc9 DOWN",
      "predictions": [
        3673.066,
        3673.0689,
        3673.0719,
        3673.0748,
        3673.0778,
        3673.0807,
        3673.0836,
        3673.0865,
        3673.0894,
        3673.0923,
        3673.0952,
        3673.0981,
        3673.101,
        3673.1038,
        3673.1067,
        3673.1095,
        3673.1123,
        3673.1152,
        3673.118,
        3673.1208,
        3673.1236,
        3673.1264,
        3673.1291,
        3673.1319
      ],
      "metrics": {
        "MAE": 0.552027,
        "RMSE": 2.978175,
        "MAPE": 0.0151,
        "R2": 0.9119
      }
    },
    "USD_EUR": {
      "current": 0.8758,
      "next_1h": 0.8758,
      "next_24h": 0.8758,
      "change_pct": 0.0,
      "trend": "\ud83d\udcc9 DOWN",
      "predictions": [
        0.8758,
        0.8758,
        0.8758,
        0.8758,
        0.8758,
        0.8758,
        0.8758,
        0.8758,
        0.8758,
        0.8758,
        0.8758,
        0.8758,
        0.8758,
        0.8758,
        0.8758,
        0.8758,
        0.8758,
        0.8758,
        0.8758,
        0.8758,
        0.8758,
        0.8758,
        0.8758,
        0.8758
      ],
      "metrics": {
        "MAE": 4.1e-05,
        "RMSE": 0.000215,
        "MAPE": 0.0047,
        "R2": 0.9321
      }
    }
  },
  "crypto": {
    "BTC_USD": {
      "current": 65021.0,
      "next_1h": 64979.74,
      "next_24h": 64671.65,
      "change_pct": -0.063,
      "trend": "\ud83d\udcc9 DOWN",
      "predictions": [
        64979.74,
        64945.18,
        64935.81,
        64933.54,
        64923.17,
        64907.34,
        64892.59,
        64879.4,
        64866.47,
        64853.13,
        64839.64,
        64826.3,
        64813.11,
        64799.97,
        64786.86,
        64773.81,
        64760.83,
        64747.91,
        64735.05,
        64722.25,
        64709.51,
        64696.83,
        64684.21,
        64671.65
      ],
      "metrics": {
        "MAE": 99.348846,
        "RMSE": 140.927464,
        "MAPE": 0.1562,
        "R2": 0.9696
      }
    },
    "ETH_USD": {
      "current": 1884.27,
      "next_1h": 1882.46,
      "next_24h": 1861.45,
      "change_pct": -0.096,
      "trend": "\ud83d\udcc9 DOWN",
      "predictions": [
        1882.46,
        1881.53,
        1880.86,
        1879.62,
        1878.65,
        1877.73,
        1876.79,
        1875.84,
        1874.91,
        1873.98,
        1873.05,
        1872.13,
        1871.21,
        1870.3,
        1869.39,
        1868.49,
        1867.59,
        1866.7,
        1865.81,
        1864.93,
        1864.05,
        1863.18,
        1862.31,
        1861.45
      ],
      "metrics": {
        "MAE": 4.162126,
        "RMSE": 6.667627,
        "MAPE": 0.2298,
        "R2": 0.9598
      }
    },
    "BNB_USD": {
      "current": 581.05,
      "next_1h": 581.03,
      "next_24h": 580.75,
      "change_pct": -0.004,
      "trend": "\ud83d\udcc9 DOWN",
      "predictions": [
        581.03,
        581.01,
        581.05,
        581.03,
        581.01,
        581.0,
        580.98,
        580.97,
        580.95,
        580.94,
        580.93,
        580.91,
        580.9,
        580.88,
        580.87,
        580.86,
        580.84,
        580.83,
        580.82,
        580.8,
        580.79,
        580.78,
        580.76,
        580.75
      ],
      "metrics": {
        "MAE": 0.80069,
        "RMSE": 1.182218,
        "MAPE": 0.1394,
        "R2": 0.9478
      }
    }
  }
}