{
  "generated_at": "2026-04-22 23:24:40",
  "exchange_rates": {
    "USD_TZS": {
      "current": 2603.876,
      "next_1h": 2603.6998,
      "next_24h": 2600.1196,
      "change_pct": -0.007,
      "trend": "\ud83d\udcc9 DOWN",
      "predictions": [
        2603.6998,
        2603.5246,
        2603.3505,
        2603.1776,
        2603.0057,
        2602.8349,
        2602.6664,
        2602.5,
        2602.3359,
        2602.1739,
        2602.014,
        2601.8563,
        2601.7007,
        2601.5472,
        2601.3957,
        2601.2462,
        2601.0987,
        2600.9531,
        2600.8095,
        2600.6678,
        2600.528,
        2600.3901,
        2600.254,
        2600.1196
      ],
      "metrics": {
        "MAE": 0.28634,
        "RMSE": 0.848012,
        "MAPE": 0.011,
        "R2": 0.899
      }
    },
    "USD_KES": {
      "current": 129.1467,
      "next_1h": 129.1493,
      "next_24h": 129.2064,
      "change_pct": 0.002,
      "trend": "\ud83d\udcc8 UP",
      "predictions": [
        129.1493,
        129.152,
        129.1546,
        129.1572,
        129.1598,
        129.1623,
        129.1649,
        129.1675,
        129.17,
        129.1725,
        129.1751,
        129.1776,
        129.18,
        129.1825,
        129.185,
        129.1874,
        129.1898,
        129.1922,
        129.1946,
        129.197,
        129.1994,
        129.2017,
        129.2041,
        129.2064
      ],
      "metrics": {
        "MAE": 0.004997,
        "RMSE": 0.013337,
        "MAPE": 0.0039,
        "R2": 0.9534
      }
    },
    "USD_UGX": {
      "current": 3697.0944,
      "next_1h": 3697.3513,
      "next_24h": 3702.6518,
      "change_pct": 0.007,
      "trend": "\ud83d\udcc8 UP",
      "predictions": [
        3697.3513,
        3697.6063,
        3697.8596,
        3698.111,
        3698.3607,
        3698.6086,
        3698.8539,
        3699.0967,
        3699.3369,
        3699.5746,
        3699.8098,
        3700.0425,
        3700.2728,
        3700.5006,
        3700.7261,
        3700.9492,
        3701.17,
        3701.3885,
        3701.6046,
        3701.8185,
        3702.0301,
        3702.2396,
        3702.4468,
        3702.6518
      ],
      "metrics": {
        "MAE": 0.400929,
        "RMSE": 0.912033,
        "MAPE": 0.0109,
        "R2": 0.9312
      }
    },
    "USD_EUR": {
      "current": 0.8511,
      "next_1h": 0.851,
      "next_24h": 0.8502,
      "change_pct": -0.004,
      "trend": "\ud83d\udcc9 DOWN",
      "predictions": [
        0.851,
        0.851,
        0.851,
        0.8509,
        0.8509,
        0.8509,
        0.8508,
        0.8508,
        0.8507,
        0.8507,
        0.8507,
        0.8506,
        0.8506,
        0.8506,
        0.8505,
        0.8505,
        0.8504,
        0.8504,
        0.8504,
        0.8503,
        0.8503,
        0.8503,
        0.8502,
        0.8502
      ],
      "metrics": {
        "MAE": 0.000101,
        "RMSE": 0.000353,
        "MAPE": 0.0119,
        "R2": 0.9121
      }
    }
  },
  "crypto": {
    "BTC_USD": {
      "current": 78410.0,
      "next_1h": 78394.23,
      "next_24h": 77614.58,
      "change_pct": -0.02,
      "trend": "\ud83d\udcc9 DOWN",
      "predictions": [
        78394.23,
        78362.77,
        78302.12,
        78284.0,
        78244.51,
        78207.07,
        78176.18,
        78139.74,
        78105.94,
        78072.47,
        78038.15,
        78004.79,
        77971.33,
        77937.98,
        77904.95,
        77872.0,
        77839.23,
        77806.65,
        77774.22,
        77741.96,
        77709.87,
        77677.94,
        77646.18,
        77614.58
      ],
      "metrics": {
        "MAE": 251.100706,
        "RMSE": 336.904984,
        "MAPE": 0.3301,
        "R2": 0.9278
      }
    },
    "ETH_USD": {
      "current": 2389.62,
      "next_1h": 2388.1,
      "next_24h": 2353.94,
      "change_pct": -0.064,
      "trend": "\ud83d\udcc9 DOWN",
      "predictions": [
        2388.1,
        2386.76,
        2383.93,
        2383.13,
        2381.25,
        2379.55,
        2378.19,
        2376.54,
        2375.07,
        2373.6,
        2372.09,
        2370.64,
        2369.18,
        2367.74,
        2366.31,
        2364.89,
        2363.48,
        2362.08,
        2360.7,
        2359.32,
        2357.96,
        2356.61,
        2355.27,
        2353.94
      ],
      "metrics": {
        "MAE": 8.912263,
        "RMSE": 12.348226,
        "MAPE": 0.3806,
        "R2": 0.9166
      }
    },
    "BNB_USD": {
      "current": 639.21,
      "next_1h": 639.13,
      "next_24h": 631.41,
      "change_pct": -0.013,
      "trend": "\ud83d\udcc9 DOWN",
      "predictions": [
        639.13,
        638.55,
        638.19,
        637.96,
        637.57,
        637.22,
        636.87,
        636.51,
        636.16,
        635.81,
        635.47,
        635.13,
        634.8,
        634.47,
        634.14,
        633.82,
        633.51,
        633.2,
        632.89,
        632.59,
        632.29,
        631.99,
        631.7,
        631.41
      ],
      "metrics": {
        "MAE": 1.715899,
        "RMSE": 2.322931,
        "MAPE": 0.2713,
        "R2": 0.9132
      }
    }
  }
}