{
  "generated_at": "2026-07-18 22:17:12",
  "exchange_rates": {
    "USD_TZS": {
      "current": 2629.0886,
      "next_1h": 2628.7322,
      "next_24h": 2622.6782,
      "change_pct": -0.014,
      "trend": "\ud83d\udcc9 DOWN",
      "predictions": [
        2628.7322,
        2628.3831,
        2628.0411,
        2627.7061,
        2627.3779,
        2627.0565,
        2626.7446,
        2626.4421,
        2626.1487,
        2625.8642,
        2625.5882,
        2625.3207,
        2625.0612,
        2624.8097,
        2624.5657,
        2624.3292,
        2624.0999,
        2623.8775,
        2623.6619,
        2623.4528,
        2623.2501,
        2623.0536,
        2622.863,
        2622.6782
      ],
      "metrics": {
        "MAE": 0.556589,
        "RMSE": 2.128684,
        "MAPE": 0.0213,
        "R2": 0.9523
      }
    },
    "USD_KES": {
      "current": 129.3268,
      "next_1h": 129.3273,
      "next_24h": 129.338,
      "change_pct": 0.0,
      "trend": "\ud83d\udcc9 DOWN",
      "predictions": [
        129.3273,
        129.3278,
        129.3283,
        129.3288,
        129.3293,
        129.3298,
        129.3303,
        129.3308,
        129.3313,
        129.3318,
        129.3322,
        129.3327,
        129.3332,
        129.3337,
        129.3341,
        129.3346,
        129.335,
        129.3355,
        129.3359,
        129.3363,
        129.3368,
        129.3372,
        129.3376,
        129.338
      ],
      "metrics": {
        "MAE": 0.003114,
        "RMSE": 0.012274,
        "MAPE": 0.0024,
        "R2": 0.97
      }
    },
    "USD_UGX": {
      "current": 3669.5216,
      "next_1h": 3669.556,
      "next_24h": 3670.3176,
      "change_pct": 0.001,
      "trend": "\ud83d\udcc8 UP",
      "predictions": [
        3669.556,
        3669.5903,
        3669.6245,
        3669.6586,
        3669.6927,
        3669.7266,
        3669.7605,
        3669.7942,
        3669.8278,
        3669.8613,
        3669.8947,
        3669.9279,
        3669.961,
        3669.9941,
        3670.0269,
        3670.0597,
        3670.0924,
        3670.1249,
        3670.1573,
        3670.1896,
        3670.2218,
        3670.2538,
        3670.2858,
        3670.3176
      ],
      "metrics": {
        "MAE": 0.350593,
        "RMSE": 1.847854,
        "MAPE": 0.0096,
        "R2": 0.9686
      }
    },
    "USD_EUR": {
      "current": 0.8744,
      "next_1h": 0.8745,
      "next_24h": 0.8746,
      "change_pct": 0.001,
      "trend": "\ud83d\udcc8 UP",
      "predictions": [
        0.8745,
        0.8745,
        0.8745,
        0.8745,
        0.8745,
        0.8745,
        0.8745,
        0.8745,
        0.8745,
        0.8745,
        0.8745,
        0.8745,
        0.8745,
        0.8745,
        0.8745,
        0.8745,
        0.8745,
        0.8745,
        0.8745,
        0.8745,
        0.8745,
        0.8745,
        0.8746,
        0.8746
      ],
      "metrics": {
        "MAE": 4.2e-05,
        "RMSE": 0.000241,
        "MAPE": 0.0048,
        "R2": 0.9665
      }
    }
  },
  "crypto": {
    "BTC_USD": {
      "current": 64804.0,
      "next_1h": 64785.47,
      "next_24h": 64490.41,
      "change_pct": -0.029,
      "trend": "\ud83d\udcc9 DOWN",
      "predictions": [
        64785.47,
        64761.11,
        64745.56,
        64735.72,
        64728.81,
        64715.21,
        64701.35,
        64688.26,
        64675.69,
        64663.16,
        64650.4,
        64637.69,
        64625.09,
        64612.58,
        64600.11,
        64587.69,
        64575.33,
        64563.02,
        64550.78,
        64538.59,
        64526.46,
        64514.39,
        64502.37,
        64490.41
      ],
      "metrics": {
        "MAE": 110.072929,
        "RMSE": 159.156955,
        "MAPE": 0.1724,
        "R2": 0.9681
      }
    },
    "ETH_USD": {
      "current": 1863.25,
      "next_1h": 1862.25,
      "next_24h": 1844.44,
      "change_pct": -0.054,
      "trend": "\ud83d\udcc9 DOWN",
      "predictions": [
        1862.25,
        1861.16,
        1860.32,
        1859.58,
        1858.72,
        1857.93,
        1857.15,
        1856.37,
        1855.6,
        1854.82,
        1854.06,
        1853.29,
        1852.53,
        1851.78,
        1851.03,
        1850.28,
        1849.54,
        1848.8,
        1848.06,
        1847.33,
        1846.6,
        1845.88,
        1845.16,
        1844.44
      ],
      "metrics": {
        "MAE": 4.474642,
        "RMSE": 6.849723,
        "MAPE": 0.2413,
        "R2": 0.9775
      }
    },
    "BNB_USD": {
      "current": 570.89,
      "next_1h": 570.92,
      "next_24h": 571.44,
      "change_pct": 0.005,
      "trend": "\ud83d\udcc8 UP",
      "predictions": [
        570.92,
        570.95,
        570.95,
        570.99,
        571.01,
        571.03,
        571.06,
        571.08,
        571.1,
        571.13,
        571.15,
        571.17,
        571.2,
        571.22,
        571.24,
        571.27,
        571.29,
        571.31,
        571.33,
        571.36,
        571.38,
        571.4,
        571.42,
        571.44
      ],
      "metrics": {
        "MAE": 0.855144,
        "RMSE": 1.190627,
        "MAPE": 0.1493,
        "R2": 0.964
      }
    }
  }
}