{
  "generated_at": "2026-07-11 21:17:10",
  "exchange_rates": {
    "USD_TZS": {
      "current": 2626.6457,
      "next_1h": 2626.2791,
      "next_24h": 2620.2215,
      "change_pct": -0.014,
      "trend": "\ud83d\udcc9 DOWN",
      "predictions": [
        2626.2791,
        2625.9205,
        2625.5699,
        2625.2269,
        2624.8915,
        2624.5635,
        2624.2463,
        2623.9396,
        2623.6431,
        2623.3564,
        2623.0794,
        2622.8117,
        2622.5529,
        2622.3029,
        2622.0613,
        2621.8278,
        2621.6022,
        2621.3841,
        2621.1734,
        2620.9698,
        2620.773,
        2620.5829,
        2620.3991,
        2620.2215
      ],
      "metrics": {
        "MAE": 0.363022,
        "RMSE": 0.598464,
        "MAPE": 0.0138,
        "R2": 0.8663
      }
    },
    "USD_KES": {
      "current": 129.1819,
      "next_1h": 129.1863,
      "next_24h": 129.2732,
      "change_pct": 0.003,
      "trend": "\ud83d\udcc8 UP",
      "predictions": [
        129.1863,
        129.1907,
        129.1951,
        129.1994,
        129.2037,
        129.208,
        129.2121,
        129.2163,
        129.2203,
        129.2243,
        129.2282,
        129.232,
        129.2358,
        129.2395,
        129.2431,
        129.2467,
        129.2502,
        129.2537,
        129.2571,
        129.2604,
        129.2637,
        129.2669,
        129.2701,
        129.2732
      ],
      "metrics": {
        "MAE": 0.007169,
        "RMSE": 0.020827,
        "MAPE": 0.0055,
        "R2": 0.8315
      }
    },
    "USD_UGX": {
      "current": 3659.1295,
      "next_1h": 3659.07,
      "next_24h": 3657.7311,
      "change_pct": -0.002,
      "trend": "\ud83d\udcc9 DOWN",
      "predictions": [
        3659.07,
        3659.0106,
        3658.9514,
        3658.8922,
        3658.8332,
        3658.7743,
        3658.7154,
        3658.6567,
        3658.5981,
        3658.5396,
        3658.4812,
        3658.4229,
        3658.3647,
        3658.3066,
        3658.2486,
        3658.1907,
        3658.1329,
        3658.0752,
        3658.0176,
        3657.9601,
        3657.9027,
        3657.8454,
        3657.7882,
        3657.7311
      ],
      "metrics": {
        "MAE": 0.927718,
        "RMSE": 4.028515,
        "MAPE": 0.0254,
        "R2": 0.8946
      }
    },
    "USD_EUR": {
      "current": 0.8756,
      "next_1h": 0.8756,
      "next_24h": 0.8759,
      "change_pct": 0.002,
      "trend": "\ud83d\udcc8 UP",
      "predictions": [
        0.8756,
        0.8756,
        0.8756,
        0.8756,
        0.8756,
        0.8757,
        0.8757,
        0.8757,
        0.8757,
        0.8757,
        0.8757,
        0.8757,
        0.8757,
        0.8758,
        0.8758,
        0.8758,
        0.8758,
        0.8758,
        0.8758,
        0.8758,
        0.8758,
        0.8759,
        0.8759,
        0.8759
      ],
      "metrics": {
        "MAE": 7.1e-05,
        "RMSE": 0.000318,
        "MAPE": 0.0081,
        "R2": 0.8924
      }
    }
  },
  "crypto": {
    "BTC_USD": {
      "current": 64355.0,
      "next_1h": 64330.68,
      "next_24h": 64054.53,
      "change_pct": -0.038,
      "trend": "\ud83d\udcc9 DOWN",
      "predictions": [
        64330.68,
        64313.38,
        64305.19,
        64296.65,
        64283.55,
        64270.21,
        64257.61,
        64245.47,
        64233.26,
        64220.93,
        64208.65,
        64196.47,
        64184.36,
        64172.29,
        64160.27,
        64148.31,
        64136.4,
        64124.55,
        64112.75,
        64101.0,
        64089.3,
        64077.66,
        64066.07,
        64054.53
      ],
      "metrics": {
        "MAE": 99.922761,
        "RMSE": 141.721735,
        "MAPE": 0.1585,
        "R2": 0.972
      }
    },
    "ETH_USD": {
      "current": 1826.54,
      "next_1h": 1825.49,
      "next_24h": 1809.66,
      "change_pct": -0.057,
      "trend": "\ud83d\udcc9 DOWN",
      "predictions": [
        1825.49,
        1824.86,
        1824.13,
        1823.35,
        1822.6,
        1821.9,
        1821.19,
        1820.48,
        1819.78,
        1819.08,
        1818.39,
        1817.69,
        1817.01,
        1816.32,
        1815.64,
        1814.96,
        1814.29,
        1813.62,
        1812.95,
        1812.28,
        1811.62,
        1810.97,
        1810.31,
        1809.66
      ],
      "metrics": {
        "MAE": 3.576293,
        "RMSE": 5.154278,
        "MAPE": 0.2029,
        "R2": 0.9668
      }
    },
    "BNB_USD": {
      "current": 580.97,
      "next_1h": 580.94,
      "next_24h": 581.04,
      "change_pct": -0.005,
      "trend": "\ud83d\udcc9 DOWN",
      "predictions": [
        580.94,
        580.97,
        580.98,
        580.98,
        580.98,
        580.98,
        580.99,
        580.99,
        580.99,
        581.0,
        581.0,
        581.0,
        581.01,
        581.01,
        581.01,
        581.02,
        581.02,
        581.02,
        581.03,
        581.03,
        581.03,
        581.04,
        581.04,
        581.04
      ],
      "metrics": {
        "MAE": 0.872737,
        "RMSE": 1.223135,
        "MAPE": 0.1529,
        "R2": 0.9416
      }
    }
  }
}