{
  "generated_at": "2026-07-13 01:43:17",
  "exchange_rates": {
    "USD_TZS": {
      "current": 2627.8658,
      "next_1h": 2627.5077,
      "next_24h": 2621.042,
      "change_pct": -0.014,
      "trend": "\ud83d\udcc9 DOWN",
      "predictions": [
        2627.5077,
        2627.1574,
        2626.8147,
        2626.4795,
        2626.1517,
        2625.7958,
        2625.4511,
        2625.1173,
        2624.7941,
        2624.4811,
        2624.1781,
        2623.8851,
        2623.6019,
        2623.328,
        2623.0632,
        2622.8071,
        2622.5596,
        2622.3202,
        2622.0888,
        2621.8651,
        2621.6488,
        2621.4397,
        2621.2375,
        2621.042
      ],
      "metrics": {
        "MAE": 0.375354,
        "RMSE": 0.660136,
        "MAPE": 0.0143,
        "R2": 0.8141
      }
    },
    "USD_KES": {
      "current": 129.1822,
      "next_1h": 129.1861,
      "next_24h": 129.2629,
      "change_pct": 0.003,
      "trend": "\ud83d\udcc8 UP",
      "predictions": [
        129.1861,
        129.1901,
        129.194,
        129.1978,
        129.2017,
        129.2054,
        129.2091,
        129.2127,
        129.2163,
        129.2197,
        129.2232,
        129.2265,
        129.2299,
        129.2331,
        129.2363,
        129.2395,
        129.2426,
        129.2456,
        129.2486,
        129.2516,
        129.2545,
        129.2573,
        129.2601,
        129.2629
      ],
      "metrics": {
        "MAE": 0.005555,
        "RMSE": 0.014066,
        "MAPE": 0.0043,
        "R2": 0.8852
      }
    },
    "USD_UGX": {
      "current": 3659.3418,
      "next_1h": 3659.3121,
      "next_24h": 3658.6282,
      "change_pct": -0.001,
      "trend": "\ud83d\udcc9 DOWN",
      "predictions": [
        3659.3121,
        3659.2825,
        3659.2529,
        3659.2234,
        3659.1939,
        3659.1635,
        3659.1332,
        3659.1029,
        3659.0728,
        3659.0427,
        3659.0126,
        3658.9826,
        3658.9527,
        3658.9229,
        3658.8931,
        3658.8634,
        3658.8338,
        3658.8042,
        3658.7747,
        3658.7453,
        3658.7159,
        3658.6866,
        3658.6573,
        3658.6282
      ],
      "metrics": {
        "MAE": 0.632235,
        "RMSE": 3.229823,
        "MAPE": 0.0173,
        "R2": 0.9252
      }
    },
    "USD_EUR": {
      "current": 0.8768,
      "next_1h": 0.8768,
      "next_24h": 0.8768,
      "change_pct": 0.0,
      "trend": "\ud83d\udcc9 DOWN",
      "predictions": [
        0.8768,
        0.8768,
        0.8768,
        0.8768,
        0.8768,
        0.8768,
        0.8768,
        0.8768,
        0.8768,
        0.8768,
        0.8768,
        0.8768,
        0.8768,
        0.8768,
        0.8768,
        0.8768,
        0.8768,
        0.8768,
        0.8768,
        0.8768,
        0.8768,
        0.8768,
        0.8768,
        0.8768
      ],
      "metrics": {
        "MAE": 3.4e-05,
        "RMSE": 0.000179,
        "MAPE": 0.0038,
        "R2": 0.9234
      }
    }
  },
  "crypto": {
    "BTC_USD": {
      "current": 63698.0,
      "next_1h": 63705.24,
      "next_24h": 63450.74,
      "change_pct": 0.011,
      "trend": "\ud83d\udcc8 UP",
      "predictions": [
        63705.24,
        63695.58,
        63673.1,
        63664.63,
        63652.83,
        63642.54,
        63631.3,
        63620.02,
        63609.13,
        63598.26,
        63587.45,
        63576.64,
        63565.88,
        63555.18,
        63544.53,
        63533.93,
        63523.37,
        63512.85,
        63502.39,
        63491.97,
        63481.59,
        63471.26,
        63460.98,
        63450.74
      ],
      "metrics": {
        "MAE": 90.784121,
        "RMSE": 123.263605,
        "MAPE": 0.1429,
        "R2": 0.9668
      }
    },
    "ETH_USD": {
      "current": 1817.97,
      "next_1h": 1817.48,
      "next_24h": 1801.37,
      "change_pct": -0.027,
      "trend": "\ud83d\udcc9 DOWN",
      "predictions": [
        1817.48,
        1815.6,
        1815.61,
        1814.72,
        1814.03,
        1813.3,
        1812.65,
        1811.94,
        1811.26,
        1810.57,
        1809.9,
        1809.22,
        1808.55,
        1807.88,
        1807.21,
        1806.55,
        1805.89,
        1805.24,
        1804.58,
        1803.93,
        1803.29,
        1802.65,
        1802.01,
        1801.37
      ],
      "metrics": {
        "MAE": 3.560948,
        "RMSE": 5.44519,
        "MAPE": 0.1994,
        "R2": 0.9642
      }
    },
    "BNB_USD": {
      "current": 576.72,
      "next_1h": 576.78,
      "next_24h": 576.71,
      "change_pct": 0.01,
      "trend": "\ud83d\udcc8 UP",
      "predictions": [
        576.78,
        576.68,
        576.74,
        576.75,
        576.74,
        576.73,
        576.73,
        576.73,
        576.73,
        576.73,
        576.73,
        576.73,
        576.72,
        576.72,
        576.72,
        576.72,
        576.72,
        576.72,
        576.72,
        576.71,
        576.71,
        576.71,
        576.71,
        576.71
      ],
      "metrics": {
        "MAE": 0.787327,
        "RMSE": 1.082594,
        "MAPE": 0.1371,
        "R2": 0.9263
      }
    }
  }
}