{
  "generated_at": "2026-07-07 01:17:06",
  "exchange_rates": {
    "USD_TZS": {
      "current": 2622.6358,
      "next_1h": 2622.3425,
      "next_24h": 2617.8907,
      "change_pct": -0.011,
      "trend": "\ud83d\udcc9 DOWN",
      "predictions": [
        2622.3425,
        2622.0559,
        2621.7759,
        2621.5023,
        2621.235,
        2621.0009,
        2620.7745,
        2620.5556,
        2620.3441,
        2620.1397,
        2619.9422,
        2619.7511,
        2619.5662,
        2619.3874,
        2619.2144,
        2619.0471,
        2618.8852,
        2618.7286,
        2618.5771,
        2618.4306,
        2618.2888,
        2618.1517,
        2618.0191,
        2617.8907
      ],
      "metrics": {
        "MAE": 0.761148,
        "RMSE": 2.7638,
        "MAPE": 0.029,
        "R2": 0.8897
      }
    },
    "USD_KES": {
      "current": 129.2243,
      "next_1h": 129.2281,
      "next_24h": 129.3005,
      "change_pct": 0.003,
      "trend": "\ud83d\udcc8 UP",
      "predictions": [
        129.2281,
        129.2319,
        129.2357,
        129.2394,
        129.2431,
        129.2466,
        129.2501,
        129.2535,
        129.2568,
        129.2601,
        129.2633,
        129.2665,
        129.2696,
        129.2727,
        129.2757,
        129.2786,
        129.2815,
        129.2844,
        129.2872,
        129.2899,
        129.2926,
        129.2953,
        129.2979,
        129.3005
      ],
      "metrics": {
        "MAE": 0.004895,
        "RMSE": 0.018602,
        "MAPE": 0.0038,
        "R2": 0.9797
      }
    },
    "USD_UGX": {
      "current": 3659.5308,
      "next_1h": 3659.6932,
      "next_24h": 3663.0153,
      "change_pct": 0.004,
      "trend": "\ud83d\udcc8 UP",
      "predictions": [
        3659.6932,
        3659.8554,
        3660.0172,
        3660.1786,
        3660.3396,
        3660.4857,
        3660.6312,
        3660.776,
        3660.9203,
        3661.0639,
        3661.207,
        3661.3494,
        3661.4913,
        3661.6327,
        3661.7734,
        3661.9137,
        3662.0533,
        3662.1924,
        3662.3309,
        3662.4689,
        3662.6063,
        3662.7432,
        3662.8795,
        3663.0153
      ],
      "metrics": {
        "MAE": 1.061279,
        "RMSE": 3.855251,
        "MAPE": 0.0291,
        "R2": 0.9041
      }
    },
    "USD_EUR": {
      "current": 0.8746,
      "next_1h": 0.8747,
      "next_24h": 0.876,
      "change_pct": 0.006,
      "trend": "\ud83d\udcc8 UP",
      "predictions": [
        0.8747,
        0.8747,
        0.8748,
        0.8749,
        0.8749,
        0.875,
        0.875,
        0.8751,
        0.8751,
        0.8752,
        0.8752,
        0.8753,
        0.8753,
        0.8754,
        0.8755,
        0.8755,
        0.8756,
        0.8756,
        0.8757,
        0.8757,
        0.8758,
        0.8759,
        0.8759,
        0.876
      ],
      "metrics": {
        "MAE": 0.00014,
        "RMSE": 0.00042,
        "MAPE": 0.016,
        "R2": 0.9384
      }
    }
  },
  "crypto": {
    "BTC_USD": {
      "current": 63973.0,
      "next_1h": 63951.55,
      "next_24h": 63532.38,
      "change_pct": -0.034,
      "trend": "\ud83d\udcc9 DOWN",
      "predictions": [
        63951.55,
        63926.62,
        63907.87,
        63891.62,
        63871.97,
        63853.1,
        63834.47,
        63816.27,
        63798.15,
        63779.92,
        63761.78,
        63743.73,
        63725.77,
        63707.87,
        63690.03,
        63672.25,
        63654.54,
        63636.9,
        63619.32,
        63601.8,
        63584.35,
        63566.97,
        63549.64,
        63532.38
      ],
      "metrics": {
        "MAE": 222.757462,
        "RMSE": 341.395544,
        "MAPE": 0.3658,
        "R2": 0.9612
      }
    },
    "ETH_USD": {
      "current": 1794.94,
      "next_1h": 1793.79,
      "next_24h": 1774.02,
      "change_pct": -0.064,
      "trend": "\ud83d\udcc9 DOWN",
      "predictions": [
        1793.79,
        1793.17,
        1792.39,
        1791.33,
        1790.49,
        1789.62,
        1788.71,
        1787.81,
        1786.93,
        1786.05,
        1785.16,
        1784.29,
        1783.41,
        1782.54,
        1781.67,
        1780.81,
        1779.95,
        1779.09,
        1778.24,
        1777.39,
        1776.54,
        1775.7,
        1774.85,
        1774.02
      ],
      "metrics": {
        "MAE": 7.630283,
        "RMSE": 11.504859,
        "MAPE": 0.4579,
        "R2": 0.9846
      }
    },
    "BNB_USD": {
      "current": 584.42,
      "next_1h": 584.33,
      "next_24h": 583.8,
      "change_pct": -0.016,
      "trend": "\ud83d\udcc9 DOWN",
      "predictions": [
        584.33,
        584.29,
        584.26,
        584.2,
        584.19,
        584.17,
        584.15,
        584.12,
        584.1,
        584.08,
        584.06,
        584.04,
        584.02,
        584.0,
        583.98,
        583.96,
        583.94,
        583.92,
        583.9,
        583.88,
        583.86,
        583.84,
        583.82,
        583.8
      ],
      "metrics": {
        "MAE": 1.934252,
        "RMSE": 2.763859,
        "MAPE": 0.3441,
        "R2": 0.9619
      }
    }
  }
}