{
  "generated_at": "2026-06-27 22:29:37",
  "exchange_rates": {
    "USD_TZS": {
      "current": 2602.1351,
      "next_1h": 2602.2692,
      "next_24h": 2604.8611,
      "change_pct": 0.005,
      "trend": "\ud83d\udcc8 UP",
      "predictions": [
        2602.2692,
        2602.4021,
        2602.5338,
        2602.6642,
        2602.7935,
        2602.9216,
        2603.0474,
        2603.1708,
        2603.292,
        2603.411,
        2603.5277,
        2603.6423,
        2603.7547,
        2603.865,
        2603.9733,
        2604.0795,
        2604.1838,
        2604.2861,
        2604.3865,
        2604.485,
        2604.5817,
        2604.6766,
        2604.7697,
        2604.8611
      ],
      "metrics": {
        "MAE": 0.513482,
        "RMSE": 2.265228,
        "MAPE": 0.0196,
        "R2": 0.9053
      }
    },
    "USD_KES": {
      "current": 129.5375,
      "next_1h": 129.5359,
      "next_24h": 129.5046,
      "change_pct": -0.001,
      "trend": "\ud83d\udcc9 DOWN",
      "predictions": [
        129.5359,
        129.5344,
        129.5328,
        129.5313,
        129.5297,
        129.5282,
        129.5267,
        129.5252,
        129.5238,
        129.5224,
        129.521,
        129.5196,
        129.5182,
        129.5169,
        129.5156,
        129.5143,
        129.513,
        129.5117,
        129.5105,
        129.5093,
        129.5081,
        129.5069,
        129.5057,
        129.5046
      ],
      "metrics": {
        "MAE": 0.003227,
        "RMSE": 0.015266,
        "MAPE": 0.0025,
        "R2": 0.9053
      }
    },
    "USD_UGX": {
      "current": 3659.6107,
      "next_1h": 3658.7613,
      "next_24h": 3638.4894,
      "change_pct": -0.023,
      "trend": "\ud83d\udcc9 DOWN",
      "predictions": [
        3658.7613,
        3657.9167,
        3657.0769,
        3656.2419,
        3655.4116,
        3654.5859,
        3653.7528,
        3652.9123,
        3652.0646,
        3651.2097,
        3650.3478,
        3649.479,
        3648.6031,
        3647.7202,
        3646.8302,
        3645.933,
        3645.0285,
        3644.1167,
        3643.1976,
        3642.271,
        3641.337,
        3640.3954,
        3639.4462,
        3638.4894
      ],
      "metrics": {
        "MAE": 1.872391,
        "RMSE": 5.195301,
        "MAPE": 0.0512,
        "R2": 0.879
      }
    },
    "USD_EUR": {
      "current": 0.8778,
      "next_1h": 0.8777,
      "next_24h": 0.8756,
      "change_pct": -0.012,
      "trend": "\ud83d\udcc9 DOWN",
      "predictions": [
        0.8777,
        0.8776,
        0.8775,
        0.8774,
        0.8773,
        0.8772,
        0.8771,
        0.877,
        0.8769,
        0.8768,
        0.8767,
        0.8767,
        0.8766,
        0.8765,
        0.8764,
        0.8763,
        0.8762,
        0.8761,
        0.876,
        0.8759,
        0.8758,
        0.8758,
        0.8757,
        0.8756
      ],
      "metrics": {
        "MAE": 0.000164,
        "RMSE": 0.000489,
        "MAPE": 0.0187,
        "R2": 0.981
      }
    }
  },
  "crypto": {
    "BTC_USD": {
      "current": 60024.0,
      "next_1h": 59997.79,
      "next_24h": 59731.84,
      "change_pct": -0.044,
      "trend": "\ud83d\udcc9 DOWN",
      "predictions": [
        59997.79,
        59983.4,
        59985.12,
        59983.21,
        59945.73,
        59932.82,
        59923.34,
        59913.41,
        59902.24,
        59888.59,
        59877.19,
        59866.22,
        59855.06,
        59843.73,
        59832.26,
        59821.03,
        59809.85,
        59798.66,
        59787.47,
        59776.29,
        59765.15,
        59754.03,
        59742.92,
        59731.84
      ],
      "metrics": {
        "MAE": 236.597162,
        "RMSE": 362.238649,
        "MAPE": 0.3844,
        "R2": 0.96
      }
    },
    "ETH_USD": {
      "current": 1571.46,
      "next_1h": 1571.19,
      "next_24h": 1571.37,
      "change_pct": -0.017,
      "trend": "\ud83d\udcc9 DOWN",
      "predictions": [
        1571.19,
        1572.09,
        1572.07,
        1571.64,
        1571.79,
        1571.82,
        1571.77,
        1571.73,
        1571.72,
        1571.7,
        1571.67,
        1571.65,
        1571.62,
        1571.6,
        1571.58,
        1571.55,
        1571.53,
        1571.51,
        1571.49,
        1571.46,
        1571.44,
        1571.42,
        1571.4,
        1571.37
      ],
      "metrics": {
        "MAE": 7.849449,
        "RMSE": 12.309445,
        "MAPE": 0.4796,
        "R2": 0.9674
      }
    },
    "BNB_USD": {
      "current": 556.6,
      "next_1h": 556.75,
      "next_24h": 561.11,
      "change_pct": 0.028,
      "trend": "\ud83d\udcc8 UP",
      "predictions": [
        556.75,
        557.1,
        557.21,
        557.17,
        557.39,
        557.6,
        557.79,
        557.98,
        558.19,
        558.39,
        558.59,
        558.79,
        558.99,
        559.19,
        559.38,
        559.58,
        559.78,
        559.97,
        560.16,
        560.35,
        560.55,
        560.74,
        560.93,
        561.11
      ],
      "metrics": {
        "MAE": 1.988353,
        "RMSE": 2.998977,
        "MAPE": 0.3483,
        "R2": 0.9423
      }
    }
  }
}