{
  "generated_at": "2026-04-30 07:06:11",
  "exchange_rates": {
    "USD_TZS": {
      "current": 2588.8383,
      "next_1h": 2588.8479,
      "next_24h": 2592.413,
      "change_pct": 0.0,
      "trend": "\ud83d\udcc9 DOWN",
      "predictions": [
        2588.8479,
        2588.8676,
        2589.0599,
        2589.2495,
        2589.4368,
        2589.622,
        2589.8049,
        2589.9855,
        2590.1623,
        2590.3355,
        2590.5052,
        2590.6712,
        2590.8339,
        2590.9931,
        2591.149,
        2591.3016,
        2591.451,
        2591.5973,
        2591.7406,
        2591.8808,
        2592.0181,
        2592.1525,
        2592.2841,
        2592.413
      ],
      "metrics": {
        "MAE": 0.896809,
        "RMSE": 4.200236,
        "MAPE": 0.0345,
        "R2": 0.8592
      }
    },
    "USD_KES": {
      "current": 129.0743,
      "next_1h": 129.0742,
      "next_24h": 129.0719,
      "change_pct": 0.0,
      "trend": "\ud83d\udcc9 DOWN",
      "predictions": [
        129.0742,
        129.074,
        129.0739,
        129.0738,
        129.0737,
        129.0736,
        129.0735,
        129.0734,
        129.0733,
        129.0732,
        129.0731,
        129.073,
        129.0729,
        129.0728,
        129.0727,
        129.0726,
        129.0725,
        129.0725,
        129.0724,
        129.0723,
        129.0722,
        129.0721,
        129.072,
        129.0719
      ],
      "metrics": {
        "MAE": 0.004826,
        "RMSE": 0.024351,
        "MAPE": 0.0037,
        "R2": 0.9229
      }
    },
    "USD_UGX": {
      "current": 3707.894,
      "next_1h": 3707.9796,
      "next_24h": 3709.1184,
      "change_pct": 0.002,
      "trend": "\ud83d\udcc8 UP",
      "predictions": [
        3707.9796,
        3708.0661,
        3708.1171,
        3708.1679,
        3708.2186,
        3708.2691,
        3708.3192,
        3708.3688,
        3708.4181,
        3708.4671,
        3708.5157,
        3708.564,
        3708.6119,
        3708.6595,
        3708.7068,
        3708.7538,
        3708.8005,
        3708.8468,
        3708.8929,
        3708.9386,
        3708.984,
        3709.0291,
        3709.0739,
        3709.1184
      ],
      "metrics": {
        "MAE": 0.938331,
        "RMSE": 4.135136,
        "MAPE": 0.0254,
        "R2": 0.8576
      }
    },
    "USD_EUR": {
      "current": 0.8556,
      "next_1h": 0.8556,
      "next_24h": 0.8552,
      "change_pct": -0.002,
      "trend": "\ud83d\udcc9 DOWN",
      "predictions": [
        0.8556,
        0.8555,
        0.8555,
        0.8555,
        0.8555,
        0.8555,
        0.8555,
        0.8554,
        0.8554,
        0.8554,
        0.8554,
        0.8554,
        0.8554,
        0.8553,
        0.8553,
        0.8553,
        0.8553,
        0.8553,
        0.8553,
        0.8552,
        0.8552,
        0.8552,
        0.8552,
        0.8552
      ],
      "metrics": {
        "MAE": 7.1e-05,
        "RMSE": 0.000318,
        "MAPE": 0.0084,
        "R2": 0.8556
      }
    }
  },
  "crypto": {
    "BTC_USD": {
      "current": 75726.0,
      "next_1h": 75667.44,
      "next_24h": 75882.45,
      "change_pct": -0.077,
      "trend": "\ud83d\udcc9 DOWN",
      "predictions": [
        75667.44,
        75723.46,
        75716.43,
        75699.53,
        75725.39,
        75725.06,
        75737.39,
        75746.72,
        75752.48,
        75763.16,
        75770.95,
        75779.81,
        75788.73,
        75797.03,
        75805.87,
        75814.4,
        75822.98,
        75831.58,
        75840.08,
        75848.62,
        75857.11,
        75865.57,
        75874.03,
        75882.45
      ],
      "metrics": {
        "MAE": 205.937738,
        "RMSE": 298.462933,
        "MAPE": 0.2662,
        "R2": 0.8655
      }
    },
    "ETH_USD": {
      "current": 2247.3,
      "next_1h": 2243.93,
      "next_24h": 2249.74,
      "change_pct": -0.15,
      "trend": "\ud83d\udcc9 DOWN",
      "predictions": [
        2243.93,
        2247.04,
        2245.49,
        2245.02,
        2245.96,
        2245.59,
        2246.11,
        2246.27,
        2246.37,
        2246.71,
        2246.87,
        2247.12,
        2247.35,
        2247.56,
        2247.8,
        2248.02,
        2248.24,
        2248.46,
        2248.67,
        2248.89,
        2249.11,
        2249.32,
        2249.53,
        2249.74
      ],
      "metrics": {
        "MAE": 7.517379,
        "RMSE": 11.663948,
        "MAPE": 0.3255,
        "R2": 0.8456
      }
    },
    "BNB_USD": {
      "current": 615.7,
      "next_1h": 615.28,
      "next_24h": 615.44,
      "change_pct": -0.069,
      "trend": "\ud83d\udcc9 DOWN",
      "predictions": [
        615.28,
        615.53,
        615.52,
        615.3,
        615.39,
        615.34,
        615.36,
        615.38,
        615.36,
        615.37,
        615.37,
        615.38,
        615.39,
        615.39,
        615.39,
        615.4,
        615.4,
        615.41,
        615.41,
        615.42,
        615.42,
        615.43,
        615.43,
        615.44
      ],
      "metrics": {
        "MAE": 1.316733,
        "RMSE": 1.845081,
        "MAPE": 0.2094,
        "R2": 0.9302
      }
    }
  }
}