{
  "generated_at": "2026-07-17 03:17:12",
  "exchange_rates": {
    "USD_TZS": {
      "current": 2628.277,
      "next_1h": 2628.0426,
      "next_24h": 2622.1545,
      "change_pct": -0.009,
      "trend": "\ud83d\udcc9 DOWN",
      "predictions": [
        2628.0426,
        2627.8131,
        2627.5883,
        2627.2494,
        2626.9176,
        2626.5927,
        2626.2767,
        2625.9693,
        2625.6703,
        2625.3805,
        2625.0997,
        2624.8276,
        2624.564,
        2624.3086,
        2624.0612,
        2623.8215,
        2623.5893,
        2623.3643,
        2623.1464,
        2622.9352,
        2622.7307,
        2622.5325,
        2622.3405,
        2622.1545
      ],
      "metrics": {
        "MAE": 0.552343,
        "RMSE": 2.168007,
        "MAPE": 0.0211,
        "R2": 0.9449
      }
    },
    "USD_KES": {
      "current": 129.3048,
      "next_1h": 129.3055,
      "next_24h": 129.3296,
      "change_pct": 0.001,
      "trend": "\ud83d\udcc8 UP",
      "predictions": [
        129.3055,
        129.3063,
        129.307,
        129.3082,
        129.3094,
        129.3106,
        129.3117,
        129.3129,
        129.314,
        129.3152,
        129.3163,
        129.3174,
        129.3185,
        129.3196,
        129.3206,
        129.3217,
        129.3227,
        129.3237,
        129.3247,
        129.3257,
        129.3267,
        129.3277,
        129.3287,
        129.3296
      ],
      "metrics": {
        "MAE": 0.004483,
        "RMSE": 0.015412,
        "MAPE": 0.0035,
        "R2": 0.9493
      }
    },
    "USD_UGX": {
      "current": 3681.1587,
      "next_1h": 3681.1208,
      "next_24h": 3680.4211,
      "change_pct": -0.001,
      "trend": "\ud83d\udcc9 DOWN",
      "predictions": [
        3681.1208,
        3681.083,
        3681.0452,
        3681.0146,
        3680.984,
        3680.9534,
        3680.923,
        3680.8927,
        3680.8625,
        3680.8324,
        3680.8024,
        3680.7725,
        3680.7427,
        3680.7129,
        3680.6833,
        3680.6538,
        3680.6244,
        3680.5951,
        3680.5658,
        3680.5367,
        3680.5077,
        3680.4787,
        3680.4499,
        3680.4211
      ],
      "metrics": {
        "MAE": 0.369549,
        "RMSE": 2.003087,
        "MAPE": 0.0101,
        "R2": 0.9618
      }
    },
    "USD_EUR": {
      "current": 0.8735,
      "next_1h": 0.8735,
      "next_24h": 0.8737,
      "change_pct": 0.001,
      "trend": "\ud83d\udcc8 UP",
      "predictions": [
        0.8735,
        0.8735,
        0.8735,
        0.8735,
        0.8735,
        0.8735,
        0.8736,
        0.8736,
        0.8736,
        0.8736,
        0.8736,
        0.8736,
        0.8736,
        0.8736,
        0.8736,
        0.8736,
        0.8737,
        0.8737,
        0.8737,
        0.8737,
        0.8737,
        0.8737,
        0.8737,
        0.8737
      ],
      "metrics": {
        "MAE": 4.8e-05,
        "RMSE": 0.000255,
        "MAPE": 0.0055,
        "R2": 0.9518
      }
    }
  },
  "crypto": {
    "BTC_USD": {
      "current": 63557.0,
      "next_1h": 63567.64,
      "next_24h": 63398.53,
      "change_pct": 0.017,
      "trend": "\ud83d\udcc8 UP",
      "predictions": [
        63567.64,
        63542.95,
        63520.77,
        63515.97,
        63515.97,
        63510.15,
        63502.52,
        63495.49,
        63489.41,
        63483.42,
        63477.18,
        63470.89,
        63464.68,
        63458.53,
        63452.42,
        63446.32,
        63440.24,
        63434.2,
        63428.18,
        63422.2,
        63416.24,
        63410.31,
        63404.4,
        63398.53
      ],
      "metrics": {
        "MAE": 115.352702,
        "RMSE": 159.538861,
        "MAPE": 0.1807,
        "R2": 0.9697
      }
    },
    "ETH_USD": {
      "current": 1851.41,
      "next_1h": 1850.38,
      "next_24h": 1834.09,
      "change_pct": -0.056,
      "trend": "\ud83d\udcc9 DOWN",
      "predictions": [
        1850.38,
        1849.35,
        1848.67,
        1848.12,
        1847.26,
        1846.52,
        1845.81,
        1845.09,
        1844.37,
        1843.66,
        1842.96,
        1842.25,
        1841.55,
        1840.85,
        1840.16,
        1839.47,
        1838.79,
        1838.1,
        1837.43,
        1836.75,
        1836.08,
        1835.41,
        1834.75,
        1834.09
      ],
      "metrics": {
        "MAE": 4.862128,
        "RMSE": 7.518273,
        "MAPE": 0.2634,
        "R2": 0.9802
      }
    },
    "BNB_USD": {
      "current": 571.33,
      "next_1h": 571.29,
      "next_24h": 571.95,
      "change_pct": -0.008,
      "trend": "\ud83d\udcc9 DOWN",
      "predictions": [
        571.29,
        571.29,
        571.33,
        571.38,
        571.4,
        571.43,
        571.46,
        571.49,
        571.52,
        571.55,
        571.58,
        571.61,
        571.64,
        571.67,
        571.7,
        571.73,
        571.76,
        571.78,
        571.81,
        571.84,
        571.87,
        571.9,
        571.93,
        571.95
      ],
      "metrics": {
        "MAE": 0.867589,
        "RMSE": 1.249512,
        "MAPE": 0.1508,
        "R2": 0.9449
      }
    }
  }
}