{
  "generated_at": "2026-07-16 01:13:09",
  "exchange_rates": {
    "USD_TZS": {
      "current": 2605.8011,
      "next_1h": 2606.1116,
      "next_24h": 2611.3197,
      "change_pct": 0.012,
      "trend": "\ud83d\udcc8 UP",
      "predictions": [
        2606.1116,
        2606.4156,
        2606.7131,
        2607.0043,
        2607.2893,
        2607.5683,
        2607.8386,
        2608.1004,
        2608.3539,
        2608.5995,
        2608.8372,
        2609.0674,
        2609.2902,
        2609.506,
        2609.7149,
        2609.9171,
        2610.1129,
        2610.3025,
        2610.486,
        2610.6637,
        2610.8358,
        2611.0023,
        2611.1636,
        2611.3197
      ],
      "metrics": {
        "MAE": 0.483068,
        "RMSE": 1.872531,
        "MAPE": 0.0185,
        "R2": 0.9591
      }
    },
    "USD_KES": {
      "current": 129.2468,
      "next_1h": 129.2484,
      "next_24h": 129.2821,
      "change_pct": 0.001,
      "trend": "\ud83d\udcc8 UP",
      "predictions": [
        129.2484,
        129.25,
        129.2516,
        129.2532,
        129.2548,
        129.2564,
        129.258,
        129.2595,
        129.2611,
        129.2626,
        129.2641,
        129.2656,
        129.267,
        129.2685,
        129.2699,
        129.2713,
        129.2727,
        129.2741,
        129.2755,
        129.2768,
        129.2782,
        129.2795,
        129.2808,
        129.2821
      ],
      "metrics": {
        "MAE": 0.004115,
        "RMSE": 0.014519,
        "MAPE": 0.0032,
        "R2": 0.9113
      }
    },
    "USD_UGX": {
      "current": 3673.063,
      "next_1h": 3673.009,
      "next_24h": 3671.7994,
      "change_pct": -0.001,
      "trend": "\ud83d\udcc9 DOWN",
      "predictions": [
        3673.009,
        3672.955,
        3672.9012,
        3672.8475,
        3672.7938,
        3672.7403,
        3672.6869,
        3672.6336,
        3672.5805,
        3672.5275,
        3672.4747,
        3672.4219,
        3672.3693,
        3672.3169,
        3672.2645,
        3672.2123,
        3672.1603,
        3672.1083,
        3672.0565,
        3672.0048,
        3671.9533,
        3671.9018,
        3671.8506,
        3671.7994
      ],
      "metrics": {
        "MAE": 0.384408,
        "RMSE": 2.322571,
        "MAPE": 0.0105,
        "R2": 0.9489
      }
    },
    "USD_EUR": {
      "current": 0.8758,
      "next_1h": 0.8758,
      "next_24h": 0.8759,
      "change_pct": 0.001,
      "trend": "\ud83d\udcc8 UP",
      "predictions": [
        0.8758,
        0.8758,
        0.8758,
        0.8758,
        0.8758,
        0.8758,
        0.8758,
        0.8758,
        0.8758,
        0.8758,
        0.8758,
        0.8758,
        0.8758,
        0.8758,
        0.8758,
        0.8759,
        0.8759,
        0.8759,
        0.8759,
        0.8759,
        0.8759,
        0.8759,
        0.8759,
        0.8759
      ],
      "metrics": {
        "MAE": 3.7e-05,
        "RMSE": 0.000196,
        "MAPE": 0.0043,
        "R2": 0.9341
      }
    }
  },
  "crypto": {
    "BTC_USD": {
      "current": 64567.0,
      "next_1h": 64568.38,
      "next_24h": 64305.52,
      "change_pct": 0.002,
      "trend": "\ud83d\udcc8 UP",
      "predictions": [
        64568.38,
        64556.64,
        64538.82,
        64520.0,
        64512.39,
        64502.06,
        64490.62,
        64478.84,
        64467.44,
        64456.45,
        64445.39,
        64434.31,
        64423.27,
        64412.31,
        64401.42,
        64390.56,
        64379.76,
        64369.0,
        64358.3,
        64347.64,
        64337.04,
        64326.48,
        64315.98,
        64305.52
      ],
      "metrics": {
        "MAE": 106.050861,
        "RMSE": 149.505776,
        "MAPE": 0.1663,
        "R2": 0.9734
      }
    },
    "ETH_USD": {
      "current": 1914.57,
      "next_1h": 1913.56,
      "next_24h": 1889.58,
      "change_pct": -0.053,
      "trend": "\ud83d\udcc9 DOWN",
      "predictions": [
        1913.56,
        1912.67,
        1911.21,
        1910.34,
        1909.2,
        1908.11,
        1907.03,
        1905.97,
        1904.9,
        1903.84,
        1902.79,
        1901.74,
        1900.7,
        1899.66,
        1898.63,
        1897.6,
        1896.58,
        1895.56,
        1894.55,
        1893.55,
        1892.55,
        1891.56,
        1890.57,
        1889.58
      ],
      "metrics": {
        "MAE": 4.716233,
        "RMSE": 7.527422,
        "MAPE": 0.2574,
        "R2": 0.9768
      }
    },
    "BNB_USD": {
      "current": 578.87,
      "next_1h": 578.87,
      "next_24h": 578.82,
      "change_pct": -0.001,
      "trend": "\ud83d\udcc9 DOWN",
      "predictions": [
        578.87,
        578.9,
        578.81,
        578.84,
        578.84,
        578.84,
        578.84,
        578.84,
        578.84,
        578.83,
        578.83,
        578.83,
        578.83,
        578.83,
        578.83,
        578.83,
        578.83,
        578.83,
        578.83,
        578.83,
        578.82,
        578.82,
        578.82,
        578.82
      ],
      "metrics": {
        "MAE": 0.846475,
        "RMSE": 1.243575,
        "MAPE": 0.1471,
        "R2": 0.9479
      }
    }
  }
}