{
  "generated_at": "2026-06-12 23:38:32",
  "exchange_rates": {
    "USD_TZS": {
      "current": 2614.9186,
      "next_1h": 2614.6086,
      "next_24h": 2608.8388,
      "change_pct": -0.012,
      "trend": "\ud83d\udcc9 DOWN",
      "predictions": [
        2614.6086,
        2614.3018,
        2613.9981,
        2613.6975,
        2613.4,
        2613.1055,
        2612.8177,
        2612.5365,
        2612.2618,
        2611.9935,
        2611.7315,
        2611.4756,
        2611.2258,
        2610.9819,
        2610.7438,
        2610.5113,
        2610.2843,
        2610.0627,
        2609.8463,
        2609.635,
        2609.4288,
        2609.2274,
        2609.0307,
        2608.8388
      ],
      "metrics": {
        "MAE": 0.485982,
        "RMSE": 0.83177,
        "MAPE": 0.0186,
        "R2": 0.858
      }
    },
    "USD_KES": {
      "current": 129.3842,
      "next_1h": 129.3842,
      "next_24h": 129.3847,
      "change_pct": 0.0,
      "trend": "\ud83d\udcc9 DOWN",
      "predictions": [
        129.3842,
        129.3843,
        129.3843,
        129.3843,
        129.3843,
        129.3843,
        129.3844,
        129.3844,
        129.3844,
        129.3844,
        129.3844,
        129.3845,
        129.3845,
        129.3845,
        129.3845,
        129.3845,
        129.3846,
        129.3846,
        129.3846,
        129.3846,
        129.3846,
        129.3847,
        129.3847,
        129.3847
      ],
      "metrics": {
        "MAE": 0.003396,
        "RMSE": 0.014877,
        "MAPE": 0.0026,
        "R2": 0.9346
      }
    },
    "USD_UGX": {
      "current": 3741.39,
      "next_1h": 3741.3636,
      "next_24h": 3740.8534,
      "change_pct": -0.001,
      "trend": "\ud83d\udcc9 DOWN",
      "predictions": [
        3741.3636,
        3741.3374,
        3741.3116,
        3741.2859,
        3741.2605,
        3741.2354,
        3741.2107,
        3741.1865,
        3741.1627,
        3741.1393,
        3741.1164,
        3741.0938,
        3741.0717,
        3741.05,
        3741.0287,
        3741.0077,
        3740.9872,
        3740.967,
        3740.9472,
        3740.9277,
        3740.9086,
        3740.8899,
        3740.8714,
        3740.8534
      ],
      "metrics": {
        "MAE": 0.449459,
        "RMSE": 2.042005,
        "MAPE": 0.012,
        "R2": 0.8681
      }
    },
    "USD_EUR": {
      "current": 0.8657,
      "next_1h": 0.8657,
      "next_24h": 0.8652,
      "change_pct": -0.003,
      "trend": "\ud83d\udcc9 DOWN",
      "predictions": [
        0.8657,
        0.8657,
        0.8657,
        0.8656,
        0.8656,
        0.8656,
        0.8656,
        0.8656,
        0.8655,
        0.8655,
        0.8655,
        0.8655,
        0.8654,
        0.8654,
        0.8654,
        0.8654,
        0.8654,
        0.8653,
        0.8653,
        0.8653,
        0.8653,
        0.8653,
        0.8652,
        0.8652
      ],
      "metrics": {
        "MAE": 0.000115,
        "RMSE": 0.000508,
        "MAPE": 0.0133,
        "R2": 0.9515
      }
    }
  },
  "crypto": {
    "BTC_USD": {
      "current": 63423.0,
      "next_1h": 63289.07,
      "next_24h": 59707.67,
      "change_pct": -0.211,
      "trend": "\ud83d\udcc9 DOWN",
      "predictions": [
        63289.07,
        63144.14,
        63006.16,
        62862.23,
        62716.79,
        62570.35,
        62422.15,
        62272.9,
        62122.38,
        61970.56,
        61817.5,
        61663.16,
        61507.53,
        61350.6,
        61192.37,
        61032.82,
        60871.95,
        60709.73,
        60546.16,
        60381.24,
        60214.93,
        60047.25,
        59878.16,
        59707.67
      ],
      "metrics": {
        "MAE": 377.95357,
        "RMSE": 505.235496,
        "MAPE": 0.6066,
        "R2": 0.8005
      }
    },
    "ETH_USD": {
      "current": 1661.52,
      "next_1h": 1659.01,
      "next_24h": 1594.75,
      "change_pct": -0.151,
      "trend": "\ud83d\udcc9 DOWN",
      "predictions": [
        1659.01,
        1655.96,
        1653.32,
        1650.55,
        1647.83,
        1645.14,
        1642.42,
        1639.7,
        1636.96,
        1634.21,
        1631.46,
        1628.69,
        1625.92,
        1623.13,
        1620.34,
        1617.54,
        1614.72,
        1611.9,
        1609.07,
        1606.22,
        1603.37,
        1600.51,
        1597.64,
        1594.75
      ],
      "metrics": {
        "MAE": 12.603972,
        "RMSE": 17.420711,
        "MAPE": 0.7629,
        "R2": 0.9234
      }
    },
    "BNB_USD": {
      "current": 603.15,
      "next_1h": 603.76,
      "next_24h": 620.37,
      "change_pct": 0.101,
      "trend": "\ud83d\udcc8 UP",
      "predictions": [
        603.76,
        604.38,
        605.06,
        605.83,
        606.64,
        607.44,
        608.24,
        609.05,
        609.84,
        610.63,
        611.41,
        612.17,
        612.92,
        613.66,
        614.39,
        615.1,
        615.8,
        616.49,
        617.17,
        617.83,
        618.48,
        619.12,
        619.75,
        620.37
      ],
      "metrics": {
        "MAE": 3.392042,
        "RMSE": 4.521249,
        "MAPE": 0.5727,
        "R2": 0.8645
      }
    }
  }
}