{
  "generated_at": "2026-03-28 01:00:22",
  "exchange_rates": {
    "USD_TZS": {
      "current": 2579.0945,
      "next_1h": 2579.1284,
      "next_24h": 2582.0606,
      "change_pct": 0.001,
      "trend": "\ud83d\udcc8 UP",
      "predictions": [
        2579.1284,
        2579.4111,
        2579.5772,
        2579.9771,
        2580.1621,
        2580.2871,
        2580.4073,
        2580.5275,
        2580.6422,
        2580.7525,
        2580.8601,
        2580.9653,
        2581.0682,
        2581.1688,
        2581.2672,
        2581.3634,
        2581.4575,
        2581.5495,
        2581.6395,
        2581.7275,
        2581.8136,
        2581.8978,
        2581.9801,
        2582.0606
      ],
      "metrics": {
        "MAE": 0.681223,
        "RMSE": 2.086801,
        "MAPE": 0.0265,
        "R2": 0.9232
      }
    },
    "USD_KES": {
      "current": 129.7657,
      "next_1h": 129.752,
      "next_24h": 129.4754,
      "change_pct": -0.011,
      "trend": "\ud83d\udcc9 DOWN",
      "predictions": [
        129.752,
        129.7269,
        129.7062,
        129.6886,
        129.6724,
        129.6585,
        129.6453,
        129.6323,
        129.6195,
        129.6071,
        129.5952,
        129.5837,
        129.5727,
        129.562,
        129.5518,
        129.542,
        129.5325,
        129.5234,
        129.5146,
        129.5062,
        129.498,
        129.4902,
        129.4826,
        129.4754
      ],
      "metrics": {
        "MAE": 0.021759,
        "RMSE": 0.048772,
        "MAPE": 0.0168,
        "R2": 0.8017
      }
    },
    "USD_UGX": {
      "current": 3724.7379,
      "next_1h": 3724.999,
      "next_24h": 3731.8672,
      "change_pct": 0.007,
      "trend": "\ud83d\udcc8 UP",
      "predictions": [
        3724.999,
        3725.2469,
        3725.5525,
        3725.7947,
        3726.038,
        3726.3629,
        3726.6847,
        3727.0038,
        3727.3216,
        3727.6367,
        3727.9492,
        3728.2601,
        3728.5694,
        3728.8771,
        3729.1833,
        3729.4878,
        3729.7907,
        3730.092,
        3730.3918,
        3730.69,
        3730.9866,
        3731.2817,
        3731.5752,
        3731.8672
      ],
      "metrics": {
        "MAE": 1.023981,
        "RMSE": 4.423099,
        "MAPE": 0.0274,
        "R2": 0.9724
      }
    },
    "USD_EUR": {
      "current": 0.8681,
      "next_1h": 0.8681,
      "next_24h": 0.8679,
      "change_pct": -0.002,
      "trend": "\ud83d\udcc9 DOWN",
      "predictions": [
        0.8681,
        0.8679,
        0.868,
        0.868,
        0.868,
        0.868,
        0.868,
        0.868,
        0.868,
        0.868,
        0.868,
        0.868,
        0.8679,
        0.8679,
        0.8679,
        0.8679,
        0.8679,
        0.8679,
        0.8679,
        0.8679,
        0.8679,
        0.8679,
        0.8679,
        0.8679
      ],
      "metrics": {
        "MAE": 0.000159,
        "RMSE": 0.000443,
        "MAPE": 0.0184,
        "R2": 0.9232
      }
    }
  },
  "crypto": {
    "BTC_USD": {
      "current": 66381.0,
      "next_1h": 66455.28,
      "next_24h": 67854.96,
      "change_pct": 0.112,
      "trend": "\ud83d\udcc8 UP",
      "predictions": [
        66455.28,
        66531.96,
        66594.66,
        66653.53,
        66724.18,
        66792.27,
        66859.48,
        66926.28,
        66991.54,
        67055.32,
        67118.22,
        67180.16,
        67241.17,
        67301.3,
        67360.54,
        67418.88,
        67476.34,
        67532.93,
        67588.67,
        67643.56,
        67697.62,
        67750.87,
        67803.31,
        67854.96
      ],
      "metrics": {
        "MAE": 219.659668,
        "RMSE": 318.159905,
        "MAPE": 0.3174,
        "R2": 0.9657
      }
    },
    "ETH_USD": {
      "current": 1991.12,
      "next_1h": 1993.91,
      "next_24h": 2043.81,
      "change_pct": 0.14,
      "trend": "\ud83d\udcc8 UP",
      "predictions": [
        1993.91,
        1996.66,
        1999.13,
        2001.74,
        2004.25,
        2006.71,
        2009.13,
        2011.51,
        2013.83,
        2016.11,
        2018.35,
        2020.55,
        2022.7,
        2024.81,
        2026.88,
        2028.91,
        2030.9,
        2032.86,
        2034.77,
        2036.65,
        2038.49,
        2040.3,
        2042.07,
        2043.81
      ],
      "metrics": {
        "MAE": 7.651619,
        "RMSE": 11.477801,
        "MAPE": 0.3654,
        "R2": 0.9689
      }
    },
    "BNB_USD": {
      "current": 612.24,
      "next_1h": 613.1,
      "next_24h": 628.39,
      "change_pct": 0.14,
      "trend": "\ud83d\udcc8 UP",
      "predictions": [
        613.1,
        614.05,
        614.83,
        615.6,
        616.44,
        617.19,
        617.93,
        618.65,
        619.36,
        620.05,
        620.73,
        621.4,
        622.05,
        622.69,
        623.31,
        623.93,
        624.53,
        625.11,
        625.69,
        626.25,
        626.8,
        627.34,
        627.87,
        628.39
      ],
      "metrics": {
        "MAE": 1.777858,
        "RMSE": 2.656247,
        "MAPE": 0.2823,
        "R2": 0.9478
      }
    }
  }
}