{
  "generated_at": "2026-07-24 11:13:09",
  "exchange_rates": {
    "USD_TZS": {
      "current": 2631.1729,
      "next_1h": 2630.7533,
      "next_24h": 2623.5749,
      "change_pct": -0.016,
      "trend": "\ud83d\udcc9 DOWN",
      "predictions": [
        2630.7533,
        2630.3417,
        2629.9379,
        2629.5419,
        2629.1534,
        2628.7724,
        2628.4027,
        2628.0439,
        2627.6959,
        2627.3583,
        2627.0309,
        2626.7134,
        2626.4054,
        2626.1068,
        2625.8172,
        2625.5364,
        2625.2641,
        2625.0,
        2624.7439,
        2624.4955,
        2624.2546,
        2624.0211,
        2623.7946,
        2623.5749
      ],
      "metrics": {
        "MAE": 0.449207,
        "RMSE": 1.154125,
        "MAPE": 0.0171,
        "R2": 0.979
      }
    },
    "USD_KES": {
      "current": 129.4349,
      "next_1h": 129.4343,
      "next_24h": 129.4211,
      "change_pct": 0.0,
      "trend": "\ud83d\udcc9 DOWN",
      "predictions": [
        129.4343,
        129.4337,
        129.4331,
        129.4324,
        129.4318,
        129.4312,
        129.4306,
        129.43,
        129.4294,
        129.4288,
        129.4282,
        129.4277,
        129.4271,
        129.4265,
        129.426,
        129.4254,
        129.4248,
        129.4243,
        129.4238,
        129.4232,
        129.4227,
        129.4222,
        129.4216,
        129.4211
      ],
      "metrics": {
        "MAE": 0.002952,
        "RMSE": 0.014487,
        "MAPE": 0.0023,
        "R2": 0.895
      }
    },
    "USD_UGX": {
      "current": 3707.508,
      "next_1h": 3707.388,
      "next_24h": 3704.721,
      "change_pct": -0.003,
      "trend": "\ud83d\udcc9 DOWN",
      "predictions": [
        3707.388,
        3707.2682,
        3707.1487,
        3707.0295,
        3706.9105,
        3706.7917,
        3706.6734,
        3706.5555,
        3706.4379,
        3706.3207,
        3706.204,
        3706.0876,
        3705.9716,
        3705.856,
        3705.7408,
        3705.6259,
        3705.5115,
        3705.3974,
        3705.2837,
        3705.1704,
        3705.0575,
        3704.945,
        3704.8328,
        3704.721
      ],
      "metrics": {
        "MAE": 0.512453,
        "RMSE": 2.623987,
        "MAPE": 0.0139,
        "R2": 0.9617
      }
    },
    "USD_EUR": {
      "current": 0.8782,
      "next_1h": 0.8782,
      "next_24h": 0.8783,
      "change_pct": 0.0,
      "trend": "\ud83d\udcc9 DOWN",
      "predictions": [
        0.8782,
        0.8782,
        0.8782,
        0.8782,
        0.8782,
        0.8782,
        0.8782,
        0.8782,
        0.8782,
        0.8782,
        0.8782,
        0.8782,
        0.8782,
        0.8782,
        0.8782,
        0.8782,
        0.8782,
        0.8783,
        0.8783,
        0.8783,
        0.8783,
        0.8783,
        0.8783,
        0.8783
      ],
      "metrics": {
        "MAE": 4.9e-05,
        "RMSE": 0.00025,
        "MAPE": 0.0056,
        "R2": 0.9619
      }
    }
  },
  "crypto": {
    "BTC_USD": {
      "current": 64947.0,
      "next_1h": 64925.2,
      "next_24h": 64678.84,
      "change_pct": -0.034,
      "trend": "\ud83d\udcc9 DOWN",
      "predictions": [
        64925.2,
        64916.12,
        64906.67,
        64894.6,
        64881.89,
        64870.41,
        64859.54,
        64848.61,
        64837.56,
        64826.54,
        64815.64,
        64804.82,
        64794.04,
        64783.31,
        64772.63,
        64762.0,
        64751.43,
        64740.9,
        64730.43,
        64720.01,
        64709.64,
        64699.33,
        64689.06,
        64678.84
      ],
      "metrics": {
        "MAE": 91.384189,
        "RMSE": 129.082994,
        "MAPE": 0.14,
        "R2": 0.9731
      }
    },
    "ETH_USD": {
      "current": 1879.94,
      "next_1h": 1879.31,
      "next_24h": 1864.45,
      "change_pct": -0.034,
      "trend": "\ud83d\udcc9 DOWN",
      "predictions": [
        1879.31,
        1878.8,
        1878.14,
        1877.39,
        1876.74,
        1876.07,
        1875.4,
        1874.72,
        1874.06,
        1873.4,
        1872.74,
        1872.08,
        1871.43,
        1870.78,
        1870.13,
        1869.49,
        1868.84,
        1868.21,
        1867.57,
        1866.94,
        1866.32,
        1865.69,
        1865.07,
        1864.45
      ],
      "metrics": {
        "MAE": 3.61011,
        "RMSE": 5.081166,
        "MAPE": 0.1903,
        "R2": 0.9749
      }
    },
    "BNB_USD": {
      "current": 565.78,
      "next_1h": 565.85,
      "next_24h": 566.83,
      "change_pct": 0.012,
      "trend": "\ud83d\udcc8 UP",
      "predictions": [
        565.85,
        565.91,
        565.93,
        565.96,
        566.01,
        566.06,
        566.1,
        566.14,
        566.19,
        566.23,
        566.28,
        566.32,
        566.36,
        566.41,
        566.45,
        566.49,
        566.54,
        566.58,
        566.62,
        566.66,
        566.71,
        566.75,
        566.79,
        566.83
      ],
      "metrics": {
        "MAE": 0.658687,
        "RMSE": 0.876671,
        "MAPE": 0.1156,
        "R2": 0.9029
      }
    }
  }
}