{
  "generated_at": "2026-07-19 01:17:12",
  "exchange_rates": {
    "USD_TZS": {
      "current": 2627.1477,
      "next_1h": 2626.8321,
      "next_24h": 2621.7192,
      "change_pct": -0.012,
      "trend": "\ud83d\udcc9 DOWN",
      "predictions": [
        2626.8321,
        2626.5229,
        2626.22,
        2625.9233,
        2625.6326,
        2625.3644,
        2625.1043,
        2624.8521,
        2624.6077,
        2624.3708,
        2624.1412,
        2623.9186,
        2623.7027,
        2623.4933,
        2623.2903,
        2623.0935,
        2622.9027,
        2622.7176,
        2622.5381,
        2622.3641,
        2622.1954,
        2622.0317,
        2621.8731,
        2621.7192
      ],
      "metrics": {
        "MAE": 0.562502,
        "RMSE": 2.126469,
        "MAPE": 0.0215,
        "R2": 0.9526
      }
    },
    "USD_KES": {
      "current": 129.3243,
      "next_1h": 129.3248,
      "next_24h": 129.3358,
      "change_pct": 0.0,
      "trend": "\ud83d\udcc9 DOWN",
      "predictions": [
        129.3248,
        129.3254,
        129.3259,
        129.3264,
        129.3269,
        129.3274,
        129.3279,
        129.3284,
        129.3289,
        129.3294,
        129.3299,
        129.3304,
        129.3308,
        129.3313,
        129.3318,
        129.3323,
        129.3327,
        129.3332,
        129.3336,
        129.3341,
        129.3345,
        129.3349,
        129.3354,
        129.3358
      ],
      "metrics": {
        "MAE": 0.003079,
        "RMSE": 0.012243,
        "MAPE": 0.0024,
        "R2": 0.97
      }
    },
    "USD_UGX": {
      "current": 3666.6571,
      "next_1h": 3666.6976,
      "next_24h": 3667.6708,
      "change_pct": 0.001,
      "trend": "\ud83d\udcc8 UP",
      "predictions": [
        3666.6976,
        3666.7381,
        3666.7785,
        3666.8187,
        3666.8589,
        3666.9031,
        3666.947,
        3666.9908,
        3667.0345,
        3667.078,
        3667.1213,
        3667.1645,
        3667.2075,
        3667.2504,
        3667.2931,
        3667.3357,
        3667.3781,
        3667.4204,
        3667.4625,
        3667.5045,
        3667.5463,
        3667.5879,
        3667.6294,
        3667.6708
      ],
      "metrics": {
        "MAE": 0.363181,
        "RMSE": 1.854523,
        "MAPE": 0.0099,
        "R2": 0.9682
      }
    },
    "USD_EUR": {
      "current": 0.8745,
      "next_1h": 0.8745,
      "next_24h": 0.8746,
      "change_pct": 0.001,
      "trend": "\ud83d\udcc8 UP",
      "predictions": [
        0.8745,
        0.8745,
        0.8745,
        0.8745,
        0.8745,
        0.8745,
        0.8745,
        0.8745,
        0.8745,
        0.8745,
        0.8745,
        0.8745,
        0.8745,
        0.8746,
        0.8746,
        0.8746,
        0.8746,
        0.8746,
        0.8746,
        0.8746,
        0.8746,
        0.8746,
        0.8746,
        0.8746
      ],
      "metrics": {
        "MAE": 4.2e-05,
        "RMSE": 0.000241,
        "MAPE": 0.0048,
        "R2": 0.9667
      }
    }
  },
  "crypto": {
    "BTC_USD": {
      "current": 64734.0,
      "next_1h": 64722.69,
      "next_24h": 64445.53,
      "change_pct": -0.017,
      "trend": "\ud83d\udcc9 DOWN",
      "predictions": [
        64722.69,
        64714.83,
        64702.32,
        64687.63,
        64675.09,
        64662.69,
        64650.35,
        64637.82,
        64625.3,
        64612.92,
        64600.61,
        64588.35,
        64576.14,
        64563.98,
        64551.89,
        64539.85,
        64527.87,
        64515.94,
        64504.07,
        64492.25,
        64480.49,
        64468.78,
        64457.13,
        64445.53
      ],
      "metrics": {
        "MAE": 107.925593,
        "RMSE": 157.36891,
        "MAPE": 0.1689,
        "R2": 0.9678
      }
    },
    "ETH_USD": {
      "current": 1858.94,
      "next_1h": 1858.26,
      "next_24h": 1841.33,
      "change_pct": -0.037,
      "trend": "\ud83d\udcc9 DOWN",
      "predictions": [
        1858.26,
        1857.44,
        1856.63,
        1855.89,
        1855.12,
        1854.35,
        1853.6,
        1852.85,
        1852.1,
        1851.35,
        1850.61,
        1849.88,
        1849.14,
        1848.41,
        1847.69,
        1846.97,
        1846.25,
        1845.54,
        1844.83,
        1844.12,
        1843.42,
        1842.72,
        1842.02,
        1841.33
      ],
      "metrics": {
        "MAE": 4.422508,
        "RMSE": 6.817561,
        "MAPE": 0.2383,
        "R2": 0.9762
      }
    },
    "BNB_USD": {
      "current": 570.26,
      "next_1h": 570.31,
      "next_24h": 570.96,
      "change_pct": 0.009,
      "trend": "\ud83d\udcc8 UP",
      "predictions": [
        570.31,
        570.35,
        570.37,
        570.39,
        570.42,
        570.45,
        570.48,
        570.51,
        570.54,
        570.57,
        570.6,
        570.63,
        570.65,
        570.68,
        570.71,
        570.74,
        570.77,
        570.79,
        570.82,
        570.85,
        570.88,
        570.9,
        570.93,
        570.96
      ],
      "metrics": {
        "MAE": 0.855671,
        "RMSE": 1.187771,
        "MAPE": 0.1494,
        "R2": 0.9637
      }
    }
  }
}