{
  "generated_at": "2026-07-19 20:17:11",
  "exchange_rates": {
    "USD_TZS": {
      "current": 2627.1477,
      "next_1h": 2626.862,
      "next_24h": 2621.9799,
      "change_pct": -0.011,
      "trend": "\ud83d\udcc9 DOWN",
      "predictions": [
        2626.862,
        2626.5819,
        2626.3075,
        2626.0386,
        2625.775,
        2625.5167,
        2625.266,
        2625.0227,
        2624.7865,
        2624.5573,
        2624.3349,
        2624.1192,
        2623.9098,
        2623.7067,
        2623.5096,
        2623.3184,
        2623.1329,
        2622.9529,
        2622.7782,
        2622.6088,
        2622.4444,
        2622.2848,
        2622.1301,
        2621.9799
      ],
      "metrics": {
        "MAE": 0.544322,
        "RMSE": 2.099106,
        "MAPE": 0.0208,
        "R2": 0.9541
      }
    },
    "USD_KES": {
      "current": 129.3243,
      "next_1h": 129.3248,
      "next_24h": 129.3352,
      "change_pct": 0.0,
      "trend": "\ud83d\udcc9 DOWN",
      "predictions": [
        129.3248,
        129.3253,
        129.3258,
        129.3263,
        129.3268,
        129.3273,
        129.3278,
        129.3282,
        129.3287,
        129.3292,
        129.3296,
        129.3301,
        129.3305,
        129.331,
        129.3314,
        129.3319,
        129.3323,
        129.3327,
        129.3331,
        129.3336,
        129.334,
        129.3344,
        129.3348,
        129.3352
      ],
      "metrics": {
        "MAE": 0.002792,
        "RMSE": 0.012043,
        "MAPE": 0.0022,
        "R2": 0.9689
      }
    },
    "USD_UGX": {
      "current": 3666.6571,
      "next_1h": 3666.6806,
      "next_24h": 3667.2023,
      "change_pct": 0.001,
      "trend": "\ud83d\udcc8 UP",
      "predictions": [
        3666.6806,
        3666.704,
        3666.7274,
        3666.7508,
        3666.7741,
        3666.7973,
        3666.8205,
        3666.8435,
        3666.8666,
        3666.8895,
        3666.9123,
        3666.9351,
        3666.9578,
        3666.9804,
        3667.0029,
        3667.0254,
        3667.0478,
        3667.0701,
        3667.0923,
        3667.1145,
        3667.1366,
        3667.1586,
        3667.1805,
        3667.2023
      ],
      "metrics": {
        "MAE": 0.289847,
        "RMSE": 1.655118,
        "MAPE": 0.0079,
        "R2": 0.9736
      }
    },
    "USD_EUR": {
      "current": 0.8745,
      "next_1h": 0.8745,
      "next_24h": 0.8746,
      "change_pct": 0.001,
      "trend": "\ud83d\udcc8 UP",
      "predictions": [
        0.8745,
        0.8745,
        0.8745,
        0.8745,
        0.8745,
        0.8745,
        0.8745,
        0.8745,
        0.8745,
        0.8745,
        0.8746,
        0.8746,
        0.8746,
        0.8746,
        0.8746,
        0.8746,
        0.8746,
        0.8746,
        0.8746,
        0.8746,
        0.8746,
        0.8746,
        0.8746,
        0.8746
      ],
      "metrics": {
        "MAE": 3.9e-05,
        "RMSE": 0.000233,
        "MAPE": 0.0044,
        "R2": 0.969
      }
    }
  },
  "crypto": {
    "BTC_USD": {
      "current": 64468.0,
      "next_1h": 64449.17,
      "next_24h": 64191.1,
      "change_pct": -0.029,
      "trend": "\ud83d\udcc9 DOWN",
      "predictions": [
        64449.17,
        64431.29,
        64417.12,
        64406.84,
        64399.0,
        64387.28,
        64375.47,
        64364.05,
        64352.97,
        64341.95,
        64330.82,
        64319.74,
        64308.74,
        64297.8,
        64286.91,
        64276.06,
        64265.27,
        64254.52,
        64243.83,
        64233.19,
        64222.59,
        64212.05,
        64201.55,
        64191.1
      ],
      "metrics": {
        "MAE": 100.537138,
        "RMSE": 150.993684,
        "MAPE": 0.1567,
        "R2": 0.9458
      }
    },
    "ETH_USD": {
      "current": 1863.15,
      "next_1h": 1862.35,
      "next_24h": 1845.06,
      "change_pct": -0.043,
      "trend": "\ud83d\udcc9 DOWN",
      "predictions": [
        1862.35,
        1861.32,
        1860.5,
        1859.78,
        1858.94,
        1858.17,
        1857.41,
        1856.66,
        1855.9,
        1855.15,
        1854.41,
        1853.66,
        1852.93,
        1852.19,
        1851.46,
        1850.74,
        1850.01,
        1849.29,
        1848.58,
        1847.87,
        1847.16,
        1846.46,
        1845.76,
        1845.06
      ],
      "metrics": {
        "MAE": 4.210792,
        "RMSE": 6.613928,
        "MAPE": 0.2254,
        "R2": 0.9583
      }
    },
    "BNB_USD": {
      "current": 568.16,
      "next_1h": 568.2,
      "next_24h": 569.01,
      "change_pct": 0.007,
      "trend": "\ud83d\udcc8 UP",
      "predictions": [
        568.2,
        568.23,
        568.28,
        568.33,
        568.36,
        568.39,
        568.43,
        568.46,
        568.5,
        568.53,
        568.57,
        568.6,
        568.64,
        568.67,
        568.71,
        568.74,
        568.78,
        568.81,
        568.84,
        568.88,
        568.91,
        568.94,
        568.98,
        569.01
      ],
      "metrics": {
        "MAE": 0.813621,
        "RMSE": 1.148037,
        "MAPE": 0.142,
        "R2": 0.9633
      }
    }
  }
}