{
  "generated_at": "2026-07-03 18:41:36",
  "exchange_rates": {
    "USD_TZS": {
      "current": 2621.5058,
      "next_1h": 2621.284,
      "next_24h": 2617.063,
      "change_pct": -0.008,
      "trend": "\ud83d\udcc9 DOWN",
      "predictions": [
        2621.284,
        2621.0643,
        2620.8468,
        2620.6314,
        2620.4182,
        2620.2071,
        2620.0002,
        2619.7974,
        2619.5988,
        2619.4041,
        2619.2134,
        2619.0267,
        2618.8437,
        2618.6646,
        2618.4891,
        2618.3172,
        2618.1488,
        2617.9838,
        2617.8223,
        2617.6641,
        2617.5091,
        2617.3573,
        2617.2086,
        2617.063
      ],
      "metrics": {
        "MAE": 0.772259,
        "RMSE": 2.995235,
        "MAPE": 0.0295,
        "R2": 0.8807
      }
    },
    "USD_KES": {
      "current": 129.2535,
      "next_1h": 129.2569,
      "next_24h": 129.3219,
      "change_pct": 0.003,
      "trend": "\ud83d\udcc8 UP",
      "predictions": [
        129.2569,
        129.2602,
        129.2635,
        129.2668,
        129.27,
        129.2732,
        129.2764,
        129.2795,
        129.2825,
        129.2855,
        129.2885,
        129.2913,
        129.2942,
        129.2969,
        129.2996,
        129.3023,
        129.3049,
        129.3075,
        129.31,
        129.3125,
        129.3149,
        129.3173,
        129.3196,
        129.3219
      ],
      "metrics": {
        "MAE": 0.005394,
        "RMSE": 0.022266,
        "MAPE": 0.0042,
        "R2": 0.9266
      }
    },
    "USD_UGX": {
      "current": 3644.8929,
      "next_1h": 3644.8019,
      "next_24h": 3642.74,
      "change_pct": -0.002,
      "trend": "\ud83d\udcc9 DOWN",
      "predictions": [
        3644.8019,
        3644.7111,
        3644.6204,
        3644.5299,
        3644.4395,
        3644.3494,
        3644.2593,
        3644.1692,
        3644.0793,
        3643.9894,
        3643.8997,
        3643.81,
        3643.7204,
        3643.6308,
        3643.5414,
        3643.452,
        3643.3627,
        3643.2735,
        3643.1844,
        3643.0954,
        3643.0064,
        3642.9175,
        3642.8287,
        3642.74
      ],
      "metrics": {
        "MAE": 1.01472,
        "RMSE": 4.288318,
        "MAPE": 0.0277,
        "R2": 0.8901
      }
    },
    "USD_EUR": {
      "current": 0.8754,
      "next_1h": 0.8754,
      "next_24h": 0.8768,
      "change_pct": 0.007,
      "trend": "\ud83d\udcc8 UP",
      "predictions": [
        0.8754,
        0.8755,
        0.8755,
        0.8756,
        0.8756,
        0.8757,
        0.8758,
        0.8758,
        0.8759,
        0.8759,
        0.876,
        0.8761,
        0.8761,
        0.8762,
        0.8762,
        0.8763,
        0.8764,
        0.8764,
        0.8765,
        0.8765,
        0.8766,
        0.8767,
        0.8767,
        0.8768
      ],
      "metrics": {
        "MAE": 0.000159,
        "RMSE": 0.000476,
        "MAPE": 0.0181,
        "R2": 0.9105
      }
    }
  },
  "crypto": {
    "BTC_USD": {
      "current": 62100.0,
      "next_1h": 62085.01,
      "next_24h": 61658.49,
      "change_pct": -0.024,
      "trend": "\ud83d\udcc9 DOWN",
      "predictions": [
        62085.01,
        62070.85,
        62063.4,
        62050.59,
        62033.39,
        62013.25,
        61993.9,
        61975.02,
        61955.52,
        61935.56,
        61915.52,
        61895.62,
        61875.77,
        61855.87,
        61835.97,
        61816.1,
        61796.29,
        61776.5,
        61756.74,
        61737.02,
        61717.34,
        61697.69,
        61678.07,
        61658.49
      ],
      "metrics": {
        "MAE": 255.140881,
        "RMSE": 380.203362,
        "MAPE": 0.4256,
        "R2": 0.8134
      }
    },
    "ETH_USD": {
      "current": 1736.15,
      "next_1h": 1734.84,
      "next_24h": 1718.95,
      "change_pct": -0.076,
      "trend": "\ud83d\udcc9 DOWN",
      "predictions": [
        1734.84,
        1734.06,
        1733.19,
        1732.8,
        1731.98,
        1731.26,
        1730.57,
        1729.89,
        1729.18,
        1728.49,
        1727.8,
        1727.11,
        1726.42,
        1725.73,
        1725.04,
        1724.36,
        1723.68,
        1723.0,
        1722.32,
        1721.64,
        1720.97,
        1720.29,
        1719.62,
        1718.95
      ],
      "metrics": {
        "MAE": 8.433569,
        "RMSE": 12.920417,
        "MAPE": 0.5268,
        "R2": 0.9147
      }
    },
    "BNB_USD": {
      "current": 567.71,
      "next_1h": 567.71,
      "next_24h": 568.28,
      "change_pct": 0.001,
      "trend": "\ud83d\udcc8 UP",
      "predictions": [
        567.71,
        567.82,
        567.92,
        567.98,
        567.99,
        568.01,
        568.03,
        568.05,
        568.06,
        568.08,
        568.09,
        568.11,
        568.12,
        568.14,
        568.15,
        568.17,
        568.18,
        568.19,
        568.21,
        568.22,
        568.24,
        568.25,
        568.27,
        568.28
      ],
      "metrics": {
        "MAE": 2.080948,
        "RMSE": 2.97701,
        "MAPE": 0.3743,
        "R2": 0.8197
      }
    }
  }
}