{
  "generated_at": "2026-04-27 18:39:22",
  "exchange_rates": {
    "USD_TZS": {
      "current": 2602.6561,
      "next_1h": 2602.544,
      "next_24h": 2600.3982,
      "change_pct": -0.004,
      "trend": "\ud83d\udcc9 DOWN",
      "predictions": [
        2602.544,
        2602.4332,
        2602.3237,
        2602.2156,
        2602.1088,
        2602.0033,
        2601.8997,
        2601.7979,
        2601.6979,
        2601.5998,
        2601.5034,
        2601.4088,
        2601.3159,
        2601.2246,
        2601.135,
        2601.0471,
        2600.9607,
        2600.8759,
        2600.7926,
        2600.7108,
        2600.6305,
        2600.5516,
        2600.4742,
        2600.3982
      ],
      "metrics": {
        "MAE": 0.708991,
        "RMSE": 3.786977,
        "MAPE": 0.0273,
        "R2": 0.8688
      }
    },
    "USD_KES": {
      "current": 129.3716,
      "next_1h": 129.3708,
      "next_24h": 129.3537,
      "change_pct": -0.001,
      "trend": "\ud83d\udcc9 DOWN",
      "predictions": [
        129.3708,
        129.3701,
        129.3693,
        129.3685,
        129.3678,
        129.367,
        129.3663,
        129.3655,
        129.3648,
        129.364,
        129.3633,
        129.3626,
        129.3618,
        129.3611,
        129.3603,
        129.3596,
        129.3589,
        129.3581,
        129.3574,
        129.3566,
        129.3559,
        129.3552,
        129.3545,
        129.3537
      ],
      "metrics": {
        "MAE": 0.003738,
        "RMSE": 0.019107,
        "MAPE": 0.0029,
        "R2": 0.9613
      }
    },
    "USD_UGX": {
      "current": 3694.1174,
      "next_1h": 3694.2905,
      "next_24h": 3698.0157,
      "change_pct": 0.005,
      "trend": "\ud83d\udcc8 UP",
      "predictions": [
        3694.2905,
        3694.463,
        3694.635,
        3694.8064,
        3694.9774,
        3695.1478,
        3695.3171,
        3695.4851,
        3695.652,
        3695.8176,
        3695.9821,
        3696.1454,
        3696.3075,
        3696.4684,
        3696.6282,
        3696.7869,
        3696.9444,
        3697.1008,
        3697.256,
        3697.4102,
        3697.5632,
        3697.7151,
        3697.866,
        3698.0157
      ],
      "metrics": {
        "MAE": 0.610273,
        "RMSE": 3.104365,
        "MAPE": 0.0165,
        "R2": 0.8642
      }
    },
    "USD_EUR": {
      "current": 0.8542,
      "next_1h": 0.8542,
      "next_24h": 0.8537,
      "change_pct": -0.003,
      "trend": "\ud83d\udcc9 DOWN",
      "predictions": [
        0.8542,
        0.8542,
        0.8542,
        0.8541,
        0.8541,
        0.8541,
        0.8541,
        0.8541,
        0.854,
        0.854,
        0.854,
        0.854,
        0.8539,
        0.8539,
        0.8539,
        0.8539,
        0.8539,
        0.8538,
        0.8538,
        0.8538,
        0.8538,
        0.8538,
        0.8537,
        0.8537
      ],
      "metrics": {
        "MAE": 7.6e-05,
        "RMSE": 0.000332,
        "MAPE": 0.0089,
        "R2": 0.973
      }
    }
  },
  "crypto": {
    "BTC_USD": {
      "current": 76723.0,
      "next_1h": 76776.8,
      "next_24h": 76596.7,
      "change_pct": 0.07,
      "trend": "\ud83d\udcc8 UP",
      "predictions": [
        76776.8,
        76714.79,
        76661.12,
        76685.1,
        76661.94,
        76662.59,
        76658.96,
        76648.69,
        76648.74,
        76643.52,
        76639.99,
        76637.19,
        76632.97,
        76629.97,
        76626.52,
        76623.07,
        76619.86,
        76616.44,
        76613.15,
        76609.85,
        76606.53,
        76603.26,
        76599.97,
        76596.7
      ],
      "metrics": {
        "MAE": 218.578929,
        "RMSE": 326.094038,
        "MAPE": 0.282,
        "R2": 0.8506
      }
    },
    "ETH_USD": {
      "current": 2288.55,
      "next_1h": 2290.96,
      "next_24h": 2281.59,
      "change_pct": 0.105,
      "trend": "\ud83d\udcc8 UP",
      "predictions": [
        2290.96,
        2288.65,
        2286.78,
        2288.03,
        2287.24,
        2287.13,
        2286.86,
        2286.29,
        2286.14,
        2285.78,
        2285.47,
        2285.18,
        2284.84,
        2284.55,
        2284.25,
        2283.94,
        2283.64,
        2283.34,
        2283.04,
        2282.75,
        2282.46,
        2282.17,
        2281.88,
        2281.59
      ],
      "metrics": {
        "MAE": 7.631721,
        "RMSE": 11.798746,
        "MAPE": 0.3268,
        "R2": 0.8466
      }
    },
    "BNB_USD": {
      "current": 622.93,
      "next_1h": 623.28,
      "next_24h": 618.88,
      "change_pct": 0.056,
      "trend": "\ud83d\udcc8 UP",
      "predictions": [
        623.28,
        622.74,
        622.36,
        622.37,
        622.09,
        621.95,
        621.76,
        621.53,
        621.37,
        621.17,
        620.99,
        620.82,
        620.64,
        620.47,
        620.29,
        620.13,
        619.96,
        619.8,
        619.64,
        619.48,
        619.33,
        619.17,
        619.02,
        618.88
      ],
      "metrics": {
        "MAE": 1.460182,
        "RMSE": 2.045319,
        "MAPE": 0.2299,
        "R2": 0.8459
      }
    }
  }
}