{
  "generated_at": "2026-03-23 08:00:24",
  "exchange_rates": {
    "USD_TZS": {
      "current": 2590.0332,
      "next_1h": 2589.9121,
      "next_24h": 2587.6945,
      "change_pct": -0.005,
      "trend": "\ud83d\udcc9 DOWN",
      "predictions": [
        2589.9121,
        2589.7945,
        2589.6782,
        2589.5639,
        2589.4491,
        2589.3359,
        2589.2254,
        2589.1173,
        2589.0118,
        2588.9086,
        2588.8078,
        2588.7095,
        2588.6134,
        2588.5196,
        2588.428,
        2588.3385,
        2588.2511,
        2588.1658,
        2588.0825,
        2588.0012,
        2587.9218,
        2587.8442,
        2587.7685,
        2587.6945
      ],
      "metrics": {
        "MAE": 0.272688,
        "RMSE": 0.858828,
        "MAPE": 0.0105,
        "R2": 0.9169
      }
    },
    "USD_KES": {
      "current": 129.1603,
      "next_1h": 129.1666,
      "next_24h": 129.2452,
      "change_pct": 0.005,
      "trend": "\ud83d\udcc8 UP",
      "predictions": [
        129.1666,
        129.1735,
        129.1794,
        129.1846,
        129.1894,
        129.1937,
        129.1978,
        129.2018,
        129.2057,
        129.2093,
        129.2128,
        129.2161,
        129.2193,
        129.2223,
        129.2251,
        129.2278,
        129.2304,
        129.2328,
        129.2351,
        129.2373,
        129.2394,
        129.2414,
        129.2433,
        129.2452
      ],
      "metrics": {
        "MAE": 0.015034,
        "RMSE": 0.033951,
        "MAPE": 0.0116,
        "R2": 0.8928
      }
    },
    "USD_UGX": {
      "current": 3776.0425,
      "next_1h": 3776.1514,
      "next_24h": 3778.4017,
      "change_pct": 0.003,
      "trend": "\ud83d\udcc8 UP",
      "predictions": [
        3776.1514,
        3776.2584,
        3776.3634,
        3776.4674,
        3776.5695,
        3776.6699,
        3776.7698,
        3776.8694,
        3776.9685,
        3777.0672,
        3777.1654,
        3777.2632,
        3777.3605,
        3777.4574,
        3777.5538,
        3777.6498,
        3777.7453,
        3777.8404,
        3777.935,
        3778.0292,
        3778.123,
        3778.2163,
        3778.3092,
        3778.4017
      ],
      "metrics": {
        "MAE": 0.164774,
        "RMSE": 0.399398,
        "MAPE": 0.0044,
        "R2": 0.8953
      }
    },
    "USD_EUR": {
      "current": 0.865,
      "next_1h": 0.8651,
      "next_24h": 0.8662,
      "change_pct": 0.007,
      "trend": "\ud83d\udcc8 UP",
      "predictions": [
        0.8651,
        0.8652,
        0.8652,
        0.8653,
        0.8653,
        0.8654,
        0.8654,
        0.8655,
        0.8656,
        0.8656,
        0.8657,
        0.8657,
        0.8657,
        0.8658,
        0.8658,
        0.8659,
        0.8659,
        0.866,
        0.866,
        0.8661,
        0.8661,
        0.8661,
        0.8662,
        0.8662
      ],
      "metrics": {
        "MAE": 7.3e-05,
        "RMSE": 0.000136,
        "MAPE": 0.0085,
        "R2": 0.9156
      }
    }
  },
  "crypto": {
    "BTC_USD": {
      "current": 68304.0,
      "next_1h": 68340.35,
      "next_24h": 69277.91,
      "change_pct": 0.053,
      "trend": "\ud83d\udcc8 UP",
      "predictions": [
        68340.35,
        68393.66,
        68453.54,
        68506.5,
        68541.9,
        68585.91,
        68628.85,
        68671.51,
        68713.89,
        68755.68,
        68796.67,
        68837.06,
        68876.84,
        68916.04,
        68954.67,
        68992.74,
        69030.25,
        69067.22,
        69103.64,
        69139.53,
        69174.89,
        69209.74,
        69244.08,
        69277.91
      ],
      "metrics": {
        "MAE": 210.330905,
        "RMSE": 316.386356,
        "MAPE": 0.3039,
        "R2": 0.9019
      }
    },
    "ETH_USD": {
      "current": 2044.42,
      "next_1h": 2044.64,
      "next_24h": 2076.62,
      "change_pct": 0.011,
      "trend": "\ud83d\udcc8 UP",
      "predictions": [
        2044.64,
        2045.83,
        2046.72,
        2047.44,
        2049.33,
        2050.89,
        2052.49,
        2054.09,
        2055.68,
        2057.28,
        2058.84,
        2060.37,
        2061.88,
        2063.35,
        2064.8,
        2066.22,
        2067.62,
        2068.98,
        2070.32,
        2071.63,
        2072.92,
        2074.18,
        2075.41,
        2076.62
      ],
      "metrics": {
        "MAE": 7.981883,
        "RMSE": 12.308353,
        "MAPE": 0.3798,
        "R2": 0.9003
      }
    },
    "BNB_USD": {
      "current": 624.26,
      "next_1h": 625.42,
      "next_24h": 638.4,
      "change_pct": 0.186,
      "trend": "\ud83d\udcc8 UP",
      "predictions": [
        625.42,
        625.9,
        626.72,
        627.42,
        628.09,
        628.75,
        629.4,
        630.03,
        630.65,
        631.25,
        631.84,
        632.42,
        632.98,
        633.53,
        634.07,
        634.6,
        635.11,
        635.61,
        636.11,
        636.59,
        637.05,
        637.51,
        637.96,
        638.4
      ],
      "metrics": {
        "MAE": 1.532585,
        "RMSE": 2.465951,
        "MAPE": 0.2419,
        "R2": 0.8618
      }
    }
  }
}