{
  "generated_at": "2026-07-11 12:43:15",
  "exchange_rates": {
    "USD_TZS": {
      "current": 2626.6457,
      "next_1h": 2626.2737,
      "next_24h": 2620.1391,
      "change_pct": -0.014,
      "trend": "\ud83d\udcc9 DOWN",
      "predictions": [
        2626.2737,
        2625.91,
        2625.5543,
        2625.2065,
        2624.8663,
        2624.5337,
        2624.2121,
        2623.9012,
        2623.6007,
        2623.3103,
        2623.0297,
        2622.7585,
        2622.4966,
        2622.2435,
        2621.999,
        2621.7627,
        2621.5345,
        2621.314,
        2621.1009,
        2620.8951,
        2620.6962,
        2620.5041,
        2620.3184,
        2620.1391
      ],
      "metrics": {
        "MAE": 0.362653,
        "RMSE": 0.600538,
        "MAPE": 0.0138,
        "R2": 0.8427
      }
    },
    "USD_KES": {
      "current": 129.1819,
      "next_1h": 129.1863,
      "next_24h": 129.2732,
      "change_pct": 0.003,
      "trend": "\ud83d\udcc8 UP",
      "predictions": [
        129.1863,
        129.1907,
        129.1951,
        129.1994,
        129.2037,
        129.208,
        129.2122,
        129.2163,
        129.2203,
        129.2243,
        129.2282,
        129.232,
        129.2358,
        129.2395,
        129.2431,
        129.2467,
        129.2502,
        129.2537,
        129.2571,
        129.2604,
        129.2637,
        129.2669,
        129.2701,
        129.2732
      ],
      "metrics": {
        "MAE": 0.007047,
        "RMSE": 0.020927,
        "MAPE": 0.0055,
        "R2": 0.9203
      }
    },
    "USD_UGX": {
      "current": 3659.1295,
      "next_1h": 3659.0695,
      "next_24h": 3657.7207,
      "change_pct": -0.002,
      "trend": "\ud83d\udcc9 DOWN",
      "predictions": [
        3659.0695,
        3659.0097,
        3658.95,
        3658.8904,
        3658.831,
        3658.7716,
        3658.7123,
        3658.6532,
        3658.5941,
        3658.5352,
        3658.4763,
        3658.4176,
        3658.359,
        3658.3004,
        3658.242,
        3658.1837,
        3658.1254,
        3658.0673,
        3658.0093,
        3657.9513,
        3657.8935,
        3657.8358,
        3657.7782,
        3657.7207
      ],
      "metrics": {
        "MAE": 0.936704,
        "RMSE": 4.052724,
        "MAPE": 0.0257,
        "R2": 0.9019
      }
    },
    "USD_EUR": {
      "current": 0.8756,
      "next_1h": 0.8756,
      "next_24h": 0.8759,
      "change_pct": 0.002,
      "trend": "\ud83d\udcc8 UP",
      "predictions": [
        0.8756,
        0.8756,
        0.8756,
        0.8756,
        0.8756,
        0.8757,
        0.8757,
        0.8757,
        0.8757,
        0.8757,
        0.8757,
        0.8757,
        0.8757,
        0.8758,
        0.8758,
        0.8758,
        0.8758,
        0.8758,
        0.8758,
        0.8758,
        0.8759,
        0.8759,
        0.8759,
        0.8759
      ],
      "metrics": {
        "MAE": 7.2e-05,
        "RMSE": 0.00032,
        "MAPE": 0.0082,
        "R2": 0.8992
      }
    }
  },
  "crypto": {
    "BTC_USD": {
      "current": 64087.0,
      "next_1h": 64074.34,
      "next_24h": 63803.27,
      "change_pct": -0.02,
      "trend": "\ud83d\udcc9 DOWN",
      "predictions": [
        64074.34,
        64065.98,
        64056.44,
        64043.68,
        64029.11,
        64016.76,
        64004.76,
        63992.63,
        63980.33,
        63968.08,
        63955.97,
        63943.93,
        63931.92,
        63919.96,
        63908.06,
        63896.21,
        63884.41,
        63872.66,
        63860.97,
        63849.33,
        63837.73,
        63826.19,
        63814.71,
        63803.27
      ],
      "metrics": {
        "MAE": 110.780093,
        "RMSE": 158.368351,
        "MAPE": 0.1757,
        "R2": 0.9622
      }
    },
    "ETH_USD": {
      "current": 1797.38,
      "next_1h": 1796.73,
      "next_24h": 1783.74,
      "change_pct": -0.036,
      "trend": "\ud83d\udcc9 DOWN",
      "predictions": [
        1796.73,
        1796.18,
        1795.57,
        1794.94,
        1794.36,
        1793.78,
        1793.2,
        1792.62,
        1792.04,
        1791.47,
        1790.9,
        1790.33,
        1789.76,
        1789.2,
        1788.64,
        1788.09,
        1787.54,
        1786.99,
        1786.44,
        1785.89,
        1785.35,
        1784.81,
        1784.28,
        1783.74
      ],
      "metrics": {
        "MAE": 3.827675,
        "RMSE": 5.69287,
        "MAPE": 0.2174,
        "R2": 0.9485
      }
    },
    "BNB_USD": {
      "current": 578.47,
      "next_1h": 578.49,
      "next_24h": 578.76,
      "change_pct": 0.003,
      "trend": "\ud83d\udcc8 UP",
      "predictions": [
        578.49,
        578.51,
        578.56,
        578.53,
        578.55,
        578.56,
        578.57,
        578.58,
        578.6,
        578.61,
        578.62,
        578.63,
        578.64,
        578.65,
        578.66,
        578.67,
        578.68,
        578.69,
        578.71,
        578.72,
        578.73,
        578.74,
        578.75,
        578.76
      ],
      "metrics": {
        "MAE": 0.950635,
        "RMSE": 1.322739,
        "MAPE": 0.1663,
        "R2": 0.9379
      }
    }
  }
}