{
  "generated_at": "2026-07-15 06:17:11",
  "exchange_rates": {
    "USD_TZS": {
      "current": 2605.8011,
      "next_1h": 2606.1091,
      "next_24h": 2611.2588,
      "change_pct": 0.012,
      "trend": "\ud83d\udcc8 UP",
      "predictions": [
        2606.1091,
        2606.4106,
        2606.7056,
        2606.9942,
        2607.2768,
        2607.5532,
        2607.821,
        2608.0802,
        2608.3312,
        2608.5742,
        2608.8093,
        2609.0369,
        2609.2572,
        2609.4704,
        2609.6767,
        2609.8764,
        2610.0696,
        2610.2566,
        2610.4376,
        2610.6128,
        2610.7823,
        2610.9464,
        2611.1051,
        2611.2588
      ],
      "metrics": {
        "MAE": 0.487311,
        "RMSE": 1.887563,
        "MAPE": 0.0186,
        "R2": 0.9458
      }
    },
    "USD_KES": {
      "current": 129.2468,
      "next_1h": 129.2488,
      "next_24h": 129.2904,
      "change_pct": 0.002,
      "trend": "\ud83d\udcc8 UP",
      "predictions": [
        129.2488,
        129.2508,
        129.2528,
        129.2549,
        129.2568,
        129.2588,
        129.2608,
        129.2627,
        129.2646,
        129.2665,
        129.2684,
        129.2702,
        129.272,
        129.2738,
        129.2755,
        129.2773,
        129.279,
        129.2807,
        129.2824,
        129.284,
        129.2856,
        129.2872,
        129.2888,
        129.2904
      ],
      "metrics": {
        "MAE": 0.004906,
        "RMSE": 0.015175,
        "MAPE": 0.0038,
        "R2": 0.901
      }
    },
    "USD_UGX": {
      "current": 3673.063,
      "next_1h": 3673.066,
      "next_24h": 3673.1319,
      "change_pct": 0.0,
      "trend": "\ud83d\udcc9 DOWN",
      "predictions": [
        3673.066,
        3673.0689,
        3673.0719,
        3673.0748,
        3673.0778,
        3673.0807,
        3673.0836,
        3673.0865,
        3673.0894,
        3673.0923,
        3673.0952,
        3673.0981,
        3673.101,
        3673.1038,
        3673.1067,
        3673.1095,
        3673.1123,
        3673.1152,
        3673.118,
        3673.1208,
        3673.1236,
        3673.1264,
        3673.1291,
        3673.1319
      ],
      "metrics": {
        "MAE": 0.552027,
        "RMSE": 2.978175,
        "MAPE": 0.0151,
        "R2": 0.9119
      }
    },
    "USD_EUR": {
      "current": 0.8758,
      "next_1h": 0.8758,
      "next_24h": 0.8758,
      "change_pct": 0.0,
      "trend": "\ud83d\udcc9 DOWN",
      "predictions": [
        0.8758,
        0.8758,
        0.8758,
        0.8758,
        0.8758,
        0.8758,
        0.8758,
        0.8758,
        0.8758,
        0.8758,
        0.8758,
        0.8758,
        0.8758,
        0.8758,
        0.8758,
        0.8758,
        0.8758,
        0.8758,
        0.8758,
        0.8758,
        0.8758,
        0.8758,
        0.8758,
        0.8758
      ],
      "metrics": {
        "MAE": 4.1e-05,
        "RMSE": 0.000215,
        "MAPE": 0.0047,
        "R2": 0.9321
      }
    }
  },
  "crypto": {
    "BTC_USD": {
      "current": 64911.0,
      "next_1h": 64894.28,
      "next_24h": 64583.35,
      "change_pct": -0.026,
      "trend": "\ud83d\udcc9 DOWN",
      "predictions": [
        64894.28,
        64856.84,
        64831.87,
        64827.56,
        64823.25,
        64809.37,
        64794.58,
        64781.23,
        64768.93,
        64756.47,
        64743.65,
        64730.88,
        64718.25,
        64705.73,
        64693.24,
        64680.8,
        64668.41,
        64656.09,
        64643.83,
        64631.62,
        64619.47,
        64607.37,
        64595.33,
        64583.35
      ],
      "metrics": {
        "MAE": 99.47157,
        "RMSE": 141.049389,
        "MAPE": 0.1564,
        "R2": 0.9692
      }
    },
    "ETH_USD": {
      "current": 1886.33,
      "next_1h": 1885.08,
      "next_24h": 1863.19,
      "change_pct": -0.066,
      "trend": "\ud83d\udcc9 DOWN",
      "predictions": [
        1885.08,
        1883.27,
        1882.3,
        1881.63,
        1880.42,
        1879.44,
        1878.52,
        1877.59,
        1876.65,
        1875.72,
        1874.79,
        1873.87,
        1872.96,
        1872.04,
        1871.14,
        1870.24,
        1869.34,
        1868.45,
        1867.56,
        1866.68,
        1865.8,
        1864.92,
        1864.06,
        1863.19
      ],
      "metrics": {
        "MAE": 4.19471,
        "RMSE": 6.689171,
        "MAPE": 0.2316,
        "R2": 0.9586
      }
    },
    "BNB_USD": {
      "current": 580.52,
      "next_1h": 580.46,
      "next_24h": 580.29,
      "change_pct": -0.01,
      "trend": "\ud83d\udcc9 DOWN",
      "predictions": [
        580.46,
        580.45,
        580.44,
        580.48,
        580.45,
        580.44,
        580.44,
        580.43,
        580.42,
        580.41,
        580.4,
        580.39,
        580.38,
        580.38,
        580.37,
        580.36,
        580.35,
        580.34,
        580.33,
        580.33,
        580.32,
        580.31,
        580.3,
        580.29
      ],
      "metrics": {
        "MAE": 0.807538,
        "RMSE": 1.190183,
        "MAPE": 0.1406,
        "R2": 0.9468
      }
    }
  }
}