{
  "generated_at": "2026-03-31 04:00:14",
  "exchange_rates": {
    "USD_TZS": {
      "current": 2585.777,
      "next_1h": 2585.8469,
      "next_24h": 2584.6063,
      "change_pct": 0.003,
      "trend": "\ud83d\udcc8 UP",
      "predictions": [
        2585.8469,
        2585.8196,
        2585.7543,
        2585.6897,
        2585.6269,
        2585.5639,
        2585.501,
        2585.4392,
        2585.3787,
        2585.3193,
        2585.2612,
        2585.2043,
        2585.1485,
        2585.0939,
        2585.0405,
        2584.9881,
        2584.9368,
        2584.8866,
        2584.8374,
        2584.7892,
        2584.742,
        2584.6958,
        2584.6506,
        2584.6063
      ],
      "metrics": {
        "MAE": 0.622795,
        "RMSE": 2.113375,
        "MAPE": 0.0242,
        "R2": 0.8931
      }
    },
    "USD_KES": {
      "current": 129.9298,
      "next_1h": 129.9143,
      "next_24h": 129.649,
      "change_pct": -0.012,
      "trend": "\ud83d\udcc9 DOWN",
      "predictions": [
        129.9143,
        129.8976,
        129.8812,
        129.866,
        129.8517,
        129.8382,
        129.8252,
        129.8124,
        129.7999,
        129.7878,
        129.7759,
        129.7644,
        129.7533,
        129.7424,
        129.7318,
        129.7216,
        129.7116,
        129.7019,
        129.6924,
        129.6832,
        129.6743,
        129.6656,
        129.6572,
        129.649
      ],
      "metrics": {
        "MAE": 0.016339,
        "RMSE": 0.027179,
        "MAPE": 0.0126,
        "R2": 0.9387
      }
    },
    "USD_UGX": {
      "current": 3733.1644,
      "next_1h": 3733.3715,
      "next_24h": 3736.9776,
      "change_pct": 0.006,
      "trend": "\ud83d\udcc8 UP",
      "predictions": [
        3733.3715,
        3733.5721,
        3733.7407,
        3733.9084,
        3734.0741,
        3734.2377,
        3734.4002,
        3734.5615,
        3734.7215,
        3734.8803,
        3735.0379,
        3735.1942,
        3735.3493,
        3735.5032,
        3735.6559,
        3735.8074,
        3735.9578,
        3736.1069,
        3736.2549,
        3736.4017,
        3736.5474,
        3736.6919,
        3736.8353,
        3736.9776
      ],
      "metrics": {
        "MAE": 0.585525,
        "RMSE": 2.078767,
        "MAPE": 0.0157,
        "R2": 0.9362
      }
    },
    "USD_EUR": {
      "current": 0.8721,
      "next_1h": 0.8721,
      "next_24h": 0.8705,
      "change_pct": -0.001,
      "trend": "\ud83d\udcc9 DOWN",
      "predictions": [
        0.8721,
        0.872,
        0.8719,
        0.8718,
        0.8718,
        0.8717,
        0.8716,
        0.8715,
        0.8715,
        0.8714,
        0.8713,
        0.8713,
        0.8712,
        0.8711,
        0.8711,
        0.871,
        0.8709,
        0.8709,
        0.8708,
        0.8708,
        0.8707,
        0.8706,
        0.8706,
        0.8705
      ],
      "metrics": {
        "MAE": 0.000112,
        "RMSE": 0.000403,
        "MAPE": 0.0128,
        "R2": 0.9597
      }
    }
  },
  "crypto": {
    "BTC_USD": {
      "current": 67647.0,
      "next_1h": 67704.78,
      "next_24h": 68693.78,
      "change_pct": 0.085,
      "trend": "\ud83d\udcc8 UP",
      "predictions": [
        67704.78,
        67716.36,
        67718.98,
        67789.35,
        67865.77,
        67916.32,
        67969.86,
        68021.18,
        68066.64,
        68111.9,
        68158.1,
        68203.26,
        68247.9,
        68292.13,
        68335.51,
        68378.05,
        68419.9,
        68461.02,
        68501.45,
        68541.21,
        68580.32,
        68618.78,
        68656.59,
        68693.78
      ],
      "metrics": {
        "MAE": 198.246267,
        "RMSE": 276.933439,
        "MAPE": 0.2956,
        "R2": 0.9211
      }
    },
    "ETH_USD": {
      "current": 2065.84,
      "next_1h": 2068.55,
      "next_24h": 2089.53,
      "change_pct": 0.131,
      "trend": "\ud83d\udcc8 UP",
      "predictions": [
        2068.55,
        2069.39,
        2070.15,
        2071.32,
        2072.41,
        2073.47,
        2074.53,
        2075.57,
        2076.58,
        2077.57,
        2078.54,
        2079.5,
        2080.43,
        2081.34,
        2082.24,
        2083.12,
        2083.98,
        2084.82,
        2085.65,
        2086.46,
        2087.25,
        2088.02,
        2088.78,
        2089.53
      ],
      "metrics": {
        "MAE": 7.459027,
        "RMSE": 10.628155,
        "MAPE": 0.3685,
        "R2": 0.8862
      }
    },
    "BNB_USD": {
      "current": 613.03,
      "next_1h": 614.13,
      "next_24h": 627.94,
      "change_pct": 0.179,
      "trend": "\ud83d\udcc8 UP",
      "predictions": [
        614.13,
        614.76,
        615.26,
        616.18,
        617.01,
        617.68,
        618.37,
        619.04,
        619.67,
        620.3,
        620.93,
        621.54,
        622.14,
        622.72,
        623.29,
        623.86,
        624.4,
        624.94,
        625.47,
        625.98,
        626.49,
        626.98,
        627.47,
        627.94
      ],
      "metrics": {
        "MAE": 1.638842,
        "RMSE": 2.373696,
        "MAPE": 0.2667,
        "R2": 0.8805
      }
    }
  }
}