{
  "generated_at": "2026-04-10 19:24:53",
  "exchange_rates": {
    "USD_TZS": {
      "current": 2603.8322,
      "next_1h": 2603.4038,
      "next_24h": 2595.6285,
      "change_pct": -0.016,
      "trend": "\ud83d\udcc9 DOWN",
      "predictions": [
        2603.4038,
        2602.9814,
        2602.5649,
        2602.1544,
        2601.7496,
        2601.3505,
        2600.961,
        2600.581,
        2600.2102,
        2599.8485,
        2599.4957,
        2599.1516,
        2598.816,
        2598.4886,
        2598.1694,
        2597.858,
        2597.5543,
        2597.2582,
        2596.9693,
        2596.6876,
        2596.4128,
        2596.1448,
        2595.8834,
        2595.6285
      ],
      "metrics": {
        "MAE": 0.499332,
        "RMSE": 1.526701,
        "MAPE": 0.0192,
        "R2": 0.9278
      }
    },
    "USD_KES": {
      "current": 129.2113,
      "next_1h": 129.2135,
      "next_24h": 129.2631,
      "change_pct": 0.002,
      "trend": "\ud83d\udcc8 UP",
      "predictions": [
        129.2135,
        129.2157,
        129.2179,
        129.2202,
        129.2224,
        129.2246,
        129.2268,
        129.2289,
        129.2311,
        129.2333,
        129.2355,
        129.2376,
        129.2398,
        129.2419,
        129.2441,
        129.2462,
        129.2484,
        129.2505,
        129.2526,
        129.2547,
        129.2568,
        129.2589,
        129.261,
        129.2631
      ],
      "metrics": {
        "MAE": 0.00771,
        "RMSE": 0.053011,
        "MAPE": 0.006,
        "R2": 0.9685
      }
    },
    "USD_UGX": {
      "current": 3702.097,
      "next_1h": 3702.6712,
      "next_24h": 3714.4414,
      "change_pct": 0.016,
      "trend": "\ud83d\udcc8 UP",
      "predictions": [
        3702.6712,
        3703.2413,
        3703.8075,
        3704.3698,
        3704.9281,
        3705.4825,
        3706.0306,
        3706.5724,
        3707.108,
        3707.6375,
        3708.1609,
        3708.6782,
        3709.1897,
        3709.6952,
        3710.1949,
        3710.6889,
        3711.1772,
        3711.6598,
        3712.1369,
        3712.6086,
        3713.0748,
        3713.5356,
        3713.9911,
        3714.4414
      ],
      "metrics": {
        "MAE": 0.635699,
        "RMSE": 3.474169,
        "MAPE": 0.0171,
        "R2": 0.9681
      }
    },
    "USD_EUR": {
      "current": 0.8554,
      "next_1h": 0.8557,
      "next_24h": 0.8601,
      "change_pct": 0.027,
      "trend": "\ud83d\udcc8 UP",
      "predictions": [
        0.8557,
        0.8559,
        0.8561,
        0.8563,
        0.8566,
        0.8568,
        0.857,
        0.8572,
        0.8574,
        0.8576,
        0.8578,
        0.858,
        0.8582,
        0.8584,
        0.8586,
        0.8588,
        0.8589,
        0.8591,
        0.8593,
        0.8594,
        0.8596,
        0.8598,
        0.8599,
        0.8601
      ],
      "metrics": {
        "MAE": 0.000185,
        "RMSE": 0.000643,
        "MAPE": 0.0216,
        "R2": 0.984
      }
    }
  },
  "crypto": {
    "BTC_USD": {
      "current": 73069.0,
      "next_1h": 73039.47,
      "next_24h": 72403.47,
      "change_pct": -0.04,
      "trend": "\ud83d\udcc9 DOWN",
      "predictions": [
        73039.47,
        73033.35,
        72989.75,
        72952.61,
        72917.11,
        72887.4,
        72857.44,
        72829.91,
        72802.38,
        72774.76,
        72747.05,
        72719.52,
        72692.06,
        72664.8,
        72637.77,
        72610.96,
        72584.34,
        72557.93,
        72531.72,
        72505.69,
        72479.85,
        72454.21,
        72428.75,
        72403.47
      ],
      "metrics": {
        "MAE": 225.110674,
        "RMSE": 323.337401,
        "MAPE": 0.3202,
        "R2": 0.9717
      }
    },
    "ETH_USD": {
      "current": 2250.28,
      "next_1h": 2248.81,
      "next_24h": 2214.5,
      "change_pct": -0.065,
      "trend": "\ud83d\udcc9 DOWN",
      "predictions": [
        2248.81,
        2247.5,
        2245.75,
        2243.86,
        2242.02,
        2240.38,
        2238.76,
        2237.18,
        2235.63,
        2234.1,
        2232.58,
        2231.08,
        2229.6,
        2228.14,
        2226.69,
        2225.27,
        2223.86,
        2222.47,
        2221.1,
        2219.75,
        2218.41,
        2217.09,
        2215.79,
        2214.5
      ],
      "metrics": {
        "MAE": 8.898218,
        "RMSE": 13.364173,
        "MAPE": 0.4125,
        "R2": 0.9621
      }
    },
    "BNB_USD": {
      "current": 609.1,
      "next_1h": 609.03,
      "next_24h": 608.17,
      "change_pct": -0.011,
      "trend": "\ud83d\udcc9 DOWN",
      "predictions": [
        609.03,
        609.27,
        609.14,
        608.91,
        608.83,
        608.79,
        608.73,
        608.7,
        608.68,
        608.65,
        608.62,
        608.58,
        608.55,
        608.51,
        608.48,
        608.44,
        608.41,
        608.38,
        608.34,
        608.31,
        608.28,
        608.24,
        608.21,
        608.17
      ],
      "metrics": {
        "MAE": 1.570273,
        "RMSE": 2.108966,
        "MAPE": 0.2607,
        "R2": 0.9065
      }
    }
  }
}