{
  "generated_at": "2026-07-12 06:43:16",
  "exchange_rates": {
    "USD_TZS": {
      "current": 2624.1721,
      "next_1h": 2623.8918,
      "next_24h": 2619.2469,
      "change_pct": -0.011,
      "trend": "\ud83d\udcc9 DOWN",
      "predictions": [
        2623.8918,
        2623.6176,
        2623.3495,
        2623.0871,
        2622.8305,
        2622.5795,
        2622.3367,
        2622.1019,
        2621.8747,
        2621.6551,
        2621.4427,
        2621.2374,
        2621.0389,
        2620.8471,
        2620.6616,
        2620.4823,
        2620.309,
        2620.1414,
        2619.9794,
        2619.8228,
        2619.6715,
        2619.5251,
        2619.3837,
        2619.2469
      ],
      "metrics": {
        "MAE": 0.365054,
        "RMSE": 0.612079,
        "MAPE": 0.0139,
        "R2": 0.8658
      }
    },
    "USD_KES": {
      "current": 129.172,
      "next_1h": 129.1766,
      "next_24h": 129.267,
      "change_pct": 0.004,
      "trend": "\ud83d\udcc8 UP",
      "predictions": [
        129.1766,
        129.1812,
        129.1858,
        129.1904,
        129.1949,
        129.1994,
        129.2037,
        129.2081,
        129.2123,
        129.2164,
        129.2205,
        129.2245,
        129.2284,
        129.2323,
        129.2361,
        129.2398,
        129.2434,
        129.247,
        129.2505,
        129.2539,
        129.2573,
        129.2606,
        129.2638,
        129.267
      ],
      "metrics": {
        "MAE": 0.006268,
        "RMSE": 0.014917,
        "MAPE": 0.0049,
        "R2": 0.8814
      }
    },
    "USD_UGX": {
      "current": 3656.7124,
      "next_1h": 3656.7725,
      "next_24h": 3658.1119,
      "change_pct": 0.002,
      "trend": "\ud83d\udcc8 UP",
      "predictions": [
        3656.7725,
        3656.8326,
        3656.8925,
        3656.9523,
        3657.012,
        3657.0716,
        3657.131,
        3657.1902,
        3657.2492,
        3657.308,
        3657.3666,
        3657.425,
        3657.4833,
        3657.5413,
        3657.5992,
        3657.6569,
        3657.7144,
        3657.7717,
        3657.8289,
        3657.8858,
        3657.9426,
        3657.9992,
        3658.0556,
        3658.1119
      ],
      "metrics": {
        "MAE": 0.810111,
        "RMSE": 3.502303,
        "MAPE": 0.0222,
        "R2": 0.9186
      }
    },
    "USD_EUR": {
      "current": 0.8755,
      "next_1h": 0.8755,
      "next_24h": 0.876,
      "change_pct": 0.002,
      "trend": "\ud83d\udcc8 UP",
      "predictions": [
        0.8755,
        0.8755,
        0.8756,
        0.8756,
        0.8756,
        0.8756,
        0.8756,
        0.8757,
        0.8757,
        0.8757,
        0.8757,
        0.8757,
        0.8758,
        0.8758,
        0.8758,
        0.8758,
        0.8758,
        0.8759,
        0.8759,
        0.8759,
        0.8759,
        0.8759,
        0.8759,
        0.876
      ],
      "metrics": {
        "MAE": 6.7e-05,
        "RMSE": 0.000289,
        "MAPE": 0.0077,
        "R2": 0.8448
      }
    }
  },
  "crypto": {
    "BTC_USD": {
      "current": 63718.0,
      "next_1h": 63717.58,
      "next_24h": 63481.42,
      "change_pct": -0.001,
      "trend": "\ud83d\udcc9 DOWN",
      "predictions": [
        63717.58,
        63714.08,
        63698.48,
        63681.6,
        63671.63,
        63662.19,
        63652.07,
        63641.35,
        63630.8,
        63620.57,
        63610.4,
        63600.22,
        63590.05,
        63579.95,
        63569.9,
        63559.9,
        63549.93,
        63540.01,
        63530.14,
        63520.31,
        63510.52,
        63500.78,
        63491.08,
        63481.42
      ],
      "metrics": {
        "MAE": 98.262214,
        "RMSE": 138.440724,
        "MAPE": 0.1557,
        "R2": 0.9741
      }
    },
    "ETH_USD": {
      "current": 1793.16,
      "next_1h": 1793.12,
      "next_24h": 1780.64,
      "change_pct": -0.002,
      "trend": "\ud83d\udcc9 DOWN",
      "predictions": [
        1793.12,
        1792.65,
        1791.8,
        1791.44,
        1790.88,
        1790.3,
        1789.73,
        1789.18,
        1788.62,
        1788.07,
        1787.52,
        1786.98,
        1786.43,
        1785.89,
        1785.35,
        1784.82,
        1784.29,
        1783.76,
        1783.23,
        1782.71,
        1782.18,
        1781.67,
        1781.15,
        1780.64
      ],
      "metrics": {
        "MAE": 3.650694,
        "RMSE": 5.221055,
        "MAPE": 0.2066,
        "R2": 0.9694
      }
    },
    "BNB_USD": {
      "current": 571.14,
      "next_1h": 571.19,
      "next_24h": 571.83,
      "change_pct": 0.008,
      "trend": "\ud83d\udcc8 UP",
      "predictions": [
        571.19,
        571.2,
        571.17,
        571.24,
        571.26,
        571.29,
        571.32,
        571.36,
        571.39,
        571.42,
        571.45,
        571.48,
        571.51,
        571.54,
        571.57,
        571.6,
        571.63,
        571.66,
        571.69,
        571.72,
        571.75,
        571.78,
        571.8,
        571.83
      ],
      "metrics": {
        "MAE": 0.86348,
        "RMSE": 1.190016,
        "MAPE": 0.1512,
        "R2": 0.9437
      }
    }
  }
}