{
  "generated_at": "2026-03-28 19:00:37",
  "exchange_rates": {
    "USD_TZS": {
      "current": 2579.0945,
      "next_1h": 2579.2177,
      "next_24h": 2581.4463,
      "change_pct": 0.005,
      "trend": "\ud83d\udcc8 UP",
      "predictions": [
        2579.2177,
        2579.3375,
        2579.4558,
        2579.5718,
        2579.6874,
        2579.8009,
        2579.9118,
        2580.0201,
        2580.126,
        2580.2294,
        2580.3303,
        2580.4289,
        2580.5252,
        2580.6192,
        2580.711,
        2580.8007,
        2580.8882,
        2580.9737,
        2581.0572,
        2581.1388,
        2581.2184,
        2581.2962,
        2581.3721,
        2581.4463
      ],
      "metrics": {
        "MAE": 0.580344,
        "RMSE": 1.856735,
        "MAPE": 0.0226,
        "R2": 0.9207
      }
    },
    "USD_KES": {
      "current": 129.7657,
      "next_1h": 129.7454,
      "next_24h": 129.4676,
      "change_pct": -0.016,
      "trend": "\ud83d\udcc9 DOWN",
      "predictions": [
        129.7454,
        129.7235,
        129.7041,
        129.6864,
        129.6699,
        129.6546,
        129.6399,
        129.6257,
        129.6121,
        129.5992,
        129.5868,
        129.5749,
        129.5636,
        129.5528,
        129.5424,
        129.5325,
        129.5231,
        129.514,
        129.5054,
        129.4971,
        129.4893,
        129.4817,
        129.4745,
        129.4676
      ],
      "metrics": {
        "MAE": 0.017957,
        "RMSE": 0.020275,
        "MAPE": 0.0138,
        "R2": 0.8797
      }
    },
    "USD_UGX": {
      "current": 3724.7379,
      "next_1h": 3725.0915,
      "next_24h": 3732.3846,
      "change_pct": 0.009,
      "trend": "\ud83d\udcc8 UP",
      "predictions": [
        3725.0915,
        3725.439,
        3725.7801,
        3726.118,
        3726.4497,
        3726.7756,
        3727.1002,
        3727.4233,
        3727.7449,
        3728.065,
        3728.3836,
        3728.7006,
        3729.016,
        3729.3299,
        3729.6422,
        3729.953,
        3730.2622,
        3730.5699,
        3730.8761,
        3731.1808,
        3731.484,
        3731.7857,
        3732.0859,
        3732.3846
      ],
      "metrics": {
        "MAE": 1.00537,
        "RMSE": 4.334775,
        "MAPE": 0.0269,
        "R2": 0.9671
      }
    },
    "USD_EUR": {
      "current": 0.8681,
      "next_1h": 0.8681,
      "next_24h": 0.8678,
      "change_pct": -0.002,
      "trend": "\ud83d\udcc9 DOWN",
      "predictions": [
        0.8681,
        0.8681,
        0.8681,
        0.8681,
        0.8681,
        0.868,
        0.868,
        0.868,
        0.868,
        0.868,
        0.868,
        0.868,
        0.8679,
        0.8679,
        0.8679,
        0.8679,
        0.8679,
        0.8679,
        0.8679,
        0.8679,
        0.8678,
        0.8678,
        0.8678,
        0.8678
      ],
      "metrics": {
        "MAE": 0.000112,
        "RMSE": 0.000339,
        "MAPE": 0.013,
        "R2": 0.9751
      }
    }
  },
  "crypto": {
    "BTC_USD": {
      "current": 66874.0,
      "next_1h": 66945.24,
      "next_24h": 68192.08,
      "change_pct": 0.107,
      "trend": "\ud83d\udcc8 UP",
      "predictions": [
        66945.24,
        67006.54,
        67081.26,
        67148.61,
        67207.68,
        67266.49,
        67324.64,
        67381.48,
        67438.04,
        67494.05,
        67549.12,
        67603.34,
        67656.72,
        67709.24,
        67760.95,
        67811.87,
        67862.0,
        67911.37,
        67959.99,
        68007.85,
        68054.99,
        68101.39,
        68147.09,
        68192.08
      ],
      "metrics": {
        "MAE": 214.496376,
        "RMSE": 312.149929,
        "MAPE": 0.3117,
        "R2": 0.974
      }
    },
    "ETH_USD": {
      "current": 2020.74,
      "next_1h": 2022.51,
      "next_24h": 2061.58,
      "change_pct": 0.087,
      "trend": "\ud83d\udcc8 UP",
      "predictions": [
        2022.51,
        2024.42,
        2026.46,
        2028.44,
        2030.42,
        2032.36,
        2034.27,
        2036.14,
        2037.98,
        2039.78,
        2041.55,
        2043.28,
        2044.97,
        2046.64,
        2048.27,
        2049.87,
        2051.43,
        2052.97,
        2054.48,
        2055.96,
        2057.4,
        2058.82,
        2060.22,
        2061.58
      ],
      "metrics": {
        "MAE": 7.407097,
        "RMSE": 11.279544,
        "MAPE": 0.3563,
        "R2": 0.9743
      }
    },
    "BNB_USD": {
      "current": 616.47,
      "next_1h": 617.26,
      "next_24h": 630.2,
      "change_pct": 0.128,
      "trend": "\ud83d\udcc8 UP",
      "predictions": [
        617.26,
        617.95,
        618.7,
        619.41,
        620.06,
        620.7,
        621.32,
        621.93,
        622.53,
        623.12,
        623.7,
        624.26,
        624.82,
        625.36,
        625.89,
        626.41,
        626.92,
        627.42,
        627.91,
        628.38,
        628.85,
        629.31,
        629.76,
        630.2
      ],
      "metrics": {
        "MAE": 1.672589,
        "RMSE": 2.549154,
        "MAPE": 0.2666,
        "R2": 0.9617
      }
    }
  }
}