{
  "generated_at": "2026-05-18 15:14:27",
  "exchange_rates": {
    "USD_TZS": {
      "current": 2601.6547,
      "next_1h": 2601.6681,
      "next_24h": 2601.8347,
      "change_pct": 0.001,
      "trend": "\ud83d\udcc8 UP",
      "predictions": [
        2601.6681,
        2601.6811,
        2601.6937,
        2601.7059,
        2601.7176,
        2601.7291,
        2601.7397,
        2601.7495,
        2601.7587,
        2601.7672,
        2601.775,
        2601.7822,
        2601.7888,
        2601.7949,
        2601.8006,
        2601.8057,
        2601.8105,
        2601.8149,
        2601.8189,
        2601.8226,
        2601.8261,
        2601.8292,
        2601.8321,
        2601.8347
      ],
      "metrics": {
        "MAE": 0.445883,
        "RMSE": 0.936086,
        "MAPE": 0.0172,
        "R2": 0.9332
      }
    },
    "USD_KES": {
      "current": 129.2898,
      "next_1h": 129.2874,
      "next_24h": 129.2423,
      "change_pct": -0.002,
      "trend": "\ud83d\udcc9 DOWN",
      "predictions": [
        129.2874,
        129.2851,
        129.2827,
        129.2804,
        129.2781,
        129.2758,
        129.2736,
        129.2714,
        129.2693,
        129.2672,
        129.2651,
        129.2631,
        129.2612,
        129.2593,
        129.2574,
        129.2556,
        129.2538,
        129.252,
        129.2503,
        129.2486,
        129.247,
        129.2454,
        129.2438,
        129.2423
      ],
      "metrics": {
        "MAE": 0.003279,
        "RMSE": 0.013335,
        "MAPE": 0.0025,
        "R2": 0.9224
      }
    },
    "USD_UGX": {
      "current": 3733.2403,
      "next_1h": 3732.9431,
      "next_24h": 3726.948,
      "change_pct": -0.008,
      "trend": "\ud83d\udcc9 DOWN",
      "predictions": [
        3732.9431,
        3732.648,
        3732.3549,
        3732.0639,
        3731.7749,
        3731.4879,
        3731.2049,
        3730.9256,
        3730.6502,
        3730.3786,
        3730.1108,
        3729.8466,
        3729.5861,
        3729.3292,
        3729.0759,
        3728.8261,
        3728.5797,
        3728.3367,
        3728.0971,
        3727.8609,
        3727.6279,
        3727.3981,
        3727.1715,
        3726.948
      ],
      "metrics": {
        "MAE": 0.472819,
        "RMSE": 1.603306,
        "MAPE": 0.0127,
        "R2": 0.8487
      }
    },
    "USD_EUR": {
      "current": 0.8606,
      "next_1h": 0.8604,
      "next_24h": 0.8575,
      "change_pct": -0.018,
      "trend": "\ud83d\udcc9 DOWN",
      "predictions": [
        0.8604,
        0.8603,
        0.8601,
        0.86,
        0.8598,
        0.8597,
        0.8595,
        0.8594,
        0.8593,
        0.8591,
        0.859,
        0.8589,
        0.8587,
        0.8586,
        0.8585,
        0.8584,
        0.8582,
        0.8581,
        0.858,
        0.8579,
        0.8578,
        0.8577,
        0.8576,
        0.8575
      ],
      "metrics": {
        "MAE": 0.000148,
        "RMSE": 0.000466,
        "MAPE": 0.0173,
        "R2": 0.9875
      }
    }
  },
  "crypto": {
    "BTC_USD": {
      "current": 76257.0,
      "next_1h": 76382.16,
      "next_24h": 77022.17,
      "change_pct": 0.164,
      "trend": "\ud83d\udcc8 UP",
      "predictions": [
        76382.16,
        76412.71,
        76401.76,
        76469.78,
        76513.4,
        76539.32,
        76572.21,
        76600.91,
        76628.42,
        76657.02,
        76685.1,
        76712.86,
        76740.43,
        76767.62,
        76794.47,
        76821.0,
        76847.22,
        76873.12,
        76898.71,
        76924.0,
        76948.99,
        76973.67,
        76998.07,
        77022.17
      ],
      "metrics": {
        "MAE": 220.155106,
        "RMSE": 308.660651,
        "MAPE": 0.2759,
        "R2": 0.9529
      }
    },
    "ETH_USD": {
      "current": 2103.89,
      "next_1h": 2114.95,
      "next_24h": 2275.53,
      "change_pct": 0.526,
      "trend": "\ud83d\udcc8 UP",
      "predictions": [
        2114.95,
        2127.06,
        2134.54,
        2147.9,
        2156.74,
        2166.57,
        2176.37,
        2185.06,
        2193.7,
        2201.68,
        2209.21,
        2216.37,
        2223.06,
        2229.39,
        2235.35,
        2240.95,
        2246.24,
        2251.21,
        2255.9,
        2260.31,
        2264.46,
        2268.37,
        2272.06,
        2275.53
      ],
      "metrics": {
        "MAE": 9.17438,
        "RMSE": 12.619308,
        "MAPE": 0.4106,
        "R2": 0.9595
      }
    },
    "BNB_USD": {
      "current": 636.62,
      "next_1h": 636.48,
      "next_24h": 636.68,
      "change_pct": -0.021,
      "trend": "\ud83d\udcc9 DOWN",
      "predictions": [
        636.48,
        636.79,
        636.61,
        636.61,
        636.65,
        636.65,
        636.64,
        636.65,
        636.65,
        636.65,
        636.66,
        636.66,
        636.66,
        636.66,
        636.66,
        636.66,
        636.67,
        636.67,
        636.67,
        636.67,
        636.67,
        636.68,
        636.68,
        636.68
      ],
      "metrics": {
        "MAE": 2.232115,
        "RMSE": 3.033929,
        "MAPE": 0.3358,
        "R2": 0.9315
      }
    }
  }
}