{
  "generated_at": "2026-07-18 11:43:17",
  "exchange_rates": {
    "USD_TZS": {
      "current": 2629.0886,
      "next_1h": 2628.727,
      "next_24h": 2622.5953,
      "change_pct": -0.014,
      "trend": "\ud83d\udcc9 DOWN",
      "predictions": [
        2628.727,
        2628.3728,
        2628.0259,
        2627.6862,
        2627.3533,
        2627.0274,
        2626.7112,
        2626.4045,
        2626.1072,
        2625.8189,
        2625.5393,
        2625.2683,
        2625.0056,
        2624.7509,
        2624.504,
        2624.2646,
        2624.0326,
        2623.8077,
        2623.5896,
        2623.3782,
        2623.1733,
        2622.9746,
        2622.782,
        2622.5953
      ],
      "metrics": {
        "MAE": 0.554887,
        "RMSE": 2.138439,
        "MAPE": 0.0212,
        "R2": 0.9505
      }
    },
    "USD_KES": {
      "current": 129.3268,
      "next_1h": 129.3273,
      "next_24h": 129.3392,
      "change_pct": 0.0,
      "trend": "\ud83d\udcc9 DOWN",
      "predictions": [
        129.3273,
        129.3279,
        129.3285,
        129.329,
        129.3296,
        129.3301,
        129.3307,
        129.3312,
        129.3318,
        129.3323,
        129.3328,
        129.3333,
        129.3338,
        129.3344,
        129.3349,
        129.3354,
        129.3359,
        129.3363,
        129.3368,
        129.3373,
        129.3378,
        129.3382,
        129.3387,
        129.3392
      ],
      "metrics": {
        "MAE": 0.00329,
        "RMSE": 0.012346,
        "MAPE": 0.0025,
        "R2": 0.9699
      }
    },
    "USD_UGX": {
      "current": 3669.5216,
      "next_1h": 3669.5566,
      "next_24h": 3670.3315,
      "change_pct": 0.001,
      "trend": "\ud83d\udcc8 UP",
      "predictions": [
        3669.5566,
        3669.5915,
        3669.6263,
        3669.661,
        3669.6956,
        3669.7302,
        3669.7646,
        3669.799,
        3669.8332,
        3669.8672,
        3669.9012,
        3669.935,
        3669.9687,
        3670.0023,
        3670.0358,
        3670.0691,
        3670.1023,
        3670.1354,
        3670.1684,
        3670.2012,
        3670.234,
        3670.2666,
        3670.2991,
        3670.3315
      ],
      "metrics": {
        "MAE": 0.354163,
        "RMSE": 1.857126,
        "MAPE": 0.0096,
        "R2": 0.9686
      }
    },
    "USD_EUR": {
      "current": 0.8744,
      "next_1h": 0.8745,
      "next_24h": 0.8746,
      "change_pct": 0.001,
      "trend": "\ud83d\udcc8 UP",
      "predictions": [
        0.8745,
        0.8745,
        0.8745,
        0.8745,
        0.8745,
        0.8745,
        0.8745,
        0.8745,
        0.8745,
        0.8745,
        0.8745,
        0.8745,
        0.8745,
        0.8745,
        0.8745,
        0.8745,
        0.8745,
        0.8745,
        0.8745,
        0.8745,
        0.8745,
        0.8746,
        0.8746,
        0.8746
      ],
      "metrics": {
        "MAE": 4.2e-05,
        "RMSE": 0.000242,
        "MAPE": 0.0048,
        "R2": 0.9659
      }
    }
  },
  "crypto": {
    "BTC_USD": {
      "current": 63977.0,
      "next_1h": 63965.31,
      "next_24h": 63762.14,
      "change_pct": -0.018,
      "trend": "\ud83d\udcc9 DOWN",
      "predictions": [
        63965.31,
        63955.15,
        63946.32,
        63937.94,
        63929.37,
        63920.03,
        63910.81,
        63901.75,
        63892.76,
        63883.78,
        63874.82,
        63865.9,
        63857.03,
        63848.2,
        63839.42,
        63830.67,
        63821.96,
        63813.29,
        63804.67,
        63796.08,
        63787.54,
        63779.03,
        63770.56,
        63762.14
      ],
      "metrics": {
        "MAE": 112.330708,
        "RMSE": 161.065041,
        "MAPE": 0.1762,
        "R2": 0.9693
      }
    },
    "ETH_USD": {
      "current": 1843.59,
      "next_1h": 1842.83,
      "next_24h": 1827.59,
      "change_pct": -0.041,
      "trend": "\ud83d\udcc9 DOWN",
      "predictions": [
        1842.83,
        1842.09,
        1841.41,
        1840.7,
        1840.01,
        1839.32,
        1838.64,
        1837.96,
        1837.29,
        1836.62,
        1835.95,
        1835.29,
        1834.63,
        1833.97,
        1833.32,
        1832.67,
        1832.02,
        1831.38,
        1830.74,
        1830.1,
        1829.47,
        1828.84,
        1828.21,
        1827.59
      ],
      "metrics": {
        "MAE": 4.572874,
        "RMSE": 6.935031,
        "MAPE": 0.247,
        "R2": 0.9802
      }
    },
    "BNB_USD": {
      "current": 569.95,
      "next_1h": 569.99,
      "next_24h": 570.66,
      "change_pct": 0.006,
      "trend": "\ud83d\udcc8 UP",
      "predictions": [
        569.99,
        570.01,
        570.07,
        570.1,
        570.13,
        570.15,
        570.18,
        570.21,
        570.24,
        570.27,
        570.3,
        570.33,
        570.36,
        570.39,
        570.41,
        570.44,
        570.47,
        570.5,
        570.53,
        570.55,
        570.58,
        570.61,
        570.64,
        570.66
      ],
      "metrics": {
        "MAE": 0.860569,
        "RMSE": 1.198226,
        "MAPE": 0.1503,
        "R2": 0.9645
      }
    }
  }
}