{
  "generated_at": "2026-07-24 02:43:17",
  "exchange_rates": {
    "USD_TZS": {
      "current": 2631.1729,
      "next_1h": 2630.7681,
      "next_24h": 2623.6063,
      "change_pct": -0.015,
      "trend": "\ud83d\udcc9 DOWN",
      "predictions": [
        2630.7681,
        2630.371,
        2629.9816,
        2629.5997,
        2629.2092,
        2628.8263,
        2628.4547,
        2628.094,
        2627.7441,
        2627.4046,
        2627.0753,
        2626.7561,
        2626.4467,
        2626.1466,
        2625.8557,
        2625.5737,
        2625.3003,
        2625.0353,
        2624.7783,
        2624.5292,
        2624.2876,
        2624.0535,
        2623.8264,
        2623.6063
      ],
      "metrics": {
        "MAE": 0.450188,
        "RMSE": 1.158332,
        "MAPE": 0.0172,
        "R2": 0.9818
      }
    },
    "USD_KES": {
      "current": 129.4349,
      "next_1h": 129.4349,
      "next_24h": 129.4232,
      "change_pct": 0.0,
      "trend": "\ud83d\udcc9 DOWN",
      "predictions": [
        129.4349,
        129.4348,
        129.4348,
        129.4348,
        129.4341,
        129.4335,
        129.4329,
        129.4323,
        129.4317,
        129.4311,
        129.4305,
        129.4299,
        129.4293,
        129.4287,
        129.4281,
        129.4275,
        129.427,
        129.4264,
        129.4259,
        129.4253,
        129.4248,
        129.4242,
        129.4237,
        129.4232
      ],
      "metrics": {
        "MAE": 0.002994,
        "RMSE": 0.014551,
        "MAPE": 0.0023,
        "R2": 0.8659
      }
    },
    "USD_UGX": {
      "current": 3707.508,
      "next_1h": 3707.3855,
      "next_24h": 3704.7162,
      "change_pct": -0.003,
      "trend": "\ud83d\udcc9 DOWN",
      "predictions": [
        3707.3855,
        3707.2633,
        3707.1413,
        3707.0196,
        3706.9009,
        3706.7824,
        3706.6643,
        3706.5466,
        3706.4293,
        3706.3124,
        3706.1959,
        3706.0798,
        3705.964,
        3705.8487,
        3705.7337,
        3705.6191,
        3705.5049,
        3705.3911,
        3705.2777,
        3705.1647,
        3705.052,
        3704.9397,
        3704.8278,
        3704.7162
      ],
      "metrics": {
        "MAE": 0.513663,
        "RMSE": 2.635444,
        "MAPE": 0.0139,
        "R2": 0.9611
      }
    },
    "USD_EUR": {
      "current": 0.8782,
      "next_1h": 0.8782,
      "next_24h": 0.8783,
      "change_pct": 0.0,
      "trend": "\ud83d\udcc9 DOWN",
      "predictions": [
        0.8782,
        0.8782,
        0.8782,
        0.8782,
        0.8782,
        0.8782,
        0.8782,
        0.8782,
        0.8782,
        0.8782,
        0.8782,
        0.8782,
        0.8782,
        0.8782,
        0.8782,
        0.8782,
        0.8782,
        0.8782,
        0.8782,
        0.8783,
        0.8783,
        0.8783,
        0.8783,
        0.8783
      ],
      "metrics": {
        "MAE": 4.9e-05,
        "RMSE": 0.000251,
        "MAPE": 0.0056,
        "R2": 0.957
      }
    }
  },
  "crypto": {
    "BTC_USD": {
      "current": 64998.0,
      "next_1h": 64982.63,
      "next_24h": 64729.42,
      "change_pct": -0.024,
      "trend": "\ud83d\udcc9 DOWN",
      "predictions": [
        64982.63,
        64986.42,
        64979.79,
        64965.55,
        64949.81,
        64937.72,
        64926.56,
        64914.78,
        64902.61,
        64890.5,
        64878.64,
        64866.88,
        64855.13,
        64843.41,
        64831.75,
        64820.16,
        64808.63,
        64797.15,
        64785.72,
        64774.35,
        64763.03,
        64751.78,
        64740.57,
        64729.42
      ],
      "metrics": {
        "MAE": 92.056752,
        "RMSE": 132.325937,
        "MAPE": 0.1412,
        "R2": 0.9745
      }
    },
    "ETH_USD": {
      "current": 1870.0,
      "next_1h": 1869.57,
      "next_24h": 1855.27,
      "change_pct": -0.023,
      "trend": "\ud83d\udcc9 DOWN",
      "predictions": [
        1869.57,
        1869.01,
        1868.34,
        1867.65,
        1867.03,
        1866.38,
        1865.73,
        1865.09,
        1864.46,
        1863.82,
        1863.19,
        1862.56,
        1861.94,
        1861.32,
        1860.7,
        1860.08,
        1859.47,
        1858.86,
        1858.25,
        1857.65,
        1857.05,
        1856.45,
        1855.86,
        1855.27
      ],
      "metrics": {
        "MAE": 3.622023,
        "RMSE": 5.112494,
        "MAPE": 0.1912,
        "R2": 0.9773
      }
    },
    "BNB_USD": {
      "current": 567.23,
      "next_1h": 567.29,
      "next_24h": 568.01,
      "change_pct": 0.011,
      "trend": "\ud83d\udcc8 UP",
      "predictions": [
        567.29,
        567.32,
        567.35,
        567.38,
        567.41,
        567.44,
        567.48,
        567.51,
        567.54,
        567.57,
        567.61,
        567.64,
        567.67,
        567.7,
        567.73,
        567.76,
        567.79,
        567.83,
        567.86,
        567.89,
        567.92,
        567.95,
        567.98,
        568.01
      ],
      "metrics": {
        "MAE": 0.658322,
        "RMSE": 0.893802,
        "MAPE": 0.1155,
        "R2": 0.9048
      }
    }
  }
}