{
  "generated_at": "2026-06-18 18:59:44",
  "exchange_rates": {
    "USD_TZS": {
      "current": 2621.1906,
      "next_1h": 2620.9876,
      "next_24h": 2616.8491,
      "change_pct": -0.008,
      "trend": "\ud83d\udcc9 DOWN",
      "predictions": [
        2620.9876,
        2620.7858,
        2620.5851,
        2620.3856,
        2620.1872,
        2619.9901,
        2619.7955,
        2619.6034,
        2619.4138,
        2619.2267,
        2619.042,
        2618.8597,
        2618.6798,
        2618.5022,
        2618.3269,
        2618.154,
        2617.9833,
        2617.8148,
        2617.6485,
        2617.4844,
        2617.3224,
        2617.1626,
        2617.0048,
        2616.8491
      ],
      "metrics": {
        "MAE": 0.603289,
        "RMSE": 2.987295,
        "MAPE": 0.0231,
        "R2": 0.7936
      }
    },
    "USD_KES": {
      "current": 129.4804,
      "next_1h": 129.4795,
      "next_24h": 129.4589,
      "change_pct": -0.001,
      "trend": "\ud83d\udcc9 DOWN",
      "predictions": [
        129.4795,
        129.4785,
        129.4776,
        129.4766,
        129.4757,
        129.4747,
        129.4738,
        129.4729,
        129.472,
        129.4711,
        129.4701,
        129.4692,
        129.4684,
        129.4675,
        129.4666,
        129.4657,
        129.4648,
        129.464,
        129.4631,
        129.4623,
        129.4614,
        129.4606,
        129.4598,
        129.4589
      ],
      "metrics": {
        "MAE": 0.004052,
        "RMSE": 0.016825,
        "MAPE": 0.0031,
        "R2": 0.9407
      }
    },
    "USD_UGX": {
      "current": 3649.8689,
      "next_1h": 3651.6189,
      "next_24h": 3684.9572,
      "change_pct": 0.048,
      "trend": "\ud83d\udcc8 UP",
      "predictions": [
        3651.6189,
        3653.3516,
        3655.0673,
        3656.7659,
        3658.4479,
        3660.1128,
        3661.7448,
        3663.3444,
        3664.9121,
        3666.4484,
        3667.9536,
        3669.4284,
        3670.8732,
        3672.2888,
        3673.6756,
        3675.0343,
        3676.3655,
        3677.6696,
        3678.9473,
        3680.199,
        3681.4254,
        3682.6269,
        3683.804,
        3684.9572
      ],
      "metrics": {
        "MAE": 1.445556,
        "RMSE": 5.131993,
        "MAPE": 0.0391,
        "R2": 0.968
      }
    },
    "USD_EUR": {
      "current": 0.8656,
      "next_1h": 0.8656,
      "next_24h": 0.866,
      "change_pct": 0.002,
      "trend": "\ud83d\udcc8 UP",
      "predictions": [
        0.8656,
        0.8656,
        0.8657,
        0.8657,
        0.8657,
        0.8657,
        0.8657,
        0.8657,
        0.8657,
        0.8658,
        0.8658,
        0.8658,
        0.8658,
        0.8658,
        0.8658,
        0.8659,
        0.8659,
        0.8659,
        0.8659,
        0.8659,
        0.8659,
        0.8659,
        0.866,
        0.866
      ],
      "metrics": {
        "MAE": 0.000101,
        "RMSE": 0.000436,
        "MAPE": 0.0116,
        "R2": 0.9406
      }
    }
  },
  "crypto": {
    "BTC_USD": {
      "current": 62611.0,
      "next_1h": 62654.13,
      "next_24h": 61511.1,
      "change_pct": 0.069,
      "trend": "\ud83d\udcc8 UP",
      "predictions": [
        62654.13,
        62554.38,
        62391.33,
        62308.15,
        62300.4,
        62262.44,
        62206.9,
        62156.67,
        62117.62,
        62080.23,
        62038.75,
        61996.63,
        61955.96,
        61916.05,
        61875.79,
        61835.16,
        61794.62,
        61754.22,
        61713.81,
        61673.31,
        61632.77,
        61592.23,
        61551.68,
        61511.1
      ],
      "metrics": {
        "MAE": 262.730428,
        "RMSE": 359.948486,
        "MAPE": 0.4109,
        "R2": 0.9385
      }
    },
    "ETH_USD": {
      "current": 1682.48,
      "next_1h": 1683.5,
      "next_24h": 1654.52,
      "change_pct": 0.061,
      "trend": "\ud83d\udcc8 UP",
      "predictions": [
        1683.5,
        1679.45,
        1675.73,
        1675.89,
        1674.88,
        1673.46,
        1672.35,
        1671.43,
        1670.34,
        1669.25,
        1668.21,
        1667.16,
        1666.1,
        1665.05,
        1663.99,
        1662.94,
        1661.89,
        1660.83,
        1659.78,
        1658.73,
        1657.68,
        1656.63,
        1655.57,
        1654.52
      ],
      "metrics": {
        "MAE": 9.71683,
        "RMSE": 14.483094,
        "MAPE": 0.5678,
        "R2": 0.9319
      }
    },
    "BNB_USD": {
      "current": 575.53,
      "next_1h": 575.86,
      "next_24h": 585.44,
      "change_pct": 0.057,
      "trend": "\ud83d\udcc8 UP",
      "predictions": [
        575.86,
        575.35,
        574.97,
        575.48,
        575.95,
        576.37,
        576.84,
        577.38,
        577.9,
        578.42,
        578.94,
        579.47,
        579.99,
        580.5,
        581.01,
        581.52,
        582.02,
        582.52,
        583.02,
        583.51,
        584.0,
        584.48,
        584.96,
        585.44
      ],
      "metrics": {
        "MAE": 2.34221,
        "RMSE": 3.244289,
        "MAPE": 0.3896,
        "R2": 0.8852
      }
    }
  }
}