{
  "generated_at": "2026-07-24 18:43:17",
  "exchange_rates": {
    "USD_TZS": {
      "current": 2631.1729,
      "next_1h": 2630.7528,
      "next_24h": 2623.5743,
      "change_pct": -0.016,
      "trend": "\ud83d\udcc9 DOWN",
      "predictions": [
        2630.7528,
        2630.3408,
        2629.9368,
        2629.5406,
        2629.152,
        2628.7709,
        2628.4012,
        2628.0424,
        2627.6943,
        2627.3568,
        2627.0293,
        2626.7118,
        2626.4039,
        2626.1053,
        2625.8158,
        2625.535,
        2625.2628,
        2624.9987,
        2624.7427,
        2624.4944,
        2624.2537,
        2624.0202,
        2623.7938,
        2623.5743
      ],
      "metrics": {
        "MAE": 0.442267,
        "RMSE": 1.141313,
        "MAPE": 0.0168,
        "R2": 0.9752
      }
    },
    "USD_KES": {
      "current": 129.4349,
      "next_1h": 129.4343,
      "next_24h": 129.4204,
      "change_pct": -0.001,
      "trend": "\ud83d\udcc9 DOWN",
      "predictions": [
        129.4343,
        129.4336,
        129.433,
        129.4323,
        129.4317,
        129.431,
        129.4304,
        129.4298,
        129.4291,
        129.4285,
        129.4279,
        129.4273,
        129.4267,
        129.4261,
        129.4255,
        129.4249,
        129.4243,
        129.4237,
        129.4232,
        129.4226,
        129.422,
        129.4215,
        129.4209,
        129.4204
      ],
      "metrics": {
        "MAE": 0.002743,
        "RMSE": 0.014263,
        "MAPE": 0.0021,
        "R2": 0.9103
      }
    },
    "USD_UGX": {
      "current": 3707.508,
      "next_1h": 3707.4003,
      "next_24h": 3705.0131,
      "change_pct": -0.003,
      "trend": "\ud83d\udcc9 DOWN",
      "predictions": [
        3707.4003,
        3707.2929,
        3707.1857,
        3707.0788,
        3706.972,
        3706.8656,
        3706.7595,
        3706.6537,
        3706.5484,
        3706.4434,
        3706.3388,
        3706.2346,
        3706.1308,
        3706.0274,
        3705.9243,
        3705.8216,
        3705.7192,
        3705.6172,
        3705.5156,
        3705.4144,
        3705.3135,
        3705.213,
        3705.1129,
        3705.0131
      ],
      "metrics": {
        "MAE": 0.446125,
        "RMSE": 2.444954,
        "MAPE": 0.0121,
        "R2": 0.968
      }
    },
    "USD_EUR": {
      "current": 0.8782,
      "next_1h": 0.8782,
      "next_24h": 0.8782,
      "change_pct": 0.0,
      "trend": "\ud83d\udcc9 DOWN",
      "predictions": [
        0.8782,
        0.8782,
        0.8782,
        0.8782,
        0.8782,
        0.8782,
        0.8782,
        0.8782,
        0.8782,
        0.8782,
        0.8782,
        0.8782,
        0.8782,
        0.8782,
        0.8782,
        0.8782,
        0.8782,
        0.8782,
        0.8782,
        0.8782,
        0.8782,
        0.8782,
        0.8782,
        0.8782
      ],
      "metrics": {
        "MAE": 3.8e-05,
        "RMSE": 0.000224,
        "MAPE": 0.0043,
        "R2": 0.9734
      }
    }
  },
  "crypto": {
    "BTC_USD": {
      "current": 64088.0,
      "next_1h": 64065.44,
      "next_24h": 63920.04,
      "change_pct": -0.035,
      "trend": "\ud83d\udcc9 DOWN",
      "predictions": [
        64065.44,
        64060.0,
        64062.77,
        64056.56,
        64047.92,
        64040.02,
        64033.3,
        64026.82,
        64019.92,
        64012.93,
        64006.04,
        63999.24,
        63992.48,
        63985.73,
        63979.01,
        63972.33,
        63965.68,
        63959.06,
        63952.48,
        63945.93,
        63939.4,
        63932.92,
        63926.46,
        63920.04
      ],
      "metrics": {
        "MAE": 96.642113,
        "RMSE": 136.467699,
        "MAPE": 0.1482,
        "R2": 0.9689
      }
    },
    "ETH_USD": {
      "current": 1858.67,
      "next_1h": 1858.0,
      "next_24h": 1845.71,
      "change_pct": -0.036,
      "trend": "\ud83d\udcc9 DOWN",
      "predictions": [
        1858.0,
        1857.67,
        1857.1,
        1856.46,
        1855.92,
        1855.37,
        1854.81,
        1854.25,
        1853.69,
        1853.14,
        1852.59,
        1852.05,
        1851.5,
        1850.96,
        1850.43,
        1849.89,
        1849.36,
        1848.83,
        1848.3,
        1847.78,
        1847.26,
        1846.74,
        1846.22,
        1845.71
      ],
      "metrics": {
        "MAE": 3.713194,
        "RMSE": 5.191772,
        "MAPE": 0.1958,
        "R2": 0.972
      }
    },
    "BNB_USD": {
      "current": 561.09,
      "next_1h": 561.17,
      "next_24h": 562.63,
      "change_pct": 0.014,
      "trend": "\ud83d\udcc8 UP",
      "predictions": [
        561.17,
        561.27,
        561.32,
        561.38,
        561.44,
        561.51,
        561.57,
        561.64,
        561.7,
        561.77,
        561.83,
        561.89,
        561.96,
        562.02,
        562.08,
        562.14,
        562.2,
        562.26,
        562.33,
        562.39,
        562.45,
        562.51,
        562.57,
        562.63
      ],
      "metrics": {
        "MAE": 0.681228,
        "RMSE": 0.930799,
        "MAPE": 0.1197,
        "R2": 0.9222
      }
    }
  }
}