{
  "generated_at": "2026-07-16 22:17:11",
  "exchange_rates": {
    "USD_TZS": {
      "current": 2614.7645,
      "next_1h": 2614.809,
      "next_24h": 2615.5576,
      "change_pct": 0.002,
      "trend": "\ud83d\udcc8 UP",
      "predictions": [
        2614.809,
        2614.8525,
        2614.8952,
        2614.9369,
        2614.9778,
        2615.0178,
        2615.0566,
        2615.0942,
        2615.1306,
        2615.1658,
        2615.2,
        2615.2331,
        2615.2651,
        2615.2962,
        2615.3262,
        2615.3554,
        2615.3836,
        2615.4109,
        2615.4373,
        2615.4629,
        2615.4878,
        2615.5118,
        2615.5351,
        2615.5576
      ],
      "metrics": {
        "MAE": 0.498477,
        "RMSE": 1.949461,
        "MAPE": 0.0191,
        "R2": 0.9552
      }
    },
    "USD_KES": {
      "current": 129.367,
      "next_1h": 129.3672,
      "next_24h": 129.3713,
      "change_pct": 0.0,
      "trend": "\ud83d\udcc9 DOWN",
      "predictions": [
        129.3672,
        129.3674,
        129.3676,
        129.3678,
        129.368,
        129.3682,
        129.3684,
        129.3686,
        129.3687,
        129.3689,
        129.3691,
        129.3693,
        129.3695,
        129.3696,
        129.3698,
        129.37,
        129.3702,
        129.3703,
        129.3705,
        129.3706,
        129.3708,
        129.371,
        129.3711,
        129.3713
      ],
      "metrics": {
        "MAE": 0.004258,
        "RMSE": 0.016671,
        "MAPE": 0.0033,
        "R2": 0.9384
      }
    },
    "USD_UGX": {
      "current": 3686.5095,
      "next_1h": 3686.4205,
      "next_24h": 3684.4283,
      "change_pct": -0.002,
      "trend": "\ud83d\udcc9 DOWN",
      "predictions": [
        3686.4205,
        3686.3317,
        3686.2431,
        3686.1546,
        3686.0663,
        3685.9781,
        3685.8902,
        3685.8025,
        3685.715,
        3685.6277,
        3685.5407,
        3685.4538,
        3685.3672,
        3685.2808,
        3685.1946,
        3685.1086,
        3685.0228,
        3684.9372,
        3684.8519,
        3684.7667,
        3684.6818,
        3684.5971,
        3684.5126,
        3684.4283
      ],
      "metrics": {
        "MAE": 0.452194,
        "RMSE": 2.491028,
        "MAPE": 0.0123,
        "R2": 0.942
      }
    },
    "USD_EUR": {
      "current": 0.8734,
      "next_1h": 0.8734,
      "next_24h": 0.8736,
      "change_pct": 0.001,
      "trend": "\ud83d\udcc8 UP",
      "predictions": [
        0.8734,
        0.8734,
        0.8735,
        0.8735,
        0.8735,
        0.8735,
        0.8735,
        0.8735,
        0.8735,
        0.8735,
        0.8735,
        0.8735,
        0.8735,
        0.8736,
        0.8736,
        0.8736,
        0.8736,
        0.8736,
        0.8736,
        0.8736,
        0.8736,
        0.8736,
        0.8736,
        0.8736
      ],
      "metrics": {
        "MAE": 4.9e-05,
        "RMSE": 0.000257,
        "MAPE": 0.0056,
        "R2": 0.9465
      }
    }
  },
  "crypto": {
    "BTC_USD": {
      "current": 64132.0,
      "next_1h": 64117.2,
      "next_24h": 63924.09,
      "change_pct": -0.023,
      "trend": "\ud83d\udcc9 DOWN",
      "predictions": [
        64117.2,
        64106.64,
        64100.6,
        64093.38,
        64083.76,
        64074.61,
        64065.9,
        64057.4,
        64048.82,
        64040.18,
        64031.62,
        64023.11,
        64014.65,
        64006.23,
        63997.83,
        63989.48,
        63981.17,
        63972.9,
        63964.67,
        63956.48,
        63948.32,
        63940.21,
        63932.13,
        63924.09
      ],
      "metrics": {
        "MAE": 114.856722,
        "RMSE": 159.072871,
        "MAPE": 0.1799,
        "R2": 0.9701
      }
    },
    "ETH_USD": {
      "current": 1878.86,
      "next_1h": 1877.69,
      "next_24h": 1858.79,
      "change_pct": -0.062,
      "trend": "\ud83d\udcc9 DOWN",
      "predictions": [
        1877.69,
        1876.76,
        1875.94,
        1875.04,
        1874.15,
        1873.31,
        1872.47,
        1871.63,
        1870.79,
        1869.96,
        1869.14,
        1868.32,
        1867.5,
        1866.69,
        1865.88,
        1865.07,
        1864.27,
        1863.48,
        1862.68,
        1861.9,
        1861.11,
        1860.33,
        1859.56,
        1858.79
      ],
      "metrics": {
        "MAE": 4.876657,
        "RMSE": 7.595444,
        "MAPE": 0.2647,
        "R2": 0.9803
      }
    },
    "BNB_USD": {
      "current": 576.12,
      "next_1h": 576.14,
      "next_24h": 576.59,
      "change_pct": 0.004,
      "trend": "\ud83d\udcc8 UP",
      "predictions": [
        576.14,
        576.18,
        576.21,
        576.22,
        576.24,
        576.26,
        576.28,
        576.3,
        576.32,
        576.34,
        576.35,
        576.37,
        576.39,
        576.41,
        576.43,
        576.44,
        576.46,
        576.48,
        576.5,
        576.52,
        576.53,
        576.55,
        576.57,
        576.59
      ],
      "metrics": {
        "MAE": 0.880716,
        "RMSE": 1.273169,
        "MAPE": 0.153,
        "R2": 0.943
      }
    }
  }
}