{
  "generated_at": "2026-05-20 09:21:12",
  "exchange_rates": {
    "USD_TZS": {
      "current": 2572.1034,
      "next_1h": 2573.826,
      "next_24h": 2597.5307,
      "change_pct": 0.067,
      "trend": "\ud83d\udcc8 UP",
      "predictions": [
        2573.826,
        2575.6707,
        2577.4565,
        2579.1852,
        2580.8586,
        2582.4785,
        2583.9916,
        2585.3974,
        2586.7013,
        2587.9083,
        2589.0233,
        2590.0509,
        2590.9974,
        2591.8687,
        2592.6705,
        2593.4082,
        2594.0866,
        2594.7106,
        2595.2844,
        2595.8121,
        2596.2973,
        2596.7434,
        2597.1536,
        2597.5307
      ],
      "metrics": {
        "MAE": 0.758367,
        "RMSE": 2.328535,
        "MAPE": 0.0293,
        "R2": 0.9262
      }
    },
    "USD_KES": {
      "current": 129.4148,
      "next_1h": 129.4105,
      "next_24h": 129.3056,
      "change_pct": -0.003,
      "trend": "\ud83d\udcc9 DOWN",
      "predictions": [
        129.4105,
        129.4049,
        129.3994,
        129.3939,
        129.3886,
        129.3833,
        129.378,
        129.373,
        129.368,
        129.3631,
        129.3584,
        129.3537,
        129.3492,
        129.3448,
        129.3404,
        129.3362,
        129.332,
        129.328,
        129.324,
        129.3202,
        129.3164,
        129.3127,
        129.3091,
        129.3056
      ],
      "metrics": {
        "MAE": 0.004802,
        "RMSE": 0.019022,
        "MAPE": 0.0037,
        "R2": 0.9271
      }
    },
    "USD_UGX": {
      "current": 3733.9743,
      "next_1h": 3733.7169,
      "next_24h": 3727.9035,
      "change_pct": -0.007,
      "trend": "\ud83d\udcc9 DOWN",
      "predictions": [
        3733.7169,
        3733.436,
        3733.1566,
        3732.8788,
        3732.6027,
        3732.328,
        3732.0565,
        3731.7881,
        3731.5229,
        3731.2609,
        3731.0019,
        3730.746,
        3730.4932,
        3730.2434,
        3729.9966,
        3729.7527,
        3729.5118,
        3729.2737,
        3729.0384,
        3728.806,
        3728.5763,
        3728.3493,
        3728.1251,
        3727.9035
      ],
      "metrics": {
        "MAE": 0.460407,
        "RMSE": 1.505154,
        "MAPE": 0.0123,
        "R2": 0.9012
      }
    },
    "USD_EUR": {
      "current": 0.8612,
      "next_1h": 0.8611,
      "next_24h": 0.8586,
      "change_pct": -0.012,
      "trend": "\ud83d\udcc9 DOWN",
      "predictions": [
        0.8611,
        0.861,
        0.8609,
        0.8607,
        0.8606,
        0.8605,
        0.8604,
        0.8603,
        0.8601,
        0.86,
        0.8599,
        0.8598,
        0.8597,
        0.8596,
        0.8595,
        0.8594,
        0.8593,
        0.8592,
        0.8591,
        0.859,
        0.8589,
        0.8588,
        0.8587,
        0.8586
      ],
      "metrics": {
        "MAE": 0.000176,
        "RMSE": 0.000546,
        "MAPE": 0.0206,
        "R2": 0.9776
      }
    }
  },
  "crypto": {
    "BTC_USD": {
      "current": 77343.0,
      "next_1h": 77357.17,
      "next_24h": 77601.11,
      "change_pct": 0.018,
      "trend": "\ud83d\udcc8 UP",
      "predictions": [
        77357.17,
        77360.04,
        77352.67,
        77362.22,
        77374.51,
        77387.37,
        77400.66,
        77413.66,
        77425.97,
        77438.16,
        77450.25,
        77462.27,
        77474.23,
        77486.13,
        77497.96,
        77509.72,
        77521.4,
        77533.0,
        77544.53,
        77555.99,
        77567.38,
        77578.7,
        77589.94,
        77601.11
      ],
      "metrics": {
        "MAE": 198.929125,
        "RMSE": 274.073376,
        "MAPE": 0.2521,
        "R2": 0.9673
      }
    },
    "ETH_USD": {
      "current": 2127.59,
      "next_1h": 2136.9,
      "next_24h": 2260.52,
      "change_pct": 0.438,
      "trend": "\ud83d\udcc8 UP",
      "predictions": [
        2136.9,
        2144.91,
        2153.0,
        2161.08,
        2168.29,
        2175.47,
        2182.3,
        2188.81,
        2195.05,
        2200.98,
        2206.65,
        2212.06,
        2217.22,
        2222.14,
        2226.84,
        2231.32,
        2235.6,
        2239.68,
        2243.57,
        2247.29,
        2250.83,
        2254.21,
        2257.44,
        2260.52
      ],
      "metrics": {
        "MAE": 8.956002,
        "RMSE": 12.275566,
        "MAPE": 0.4087,
        "R2": 0.9636
      }
    },
    "BNB_USD": {
      "current": 643.78,
      "next_1h": 643.63,
      "next_24h": 643.06,
      "change_pct": -0.023,
      "trend": "\ud83d\udcc9 DOWN",
      "predictions": [
        643.63,
        643.73,
        643.65,
        643.54,
        643.53,
        643.51,
        643.47,
        643.45,
        643.43,
        643.4,
        643.37,
        643.35,
        643.32,
        643.3,
        643.27,
        643.25,
        643.23,
        643.2,
        643.18,
        643.16,
        643.13,
        643.11,
        643.09,
        643.06
      ],
      "metrics": {
        "MAE": 1.991909,
        "RMSE": 2.751486,
        "MAPE": 0.3006,
        "R2": 0.9642
      }
    }
  }
}