{
  "generated_at": "2026-03-19 21:00:26",
  "exchange_rates": {
    "USD_TZS": {
      "current": 2610.1517,
      "next_1h": 2609.1289,
      "next_24h": 2592.5988,
      "change_pct": -0.039,
      "trend": "\ud83d\udcc9 DOWN",
      "predictions": [
        2609.1289,
        2608.1509,
        2607.1889,
        2606.255,
        2605.3227,
        2604.4156,
        2603.5397,
        2602.6945,
        2601.8782,
        2601.0905,
        2600.3308,
        2599.5982,
        2598.8916,
        2598.2102,
        2597.5531,
        2596.9193,
        2596.3082,
        2595.7189,
        2595.1506,
        2594.6025,
        2594.074,
        2593.5643,
        2593.0728,
        2592.5988
      ],
      "metrics": {
        "MAE": 0.879173,
        "RMSE": 2.459748,
        "MAPE": 0.0338,
        "R2": 0.9324
      }
    },
    "USD_KES": {
      "current": 129.5292,
      "next_1h": 129.5053,
      "next_24h": 129.2727,
      "change_pct": -0.018,
      "trend": "\ud83d\udcc9 DOWN",
      "predictions": [
        129.5053,
        129.4786,
        129.4566,
        129.4379,
        129.4213,
        129.4066,
        129.393,
        129.3803,
        129.3686,
        129.3578,
        129.3478,
        129.3387,
        129.3304,
        129.3227,
        129.3156,
        129.3091,
        129.3031,
        129.2976,
        129.2925,
        129.2879,
        129.2836,
        129.2797,
        129.2761,
        129.2727
      ],
      "metrics": {
        "MAE": 0.019002,
        "RMSE": 0.034116,
        "MAPE": 0.0147,
        "R2": 0.9305
      }
    },
    "USD_UGX": {
      "current": 3769.7753,
      "next_1h": 3769.7984,
      "next_24h": 3770.2703,
      "change_pct": 0.001,
      "trend": "\ud83d\udcc8 UP",
      "predictions": [
        3769.7984,
        3769.8211,
        3769.8433,
        3769.8654,
        3769.887,
        3769.9083,
        3769.9294,
        3769.9505,
        3769.9714,
        3769.9921,
        3770.0128,
        3770.0333,
        3770.0538,
        3770.074,
        3770.0942,
        3770.1143,
        3770.1342,
        3770.154,
        3770.1737,
        3770.1932,
        3770.2127,
        3770.232,
        3770.2512,
        3770.2703
      ],
      "metrics": {
        "MAE": 0.383022,
        "RMSE": 1.973471,
        "MAPE": 0.0102,
        "R2": 0.8754
      }
    },
    "USD_EUR": {
      "current": 0.8713,
      "next_1h": 0.8713,
      "next_24h": 0.8708,
      "change_pct": -0.003,
      "trend": "\ud83d\udcc9 DOWN",
      "predictions": [
        0.8713,
        0.8712,
        0.8712,
        0.8712,
        0.8712,
        0.8712,
        0.8711,
        0.8711,
        0.8711,
        0.8711,
        0.8711,
        0.871,
        0.871,
        0.871,
        0.871,
        0.871,
        0.871,
        0.8709,
        0.8709,
        0.8709,
        0.8709,
        0.8709,
        0.8709,
        0.8708
      ],
      "metrics": {
        "MAE": 0.000173,
        "RMSE": 0.000605,
        "MAPE": 0.0199,
        "R2": 0.8812
      }
    }
  },
  "crypto": {
    "BTC_USD": {
      "current": 70490.0,
      "next_1h": 70442.38,
      "next_24h": 71025.17,
      "change_pct": -0.068,
      "trend": "\ud83d\udcc9 DOWN",
      "predictions": [
        70442.38,
        70447.43,
        70435.94,
        70455.17,
        70496.07,
        70530.43,
        70563.06,
        70592.15,
        70619.44,
        70647.39,
        70675.52,
        70703.74,
        70731.82,
        70759.57,
        70787.06,
        70814.31,
        70841.36,
        70868.22,
        70894.88,
        70921.34,
        70947.6,
        70973.65,
        70999.51,
        71025.17
      ],
      "metrics": {
        "MAE": 283.879481,
        "RMSE": 357.039524,
        "MAPE": 0.3947,
        "R2": 0.9611
      }
    },
    "ETH_USD": {
      "current": 2145.91,
      "next_1h": 2145.98,
      "next_24h": 2151.61,
      "change_pct": 0.003,
      "trend": "\ud83d\udcc8 UP",
      "predictions": [
        2145.98,
        2147.97,
        2147.97,
        2149.44,
        2149.84,
        2149.96,
        2150.25,
        2150.34,
        2150.53,
        2150.63,
        2150.71,
        2150.81,
        2150.88,
        2150.96,
        2151.03,
        2151.1,
        2151.17,
        2151.24,
        2151.3,
        2151.37,
        2151.43,
        2151.49,
        2151.55,
        2151.61
      ],
      "metrics": {
        "MAE": 12.022684,
        "RMSE": 15.183842,
        "MAPE": 0.5376,
        "R2": 0.9624
      }
    },
    "BNB_USD": {
      "current": 641.99,
      "next_1h": 642.1,
      "next_24h": 650.8,
      "change_pct": 0.017,
      "trend": "\ud83d\udcc8 UP",
      "predictions": [
        642.1,
        642.54,
        642.94,
        643.36,
        643.84,
        644.27,
        644.69,
        645.11,
        645.52,
        645.92,
        646.31,
        646.7,
        647.08,
        647.45,
        647.82,
        648.17,
        648.52,
        648.87,
        649.21,
        649.54,
        649.86,
        650.18,
        650.49,
        650.8
      ],
      "metrics": {
        "MAE": 2.171409,
        "RMSE": 2.814623,
        "MAPE": 0.331,
        "R2": 0.9516
      }
    }
  }
}