{
  "generated_at": "2026-05-10 20:23:25",
  "exchange_rates": {
    "USD_TZS": {
      "current": 2599.3308,
      "next_1h": 2599.4748,
      "next_24h": 2601.4422,
      "change_pct": 0.006,
      "trend": "\ud83d\udcc8 UP",
      "predictions": [
        2599.4748,
        2599.6149,
        2599.7511,
        2599.8837,
        2600.0129,
        2600.1388,
        2600.2574,
        2600.369,
        2600.4739,
        2600.5724,
        2600.6648,
        2600.7513,
        2600.8322,
        2600.908,
        2600.9788,
        2601.0451,
        2601.1071,
        2601.1651,
        2601.2194,
        2601.2701,
        2601.3175,
        2601.3619,
        2601.4034,
        2601.4422
      ],
      "metrics": {
        "MAE": 0.683989,
        "RMSE": 2.662417,
        "MAPE": 0.0263,
        "R2": 0.8816
      }
    },
    "USD_KES": {
      "current": 129.179,
      "next_1h": 129.1786,
      "next_24h": 129.1706,
      "change_pct": 0.0,
      "trend": "\ud83d\udcc9 DOWN",
      "predictions": [
        129.1786,
        129.1781,
        129.1777,
        129.1774,
        129.177,
        129.1766,
        129.1762,
        129.1758,
        129.1755,
        129.1751,
        129.1748,
        129.1744,
        129.1741,
        129.1737,
        129.1734,
        129.1731,
        129.1728,
        129.1724,
        129.1721,
        129.1718,
        129.1715,
        129.1712,
        129.1709,
        129.1706
      ],
      "metrics": {
        "MAE": 0.001325,
        "RMSE": 0.005998,
        "MAPE": 0.001,
        "R2": 0.9005
      }
    },
    "USD_UGX": {
      "current": 3718.1034,
      "next_1h": 3717.8001,
      "next_24h": 3712.1013,
      "change_pct": -0.008,
      "trend": "\ud83d\udcc9 DOWN",
      "predictions": [
        3717.8001,
        3717.501,
        3717.206,
        3716.9145,
        3716.6265,
        3716.342,
        3716.0632,
        3715.7901,
        3715.5224,
        3715.2601,
        3715.0031,
        3714.7514,
        3714.5047,
        3714.2631,
        3714.0264,
        3713.7945,
        3713.5674,
        3713.3448,
        3713.1268,
        3712.9132,
        3712.7039,
        3712.4989,
        3712.2981,
        3712.1013
      ],
      "metrics": {
        "MAE": 1.079633,
        "RMSE": 3.18416,
        "MAPE": 0.0289,
        "R2": 0.9301
      }
    },
    "USD_EUR": {
      "current": 0.8494,
      "next_1h": 0.8494,
      "next_24h": 0.8502,
      "change_pct": 0.005,
      "trend": "\ud83d\udcc8 UP",
      "predictions": [
        0.8494,
        0.8495,
        0.8495,
        0.8495,
        0.8496,
        0.8496,
        0.8497,
        0.8497,
        0.8497,
        0.8498,
        0.8498,
        0.8498,
        0.8499,
        0.8499,
        0.8499,
        0.85,
        0.85,
        0.85,
        0.8501,
        0.8501,
        0.8501,
        0.8501,
        0.8502,
        0.8502
      ],
      "metrics": {
        "MAE": 9.9e-05,
        "RMSE": 0.000414,
        "MAPE": 0.0117,
        "R2": 0.9585
      }
    }
  },
  "crypto": {
    "BTC_USD": {
      "current": 81108.0,
      "next_1h": 81098.96,
      "next_24h": 80112.74,
      "change_pct": -0.011,
      "trend": "\ud83d\udcc9 DOWN",
      "predictions": [
        81098.96,
        81053.56,
        80987.09,
        80953.01,
        80893.4,
        80849.6,
        80805.08,
        80758.98,
        80715.9,
        80671.86,
        80628.97,
        80586.59,
        80544.51,
        80503.06,
        80462.01,
        80421.43,
        80381.32,
        80341.64,
        80302.42,
        80263.62,
        80225.27,
        80187.34,
        80149.83,
        80112.74
      ],
      "metrics": {
        "MAE": 201.290214,
        "RMSE": 304.391525,
        "MAPE": 0.25,
        "R2": 0.8552
      }
    },
    "ETH_USD": {
      "current": 2353.1,
      "next_1h": 2352.5,
      "next_24h": 2328.38,
      "change_pct": -0.025,
      "trend": "\ud83d\udcc9 DOWN",
      "predictions": [
        2352.5,
        2351.56,
        2349.48,
        2348.87,
        2346.89,
        2345.63,
        2344.46,
        2343.14,
        2342.04,
        2340.88,
        2339.78,
        2338.74,
        2337.7,
        2336.72,
        2335.75,
        2334.82,
        2333.93,
        2333.05,
        2332.21,
        2331.39,
        2330.6,
        2329.84,
        2329.1,
        2328.38
      ],
      "metrics": {
        "MAE": 7.160974,
        "RMSE": 10.835119,
        "MAPE": 0.3055,
        "R2": 0.8891
      }
    },
    "BNB_USD": {
      "current": 659.31,
      "next_1h": 659.05,
      "next_24h": 648.29,
      "change_pct": -0.04,
      "trend": "\ud83d\udcc9 DOWN",
      "predictions": [
        659.05,
        658.66,
        658.04,
        657.58,
        657.0,
        656.47,
        655.97,
        655.45,
        654.95,
        654.46,
        653.97,
        653.49,
        653.02,
        652.56,
        652.1,
        651.65,
        651.21,
        650.77,
        650.34,
        649.92,
        649.5,
        649.09,
        648.69,
        648.29
      ],
      "metrics": {
        "MAE": 1.680768,
        "RMSE": 2.405313,
        "MAPE": 0.2623,
        "R2": 0.9522
      }
    }
  }
}