{
  "generated_at": "2026-07-18 05:13:08",
  "exchange_rates": {
    "USD_TZS": {
      "current": 2629.0886,
      "next_1h": 2628.7319,
      "next_24h": 2622.5686,
      "change_pct": -0.014,
      "trend": "\ud83d\udcc9 DOWN",
      "predictions": [
        2628.7319,
        2628.3825,
        2628.0333,
        2627.6913,
        2627.3563,
        2627.0281,
        2626.7098,
        2626.4011,
        2626.1017,
        2625.8115,
        2625.5301,
        2625.2573,
        2624.9929,
        2624.7366,
        2624.4882,
        2624.2474,
        2624.014,
        2623.7877,
        2623.5684,
        2623.3558,
        2623.1497,
        2622.9499,
        2622.7563,
        2622.5686
      ],
      "metrics": {
        "MAE": 0.553765,
        "RMSE": 2.143338,
        "MAPE": 0.0212,
        "R2": 0.9492
      }
    },
    "USD_KES": {
      "current": 129.3268,
      "next_1h": 129.3278,
      "next_24h": 129.3454,
      "change_pct": 0.001,
      "trend": "\ud83d\udcc8 UP",
      "predictions": [
        129.3278,
        129.3287,
        129.3296,
        129.3304,
        129.3313,
        129.3321,
        129.3329,
        129.3337,
        129.3345,
        129.3353,
        129.3361,
        129.3369,
        129.3376,
        129.3384,
        129.3391,
        129.3399,
        129.3406,
        129.3413,
        129.342,
        129.3427,
        129.3434,
        129.3441,
        129.3448,
        129.3454
      ],
      "metrics": {
        "MAE": 0.004346,
        "RMSE": 0.015272,
        "MAPE": 0.0034,
        "R2": 0.9532
      }
    },
    "USD_UGX": {
      "current": 3669.5216,
      "next_1h": 3669.5128,
      "next_24h": 3669.6044,
      "change_pct": 0.0,
      "trend": "\ud83d\udcc9 DOWN",
      "predictions": [
        3669.5128,
        3669.5041,
        3669.5087,
        3669.5134,
        3669.5181,
        3669.5227,
        3669.5274,
        3669.532,
        3669.5366,
        3669.5413,
        3669.5459,
        3669.5505,
        3669.555,
        3669.5596,
        3669.5641,
        3669.5687,
        3669.5732,
        3669.5777,
        3669.5822,
        3669.5866,
        3669.5911,
        3669.5955,
        3669.5999,
        3669.6044
      ],
      "metrics": {
        "MAE": 0.415391,
        "RMSE": 2.142793,
        "MAPE": 0.0113,
        "R2": 0.959
      }
    },
    "USD_EUR": {
      "current": 0.8744,
      "next_1h": 0.8745,
      "next_24h": 0.8746,
      "change_pct": 0.001,
      "trend": "\ud83d\udcc8 UP",
      "predictions": [
        0.8745,
        0.8745,
        0.8745,
        0.8745,
        0.8745,
        0.8745,
        0.8745,
        0.8745,
        0.8745,
        0.8745,
        0.8745,
        0.8745,
        0.8746,
        0.8746,
        0.8746,
        0.8746,
        0.8746,
        0.8746,
        0.8746,
        0.8746,
        0.8746,
        0.8746,
        0.8746,
        0.8746
      ],
      "metrics": {
        "MAE": 5.2e-05,
        "RMSE": 0.000261,
        "MAPE": 0.006,
        "R2": 0.9604
      }
    }
  },
  "crypto": {
    "BTC_USD": {
      "current": 63893.0,
      "next_1h": 63885.77,
      "next_24h": 63711.55,
      "change_pct": -0.011,
      "trend": "\ud83d\udcc9 DOWN",
      "predictions": [
        63885.77,
        63879.85,
        63872.83,
        63863.53,
        63855.37,
        63847.58,
        63839.85,
        63832.02,
        63824.17,
        63816.4,
        63808.69,
        63801.01,
        63793.36,
        63785.75,
        63778.17,
        63770.62,
        63763.12,
        63755.65,
        63748.21,
        63740.81,
        63733.44,
        63726.11,
        63718.81,
        63711.55
      ],
      "metrics": {
        "MAE": 122.363785,
        "RMSE": 172.915647,
        "MAPE": 0.192,
        "R2": 0.9654
      }
    },
    "ETH_USD": {
      "current": 1842.36,
      "next_1h": 1841.73,
      "next_24h": 1826.98,
      "change_pct": -0.034,
      "trend": "\ud83d\udcc9 DOWN",
      "predictions": [
        1841.73,
        1841.03,
        1840.29,
        1839.66,
        1838.98,
        1838.31,
        1837.66,
        1837.0,
        1836.35,
        1835.7,
        1835.06,
        1834.42,
        1833.78,
        1833.14,
        1832.51,
        1831.88,
        1831.26,
        1830.64,
        1830.02,
        1829.4,
        1828.79,
        1828.18,
        1827.58,
        1826.98
      ],
      "metrics": {
        "MAE": 5.11328,
        "RMSE": 7.73352,
        "MAPE": 0.2769,
        "R2": 0.9765
      }
    },
    "BNB_USD": {
      "current": 566.58,
      "next_1h": 566.63,
      "next_24h": 567.76,
      "change_pct": 0.009,
      "trend": "\ud83d\udcc8 UP",
      "predictions": [
        566.63,
        566.68,
        566.71,
        566.76,
        566.82,
        566.87,
        566.92,
        566.97,
        567.02,
        567.07,
        567.12,
        567.17,
        567.22,
        567.27,
        567.32,
        567.37,
        567.42,
        567.47,
        567.52,
        567.57,
        567.62,
        567.66,
        567.71,
        567.76
      ],
      "metrics": {
        "MAE": 0.928286,
        "RMSE": 1.307794,
        "MAPE": 0.1621,
        "R2": 0.9573
      }
    }
  }
}