{
  "generated_at": "2026-04-29 10:44:33",
  "exchange_rates": {
    "USD_TZS": {
      "current": 2610.5863,
      "next_1h": 2610.3579,
      "next_24h": 2605.9111,
      "change_pct": -0.009,
      "trend": "\ud83d\udcc9 DOWN",
      "predictions": [
        2610.3579,
        2610.1317,
        2609.9077,
        2609.6858,
        2609.466,
        2609.2484,
        2609.0344,
        2608.8241,
        2608.6174,
        2608.4142,
        2608.2145,
        2608.0183,
        2607.8254,
        2607.6359,
        2607.4496,
        2607.2665,
        2607.0866,
        2606.9098,
        2606.736,
        2606.5652,
        2606.3974,
        2606.2325,
        2606.0704,
        2605.9111
      ],
      "metrics": {
        "MAE": 0.755484,
        "RMSE": 3.822364,
        "MAPE": 0.0291,
        "R2": 0.8737
      }
    },
    "USD_KES": {
      "current": 129.2315,
      "next_1h": 129.2312,
      "next_24h": 129.2256,
      "change_pct": 0.0,
      "trend": "\ud83d\udcc9 DOWN",
      "predictions": [
        129.2312,
        129.231,
        129.2307,
        129.2305,
        129.2302,
        129.23,
        129.2297,
        129.2295,
        129.2292,
        129.229,
        129.2287,
        129.2285,
        129.2282,
        129.228,
        129.2277,
        129.2275,
        129.2272,
        129.227,
        129.2268,
        129.2265,
        129.2263,
        129.226,
        129.2258,
        129.2256
      ],
      "metrics": {
        "MAE": 0.003938,
        "RMSE": 0.021049,
        "MAPE": 0.003,
        "R2": 0.9451
      }
    },
    "USD_UGX": {
      "current": 3697.9044,
      "next_1h": 3698.0137,
      "next_24h": 3700.3762,
      "change_pct": 0.003,
      "trend": "\ud83d\udcc8 UP",
      "predictions": [
        3698.0137,
        3698.1226,
        3698.2313,
        3698.3396,
        3698.4475,
        3698.5552,
        3698.6621,
        3698.7683,
        3698.8739,
        3698.9787,
        3699.0829,
        3699.1863,
        3699.2891,
        3699.3913,
        3699.4927,
        3699.5935,
        3699.6936,
        3699.793,
        3699.8919,
        3699.99,
        3700.0875,
        3700.1844,
        3700.2806,
        3700.3762
      ],
      "metrics": {
        "MAE": 0.890983,
        "RMSE": 4.068142,
        "MAPE": 0.0242,
        "R2": 0.8562
      }
    },
    "USD_EUR": {
      "current": 0.8541,
      "next_1h": 0.8541,
      "next_24h": 0.8537,
      "change_pct": -0.002,
      "trend": "\ud83d\udcc9 DOWN",
      "predictions": [
        0.8541,
        0.8541,
        0.854,
        0.854,
        0.854,
        0.854,
        0.854,
        0.854,
        0.8539,
        0.8539,
        0.8539,
        0.8539,
        0.8539,
        0.8539,
        0.8538,
        0.8538,
        0.8538,
        0.8538,
        0.8538,
        0.8538,
        0.8538,
        0.8537,
        0.8537,
        0.8537
      ],
      "metrics": {
        "MAE": 7.8e-05,
        "RMSE": 0.000333,
        "MAPE": 0.0092,
        "R2": 0.9119
      }
    }
  },
  "crypto": {
    "BTC_USD": {
      "current": 77580.0,
      "next_1h": 77657.78,
      "next_24h": 77842.99,
      "change_pct": 0.1,
      "trend": "\ud83d\udcc8 UP",
      "predictions": [
        77657.78,
        77673.1,
        77656.51,
        77706.43,
        77707.4,
        77719.47,
        77729.71,
        77732.66,
        77743.22,
        77749.23,
        77756.17,
        77763.47,
        77769.7,
        77776.75,
        77783.38,
        77790.03,
        77796.77,
        77803.36,
        77810.03,
        77816.65,
        77823.25,
        77829.85,
        77836.42,
        77842.99
      ],
      "metrics": {
        "MAE": 196.863365,
        "RMSE": 289.57258,
        "MAPE": 0.2533,
        "R2": 0.8343
      }
    },
    "ETH_USD": {
      "current": 2333.03,
      "next_1h": 2336.19,
      "next_24h": 2330.03,
      "change_pct": 0.135,
      "trend": "\ud83d\udcc8 UP",
      "predictions": [
        2336.19,
        2336.75,
        2335.39,
        2336.9,
        2335.96,
        2335.86,
        2335.76,
        2335.2,
        2335.06,
        2334.66,
        2334.32,
        2334.02,
        2333.64,
        2333.32,
        2332.98,
        2332.64,
        2332.31,
        2331.98,
        2331.65,
        2331.32,
        2330.99,
        2330.67,
        2330.35,
        2330.03
      ],
      "metrics": {
        "MAE": 6.937387,
        "RMSE": 10.743253,
        "MAPE": 0.2981,
        "R2": 0.8884
      }
    },
    "BNB_USD": {
      "current": 627.99,
      "next_1h": 628.3,
      "next_24h": 625.83,
      "change_pct": 0.049,
      "trend": "\ud83d\udcc8 UP",
      "predictions": [
        628.3,
        628.21,
        627.97,
        628.02,
        627.89,
        627.8,
        627.7,
        627.56,
        627.46,
        627.34,
        627.23,
        627.12,
        627.0,
        626.89,
        626.78,
        626.67,
        626.56,
        626.45,
        626.35,
        626.24,
        626.14,
        626.03,
        625.93,
        625.83
      ],
      "metrics": {
        "MAE": 1.277873,
        "RMSE": 1.773773,
        "MAPE": 0.2018,
        "R2": 0.9255
      }
    }
  }
}