{
  "generated_at": "2026-07-10 18:17:11",
  "exchange_rates": {
    "USD_TZS": {
      "current": 2624.3773,
      "next_1h": 2624.0799,
      "next_24h": 2619.1617,
      "change_pct": -0.011,
      "trend": "\ud83d\udcc9 DOWN",
      "predictions": [
        2624.0799,
        2623.7889,
        2623.5043,
        2623.2258,
        2622.9533,
        2622.6867,
        2622.4289,
        2622.1797,
        2621.9388,
        2621.706,
        2621.481,
        2621.2635,
        2621.0534,
        2620.8504,
        2620.6543,
        2620.4648,
        2620.2816,
        2620.1047,
        2619.9337,
        2619.7685,
        2619.6089,
        2619.4547,
        2619.3057,
        2619.1617
      ],
      "metrics": {
        "MAE": 0.377279,
        "RMSE": 0.689552,
        "MAPE": 0.0144,
        "R2": 0.8104
      }
    },
    "USD_KES": {
      "current": 129.1614,
      "next_1h": 129.1661,
      "next_24h": 129.2582,
      "change_pct": 0.004,
      "trend": "\ud83d\udcc8 UP",
      "predictions": [
        129.1661,
        129.1708,
        129.1754,
        129.18,
        129.1845,
        129.189,
        129.1935,
        129.1978,
        129.2021,
        129.2063,
        129.2105,
        129.2145,
        129.2185,
        129.2225,
        129.2263,
        129.2301,
        129.2338,
        129.2375,
        129.2411,
        129.2446,
        129.2481,
        129.2515,
        129.2549,
        129.2582
      ],
      "metrics": {
        "MAE": 0.006918,
        "RMSE": 0.021448,
        "MAPE": 0.0054,
        "R2": 0.9513
      }
    },
    "USD_UGX": {
      "current": 3670.526,
      "next_1h": 3670.4918,
      "next_24h": 3669.7263,
      "change_pct": -0.001,
      "trend": "\ud83d\udcc9 DOWN",
      "predictions": [
        3670.4918,
        3670.4577,
        3670.4237,
        3670.3897,
        3670.3558,
        3670.322,
        3670.2882,
        3670.2545,
        3670.2209,
        3670.1874,
        3670.1539,
        3670.1205,
        3670.0873,
        3670.054,
        3670.0209,
        3669.9879,
        3669.9549,
        3669.922,
        3669.8892,
        3669.8564,
        3669.8238,
        3669.7912,
        3669.7587,
        3669.7263
      ],
      "metrics": {
        "MAE": 0.945617,
        "RMSE": 4.110095,
        "MAPE": 0.0259,
        "R2": 0.8971
      }
    },
    "USD_EUR": {
      "current": 0.8748,
      "next_1h": 0.8748,
      "next_24h": 0.8751,
      "change_pct": 0.001,
      "trend": "\ud83d\udcc8 UP",
      "predictions": [
        0.8748,
        0.8748,
        0.8749,
        0.8749,
        0.8749,
        0.8749,
        0.8749,
        0.8749,
        0.8749,
        0.8749,
        0.875,
        0.875,
        0.875,
        0.875,
        0.875,
        0.875,
        0.875,
        0.875,
        0.8751,
        0.8751,
        0.8751,
        0.8751,
        0.8751,
        0.8751
      ],
      "metrics": {
        "MAE": 7e-05,
        "RMSE": 0.000322,
        "MAPE": 0.008,
        "R2": 0.906
      }
    }
  },
  "crypto": {
    "BTC_USD": {
      "current": 63891.0,
      "next_1h": 63883.87,
      "next_24h": 63653.43,
      "change_pct": -0.011,
      "trend": "\ud83d\udcc9 DOWN",
      "predictions": [
        63883.87,
        63870.93,
        63857.16,
        63845.51,
        63838.04,
        63828.13,
        63817.8,
        63807.56,
        63797.62,
        63787.79,
        63777.92,
        63768.06,
        63758.26,
        63748.52,
        63738.82,
        63729.16,
        63719.54,
        63709.97,
        63700.44,
        63690.95,
        63681.51,
        63672.11,
        63662.75,
        63653.43
      ],
      "metrics": {
        "MAE": 125.613922,
        "RMSE": 173.414664,
        "MAPE": 0.1993,
        "R2": 0.944
      }
    },
    "ETH_USD": {
      "current": 1789.71,
      "next_1h": 1789.12,
      "next_24h": 1777.56,
      "change_pct": -0.033,
      "trend": "\ud83d\udcc9 DOWN",
      "predictions": [
        1789.12,
        1788.7,
        1787.99,
        1787.56,
        1787.01,
        1786.49,
        1785.97,
        1785.46,
        1784.94,
        1784.43,
        1783.92,
        1783.42,
        1782.92,
        1782.42,
        1781.92,
        1781.43,
        1780.94,
        1780.45,
        1779.96,
        1779.47,
        1778.99,
        1778.51,
        1778.04,
        1777.56
      ],
      "metrics": {
        "MAE": 4.304141,
        "RMSE": 6.075481,
        "MAPE": 0.2445,
        "R2": 0.9245
      }
    },
    "BNB_USD": {
      "current": 576.44,
      "next_1h": 576.48,
      "next_24h": 577.35,
      "change_pct": 0.007,
      "trend": "\ud83d\udcc8 UP",
      "predictions": [
        576.48,
        576.56,
        576.56,
        576.62,
        576.65,
        576.69,
        576.73,
        576.77,
        576.81,
        576.84,
        576.88,
        576.92,
        576.96,
        576.99,
        577.03,
        577.07,
        577.1,
        577.14,
        577.18,
        577.21,
        577.25,
        577.28,
        577.32,
        577.35
      ],
      "metrics": {
        "MAE": 1.002479,
        "RMSE": 1.374805,
        "MAPE": 0.1752,
        "R2": 0.947
      }
    }
  }
}