{
  "generated_at": "2026-03-17 08:00:39",
  "exchange_rates": {
    "USD_TZS": {
      "current": 2588.7451,
      "next_1h": 2588.0858,
      "next_24h": 2579.2395,
      "change_pct": -0.025,
      "trend": "\ud83d\udcc9 DOWN",
      "predictions": [
        2588.0858,
        2587.4656,
        2586.862,
        2586.2841,
        2585.7114,
        2585.162,
        2584.6429,
        2584.1528,
        2583.6897,
        2583.2529,
        2582.8413,
        2582.4536,
        2582.0886,
        2581.7448,
        2581.4211,
        2581.1163,
        2580.8293,
        2580.5591,
        2580.3048,
        2580.0653,
        2579.8398,
        2579.6275,
        2579.4277,
        2579.2395
      ],
      "metrics": {
        "MAE": 0.785754,
        "RMSE": 1.969247,
        "MAPE": 0.0303,
        "R2": 0.8811
      }
    },
    "USD_KES": {
      "current": 129.1762,
      "next_1h": 129.1833,
      "next_24h": 129.247,
      "change_pct": 0.005,
      "trend": "\ud83d\udcc8 UP",
      "predictions": [
        129.1833,
        129.1912,
        129.1976,
        129.203,
        129.2078,
        129.212,
        129.2159,
        129.2194,
        129.2226,
        129.2256,
        129.2282,
        129.2306,
        129.2328,
        129.2348,
        129.2366,
        129.2383,
        129.2398,
        129.2411,
        129.2424,
        129.2435,
        129.2445,
        129.2454,
        129.2463,
        129.247
      ],
      "metrics": {
        "MAE": 0.008753,
        "RMSE": 0.011541,
        "MAPE": 0.0068,
        "R2": 0.7341
      }
    },
    "USD_UGX": {
      "current": 3759.6206,
      "next_1h": 3759.3914,
      "next_24h": 3754.8581,
      "change_pct": -0.006,
      "trend": "\ud83d\udcc9 DOWN",
      "predictions": [
        3759.3914,
        3759.1663,
        3758.9456,
        3758.7268,
        3758.5124,
        3758.3019,
        3758.0935,
        3757.8872,
        3757.683,
        3757.4808,
        3757.2807,
        3757.0827,
        3756.8866,
        3756.6926,
        3756.5006,
        3756.3105,
        3756.1223,
        3755.9361,
        3755.7518,
        3755.5694,
        3755.3888,
        3755.2101,
        3755.0331,
        3754.8581
      ],
      "metrics": {
        "MAE": 0.521937,
        "RMSE": 2.709767,
        "MAPE": 0.0139,
        "R2": 0.864
      }
    },
    "USD_EUR": {
      "current": 0.8706,
      "next_1h": 0.8706,
      "next_24h": 0.8705,
      "change_pct": 0.0,
      "trend": "\ud83d\udcc9 DOWN",
      "predictions": [
        0.8706,
        0.8705,
        0.8705,
        0.8705,
        0.8705,
        0.8705,
        0.8705,
        0.8705,
        0.8705,
        0.8705,
        0.8705,
        0.8705,
        0.8705,
        0.8705,
        0.8705,
        0.8705,
        0.8705,
        0.8705,
        0.8705,
        0.8705,
        0.8705,
        0.8705,
        0.8705,
        0.8705
      ],
      "metrics": {
        "MAE": 0.000184,
        "RMSE": 0.000639,
        "MAPE": 0.0211,
        "R2": 0.8107
      }
    }
  },
  "crypto": {
    "BTC_USD": {
      "current": 74253.0,
      "next_1h": 74164.24,
      "next_24h": 73032.53,
      "change_pct": -0.12,
      "trend": "\ud83d\udcc9 DOWN",
      "predictions": [
        74164.24,
        74098.07,
        74025.92,
        73959.59,
        73909.73,
        73856.24,
        73803.51,
        73751.27,
        73699.34,
        73648.85,
        73599.29,
        73550.66,
        73502.95,
        73456.08,
        73410.08,
        73364.94,
        73320.62,
        73277.13,
        73234.44,
        73192.54,
        73151.41,
        73111.04,
        73071.42,
        73032.53
      ],
      "metrics": {
        "MAE": 289.195175,
        "RMSE": 360.534501,
        "MAPE": 0.3933,
        "R2": 0.9079
      }
    },
    "ETH_USD": {
      "current": 2327.21,
      "next_1h": 2302.5,
      "next_24h": 2071.7,
      "change_pct": -1.062,
      "trend": "\ud83d\udcc9 DOWN",
      "predictions": [
        2302.5,
        2283.9,
        2266.11,
        2248.0,
        2230.44,
        2211.72,
        2195.03,
        2179.69,
        2165.54,
        2152.75,
        2141.14,
        2130.84,
        2121.68,
        2113.56,
        2106.41,
        2100.13,
        2094.63,
        2089.83,
        2085.64,
        2082.01,
        2078.85,
        2076.11,
        2073.74,
        2071.7
      ],
      "metrics": {
        "MAE": 19.025595,
        "RMSE": 24.150582,
        "MAPE": 0.8405,
        "R2": 0.9327
      }
    },
    "BNB_USD": {
      "current": 674.24,
      "next_1h": 673.81,
      "next_24h": 666.85,
      "change_pct": -0.064,
      "trend": "\ud83d\udcc9 DOWN",
      "predictions": [
        673.81,
        673.34,
        672.99,
        672.6,
        672.25,
        671.91,
        671.57,
        671.23,
        670.91,
        670.59,
        670.28,
        669.98,
        669.68,
        669.4,
        669.11,
        668.84,
        668.57,
        668.31,
        668.05,
        667.8,
        667.55,
        667.31,
        667.08,
        666.85
      ],
      "metrics": {
        "MAE": 2.442865,
        "RMSE": 3.227302,
        "MAPE": 0.3621,
        "R2": 0.8362
      }
    }
  }
}