{
  "generated_at": "2026-07-19 02:43:16",
  "exchange_rates": {
    "USD_TZS": {
      "current": 2627.1477,
      "next_1h": 2626.8326,
      "next_24h": 2621.7373,
      "change_pct": -0.012,
      "trend": "\ud83d\udcc9 DOWN",
      "predictions": [
        2626.8326,
        2626.5239,
        2626.2215,
        2625.9253,
        2625.6516,
        2625.3835,
        2625.1235,
        2624.8714,
        2624.6271,
        2624.3902,
        2624.1605,
        2623.9378,
        2623.7218,
        2623.5124,
        2623.3093,
        2623.1124,
        2622.9214,
        2622.7363,
        2622.5567,
        2622.3826,
        2622.2137,
        2622.05,
        2621.8912,
        2621.7373
      ],
      "metrics": {
        "MAE": 0.562718,
        "RMSE": 2.126506,
        "MAPE": 0.0215,
        "R2": 0.9527
      }
    },
    "USD_KES": {
      "current": 129.3243,
      "next_1h": 129.3248,
      "next_24h": 129.3357,
      "change_pct": 0.0,
      "trend": "\ud83d\udcc9 DOWN",
      "predictions": [
        129.3248,
        129.3253,
        129.3258,
        129.3263,
        129.3269,
        129.3274,
        129.3279,
        129.3284,
        129.3289,
        129.3293,
        129.3298,
        129.3303,
        129.3308,
        129.3313,
        129.3317,
        129.3322,
        129.3326,
        129.3331,
        129.3335,
        129.334,
        129.3344,
        129.3348,
        129.3353,
        129.3357
      ],
      "metrics": {
        "MAE": 0.003062,
        "RMSE": 0.012242,
        "MAPE": 0.0024,
        "R2": 0.9698
      }
    },
    "USD_UGX": {
      "current": 3666.6571,
      "next_1h": 3666.6976,
      "next_24h": 3667.6733,
      "change_pct": 0.001,
      "trend": "\ud83d\udcc8 UP",
      "predictions": [
        3666.6976,
        3666.738,
        3666.7783,
        3666.8185,
        3666.8627,
        3666.9067,
        3666.9506,
        3666.9944,
        3667.038,
        3667.0814,
        3667.1247,
        3667.1678,
        3667.2108,
        3667.2536,
        3667.2962,
        3667.3387,
        3667.3811,
        3667.4233,
        3667.4653,
        3667.5072,
        3667.5489,
        3667.5905,
        3667.632,
        3667.6733
      ],
      "metrics": {
        "MAE": 0.363199,
        "RMSE": 1.854523,
        "MAPE": 0.0099,
        "R2": 0.9682
      }
    },
    "USD_EUR": {
      "current": 0.8745,
      "next_1h": 0.8745,
      "next_24h": 0.8746,
      "change_pct": 0.001,
      "trend": "\ud83d\udcc8 UP",
      "predictions": [
        0.8745,
        0.8745,
        0.8745,
        0.8745,
        0.8745,
        0.8745,
        0.8745,
        0.8745,
        0.8745,
        0.8745,
        0.8745,
        0.8745,
        0.8745,
        0.8746,
        0.8746,
        0.8746,
        0.8746,
        0.8746,
        0.8746,
        0.8746,
        0.8746,
        0.8746,
        0.8746,
        0.8746
      ],
      "metrics": {
        "MAE": 4.2e-05,
        "RMSE": 0.000241,
        "MAPE": 0.0048,
        "R2": 0.9667
      }
    }
  },
  "crypto": {
    "BTC_USD": {
      "current": 64824.0,
      "next_1h": 64800.37,
      "next_24h": 64510.07,
      "change_pct": -0.036,
      "trend": "\ud83d\udcc9 DOWN",
      "predictions": [
        64800.37,
        64783.13,
        64771.93,
        64763.28,
        64749.93,
        64736.05,
        64722.75,
        64709.93,
        64697.17,
        64684.27,
        64671.4,
        64658.63,
        64645.94,
        64633.31,
        64620.72,
        64608.2,
        64595.73,
        64583.32,
        64570.97,
        64558.68,
        64546.44,
        64534.26,
        64522.14,
        64510.07
      ],
      "metrics": {
        "MAE": 107.334067,
        "RMSE": 156.928405,
        "MAPE": 0.168,
        "R2": 0.9676
      }
    },
    "ETH_USD": {
      "current": 1872.5,
      "next_1h": 1871.14,
      "next_24h": 1852.43,
      "change_pct": -0.073,
      "trend": "\ud83d\udcc9 DOWN",
      "predictions": [
        1871.14,
        1869.89,
        1869.13,
        1868.27,
        1867.35,
        1866.53,
        1865.72,
        1864.9,
        1864.09,
        1863.29,
        1862.48,
        1861.68,
        1860.89,
        1860.1,
        1859.31,
        1858.53,
        1857.75,
        1856.98,
        1856.21,
        1855.45,
        1854.69,
        1853.93,
        1853.17,
        1852.43
      ],
      "metrics": {
        "MAE": 4.466043,
        "RMSE": 6.843696,
        "MAPE": 0.2406,
        "R2": 0.9753
      }
    },
    "BNB_USD": {
      "current": 570.99,
      "next_1h": 571.0,
      "next_24h": 571.55,
      "change_pct": 0.002,
      "trend": "\ud83d\udcc8 UP",
      "predictions": [
        571.0,
        571.02,
        571.09,
        571.08,
        571.11,
        571.14,
        571.16,
        571.18,
        571.21,
        571.23,
        571.25,
        571.28,
        571.3,
        571.32,
        571.35,
        571.37,
        571.39,
        571.41,
        571.44,
        571.46,
        571.48,
        571.5,
        571.52,
        571.55
      ],
      "metrics": {
        "MAE": 0.855464,
        "RMSE": 1.186607,
        "MAPE": 0.1493,
        "R2": 0.9636
      }
    }
  }
}