{
  "generated_at": "2026-04-04 10:00:39",
  "exchange_rates": {
    "USD_TZS": {
      "current": 2596.9564,
      "next_1h": 2596.6521,
      "next_24h": 2590.8911,
      "change_pct": -0.012,
      "trend": "\ud83d\udcc9 DOWN",
      "predictions": [
        2596.6521,
        2596.3545,
        2596.0597,
        2595.7692,
        2595.4796,
        2595.194,
        2594.9138,
        2594.6388,
        2594.3691,
        2594.1045,
        2593.845,
        2593.5904,
        2593.3407,
        2593.0958,
        2592.8556,
        2592.6201,
        2592.389,
        2592.1624,
        2591.9401,
        2591.7221,
        2591.5083,
        2591.2985,
        2591.0928,
        2590.8911
      ],
      "metrics": {
        "MAE": 0.684935,
        "RMSE": 2.824979,
        "MAPE": 0.0265,
        "R2": 0.9066
      }
    },
    "USD_KES": {
      "current": 130.0613,
      "next_1h": 130.0523,
      "next_24h": 129.8902,
      "change_pct": -0.007,
      "trend": "\ud83d\udcc9 DOWN",
      "predictions": [
        130.0523,
        130.0425,
        130.0337,
        130.0255,
        130.0177,
        130.0103,
        130.0029,
        129.9956,
        129.9884,
        129.9812,
        129.9741,
        129.9671,
        129.9602,
        129.9534,
        129.9467,
        129.9401,
        129.9336,
        129.9271,
        129.9208,
        129.9145,
        129.9083,
        129.9022,
        129.8962,
        129.8902
      ],
      "metrics": {
        "MAE": 0.013434,
        "RMSE": 0.032593,
        "MAPE": 0.0103,
        "R2": 0.8882
      }
    },
    "USD_UGX": {
      "current": 3753.7694,
      "next_1h": 3753.7432,
      "next_24h": 3753.1979,
      "change_pct": -0.001,
      "trend": "\ud83d\udcc9 DOWN",
      "predictions": [
        3753.7432,
        3753.7173,
        3753.6917,
        3753.6662,
        3753.6411,
        3753.6161,
        3753.5914,
        3753.5669,
        3753.5425,
        3753.5183,
        3753.4943,
        3753.4704,
        3753.4468,
        3753.4233,
        3753.4,
        3753.3769,
        3753.3539,
        3753.3311,
        3753.3085,
        3753.286,
        3753.2638,
        3753.2416,
        3753.2197,
        3753.1979
      ],
      "metrics": {
        "MAE": 0.741728,
        "RMSE": 3.441138,
        "MAPE": 0.0198,
        "R2": 0.8576
      }
    },
    "USD_EUR": {
      "current": 0.8674,
      "next_1h": 0.8674,
      "next_24h": 0.8674,
      "change_pct": 0.0,
      "trend": "\ud83d\udcc9 DOWN",
      "predictions": [
        0.8674,
        0.8674,
        0.8674,
        0.8674,
        0.8674,
        0.8674,
        0.8674,
        0.8674,
        0.8674,
        0.8674,
        0.8674,
        0.8674,
        0.8674,
        0.8674,
        0.8674,
        0.8674,
        0.8674,
        0.8674,
        0.8674,
        0.8674,
        0.8674,
        0.8674,
        0.8674,
        0.8674
      ],
      "metrics": {
        "MAE": 0.000198,
        "RMSE": 0.000741,
        "MAPE": 0.0229,
        "R2": 0.9437
      }
    }
  },
  "crypto": {
    "BTC_USD": {
      "current": 66967.0,
      "next_1h": 66987.56,
      "next_24h": 67472.17,
      "change_pct": 0.031,
      "trend": "\ud83d\udcc8 UP",
      "predictions": [
        66987.56,
        67005.68,
        67033.32,
        67060.89,
        67081.94,
        67104.28,
        67126.36,
        67147.66,
        67169.0,
        67190.46,
        67211.66,
        67232.7,
        67253.6,
        67274.31,
        67294.84,
        67315.2,
        67335.39,
        67355.41,
        67375.27,
        67394.97,
        67414.51,
        67433.89,
        67453.11,
        67472.17
      ],
      "metrics": {
        "MAE": 215.73027,
        "RMSE": 298.665664,
        "MAPE": 0.3204,
        "R2": 0.8239
      }
    },
    "ETH_USD": {
      "current": 2050.04,
      "next_1h": 2050.47,
      "next_24h": 2063.49,
      "change_pct": 0.021,
      "trend": "\ud83d\udcc8 UP",
      "predictions": [
        2050.47,
        2051.01,
        2051.66,
        2052.31,
        2052.95,
        2053.59,
        2054.21,
        2054.83,
        2055.43,
        2056.03,
        2056.61,
        2057.19,
        2057.76,
        2058.32,
        2058.88,
        2059.42,
        2059.96,
        2060.49,
        2061.01,
        2061.52,
        2062.02,
        2062.52,
        2063.01,
        2063.49
      ],
      "metrics": {
        "MAE": 8.631481,
        "RMSE": 12.090698,
        "MAPE": 0.4164,
        "R2": 0.8856
      }
    },
    "BNB_USD": {
      "current": 590.04,
      "next_1h": 590.75,
      "next_24h": 605.71,
      "change_pct": 0.12,
      "trend": "\ud83d\udcc8 UP",
      "predictions": [
        590.75,
        591.49,
        592.35,
        593.12,
        593.84,
        594.55,
        595.25,
        595.94,
        596.61,
        597.28,
        597.94,
        598.59,
        599.23,
        599.87,
        600.49,
        601.1,
        601.71,
        602.31,
        602.89,
        603.47,
        604.05,
        604.61,
        605.16,
        605.71
      ],
      "metrics": {
        "MAE": 1.892553,
        "RMSE": 2.582854,
        "MAPE": 0.315,
        "R2": 0.967
      }
    }
  }
}