{
  "generated_at": "2026-07-22 05:17:11",
  "exchange_rates": {
    "USD_TZS": {
      "current": 2628.1023,
      "next_1h": 2627.8285,
      "next_24h": 2622.8886,
      "change_pct": -0.01,
      "trend": "\ud83d\udcc9 DOWN",
      "predictions": [
        2627.8285,
        2627.5477,
        2627.2724,
        2627.0025,
        2626.7379,
        2626.4784,
        2626.2262,
        2625.9811,
        2625.743,
        2625.5116,
        2625.2869,
        2625.0686,
        2624.8565,
        2624.6505,
        2624.4504,
        2624.256,
        2624.0672,
        2623.8838,
        2623.7057,
        2623.5326,
        2623.3645,
        2623.2012,
        2623.0426,
        2622.8886
      ],
      "metrics": {
        "MAE": 0.522728,
        "RMSE": 2.033483,
        "MAPE": 0.02,
        "R2": 0.9579
      }
    },
    "USD_KES": {
      "current": 129.3824,
      "next_1h": 129.3826,
      "next_24h": 129.3785,
      "change_pct": 0.0,
      "trend": "\ud83d\udcc9 DOWN",
      "predictions": [
        129.3826,
        129.3824,
        129.3822,
        129.3821,
        129.3819,
        129.3817,
        129.3815,
        129.3813,
        129.3811,
        129.3809,
        129.3807,
        129.3805,
        129.3804,
        129.3802,
        129.38,
        129.3798,
        129.3797,
        129.3795,
        129.3793,
        129.3791,
        129.379,
        129.3788,
        129.3786,
        129.3785
      ],
      "metrics": {
        "MAE": 0.002753,
        "RMSE": 0.013248,
        "MAPE": 0.0021,
        "R2": 0.9277
      }
    },
    "USD_UGX": {
      "current": 3692.4788,
      "next_1h": 3692.4217,
      "next_24h": 3690.9249,
      "change_pct": -0.002,
      "trend": "\ud83d\udcc9 DOWN",
      "predictions": [
        3692.4217,
        3692.3545,
        3692.2874,
        3692.2205,
        3692.1537,
        3692.087,
        3692.0206,
        3691.9544,
        3691.8884,
        3691.8226,
        3691.7571,
        3691.6917,
        3691.6266,
        3691.5617,
        3691.4971,
        3691.4326,
        3691.3684,
        3691.3044,
        3691.2406,
        3691.177,
        3691.1137,
        3691.0505,
        3690.9876,
        3690.9249
      ],
      "metrics": {
        "MAE": 0.43437,
        "RMSE": 2.413295,
        "MAPE": 0.0118,
        "R2": 0.954
      }
    },
    "USD_EUR": {
      "current": 0.8767,
      "next_1h": 0.8767,
      "next_24h": 0.8768,
      "change_pct": 0.0,
      "trend": "\ud83d\udcc9 DOWN",
      "predictions": [
        0.8767,
        0.8767,
        0.8767,
        0.8767,
        0.8767,
        0.8767,
        0.8767,
        0.8767,
        0.8767,
        0.8767,
        0.8767,
        0.8767,
        0.8767,
        0.8768,
        0.8768,
        0.8768,
        0.8768,
        0.8768,
        0.8768,
        0.8768,
        0.8768,
        0.8768,
        0.8768,
        0.8768
      ],
      "metrics": {
        "MAE": 4.3e-05,
        "RMSE": 0.000227,
        "MAPE": 0.0049,
        "R2": 0.9696
      }
    }
  },
  "crypto": {
    "BTC_USD": {
      "current": 66222.0,
      "next_1h": 66193.72,
      "next_24h": 65826.82,
      "change_pct": -0.043,
      "trend": "\ud83d\udcc9 DOWN",
      "predictions": [
        66193.72,
        66183.95,
        66175.71,
        66160.02,
        66137.4,
        66119.7,
        66103.38,
        66087.01,
        66070.12,
        66053.1,
        66036.39,
        66019.84,
        66003.35,
        65986.9,
        65970.53,
        65954.25,
        65938.05,
        65921.93,
        65905.88,
        65889.92,
        65874.03,
        65858.22,
        65842.48,
        65826.82
      ],
      "metrics": {
        "MAE": 99.907691,
        "RMSE": 147.580373,
        "MAPE": 0.1546,
        "R2": 0.9758
      }
    },
    "ETH_USD": {
      "current": 1931.38,
      "next_1h": 1930.31,
      "next_24h": 1911.06,
      "change_pct": -0.055,
      "trend": "\ud83d\udcc9 DOWN",
      "predictions": [
        1930.31,
        1929.56,
        1928.75,
        1927.77,
        1926.92,
        1926.06,
        1925.19,
        1924.32,
        1923.46,
        1922.61,
        1921.76,
        1920.91,
        1920.07,
        1919.23,
        1918.4,
        1917.57,
        1916.74,
        1915.92,
        1915.1,
        1914.28,
        1913.47,
        1912.67,
        1911.86,
        1911.06
      ],
      "metrics": {
        "MAE": 3.905564,
        "RMSE": 5.442914,
        "MAPE": 0.2081,
        "R2": 0.9729
      }
    },
    "BNB_USD": {
      "current": 571.14,
      "next_1h": 571.18,
      "next_24h": 572.02,
      "change_pct": 0.007,
      "trend": "\ud83d\udcc8 UP",
      "predictions": [
        571.18,
        571.21,
        571.27,
        571.29,
        571.33,
        571.37,
        571.41,
        571.44,
        571.48,
        571.52,
        571.55,
        571.59,
        571.63,
        571.66,
        571.7,
        571.74,
        571.77,
        571.81,
        571.84,
        571.88,
        571.91,
        571.95,
        571.98,
        572.02
      ],
      "metrics": {
        "MAE": 0.758333,
        "RMSE": 1.053737,
        "MAPE": 0.1329,
        "R2": 0.9427
      }
    }
  }
}