{
  "generated_at": "2026-06-21 17:38:32",
  "exchange_rates": {
    "USD_TZS": {
      "current": 2610.4055,
      "next_1h": 2610.3495,
      "next_24h": 2609.2106,
      "change_pct": -0.002,
      "trend": "\ud83d\udcc9 DOWN",
      "predictions": [
        2610.3495,
        2610.2938,
        2610.2385,
        2610.1835,
        2610.1289,
        2610.0746,
        2610.021,
        2609.9681,
        2609.9159,
        2609.8644,
        2609.8135,
        2609.7634,
        2609.7139,
        2609.665,
        2609.6168,
        2609.5692,
        2609.5223,
        2609.476,
        2609.4303,
        2609.3852,
        2609.3407,
        2609.2967,
        2609.2534,
        2609.2106
      ],
      "metrics": {
        "MAE": 0.643582,
        "RMSE": 3.089669,
        "MAPE": 0.0246,
        "R2": 0.8169
      }
    },
    "USD_KES": {
      "current": 129.4365,
      "next_1h": 129.436,
      "next_24h": 129.4264,
      "change_pct": 0.0,
      "trend": "\ud83d\udcc9 DOWN",
      "predictions": [
        129.436,
        129.4356,
        129.4351,
        129.4347,
        129.4342,
        129.4338,
        129.4333,
        129.4329,
        129.4325,
        129.432,
        129.4316,
        129.4312,
        129.4308,
        129.4304,
        129.43,
        129.4296,
        129.4292,
        129.4288,
        129.4284,
        129.428,
        129.4276,
        129.4272,
        129.4268,
        129.4264
      ],
      "metrics": {
        "MAE": 0.002832,
        "RMSE": 0.013351,
        "MAPE": 0.0022,
        "R2": 0.881
      }
    },
    "USD_UGX": {
      "current": 3651.2384,
      "next_1h": 3652.9127,
      "next_24h": 3684.8943,
      "change_pct": 0.046,
      "trend": "\ud83d\udcc8 UP",
      "predictions": [
        3652.9127,
        3654.5708,
        3656.2129,
        3657.8391,
        3659.4495,
        3661.0444,
        3662.6081,
        3664.1412,
        3665.644,
        3667.117,
        3668.5607,
        3669.9754,
        3671.3618,
        3672.7204,
        3674.0517,
        3675.3564,
        3676.6349,
        3677.8877,
        3679.1154,
        3680.3185,
        3681.4974,
        3682.6527,
        3683.7848,
        3684.8943
      ],
      "metrics": {
        "MAE": 2.272304,
        "RMSE": 6.351074,
        "MAPE": 0.0619,
        "R2": 0.9715
      }
    },
    "USD_EUR": {
      "current": 0.872,
      "next_1h": 0.872,
      "next_24h": 0.8715,
      "change_pct": -0.002,
      "trend": "\ud83d\udcc9 DOWN",
      "predictions": [
        0.872,
        0.8719,
        0.8719,
        0.8719,
        0.8719,
        0.8719,
        0.8718,
        0.8718,
        0.8718,
        0.8718,
        0.8718,
        0.8717,
        0.8717,
        0.8717,
        0.8717,
        0.8716,
        0.8716,
        0.8716,
        0.8716,
        0.8716,
        0.8715,
        0.8715,
        0.8715,
        0.8715
      ],
      "metrics": {
        "MAE": 0.00012,
        "RMSE": 0.000659,
        "MAPE": 0.0139,
        "R2": 0.9722
      }
    }
  },
  "crypto": {
    "BTC_USD": {
      "current": 64017.0,
      "next_1h": 64007.54,
      "next_24h": 63513.18,
      "change_pct": -0.015,
      "trend": "\ud83d\udcc9 DOWN",
      "predictions": [
        64007.54,
        63995.43,
        63979.67,
        63945.28,
        63927.7,
        63907.93,
        63886.41,
        63864.06,
        63841.29,
        63819.83,
        63798.06,
        63776.03,
        63753.98,
        63731.99,
        63710.11,
        63688.18,
        63666.25,
        63644.33,
        63622.44,
        63600.57,
        63578.7,
        63556.84,
        63535.01,
        63513.18
      ],
      "metrics": {
        "MAE": 208.368676,
        "RMSE": 299.127279,
        "MAPE": 0.3227,
        "R2": 0.9208
      }
    },
    "ETH_USD": {
      "current": 1724.64,
      "next_1h": 1724.19,
      "next_24h": 1704.86,
      "change_pct": -0.026,
      "trend": "\ud83d\udcc9 DOWN",
      "predictions": [
        1724.19,
        1723.34,
        1722.3,
        1721.62,
        1720.82,
        1719.96,
        1719.11,
        1718.28,
        1717.44,
        1716.59,
        1715.75,
        1714.91,
        1714.07,
        1713.23,
        1712.39,
        1711.55,
        1710.71,
        1709.87,
        1709.03,
        1708.2,
        1707.36,
        1706.53,
        1705.69,
        1704.86
      ],
      "metrics": {
        "MAE": 7.810143,
        "RMSE": 12.805567,
        "MAPE": 0.4488,
        "R2": 0.9141
      }
    },
    "BNB_USD": {
      "current": 589.41,
      "next_1h": 589.78,
      "next_24h": 596.39,
      "change_pct": 0.062,
      "trend": "\ud83d\udcc8 UP",
      "predictions": [
        589.78,
        590.06,
        590.35,
        590.69,
        591.0,
        591.3,
        591.6,
        591.9,
        592.19,
        592.49,
        592.78,
        593.07,
        593.36,
        593.64,
        593.93,
        594.21,
        594.49,
        594.77,
        595.04,
        595.32,
        595.59,
        595.86,
        596.13,
        596.39
      ],
      "metrics": {
        "MAE": 1.866561,
        "RMSE": 2.785194,
        "MAPE": 0.3116,
        "R2": 0.9584
      }
    }
  }
}