{
  "generated_at": "2026-07-10 20:43:16",
  "exchange_rates": {
    "USD_TZS": {
      "current": 2624.3773,
      "next_1h": 2624.0814,
      "next_24h": 2619.1852,
      "change_pct": -0.011,
      "trend": "\ud83d\udcc9 DOWN",
      "predictions": [
        2624.0814,
        2623.792,
        2623.5087,
        2623.2316,
        2622.9605,
        2622.6952,
        2622.4387,
        2622.1907,
        2621.9509,
        2621.7192,
        2621.4952,
        2621.2787,
        2621.0695,
        2620.8674,
        2620.6721,
        2620.4833,
        2620.3009,
        2620.1247,
        2619.9544,
        2619.7898,
        2619.6308,
        2619.4771,
        2619.3286,
        2619.1852
      ],
      "metrics": {
        "MAE": 0.374628,
        "RMSE": 0.686906,
        "MAPE": 0.0143,
        "R2": 0.8001
      }
    },
    "USD_KES": {
      "current": 129.1614,
      "next_1h": 129.1661,
      "next_24h": 129.2582,
      "change_pct": 0.004,
      "trend": "\ud83d\udcc8 UP",
      "predictions": [
        129.1661,
        129.1708,
        129.1754,
        129.18,
        129.1845,
        129.189,
        129.1935,
        129.1978,
        129.2021,
        129.2063,
        129.2105,
        129.2145,
        129.2185,
        129.2225,
        129.2263,
        129.2301,
        129.2338,
        129.2375,
        129.2411,
        129.2446,
        129.2481,
        129.2515,
        129.2549,
        129.2582
      ],
      "metrics": {
        "MAE": 0.006934,
        "RMSE": 0.021389,
        "MAPE": 0.0054,
        "R2": 0.9509
      }
    },
    "USD_UGX": {
      "current": 3670.526,
      "next_1h": 3670.4917,
      "next_24h": 3669.7238,
      "change_pct": -0.001,
      "trend": "\ud83d\udcc9 DOWN",
      "predictions": [
        3670.4917,
        3670.4575,
        3670.4234,
        3670.3893,
        3670.3553,
        3670.3213,
        3670.2875,
        3670.2537,
        3670.22,
        3670.1863,
        3670.1528,
        3670.1193,
        3670.0859,
        3670.0526,
        3670.0194,
        3669.9862,
        3669.9531,
        3669.9201,
        3669.8872,
        3669.8544,
        3669.8216,
        3669.789,
        3669.7564,
        3669.7238
      ],
      "metrics": {
        "MAE": 0.940007,
        "RMSE": 4.097476,
        "MAPE": 0.0258,
        "R2": 0.9006
      }
    },
    "USD_EUR": {
      "current": 0.8748,
      "next_1h": 0.8748,
      "next_24h": 0.8751,
      "change_pct": 0.001,
      "trend": "\ud83d\udcc8 UP",
      "predictions": [
        0.8748,
        0.8748,
        0.8749,
        0.8749,
        0.8749,
        0.8749,
        0.8749,
        0.8749,
        0.8749,
        0.8749,
        0.875,
        0.875,
        0.875,
        0.875,
        0.875,
        0.875,
        0.875,
        0.875,
        0.8751,
        0.8751,
        0.8751,
        0.8751,
        0.8751,
        0.8751
      ],
      "metrics": {
        "MAE": 7e-05,
        "RMSE": 0.000321,
        "MAPE": 0.008,
        "R2": 0.9064
      }
    }
  },
  "crypto": {
    "BTC_USD": {
      "current": 63829.0,
      "next_1h": 63821.94,
      "next_24h": 63597.03,
      "change_pct": -0.011,
      "trend": "\ud83d\udcc9 DOWN",
      "predictions": [
        63821.94,
        63816.45,
        63804.56,
        63790.57,
        63781.89,
        63772.2,
        63762.23,
        63751.97,
        63741.86,
        63731.95,
        63722.06,
        63712.18,
        63702.33,
        63692.54,
        63682.8,
        63673.1,
        63663.44,
        63653.83,
        63644.25,
        63634.72,
        63625.24,
        63615.79,
        63606.39,
        63597.03
      ],
      "metrics": {
        "MAE": 125.596406,
        "RMSE": 173.228758,
        "MAPE": 0.1993,
        "R2": 0.9437
      }
    },
    "ETH_USD": {
      "current": 1791.13,
      "next_1h": 1790.7,
      "next_24h": 1778.74,
      "change_pct": -0.024,
      "trend": "\ud83d\udcc9 DOWN",
      "predictions": [
        1790.7,
        1790.38,
        1789.52,
        1789.07,
        1788.52,
        1787.98,
        1787.43,
        1786.91,
        1786.38,
        1785.85,
        1785.33,
        1784.8,
        1784.28,
        1783.77,
        1783.25,
        1782.74,
        1782.23,
        1781.73,
        1781.22,
        1780.72,
        1780.22,
        1779.73,
        1779.23,
        1778.74
      ],
      "metrics": {
        "MAE": 4.315303,
        "RMSE": 6.094072,
        "MAPE": 0.2451,
        "R2": 0.9231
      }
    },
    "BNB_USD": {
      "current": 575.46,
      "next_1h": 575.47,
      "next_24h": 576.33,
      "change_pct": 0.002,
      "trend": "\ud83d\udcc8 UP",
      "predictions": [
        575.47,
        575.57,
        575.58,
        575.61,
        575.65,
        575.69,
        575.73,
        575.76,
        575.8,
        575.84,
        575.87,
        575.91,
        575.94,
        575.98,
        576.01,
        576.05,
        576.08,
        576.12,
        576.15,
        576.19,
        576.22,
        576.26,
        576.29,
        576.33
      ],
      "metrics": {
        "MAE": 1.000963,
        "RMSE": 1.372362,
        "MAPE": 0.175,
        "R2": 0.9422
      }
    }
  }
}