{
  "generated_at": "2026-03-14 11:00:23",
  "exchange_rates": {
    "USD_TZS": {
      "current": 2580.4805,
      "next_1h": 2580.1135,
      "next_24h": 2575.6602,
      "change_pct": -0.014,
      "trend": "\ud83d\udcc9 DOWN",
      "predictions": [
        2580.1135,
        2579.7696,
        2579.437,
        2579.1209,
        2578.809,
        2578.5122,
        2578.2355,
        2577.9777,
        2577.7376,
        2577.5143,
        2577.3071,
        2577.1149,
        2576.9368,
        2576.7717,
        2576.6187,
        2576.4769,
        2576.3455,
        2576.2238,
        2576.1111,
        2576.0066,
        2575.9099,
        2575.8202,
        2575.7372,
        2575.6602
      ],
      "metrics": {
        "MAE": 0.409901,
        "RMSE": 0.422656,
        "MAPE": 0.0159,
        "R2": 0.4743
      }
    },
    "USD_KES": {
      "current": 129.2015,
      "next_1h": 129.2079,
      "next_24h": 129.2634,
      "change_pct": 0.005,
      "trend": "\ud83d\udcc8 UP",
      "predictions": [
        129.2079,
        129.215,
        129.2207,
        129.2256,
        129.2299,
        129.2336,
        129.237,
        129.2401,
        129.2429,
        129.2454,
        129.2477,
        129.2498,
        129.2516,
        129.2533,
        129.2549,
        129.2562,
        129.2575,
        129.2586,
        129.2596,
        129.2606,
        129.2614,
        129.2621,
        129.2628,
        129.2634
      ],
      "metrics": {
        "MAE": 0.006431,
        "RMSE": 0.01556,
        "MAPE": 0.005,
        "R2": 0.8519
      }
    },
    "USD_UGX": {
      "current": 3743.5548,
      "next_1h": 3742.6791,
      "next_24h": 3727.4472,
      "change_pct": -0.023,
      "trend": "\ud83d\udcc9 DOWN",
      "predictions": [
        3742.6791,
        3741.8213,
        3740.9903,
        3740.1699,
        3739.3754,
        3738.6049,
        3737.8523,
        3737.1175,
        3736.3999,
        3735.699,
        3735.0145,
        3734.3461,
        3733.6933,
        3733.0558,
        3732.4332,
        3731.8253,
        3731.2315,
        3730.6517,
        3730.0855,
        3729.5325,
        3728.9925,
        3728.4652,
        3727.9502,
        3727.4472
      ],
      "metrics": {
        "MAE": 1.094408,
        "RMSE": 2.748264,
        "MAPE": 0.0293,
        "R2": 0.8446
      }
    },
    "USD_EUR": {
      "current": 0.8736,
      "next_1h": 0.873,
      "next_24h": 0.8658,
      "change_pct": -0.072,
      "trend": "\ud83d\udcc9 DOWN",
      "predictions": [
        0.873,
        0.8724,
        0.8719,
        0.8714,
        0.8709,
        0.8705,
        0.8701,
        0.8697,
        0.8693,
        0.8689,
        0.8686,
        0.8683,
        0.868,
        0.8677,
        0.8675,
        0.8672,
        0.867,
        0.8668,
        0.8666,
        0.8664,
        0.8662,
        0.8661,
        0.8659,
        0.8658
      ],
      "metrics": {
        "MAE": 0.000555,
        "RMSE": 0.001244,
        "MAPE": 0.0637,
        "R2": 0.8292
      }
    }
  },
  "crypto": {
    "BTC_USD": {
      "current": 70558.0,
      "next_1h": 70566.06,
      "next_24h": 70777.46,
      "change_pct": 0.011,
      "trend": "\ud83d\udcc8 UP",
      "predictions": [
        70566.06,
        70582.47,
        70593.83,
        70601.43,
        70611.59,
        70621.16,
        70631.48,
        70641.31,
        70650.72,
        70660.06,
        70669.25,
        70678.37,
        70687.35,
        70696.17,
        70704.87,
        70713.42,
        70721.86,
        70730.17,
        70738.35,
        70746.41,
        70754.35,
        70762.17,
        70769.87,
        70777.46
      ],
      "metrics": {
        "MAE": 270.062358,
        "RMSE": 374.072914,
        "MAPE": 0.3765,
        "R2": 0.7136
      }
    },
    "ETH_USD": {
      "current": 2066.52,
      "next_1h": 2061.83,
      "next_24h": 2044.3,
      "change_pct": -0.227,
      "trend": "\ud83d\udcc9 DOWN",
      "predictions": [
        2061.83,
        2059.16,
        2056.35,
        2053.73,
        2051.91,
        2050.0,
        2048.6,
        2047.39,
        2046.42,
        2045.69,
        2045.09,
        2044.67,
        2044.35,
        2044.14,
        2044.01,
        2043.94,
        2043.92,
        2043.93,
        2043.97,
        2044.03,
        2044.09,
        2044.16,
        2044.23,
        2044.3
      ],
      "metrics": {
        "MAE": 11.70819,
        "RMSE": 15.861284,
        "MAPE": 0.5514,
        "R2": 0.5872
      }
    },
    "BNB_USD": {
      "current": 651.04,
      "next_1h": 651.34,
      "next_24h": 654.21,
      "change_pct": 0.046,
      "trend": "\ud83d\udcc8 UP",
      "predictions": [
        651.34,
        651.54,
        651.7,
        651.84,
        651.98,
        652.12,
        652.26,
        652.4,
        652.53,
        652.66,
        652.79,
        652.91,
        653.04,
        653.16,
        653.27,
        653.39,
        653.5,
        653.61,
        653.71,
        653.82,
        653.92,
        654.02,
        654.12,
        654.21
      ],
      "metrics": {
        "MAE": 1.806134,
        "RMSE": 2.608946,
        "MAPE": 0.2731,
        "R2": 0.8012
      }
    }
  }
}