{
  "generated_at": "2026-07-14 07:13:08",
  "exchange_rates": {
    "USD_TZS": {
      "current": 2602.9439,
      "next_1h": 2603.3382,
      "next_24h": 2609.9283,
      "change_pct": 0.015,
      "trend": "\ud83d\udcc8 UP",
      "predictions": [
        2603.3382,
        2603.7241,
        2604.1018,
        2604.4716,
        2604.8334,
        2605.1875,
        2605.5303,
        2605.8622,
        2606.1836,
        2606.4946,
        2606.7956,
        2607.0869,
        2607.3687,
        2607.6415,
        2607.9054,
        2608.1608,
        2608.408,
        2608.6472,
        2608.8786,
        2609.1025,
        2609.3193,
        2609.529,
        2609.7319,
        2609.9283
      ],
      "metrics": {
        "MAE": 0.481553,
        "RMSE": 1.914826,
        "MAPE": 0.0184,
        "R2": 0.8003
      }
    },
    "USD_KES": {
      "current": 129.2818,
      "next_1h": 129.2835,
      "next_24h": 129.3186,
      "change_pct": 0.001,
      "trend": "\ud83d\udcc8 UP",
      "predictions": [
        129.2835,
        129.2852,
        129.287,
        129.2887,
        129.2904,
        129.292,
        129.2937,
        129.2953,
        129.2969,
        129.2985,
        129.3001,
        129.3017,
        129.3032,
        129.3047,
        129.3062,
        129.3076,
        129.3091,
        129.3105,
        129.3119,
        129.3133,
        129.3147,
        129.316,
        129.3173,
        129.3186
      ],
      "metrics": {
        "MAE": 0.005146,
        "RMSE": 0.015221,
        "MAPE": 0.004,
        "R2": 0.8681
      }
    },
    "USD_UGX": {
      "current": 3658.9043,
      "next_1h": 3658.9302,
      "next_24h": 3659.5061,
      "change_pct": 0.001,
      "trend": "\ud83d\udcc8 UP",
      "predictions": [
        3658.9302,
        3658.9559,
        3658.9817,
        3659.0073,
        3659.0329,
        3659.0585,
        3659.084,
        3659.1094,
        3659.1348,
        3659.1601,
        3659.1853,
        3659.2104,
        3659.2354,
        3659.2604,
        3659.2853,
        3659.3101,
        3659.3349,
        3659.3596,
        3659.3842,
        3659.4087,
        3659.4332,
        3659.4576,
        3659.4819,
        3659.5061
      ],
      "metrics": {
        "MAE": 0.514773,
        "RMSE": 2.895965,
        "MAPE": 0.0141,
        "R2": 0.9123
      }
    },
    "USD_EUR": {
      "current": 0.8774,
      "next_1h": 0.8774,
      "next_24h": 0.8774,
      "change_pct": 0.0,
      "trend": "\ud83d\udcc9 DOWN",
      "predictions": [
        0.8774,
        0.8774,
        0.8774,
        0.8774,
        0.8774,
        0.8774,
        0.8774,
        0.8774,
        0.8774,
        0.8774,
        0.8774,
        0.8774,
        0.8774,
        0.8774,
        0.8774,
        0.8774,
        0.8774,
        0.8774,
        0.8774,
        0.8774,
        0.8774,
        0.8774,
        0.8774,
        0.8774
      ],
      "metrics": {
        "MAE": 3.5e-05,
        "RMSE": 0.000182,
        "MAPE": 0.004,
        "R2": 0.9444
      }
    }
  },
  "crypto": {
    "BTC_USD": {
      "current": 62495.0,
      "next_1h": 62497.3,
      "next_24h": 62412.06,
      "change_pct": 0.004,
      "trend": "\ud83d\udcc8 UP",
      "predictions": [
        62497.3,
        62496.72,
        62494.76,
        62488.93,
        62481.98,
        62478.48,
        62475.03,
        62471.31,
        62467.34,
        62463.44,
        62459.68,
        62455.94,
        62452.19,
        62448.45,
        62444.74,
        62441.04,
        62437.36,
        62433.7,
        62430.05,
        62426.42,
        62422.8,
        62419.21,
        62415.63,
        62412.06
      ],
      "metrics": {
        "MAE": 91.266834,
        "RMSE": 124.926948,
        "MAPE": 0.1438,
        "R2": 0.9694
      }
    },
    "ETH_USD": {
      "current": 1779.35,
      "next_1h": 1778.74,
      "next_24h": 1768.5,
      "change_pct": -0.034,
      "trend": "\ud83d\udcc9 DOWN",
      "predictions": [
        1778.74,
        1778.47,
        1778.04,
        1777.5,
        1777.07,
        1776.6,
        1776.13,
        1775.66,
        1775.19,
        1774.73,
        1774.27,
        1773.81,
        1773.36,
        1772.9,
        1772.45,
        1772.0,
        1771.56,
        1771.11,
        1770.67,
        1770.23,
        1769.8,
        1769.36,
        1768.93,
        1768.5
      ],
      "metrics": {
        "MAE": 3.83082,
        "RMSE": 5.836014,
        "MAPE": 0.2138,
        "R2": 0.914
      }
    },
    "BNB_USD": {
      "current": 568.32,
      "next_1h": 568.33,
      "next_24h": 569.22,
      "change_pct": 0.002,
      "trend": "\ud83d\udcc8 UP",
      "predictions": [
        568.33,
        568.37,
        568.41,
        568.44,
        568.48,
        568.52,
        568.56,
        568.6,
        568.64,
        568.68,
        568.72,
        568.76,
        568.8,
        568.84,
        568.88,
        568.92,
        568.95,
        568.99,
        569.03,
        569.07,
        569.11,
        569.14,
        569.18,
        569.22
      ],
      "metrics": {
        "MAE": 0.769118,
        "RMSE": 1.125752,
        "MAPE": 0.1342,
        "R2": 0.9419
      }
    }
  }
}