{
  "generated_at": "2026-07-09 00:17:16",
  "exchange_rates": {
    "USD_TZS": {
      "current": 2623.2861,
      "next_1h": 2622.9593,
      "next_24h": 2617.7235,
      "change_pct": -0.012,
      "trend": "\ud83d\udcc9 DOWN",
      "predictions": [
        2622.9593,
        2622.6403,
        2622.3287,
        2622.0245,
        2621.7274,
        2621.4373,
        2621.1578,
        2620.8885,
        2620.6292,
        2620.3795,
        2620.1392,
        2619.9078,
        2619.6851,
        2619.4707,
        2619.2644,
        2619.0659,
        2618.8748,
        2618.6908,
        2618.5138,
        2618.3434,
        2618.1794,
        2618.0216,
        2617.8697,
        2617.7235
      ],
      "metrics": {
        "MAE": 0.482811,
        "RMSE": 0.768115,
        "MAPE": 0.0184,
        "R2": 0.9266
      }
    },
    "USD_KES": {
      "current": 129.175,
      "next_1h": 129.1794,
      "next_24h": 129.2658,
      "change_pct": 0.003,
      "trend": "\ud83d\udcc8 UP",
      "predictions": [
        129.1794,
        129.1837,
        129.188,
        129.1923,
        129.1966,
        129.2008,
        129.2049,
        129.209,
        129.213,
        129.217,
        129.2209,
        129.2247,
        129.2284,
        129.2321,
        129.2358,
        129.2393,
        129.2428,
        129.2463,
        129.2497,
        129.253,
        129.2563,
        129.2595,
        129.2627,
        129.2658
      ],
      "metrics": {
        "MAE": 0.005618,
        "RMSE": 0.018584,
        "MAPE": 0.0043,
        "R2": 0.9808
      }
    },
    "USD_UGX": {
      "current": 3634.4997,
      "next_1h": 3634.6281,
      "next_24h": 3637.4876,
      "change_pct": 0.004,
      "trend": "\ud83d\udcc8 UP",
      "predictions": [
        3634.6281,
        3634.7561,
        3634.8839,
        3635.0115,
        3635.1388,
        3635.2658,
        3635.3925,
        3635.5188,
        3635.6447,
        3635.7702,
        3635.8953,
        3636.0201,
        3636.1444,
        3636.2684,
        3636.392,
        3636.5153,
        3636.6381,
        3636.7606,
        3636.8827,
        3637.0044,
        3637.1258,
        3637.2468,
        3637.3674,
        3637.4876
      ],
      "metrics": {
        "MAE": 0.944243,
        "RMSE": 3.908511,
        "MAPE": 0.0259,
        "R2": 0.8794
      }
    },
    "USD_EUR": {
      "current": 0.8758,
      "next_1h": 0.8758,
      "next_24h": 0.8764,
      "change_pct": 0.003,
      "trend": "\ud83d\udcc8 UP",
      "predictions": [
        0.8758,
        0.8759,
        0.8759,
        0.8759,
        0.8759,
        0.876,
        0.876,
        0.876,
        0.876,
        0.8761,
        0.8761,
        0.8761,
        0.8762,
        0.8762,
        0.8762,
        0.8762,
        0.8763,
        0.8763,
        0.8763,
        0.8763,
        0.8764,
        0.8764,
        0.8764,
        0.8764
      ],
      "metrics": {
        "MAE": 9.3e-05,
        "RMSE": 0.000363,
        "MAPE": 0.0106,
        "R2": 0.933
      }
    }
  },
  "crypto": {
    "BTC_USD": {
      "current": 62148.0,
      "next_1h": 62151.23,
      "next_24h": 61915.48,
      "change_pct": 0.005,
      "trend": "\ud83d\udcc8 UP",
      "predictions": [
        62151.23,
        62146.39,
        62134.55,
        62119.28,
        62108.46,
        62098.91,
        62088.66,
        62077.99,
        62067.33,
        62056.95,
        62046.64,
        62036.33,
        62026.03,
        62015.77,
        62005.57,
        61995.41,
        61985.28,
        61975.19,
        61965.15,
        61955.14,
        61945.17,
        61935.23,
        61925.34,
        61915.48
      ],
      "metrics": {
        "MAE": 171.058786,
        "RMSE": 274.761555,
        "MAPE": 0.2729,
        "R2": 0.9022
      }
    },
    "ETH_USD": {
      "current": 1740.36,
      "next_1h": 1739.77,
      "next_24h": 1726.26,
      "change_pct": -0.034,
      "trend": "\ud83d\udcc9 DOWN",
      "predictions": [
        1739.77,
        1739.07,
        1738.36,
        1737.82,
        1737.19,
        1736.58,
        1735.99,
        1735.4,
        1734.81,
        1734.22,
        1733.64,
        1733.06,
        1732.48,
        1731.9,
        1731.32,
        1730.75,
        1730.18,
        1729.61,
        1729.05,
        1728.49,
        1727.93,
        1727.37,
        1726.82,
        1726.26
      ],
      "metrics": {
        "MAE": 6.374502,
        "RMSE": 9.503118,
        "MAPE": 0.3642,
        "R2": 0.9389
      }
    },
    "BNB_USD": {
      "current": 568.03,
      "next_1h": 568.05,
      "next_24h": 568.0,
      "change_pct": 0.004,
      "trend": "\ud83d\udcc8 UP",
      "predictions": [
        568.05,
        568.06,
        568.04,
        568.06,
        568.05,
        568.05,
        568.05,
        568.05,
        568.04,
        568.04,
        568.04,
        568.03,
        568.03,
        568.03,
        568.02,
        568.02,
        568.02,
        568.01,
        568.01,
        568.01,
        568.01,
        568.0,
        568.0,
        568.0
      ],
      "metrics": {
        "MAE": 1.490139,
        "RMSE": 2.185159,
        "MAPE": 0.2602,
        "R2": 0.9483
      }
    }
  }
}