{
  "generated_at": "2026-05-10 23:24:55",
  "exchange_rates": {
    "USD_TZS": {
      "current": 2599.3308,
      "next_1h": 2599.4796,
      "next_24h": 2601.514,
      "change_pct": 0.006,
      "trend": "\ud83d\udcc8 UP",
      "predictions": [
        2599.4796,
        2599.6244,
        2599.7651,
        2599.902,
        2600.0352,
        2600.1647,
        2600.2867,
        2600.4017,
        2600.5098,
        2600.6113,
        2600.7067,
        2600.796,
        2600.8797,
        2600.958,
        2601.0315,
        2601.1002,
        2601.1646,
        2601.2249,
        2601.2813,
        2601.3342,
        2601.3837,
        2601.43,
        2601.4734,
        2601.514
      ],
      "metrics": {
        "MAE": 0.674122,
        "RMSE": 2.661705,
        "MAPE": 0.026,
        "R2": 0.8733
      }
    },
    "USD_KES": {
      "current": 129.179,
      "next_1h": 129.1785,
      "next_24h": 129.1705,
      "change_pct": 0.0,
      "trend": "\ud83d\udcc9 DOWN",
      "predictions": [
        129.1785,
        129.1781,
        129.1777,
        129.1773,
        129.1769,
        129.1765,
        129.1761,
        129.1758,
        129.1754,
        129.175,
        129.1747,
        129.1743,
        129.174,
        129.1736,
        129.1733,
        129.173,
        129.1726,
        129.1723,
        129.172,
        129.1717,
        129.1714,
        129.1711,
        129.1708,
        129.1705
      ],
      "metrics": {
        "MAE": 0.001335,
        "RMSE": 0.005996,
        "MAPE": 0.001,
        "R2": 0.8939
      }
    },
    "USD_UGX": {
      "current": 3718.1034,
      "next_1h": 3717.7899,
      "next_24h": 3711.9533,
      "change_pct": -0.008,
      "trend": "\ud83d\udcc9 DOWN",
      "predictions": [
        3717.7899,
        3717.4807,
        3717.1759,
        3716.8754,
        3716.5792,
        3716.287,
        3716.0009,
        3715.7207,
        3715.4463,
        3715.1776,
        3714.9145,
        3714.6568,
        3714.4046,
        3714.1575,
        3713.9156,
        3713.6788,
        3713.4469,
        3713.2198,
        3712.9974,
        3712.7797,
        3712.5665,
        3712.3578,
        3712.1534,
        3711.9533
      ],
      "metrics": {
        "MAE": 1.093793,
        "RMSE": 3.186679,
        "MAPE": 0.0293,
        "R2": 0.9314
      }
    },
    "USD_EUR": {
      "current": 0.8494,
      "next_1h": 0.8494,
      "next_24h": 0.8502,
      "change_pct": 0.005,
      "trend": "\ud83d\udcc8 UP",
      "predictions": [
        0.8494,
        0.8495,
        0.8495,
        0.8496,
        0.8496,
        0.8496,
        0.8497,
        0.8497,
        0.8498,
        0.8498,
        0.8498,
        0.8499,
        0.8499,
        0.8499,
        0.85,
        0.85,
        0.85,
        0.8501,
        0.8501,
        0.8501,
        0.8502,
        0.8502,
        0.8502,
        0.8502
      ],
      "metrics": {
        "MAE": 0.000101,
        "RMSE": 0.000414,
        "MAPE": 0.0119,
        "R2": 0.9596
      }
    }
  },
  "crypto": {
    "BTC_USD": {
      "current": 82260.0,
      "next_1h": 82145.68,
      "next_24h": 81035.77,
      "change_pct": -0.139,
      "trend": "\ud83d\udcc9 DOWN",
      "predictions": [
        82145.68,
        82160.41,
        82143.7,
        82095.5,
        82080.73,
        82017.44,
        81962.45,
        81906.6,
        81847.2,
        81790.74,
        81732.57,
        81675.35,
        81618.8,
        81562.59,
        81507.18,
        81452.3,
        81398.06,
        81344.47,
        81291.49,
        81239.14,
        81187.39,
        81136.25,
        81085.71,
        81035.77
      ],
      "metrics": {
        "MAE": 214.873803,
        "RMSE": 322.887909,
        "MAPE": 0.2666,
        "R2": 0.8237
      }
    },
    "ETH_USD": {
      "current": 2372.36,
      "next_1h": 2371.04,
      "next_24h": 2340.51,
      "change_pct": -0.056,
      "trend": "\ud83d\udcc9 DOWN",
      "predictions": [
        2371.04,
        2372.56,
        2371.12,
        2369.92,
        2369.62,
        2367.68,
        2366.08,
        2364.32,
        2362.46,
        2360.77,
        2359.0,
        2357.3,
        2355.64,
        2354.02,
        2352.47,
        2350.95,
        2349.49,
        2348.07,
        2346.7,
        2345.38,
        2344.1,
        2342.86,
        2341.67,
        2340.51
      ],
      "metrics": {
        "MAE": 7.581037,
        "RMSE": 11.32516,
        "MAPE": 0.3233,
        "R2": 0.8799
      }
    },
    "BNB_USD": {
      "current": 664.19,
      "next_1h": 663.12,
      "next_24h": 651.86,
      "change_pct": -0.16,
      "trend": "\ud83d\udcc9 DOWN",
      "predictions": [
        663.12,
        663.26,
        662.8,
        662.3,
        661.87,
        661.26,
        660.69,
        660.12,
        659.54,
        658.98,
        658.42,
        657.86,
        657.32,
        656.78,
        656.25,
        655.73,
        655.22,
        654.72,
        654.22,
        653.74,
        653.26,
        652.78,
        652.32,
        651.86
      ],
      "metrics": {
        "MAE": 1.809472,
        "RMSE": 2.593996,
        "MAPE": 0.2818,
        "R2": 0.9435
      }
    }
  }
}