{
  "generated_at": "2026-07-17 01:13:09",
  "exchange_rates": {
    "USD_TZS": {
      "current": 2614.7645,
      "next_1h": 2614.8095,
      "next_24h": 2615.5682,
      "change_pct": 0.002,
      "trend": "\ud83d\udcc8 UP",
      "predictions": [
        2614.8095,
        2614.8537,
        2614.8969,
        2614.9392,
        2614.9806,
        2615.0211,
        2615.0604,
        2615.0985,
        2615.1354,
        2615.1711,
        2615.2057,
        2615.2392,
        2615.2717,
        2615.3032,
        2615.3336,
        2615.3631,
        2615.3917,
        2615.4194,
        2615.4462,
        2615.4722,
        2615.4973,
        2615.5217,
        2615.5453,
        2615.5682
      ],
      "metrics": {
        "MAE": 0.496288,
        "RMSE": 1.949324,
        "MAPE": 0.019,
        "R2": 0.9552
      }
    },
    "USD_KES": {
      "current": 129.367,
      "next_1h": 129.3672,
      "next_24h": 129.3711,
      "change_pct": 0.0,
      "trend": "\ud83d\udcc9 DOWN",
      "predictions": [
        129.3672,
        129.3674,
        129.3676,
        129.3678,
        129.3679,
        129.3681,
        129.3683,
        129.3685,
        129.3687,
        129.3688,
        129.369,
        129.3692,
        129.3693,
        129.3695,
        129.3697,
        129.3698,
        129.37,
        129.3701,
        129.3703,
        129.3705,
        129.3706,
        129.3708,
        129.3709,
        129.3711
      ],
      "metrics": {
        "MAE": 0.004216,
        "RMSE": 0.016669,
        "MAPE": 0.0033,
        "R2": 0.9404
      }
    },
    "USD_UGX": {
      "current": 3686.5095,
      "next_1h": 3686.4204,
      "next_24h": 3684.4246,
      "change_pct": -0.002,
      "trend": "\ud83d\udcc9 DOWN",
      "predictions": [
        3686.4204,
        3686.3314,
        3686.2426,
        3686.154,
        3686.0655,
        3685.9772,
        3685.8891,
        3685.8013,
        3685.7136,
        3685.6262,
        3685.539,
        3685.452,
        3685.3652,
        3685.2786,
        3685.1923,
        3685.1061,
        3685.0202,
        3684.9345,
        3684.849,
        3684.7637,
        3684.6786,
        3684.5937,
        3684.5091,
        3684.4246
      ],
      "metrics": {
        "MAE": 0.452928,
        "RMSE": 2.491073,
        "MAPE": 0.0123,
        "R2": 0.9395
      }
    },
    "USD_EUR": {
      "current": 0.8734,
      "next_1h": 0.8734,
      "next_24h": 0.8736,
      "change_pct": 0.001,
      "trend": "\ud83d\udcc8 UP",
      "predictions": [
        0.8734,
        0.8734,
        0.8735,
        0.8735,
        0.8735,
        0.8735,
        0.8735,
        0.8735,
        0.8735,
        0.8735,
        0.8735,
        0.8735,
        0.8735,
        0.8736,
        0.8736,
        0.8736,
        0.8736,
        0.8736,
        0.8736,
        0.8736,
        0.8736,
        0.8736,
        0.8736,
        0.8736
      ],
      "metrics": {
        "MAE": 4.9e-05,
        "RMSE": 0.000257,
        "MAPE": 0.0056,
        "R2": 0.9487
      }
    }
  },
  "crypto": {
    "BTC_USD": {
      "current": 63940.0,
      "next_1h": 63922.95,
      "next_24h": 63716.49,
      "change_pct": -0.027,
      "trend": "\ud83d\udcc9 DOWN",
      "predictions": [
        63922.95,
        63893.9,
        63875.35,
        63870.2,
        63871.69,
        63862.65,
        63852.74,
        63843.87,
        63835.98,
        63828.1,
        63819.84,
        63811.57,
        63803.43,
        63795.36,
        63787.32,
        63779.3,
        63771.31,
        63763.37,
        63755.46,
        63747.6,
        63739.76,
        63731.97,
        63724.21,
        63716.49
      ],
      "metrics": {
        "MAE": 115.215662,
        "RMSE": 159.470651,
        "MAPE": 0.1805,
        "R2": 0.9698
      }
    },
    "ETH_USD": {
      "current": 1867.19,
      "next_1h": 1866.58,
      "next_24h": 1847.58,
      "change_pct": -0.033,
      "trend": "\ud83d\udcc9 DOWN",
      "predictions": [
        1866.58,
        1865.34,
        1864.09,
        1863.7,
        1862.65,
        1861.79,
        1860.97,
        1860.16,
        1859.33,
        1858.52,
        1857.72,
        1856.91,
        1856.11,
        1855.31,
        1854.52,
        1853.73,
        1852.95,
        1852.17,
        1851.39,
        1850.62,
        1849.86,
        1849.09,
        1848.33,
        1847.58
      ],
      "metrics": {
        "MAE": 4.89039,
        "RMSE": 7.56561,
        "MAPE": 0.2651,
        "R2": 0.9802
      }
    },
    "BNB_USD": {
      "current": 574.11,
      "next_1h": 574.12,
      "next_24h": 574.47,
      "change_pct": 0.002,
      "trend": "\ud83d\udcc8 UP",
      "predictions": [
        574.12,
        574.11,
        574.13,
        574.22,
        574.21,
        574.22,
        574.24,
        574.25,
        574.27,
        574.28,
        574.29,
        574.31,
        574.32,
        574.34,
        574.35,
        574.36,
        574.38,
        574.39,
        574.4,
        574.42,
        574.43,
        574.45,
        574.46,
        574.47
      ],
      "metrics": {
        "MAE": 0.864767,
        "RMSE": 1.246688,
        "MAPE": 0.1502,
        "R2": 0.945
      }
    }
  }
}