{
  "generated_at": "2026-06-18 23:39:58",
  "exchange_rates": {
    "USD_TZS": {
      "current": 2621.1906,
      "next_1h": 2620.9648,
      "next_24h": 2616.3987,
      "change_pct": -0.009,
      "trend": "\ud83d\udcc9 DOWN",
      "predictions": [
        2620.9648,
        2620.7405,
        2620.5176,
        2620.2961,
        2620.0759,
        2619.8571,
        2619.6412,
        2619.4283,
        2619.2183,
        2619.0112,
        2618.8071,
        2618.6057,
        2618.4072,
        2618.2115,
        2618.0185,
        2617.8282,
        2617.6406,
        2617.4556,
        2617.2732,
        2617.0933,
        2616.916,
        2616.7411,
        2616.5687,
        2616.3987
      ],
      "metrics": {
        "MAE": 0.586528,
        "RMSE": 2.959515,
        "MAPE": 0.0225,
        "R2": 0.802
      }
    },
    "USD_KES": {
      "current": 129.4804,
      "next_1h": 129.4794,
      "next_24h": 129.4578,
      "change_pct": -0.001,
      "trend": "\ud83d\udcc9 DOWN",
      "predictions": [
        129.4794,
        129.4784,
        129.4774,
        129.4764,
        129.4754,
        129.4744,
        129.4735,
        129.4725,
        129.4715,
        129.4705,
        129.4696,
        129.4686,
        129.4677,
        129.4668,
        129.4658,
        129.4649,
        129.464,
        129.4631,
        129.4622,
        129.4613,
        129.4604,
        129.4595,
        129.4586,
        129.4578
      ],
      "metrics": {
        "MAE": 0.003785,
        "RMSE": 0.016408,
        "MAPE": 0.0029,
        "R2": 0.9372
      }
    },
    "USD_UGX": {
      "current": 3649.8689,
      "next_1h": 3651.6308,
      "next_24h": 3685.1427,
      "change_pct": 0.048,
      "trend": "\ud83d\udcc8 UP",
      "predictions": [
        3651.6308,
        3653.3752,
        3655.1022,
        3656.812,
        3658.5048,
        3660.1807,
        3661.8232,
        3663.4327,
        3665.0098,
        3666.555,
        3668.0687,
        3669.5514,
        3671.0037,
        3672.4262,
        3673.8196,
        3675.1845,
        3676.5213,
        3677.8308,
        3679.1134,
        3680.3697,
        3681.6003,
        3682.8057,
        3683.9863,
        3685.1427
      ],
      "metrics": {
        "MAE": 1.482587,
        "RMSE": 5.133629,
        "MAPE": 0.0401,
        "R2": 0.9733
      }
    },
    "USD_EUR": {
      "current": 0.8656,
      "next_1h": 0.8656,
      "next_24h": 0.866,
      "change_pct": 0.002,
      "trend": "\ud83d\udcc8 UP",
      "predictions": [
        0.8656,
        0.8656,
        0.8657,
        0.8657,
        0.8657,
        0.8657,
        0.8657,
        0.8657,
        0.8658,
        0.8658,
        0.8658,
        0.8658,
        0.8658,
        0.8658,
        0.8658,
        0.8659,
        0.8659,
        0.8659,
        0.8659,
        0.8659,
        0.8659,
        0.866,
        0.866,
        0.866
      ],
      "metrics": {
        "MAE": 0.0001,
        "RMSE": 0.000436,
        "MAPE": 0.0116,
        "R2": 0.9368
      }
    }
  },
  "crypto": {
    "BTC_USD": {
      "current": 62835.0,
      "next_1h": 62833.45,
      "next_24h": 61927.7,
      "change_pct": -0.002,
      "trend": "\ud83d\udcc9 DOWN",
      "predictions": [
        62833.45,
        62787.44,
        62730.81,
        62695.17,
        62669.12,
        62631.54,
        62589.85,
        62549.95,
        62512.4,
        62474.48,
        62435.29,
        62396.01,
        62357.1,
        62318.31,
        62279.36,
        62240.29,
        62201.25,
        62162.23,
        62123.2,
        62084.13,
        62045.04,
        62005.94,
        61966.83,
        61927.7
      ],
      "metrics": {
        "MAE": 255.651492,
        "RMSE": 355.310152,
        "MAPE": 0.3997,
        "R2": 0.9403
      }
    },
    "ETH_USD": {
      "current": 1708.51,
      "next_1h": 1707.46,
      "next_24h": 1682.78,
      "change_pct": -0.062,
      "trend": "\ud83d\udcc9 DOWN",
      "predictions": [
        1707.46,
        1705.76,
        1704.82,
        1704.19,
        1703.02,
        1701.9,
        1700.86,
        1699.81,
        1698.73,
        1697.66,
        1696.6,
        1695.53,
        1694.47,
        1693.4,
        1692.34,
        1691.27,
        1690.21,
        1689.15,
        1688.08,
        1687.02,
        1685.96,
        1684.9,
        1683.84,
        1682.78
      ],
      "metrics": {
        "MAE": 9.495016,
        "RMSE": 14.211064,
        "MAPE": 0.5543,
        "R2": 0.934
      }
    },
    "BNB_USD": {
      "current": 577.65,
      "next_1h": 578.1,
      "next_24h": 586.49,
      "change_pct": 0.079,
      "trend": "\ud83d\udcc8 UP",
      "predictions": [
        578.1,
        578.41,
        578.71,
        579.03,
        579.43,
        579.82,
        580.2,
        580.59,
        580.98,
        581.36,
        581.75,
        582.13,
        582.51,
        582.88,
        583.25,
        583.62,
        583.99,
        584.36,
        584.72,
        585.08,
        585.44,
        585.79,
        586.14,
        586.49
      ],
      "metrics": {
        "MAE": 2.233352,
        "RMSE": 3.127403,
        "MAPE": 0.3717,
        "R2": 0.9121
      }
    }
  }
}