{
  "generated_at": "2026-05-05 13:44:20",
  "exchange_rates": {
    "USD_TZS": {
      "current": 2582.7007,
      "next_1h": 2583.6603,
      "next_24h": 2596.4109,
      "change_pct": 0.037,
      "trend": "\ud83d\udcc8 UP",
      "predictions": [
        2583.6603,
        2584.5933,
        2585.5004,
        2586.3824,
        2587.2399,
        2588.0737,
        2588.8563,
        2589.59,
        2590.2769,
        2590.919,
        2591.5182,
        2592.0766,
        2592.5966,
        2593.0808,
        2593.5315,
        2593.9509,
        2594.3413,
        2594.7045,
        2595.0425,
        2595.357,
        2595.6496,
        2595.9219,
        2596.1752,
        2596.4109
      ],
      "metrics": {
        "MAE": 1.055292,
        "RMSE": 3.05005,
        "MAPE": 0.0406,
        "R2": 0.9105
      }
    },
    "USD_KES": {
      "current": 129.1269,
      "next_1h": 129.127,
      "next_24h": 129.1291,
      "change_pct": 0.0,
      "trend": "\ud83d\udcc9 DOWN",
      "predictions": [
        129.127,
        129.1271,
        129.1272,
        129.1273,
        129.1274,
        129.1275,
        129.1276,
        129.1277,
        129.1278,
        129.1278,
        129.1279,
        129.128,
        129.1281,
        129.1282,
        129.1283,
        129.1284,
        129.1285,
        129.1285,
        129.1286,
        129.1287,
        129.1288,
        129.1289,
        129.129,
        129.1291
      ],
      "metrics": {
        "MAE": 0.002121,
        "RMSE": 0.013997,
        "MAPE": 0.0016,
        "R2": 0.9276
      }
    },
    "USD_UGX": {
      "current": 3726.434,
      "next_1h": 3726.2449,
      "next_24h": 3722.1561,
      "change_pct": -0.005,
      "trend": "\ud83d\udcc9 DOWN",
      "predictions": [
        3726.2449,
        3726.0565,
        3725.8689,
        3725.6819,
        3725.4956,
        3725.31,
        3725.1255,
        3724.9421,
        3724.7599,
        3724.5788,
        3724.3988,
        3724.2198,
        3724.042,
        3723.8653,
        3723.6896,
        3723.515,
        3723.3415,
        3723.169,
        3722.9976,
        3722.8272,
        3722.6579,
        3722.4896,
        3722.3224,
        3722.1561
      ],
      "metrics": {
        "MAE": 0.57341,
        "RMSE": 2.505434,
        "MAPE": 0.0154,
        "R2": 0.9751
      }
    },
    "USD_EUR": {
      "current": 0.8549,
      "next_1h": 0.8549,
      "next_24h": 0.8546,
      "change_pct": -0.002,
      "trend": "\ud83d\udcc9 DOWN",
      "predictions": [
        0.8549,
        0.8549,
        0.8549,
        0.8549,
        0.8548,
        0.8548,
        0.8548,
        0.8548,
        0.8548,
        0.8548,
        0.8548,
        0.8547,
        0.8547,
        0.8547,
        0.8547,
        0.8547,
        0.8547,
        0.8547,
        0.8547,
        0.8546,
        0.8546,
        0.8546,
        0.8546,
        0.8546
      ],
      "metrics": {
        "MAE": 7.3e-05,
        "RMSE": 0.000354,
        "MAPE": 0.0086,
        "R2": 0.9006
      }
    }
  },
  "crypto": {
    "BTC_USD": {
      "current": 81375.0,
      "next_1h": 81348.56,
      "next_24h": 80718.45,
      "change_pct": -0.032,
      "trend": "\ud83d\udcc9 DOWN",
      "predictions": [
        81348.56,
        81340.85,
        81317.67,
        81292.6,
        81266.12,
        81235.8,
        81206.26,
        81176.37,
        81146.49,
        81116.82,
        81087.22,
        81057.81,
        81028.57,
        80999.5,
        80970.61,
        80941.9,
        80913.36,
        80885.0,
        80856.81,
        80828.8,
        80800.96,
        80773.28,
        80745.78,
        80718.45
      ],
      "metrics": {
        "MAE": 202.249401,
        "RMSE": 305.273858,
        "MAPE": 0.2587,
        "R2": 0.961
      }
    },
    "ETH_USD": {
      "current": 2388.38,
      "next_1h": 2387.5,
      "next_24h": 2364.96,
      "change_pct": -0.037,
      "trend": "\ud83d\udcc9 DOWN",
      "predictions": [
        2387.5,
        2387.52,
        2386.38,
        2385.78,
        2384.8,
        2383.66,
        2382.61,
        2381.47,
        2380.38,
        2379.27,
        2378.17,
        2377.09,
        2376.01,
        2374.94,
        2373.89,
        2372.85,
        2371.82,
        2370.81,
        2369.8,
        2368.81,
        2367.83,
        2366.86,
        2365.91,
        2364.96
      ],
      "metrics": {
        "MAE": 6.988843,
        "RMSE": 11.110538,
        "MAPE": 0.3021,
        "R2": 0.9156
      }
    },
    "BNB_USD": {
      "current": 631.05,
      "next_1h": 630.89,
      "next_24h": 629.13,
      "change_pct": -0.025,
      "trend": "\ud83d\udcc9 DOWN",
      "predictions": [
        630.89,
        630.9,
        630.82,
        630.71,
        630.65,
        630.56,
        630.47,
        630.39,
        630.3,
        630.22,
        630.13,
        630.05,
        629.97,
        629.89,
        629.81,
        629.73,
        629.65,
        629.57,
        629.5,
        629.42,
        629.35,
        629.27,
        629.2,
        629.13
      ],
      "metrics": {
        "MAE": 1.120394,
        "RMSE": 1.6735,
        "MAPE": 0.1803,
        "R2": 0.854
      }
    }
  }
}