{
  "generated_at": "2026-06-30 22:34:27",
  "exchange_rates": {
    "USD_TZS": {
      "current": 2628.3687,
      "next_1h": 2627.995,
      "next_24h": 2620.8977,
      "change_pct": -0.014,
      "trend": "\ud83d\udcc9 DOWN",
      "predictions": [
        2627.995,
        2627.625,
        2627.2587,
        2626.8961,
        2626.5372,
        2626.1818,
        2625.8336,
        2625.4925,
        2625.1582,
        2624.8308,
        2624.5102,
        2624.1961,
        2623.8886,
        2623.5874,
        2623.2924,
        2623.0036,
        2622.7207,
        2622.4437,
        2622.1724,
        2621.9067,
        2621.6465,
        2621.3917,
        2621.1421,
        2620.8977
      ],
      "metrics": {
        "MAE": 0.735946,
        "RMSE": 2.993538,
        "MAPE": 0.0281,
        "R2": 0.8964
      }
    },
    "USD_KES": {
      "current": 129.4439,
      "next_1h": 129.4438,
      "next_24h": 129.4412,
      "change_pct": 0.0,
      "trend": "\ud83d\udcc9 DOWN",
      "predictions": [
        129.4438,
        129.4436,
        129.4435,
        129.4434,
        129.4433,
        129.4431,
        129.443,
        129.4429,
        129.4428,
        129.4426,
        129.4425,
        129.4424,
        129.4423,
        129.4422,
        129.4421,
        129.442,
        129.4419,
        129.4418,
        129.4417,
        129.4416,
        129.4415,
        129.4414,
        129.4413,
        129.4412
      ],
      "metrics": {
        "MAE": 0.004062,
        "RMSE": 0.016553,
        "MAPE": 0.0031,
        "R2": 0.908
      }
    },
    "USD_UGX": {
      "current": 3644.9775,
      "next_1h": 3645.0323,
      "next_24h": 3646.2659,
      "change_pct": 0.002,
      "trend": "\ud83d\udcc8 UP",
      "predictions": [
        3645.0323,
        3645.087,
        3645.1417,
        3645.1963,
        3645.2508,
        3645.3052,
        3645.3596,
        3645.4138,
        3645.4679,
        3645.5219,
        3645.5758,
        3645.6295,
        3645.6832,
        3645.7367,
        3645.7901,
        3645.8434,
        3645.8966,
        3645.9497,
        3646.0027,
        3646.0556,
        3646.1083,
        3646.161,
        3646.2135,
        3646.2659
      ],
      "metrics": {
        "MAE": 0.751793,
        "RMSE": 3.685118,
        "MAPE": 0.0206,
        "R2": 0.9195
      }
    },
    "USD_EUR": {
      "current": 0.876,
      "next_1h": 0.876,
      "next_24h": 0.8757,
      "change_pct": -0.001,
      "trend": "\ud83d\udcc9 DOWN",
      "predictions": [
        0.876,
        0.876,
        0.8759,
        0.8759,
        0.8759,
        0.8759,
        0.8759,
        0.8759,
        0.8759,
        0.8758,
        0.8758,
        0.8758,
        0.8758,
        0.8758,
        0.8758,
        0.8758,
        0.8758,
        0.8757,
        0.8757,
        0.8757,
        0.8757,
        0.8757,
        0.8757,
        0.8757
      ],
      "metrics": {
        "MAE": 0.000118,
        "RMSE": 0.000513,
        "MAPE": 0.0134,
        "R2": 0.9479
      }
    }
  },
  "crypto": {
    "BTC_USD": {
      "current": 58463.0,
      "next_1h": 58493.89,
      "next_24h": 58653.68,
      "change_pct": 0.053,
      "trend": "\ud83d\udcc8 UP",
      "predictions": [
        58493.89,
        58525.82,
        58522.94,
        58521.46,
        58522.71,
        58533.33,
        58542.22,
        58547.68,
        58553.52,
        58560.15,
        58567.4,
        58574.27,
        58580.83,
        58587.47,
        58594.19,
        58600.92,
        58607.58,
        58614.21,
        58620.83,
        58627.44,
        58634.03,
        58640.6,
        58647.15,
        58653.68
      ],
      "metrics": {
        "MAE": 253.890567,
        "RMSE": 376.775595,
        "MAPE": 0.4198,
        "R2": 0.9356
      }
    },
    "ETH_USD": {
      "current": 1565.82,
      "next_1h": 1566.79,
      "next_24h": 1575.79,
      "change_pct": 0.062,
      "trend": "\ud83d\udcc8 UP",
      "predictions": [
        1566.79,
        1567.17,
        1567.47,
        1567.74,
        1568.27,
        1568.67,
        1569.07,
        1569.47,
        1569.89,
        1570.29,
        1570.69,
        1571.09,
        1571.49,
        1571.89,
        1572.29,
        1572.68,
        1573.07,
        1573.47,
        1573.86,
        1574.25,
        1574.63,
        1575.02,
        1575.41,
        1575.79
      ],
      "metrics": {
        "MAE": 8.235168,
        "RMSE": 13.046996,
        "MAPE": 0.5136,
        "R2": 0.9298
      }
    },
    "BNB_USD": {
      "current": 543.88,
      "next_1h": 544.28,
      "next_24h": 552.62,
      "change_pct": 0.073,
      "trend": "\ud83d\udcc8 UP",
      "predictions": [
        544.28,
        544.47,
        544.82,
        545.19,
        545.58,
        545.96,
        546.35,
        546.73,
        547.12,
        547.5,
        547.88,
        548.26,
        548.64,
        549.01,
        549.38,
        549.75,
        550.12,
        550.48,
        550.84,
        551.2,
        551.56,
        551.92,
        552.27,
        552.62
      ],
      "metrics": {
        "MAE": 2.118999,
        "RMSE": 3.151186,
        "MAPE": 0.3769,
        "R2": 0.9284
      }
    }
  }
}