{
  "generated_at": "2026-06-13 11:42:41",
  "exchange_rates": {
    "USD_TZS": {
      "current": 2612.035,
      "next_1h": 2611.7921,
      "next_24h": 2607.2658,
      "change_pct": -0.009,
      "trend": "\ud83d\udcc9 DOWN",
      "predictions": [
        2611.7921,
        2611.5516,
        2611.3137,
        2611.0783,
        2610.8454,
        2610.6148,
        2610.3894,
        2610.1692,
        2609.9539,
        2609.7437,
        2609.5382,
        2609.3376,
        2609.1417,
        2608.9503,
        2608.7634,
        2608.5808,
        2608.4025,
        2608.2284,
        2608.0584,
        2607.8923,
        2607.73,
        2607.5716,
        2607.4169,
        2607.2658
      ],
      "metrics": {
        "MAE": 0.490515,
        "RMSE": 0.854121,
        "MAPE": 0.0187,
        "R2": 0.8858
      }
    },
    "USD_KES": {
      "current": 129.4122,
      "next_1h": 129.412,
      "next_24h": 129.4069,
      "change_pct": 0.0,
      "trend": "\ud83d\udcc9 DOWN",
      "predictions": [
        129.412,
        129.4117,
        129.4115,
        129.4113,
        129.411,
        129.4108,
        129.4106,
        129.4104,
        129.4101,
        129.4099,
        129.4097,
        129.4095,
        129.4093,
        129.409,
        129.4088,
        129.4086,
        129.4084,
        129.4082,
        129.408,
        129.4078,
        129.4076,
        129.4073,
        129.4071,
        129.4069
      ],
      "metrics": {
        "MAE": 0.003281,
        "RMSE": 0.014663,
        "MAPE": 0.0025,
        "R2": 0.9398
      }
    },
    "USD_UGX": {
      "current": 3724.1517,
      "next_1h": 3724.4316,
      "next_24h": 3729.8279,
      "change_pct": 0.008,
      "trend": "\ud83d\udcc8 UP",
      "predictions": [
        3724.4316,
        3724.7089,
        3724.9836,
        3725.2556,
        3725.5251,
        3725.792,
        3726.054,
        3726.3112,
        3726.5637,
        3726.8114,
        3727.0544,
        3727.2929,
        3727.527,
        3727.7566,
        3727.9819,
        3728.2029,
        3728.4198,
        3728.6326,
        3728.8414,
        3729.0463,
        3729.2473,
        3729.4445,
        3729.638,
        3729.8279
      ],
      "metrics": {
        "MAE": 0.54886,
        "RMSE": 2.478695,
        "MAPE": 0.0147,
        "R2": 0.8605
      }
    },
    "USD_EUR": {
      "current": 0.8644,
      "next_1h": 0.8644,
      "next_24h": 0.8642,
      "change_pct": -0.001,
      "trend": "\ud83d\udcc9 DOWN",
      "predictions": [
        0.8644,
        0.8644,
        0.8644,
        0.8643,
        0.8643,
        0.8643,
        0.8643,
        0.8643,
        0.8643,
        0.8643,
        0.8643,
        0.8643,
        0.8643,
        0.8643,
        0.8642,
        0.8642,
        0.8642,
        0.8642,
        0.8642,
        0.8642,
        0.8642,
        0.8642,
        0.8642,
        0.8642
      ],
      "metrics": {
        "MAE": 0.000105,
        "RMSE": 0.000498,
        "MAPE": 0.0121,
        "R2": 0.9449
      }
    }
  },
  "crypto": {
    "BTC_USD": {
      "current": 63873.0,
      "next_1h": 63697.27,
      "next_24h": 59699.5,
      "change_pct": -0.275,
      "trend": "\ud83d\udcc9 DOWN",
      "predictions": [
        63697.27,
        63541.85,
        63396.75,
        63235.86,
        63077.11,
        62914.39,
        62749.46,
        62583.73,
        62416.0,
        62246.69,
        62075.81,
        61903.24,
        61729.05,
        61553.19,
        61375.64,
        61196.41,
        61015.46,
        60832.78,
        60648.36,
        60462.18,
        60274.22,
        60084.47,
        59892.9,
        59699.5
      ],
      "metrics": {
        "MAE": 367.333006,
        "RMSE": 481.904734,
        "MAPE": 0.5901,
        "R2": 0.8038
      }
    },
    "ETH_USD": {
      "current": 1676.69,
      "next_1h": 1672.92,
      "next_24h": 1601.42,
      "change_pct": -0.225,
      "trend": "\ud83d\udcc9 DOWN",
      "predictions": [
        1672.92,
        1669.33,
        1666.6,
        1663.3,
        1660.28,
        1657.36,
        1654.34,
        1651.33,
        1648.31,
        1645.27,
        1642.22,
        1639.15,
        1636.08,
        1632.99,
        1629.89,
        1626.78,
        1623.65,
        1620.51,
        1617.36,
        1614.2,
        1611.02,
        1607.84,
        1604.64,
        1601.42
      ],
      "metrics": {
        "MAE": 12.09008,
        "RMSE": 16.852505,
        "MAPE": 0.7359,
        "R2": 0.9035
      }
    },
    "BNB_USD": {
      "current": 605.83,
      "next_1h": 606.59,
      "next_24h": 620.95,
      "change_pct": 0.126,
      "trend": "\ud83d\udcc8 UP",
      "predictions": [
        606.59,
        607.44,
        608.23,
        608.98,
        609.7,
        610.4,
        611.08,
        611.75,
        612.4,
        613.04,
        613.67,
        614.29,
        614.9,
        615.5,
        616.08,
        616.66,
        617.23,
        617.79,
        618.34,
        618.88,
        619.41,
        619.93,
        620.45,
        620.95
      ],
      "metrics": {
        "MAE": 3.152728,
        "RMSE": 4.218718,
        "MAPE": 0.5336,
        "R2": 0.8623
      }
    }
  }
}