{
  "generated_at": "2026-07-13 21:43:17",
  "exchange_rates": {
    "USD_TZS": {
      "current": 2627.8658,
      "next_1h": 2627.4798,
      "next_24h": 2621.0653,
      "change_pct": -0.015,
      "trend": "\ud83d\udcc9 DOWN",
      "predictions": [
        2627.4798,
        2627.1021,
        2626.7327,
        2626.3714,
        2626.0179,
        2625.6721,
        2625.3374,
        2625.0136,
        2624.7004,
        2624.3973,
        2624.1042,
        2623.8207,
        2623.5465,
        2623.2814,
        2623.025,
        2622.777,
        2622.5371,
        2622.3052,
        2622.0809,
        2621.8639,
        2621.6541,
        2621.4512,
        2621.255,
        2621.0653
      ],
      "metrics": {
        "MAE": 0.386158,
        "RMSE": 0.659445,
        "MAPE": 0.0147,
        "R2": 0.8451
      }
    },
    "USD_KES": {
      "current": 129.1822,
      "next_1h": 129.1856,
      "next_24h": 129.2542,
      "change_pct": 0.003,
      "trend": "\ud83d\udcc8 UP",
      "predictions": [
        129.1856,
        129.189,
        129.1924,
        129.1957,
        129.1991,
        129.2024,
        129.2057,
        129.2089,
        129.2121,
        129.2152,
        129.2183,
        129.2213,
        129.2243,
        129.2272,
        129.2301,
        129.2329,
        129.2357,
        129.2385,
        129.2412,
        129.2439,
        129.2465,
        129.2491,
        129.2517,
        129.2542
      ],
      "metrics": {
        "MAE": 0.005111,
        "RMSE": 0.01375,
        "MAPE": 0.004,
        "R2": 0.8786
      }
    },
    "USD_UGX": {
      "current": 3659.3418,
      "next_1h": 3659.3039,
      "next_24h": 3658.454,
      "change_pct": -0.001,
      "trend": "\ud83d\udcc9 DOWN",
      "predictions": [
        3659.3039,
        3659.2661,
        3659.2284,
        3659.1908,
        3659.1532,
        3659.1157,
        3659.0782,
        3659.0409,
        3659.0036,
        3658.9664,
        3658.9293,
        3658.8922,
        3658.8553,
        3658.8184,
        3658.7816,
        3658.7449,
        3658.7083,
        3658.6717,
        3658.6352,
        3658.5988,
        3658.5625,
        3658.5262,
        3658.4901,
        3658.454
      ],
      "metrics": {
        "MAE": 0.615058,
        "RMSE": 3.191401,
        "MAPE": 0.0168,
        "R2": 0.9007
      }
    },
    "USD_EUR": {
      "current": 0.8768,
      "next_1h": 0.8768,
      "next_24h": 0.8768,
      "change_pct": 0.0,
      "trend": "\ud83d\udcc9 DOWN",
      "predictions": [
        0.8768,
        0.8768,
        0.8768,
        0.8768,
        0.8768,
        0.8768,
        0.8768,
        0.8768,
        0.8768,
        0.8768,
        0.8768,
        0.8768,
        0.8768,
        0.8768,
        0.8768,
        0.8768,
        0.8768,
        0.8768,
        0.8768,
        0.8768,
        0.8768,
        0.8768,
        0.8768,
        0.8768
      ],
      "metrics": {
        "MAE": 3.2e-05,
        "RMSE": 0.000177,
        "MAPE": 0.0037,
        "R2": 0.9403
      }
    }
  },
  "crypto": {
    "BTC_USD": {
      "current": 61866.0,
      "next_1h": 61881.19,
      "next_24h": 61848.25,
      "change_pct": 0.025,
      "trend": "\ud83d\udcc8 UP",
      "predictions": [
        61881.19,
        61899.82,
        61901.17,
        61889.93,
        61882.62,
        61882.09,
        61881.42,
        61879.43,
        61876.96,
        61874.82,
        61872.96,
        61871.07,
        61869.11,
        61867.15,
        61865.21,
        61863.3,
        61861.39,
        61859.49,
        61857.59,
        61855.71,
        61853.83,
        61851.96,
        61850.1,
        61848.25
      ],
      "metrics": {
        "MAE": 92.107603,
        "RMSE": 127.456815,
        "MAPE": 0.145,
        "R2": 0.9611
      }
    },
    "ETH_USD": {
      "current": 1752.66,
      "next_1h": 1752.7,
      "next_24h": 1745.3,
      "change_pct": 0.002,
      "trend": "\ud83d\udcc8 UP",
      "predictions": [
        1752.7,
        1752.72,
        1752.33,
        1751.92,
        1751.72,
        1751.37,
        1751.0,
        1750.65,
        1750.3,
        1749.96,
        1749.61,
        1749.27,
        1748.93,
        1748.59,
        1748.25,
        1747.92,
        1747.58,
        1747.25,
        1746.92,
        1746.59,
        1746.27,
        1745.94,
        1745.62,
        1745.3
      ],
      "metrics": {
        "MAE": 3.787773,
        "RMSE": 5.808547,
        "MAPE": 0.2115,
        "R2": 0.9367
      }
    },
    "BNB_USD": {
      "current": 563.26,
      "next_1h": 563.35,
      "next_24h": 564.65,
      "change_pct": 0.016,
      "trend": "\ud83d\udcc8 UP",
      "predictions": [
        563.35,
        563.41,
        563.45,
        563.48,
        563.55,
        563.61,
        563.67,
        563.73,
        563.79,
        563.85,
        563.91,
        563.97,
        564.03,
        564.08,
        564.14,
        564.2,
        564.26,
        564.31,
        564.37,
        564.43,
        564.48,
        564.54,
        564.6,
        564.65
      ],
      "metrics": {
        "MAE": 0.781887,
        "RMSE": 1.140288,
        "MAPE": 0.1363,
        "R2": 0.9347
      }
    }
  }
}