{
  "generated_at": "2026-06-12 01:22:19",
  "exchange_rates": {
    "USD_TZS": {
      "current": 2614.9186,
      "next_1h": 2614.5894,
      "next_24h": 2608.5876,
      "change_pct": -0.013,
      "trend": "\ud83d\udcc9 DOWN",
      "predictions": [
        2614.5894,
        2614.2637,
        2613.9416,
        2613.6229,
        2613.3078,
        2612.9999,
        2612.6994,
        2612.4062,
        2612.1201,
        2611.841,
        2611.5688,
        2611.3034,
        2611.0446,
        2610.7921,
        2610.546,
        2610.3059,
        2610.0718,
        2609.8435,
        2609.6208,
        2609.4037,
        2609.1919,
        2608.9854,
        2608.784,
        2608.5876
      ],
      "metrics": {
        "MAE": 0.523889,
        "RMSE": 0.862812,
        "MAPE": 0.02,
        "R2": 0.8148
      }
    },
    "USD_KES": {
      "current": 129.3842,
      "next_1h": 129.3844,
      "next_24h": 129.3892,
      "change_pct": 0.0,
      "trend": "\ud83d\udcc9 DOWN",
      "predictions": [
        129.3844,
        129.3847,
        129.3849,
        129.3851,
        129.3853,
        129.3855,
        129.3858,
        129.386,
        129.3862,
        129.3864,
        129.3866,
        129.3868,
        129.387,
        129.3872,
        129.3874,
        129.3876,
        129.3878,
        129.388,
        129.3882,
        129.3884,
        129.3886,
        129.3888,
        129.389,
        129.3892
      ],
      "metrics": {
        "MAE": 0.00405,
        "RMSE": 0.016247,
        "MAPE": 0.0031,
        "R2": 0.942
      }
    },
    "USD_UGX": {
      "current": 3741.39,
      "next_1h": 3741.3639,
      "next_24h": 3741.0039,
      "change_pct": -0.001,
      "trend": "\ud83d\udcc9 DOWN",
      "predictions": [
        3741.3639,
        3741.3381,
        3741.3125,
        3741.2872,
        3741.2621,
        3741.2458,
        3741.2299,
        3741.2144,
        3741.1992,
        3741.1844,
        3741.1698,
        3741.1556,
        3741.1416,
        3741.1279,
        3741.1144,
        3741.1012,
        3741.0883,
        3741.0755,
        3741.063,
        3741.0507,
        3741.0387,
        3741.0269,
        3741.0153,
        3741.0039
      ],
      "metrics": {
        "MAE": 0.491516,
        "RMSE": 2.077631,
        "MAPE": 0.0131,
        "R2": 0.8783
      }
    },
    "USD_EUR": {
      "current": 0.8657,
      "next_1h": 0.8657,
      "next_24h": 0.8652,
      "change_pct": -0.003,
      "trend": "\ud83d\udcc9 DOWN",
      "predictions": [
        0.8657,
        0.8657,
        0.8657,
        0.8656,
        0.8656,
        0.8656,
        0.8656,
        0.8655,
        0.8655,
        0.8655,
        0.8655,
        0.8655,
        0.8654,
        0.8654,
        0.8654,
        0.8654,
        0.8653,
        0.8653,
        0.8653,
        0.8653,
        0.8653,
        0.8652,
        0.8652,
        0.8652
      ],
      "metrics": {
        "MAE": 0.000115,
        "RMSE": 0.000508,
        "MAPE": 0.0133,
        "R2": 0.9649
      }
    }
  },
  "crypto": {
    "BTC_USD": {
      "current": 63356.0,
      "next_1h": 63225.98,
      "next_24h": 60011.36,
      "change_pct": -0.205,
      "trend": "\ud83d\udcc9 DOWN",
      "predictions": [
        63225.98,
        63100.96,
        62974.15,
        62843.01,
        62711.57,
        62579.07,
        62445.33,
        62310.64,
        62174.93,
        62038.18,
        61900.4,
        61761.57,
        61621.69,
        61480.76,
        61338.75,
        61195.67,
        61051.51,
        60906.26,
        60759.91,
        60612.44,
        60463.87,
        60314.17,
        60163.33,
        60011.36
      ],
      "metrics": {
        "MAE": 383.259482,
        "RMSE": 502.252906,
        "MAPE": 0.6125,
        "R2": 0.9122
      }
    },
    "ETH_USD": {
      "current": 1667.35,
      "next_1h": 1666.43,
      "next_24h": 1637.87,
      "change_pct": -0.055,
      "trend": "\ud83d\udcc9 DOWN",
      "predictions": [
        1666.43,
        1665.04,
        1663.88,
        1662.92,
        1661.77,
        1660.5,
        1659.25,
        1658.0,
        1656.74,
        1655.49,
        1654.24,
        1652.99,
        1651.74,
        1650.49,
        1649.23,
        1647.98,
        1646.72,
        1645.46,
        1644.2,
        1642.93,
        1641.67,
        1640.4,
        1639.14,
        1637.87
      ],
      "metrics": {
        "MAE": 13.318415,
        "RMSE": 17.854197,
        "MAPE": 0.7966,
        "R2": 0.9597
      }
    },
    "BNB_USD": {
      "current": 602.79,
      "next_1h": 603.61,
      "next_24h": 619.29,
      "change_pct": 0.137,
      "trend": "\ud83d\udcc8 UP",
      "predictions": [
        603.61,
        604.41,
        605.08,
        605.71,
        606.52,
        607.29,
        608.02,
        608.76,
        609.5,
        610.22,
        610.93,
        611.63,
        612.32,
        613.0,
        613.67,
        614.33,
        614.99,
        615.63,
        616.26,
        616.88,
        617.5,
        618.1,
        618.7,
        619.29
      ],
      "metrics": {
        "MAE": 3.560306,
        "RMSE": 4.708591,
        "MAPE": 0.5964,
        "R2": 0.9397
      }
    }
  }
}