{
  "generated_at": "2026-03-20 13:00:32",
  "exchange_rates": {
    "USD_TZS": {
      "current": 2592.6284,
      "next_1h": 2592.2519,
      "next_24h": 2586.0111,
      "change_pct": -0.015,
      "trend": "\ud83d\udcc9 DOWN",
      "predictions": [
        2592.2519,
        2591.8915,
        2591.5367,
        2591.1918,
        2590.8471,
        2590.5114,
        2590.1863,
        2589.8714,
        2589.5664,
        2589.2712,
        2588.9854,
        2588.7089,
        2588.4413,
        2588.1823,
        2587.9317,
        2587.6892,
        2587.4546,
        2587.2275,
        2587.0077,
        2586.7951,
        2586.5893,
        2586.3902,
        2586.1975,
        2586.0111
      ],
      "metrics": {
        "MAE": 1.120436,
        "RMSE": 3.188527,
        "MAPE": 0.0431,
        "R2": 0.879
      }
    },
    "USD_KES": {
      "current": 129.5114,
      "next_1h": 129.489,
      "next_24h": 129.269,
      "change_pct": -0.017,
      "trend": "\ud83d\udcc9 DOWN",
      "predictions": [
        129.489,
        129.464,
        129.4434,
        129.4259,
        129.4103,
        129.3964,
        129.3836,
        129.3717,
        129.3606,
        129.3504,
        129.341,
        129.3323,
        129.3243,
        129.317,
        129.3102,
        129.304,
        129.2983,
        129.293,
        129.2881,
        129.2837,
        129.2795,
        129.2757,
        129.2722,
        129.269
      ],
      "metrics": {
        "MAE": 0.022705,
        "RMSE": 0.035084,
        "MAPE": 0.0175,
        "R2": 0.8598
      }
    },
    "USD_UGX": {
      "current": 3775.2274,
      "next_1h": 3775.1957,
      "next_24h": 3774.5506,
      "change_pct": -0.001,
      "trend": "\ud83d\udcc9 DOWN",
      "predictions": [
        3775.1957,
        3775.1647,
        3775.1342,
        3775.104,
        3775.0744,
        3775.0453,
        3775.0163,
        3774.9875,
        3774.9589,
        3774.9305,
        3774.9022,
        3774.8742,
        3774.8462,
        3774.8185,
        3774.791,
        3774.7636,
        3774.7364,
        3774.7093,
        3774.6825,
        3774.6558,
        3774.6292,
        3774.6029,
        3774.5767,
        3774.5506
      ],
      "metrics": {
        "MAE": 0.446258,
        "RMSE": 2.046688,
        "MAPE": 0.0118,
        "R2": 0.5111
      }
    },
    "USD_EUR": {
      "current": 0.8664,
      "next_1h": 0.8665,
      "next_24h": 0.8674,
      "change_pct": 0.006,
      "trend": "\ud83d\udcc8 UP",
      "predictions": [
        0.8665,
        0.8665,
        0.8666,
        0.8666,
        0.8667,
        0.8667,
        0.8668,
        0.8668,
        0.8669,
        0.8669,
        0.8669,
        0.867,
        0.867,
        0.8671,
        0.8671,
        0.8671,
        0.8672,
        0.8672,
        0.8672,
        0.8673,
        0.8673,
        0.8674,
        0.8674,
        0.8674
      ],
      "metrics": {
        "MAE": 0.000265,
        "RMSE": 0.000854,
        "MAPE": 0.0306,
        "R2": 0.8122
      }
    }
  },
  "crypto": {
    "BTC_USD": {
      "current": 70322.0,
      "next_1h": 70429.14,
      "next_24h": 71135.92,
      "change_pct": 0.152,
      "trend": "\ud83d\udcc8 UP",
      "predictions": [
        70429.14,
        70483.51,
        70527.62,
        70572.24,
        70596.03,
        70621.64,
        70650.68,
        70679.84,
        70710.36,
        70740.64,
        70770.2,
        70799.47,
        70828.45,
        70857.25,
        70885.92,
        70914.43,
        70942.75,
        70970.89,
        70998.85,
        71026.62,
        71054.21,
        71081.62,
        71108.86,
        71135.92
      ],
      "metrics": {
        "MAE": 264.738956,
        "RMSE": 341.065211,
        "MAPE": 0.3719,
        "R2": 0.9481
      }
    },
    "ETH_USD": {
      "current": 2140.43,
      "next_1h": 2142.13,
      "next_24h": 2152.28,
      "change_pct": 0.08,
      "trend": "\ud83d\udcc8 UP",
      "predictions": [
        2142.13,
        2140.7,
        2141.79,
        2141.9,
        2142.34,
        2143.02,
        2143.43,
        2144.04,
        2144.57,
        2145.11,
        2145.67,
        2146.21,
        2146.75,
        2147.28,
        2147.81,
        2148.33,
        2148.84,
        2149.35,
        2149.85,
        2150.35,
        2150.84,
        2151.33,
        2151.8,
        2152.28
      ],
      "metrics": {
        "MAE": 11.097206,
        "RMSE": 14.480294,
        "MAPE": 0.505,
        "R2": 0.9558
      }
    },
    "BNB_USD": {
      "current": 641.24,
      "next_1h": 642.16,
      "next_24h": 650.86,
      "change_pct": 0.144,
      "trend": "\ud83d\udcc8 UP",
      "predictions": [
        642.16,
        642.58,
        643.09,
        643.55,
        643.96,
        644.39,
        644.81,
        645.23,
        645.63,
        646.03,
        646.42,
        646.8,
        647.18,
        647.54,
        647.91,
        648.26,
        648.61,
        648.95,
        649.28,
        649.61,
        649.93,
        650.24,
        650.55,
        650.86
      ],
      "metrics": {
        "MAE": 2.012071,
        "RMSE": 2.703835,
        "MAPE": 0.3092,
        "R2": 0.9459
      }
    }
  }
}