{
  "generated_at": "2026-05-14 18:47:34",
  "exchange_rates": {
    "USD_TZS": {
      "current": 2593.4558,
      "next_1h": 2593.9625,
      "next_24h": 2600.3429,
      "change_pct": 0.02,
      "trend": "\ud83d\udcc8 UP",
      "predictions": [
        2593.9625,
        2594.4535,
        2594.9292,
        2595.3901,
        2595.8366,
        2596.2693,
        2596.6727,
        2597.0482,
        2597.3972,
        2597.7209,
        2598.0206,
        2598.2975,
        2598.5532,
        2598.7891,
        2599.0069,
        2599.2077,
        2599.3929,
        2599.5638,
        2599.7213,
        2599.8666,
        2600.0005,
        2600.124,
        2600.2379,
        2600.3429
      ],
      "metrics": {
        "MAE": 0.331446,
        "RMSE": 0.782618,
        "MAPE": 0.0128,
        "R2": 0.9363
      }
    },
    "USD_KES": {
      "current": 129.0903,
      "next_1h": 129.0919,
      "next_24h": 129.1212,
      "change_pct": 0.001,
      "trend": "\ud83d\udcc8 UP",
      "predictions": [
        129.0919,
        129.0935,
        129.095,
        129.0965,
        129.098,
        129.0995,
        129.1009,
        129.1023,
        129.1037,
        129.1051,
        129.1064,
        129.1077,
        129.1089,
        129.1102,
        129.1114,
        129.1126,
        129.1137,
        129.1148,
        129.116,
        129.117,
        129.1181,
        129.1191,
        129.1202,
        129.1212
      ],
      "metrics": {
        "MAE": 0.001629,
        "RMSE": 0.007997,
        "MAPE": 0.0013,
        "R2": 0.9133
      }
    },
    "USD_UGX": {
      "current": 3730.5292,
      "next_1h": 3730.3834,
      "next_24h": 3727.3,
      "change_pct": -0.004,
      "trend": "\ud83d\udcc9 DOWN",
      "predictions": [
        3730.3834,
        3730.2381,
        3730.0933,
        3729.9492,
        3729.8057,
        3729.6628,
        3729.5211,
        3729.3807,
        3729.2416,
        3729.1038,
        3728.9672,
        3728.8318,
        3728.6977,
        3728.5647,
        3728.433,
        3728.3025,
        3728.1731,
        3728.045,
        3727.918,
        3727.7921,
        3727.6674,
        3727.5438,
        3727.4213,
        3727.3
      ],
      "metrics": {
        "MAE": 0.515792,
        "RMSE": 2.434039,
        "MAPE": 0.0138,
        "R2": 0.9607
      }
    },
    "USD_EUR": {
      "current": 0.8537,
      "next_1h": 0.8537,
      "next_24h": 0.8531,
      "change_pct": -0.003,
      "trend": "\ud83d\udcc9 DOWN",
      "predictions": [
        0.8537,
        0.8536,
        0.8536,
        0.8536,
        0.8535,
        0.8535,
        0.8535,
        0.8535,
        0.8534,
        0.8534,
        0.8534,
        0.8534,
        0.8533,
        0.8533,
        0.8533,
        0.8533,
        0.8533,
        0.8532,
        0.8532,
        0.8532,
        0.8532,
        0.8531,
        0.8531,
        0.8531
      ],
      "metrics": {
        "MAE": 7.4e-05,
        "RMSE": 0.000305,
        "MAPE": 0.0087,
        "R2": 0.9518
      }
    }
  },
  "crypto": {
    "BTC_USD": {
      "current": 81536.0,
      "next_1h": 81492.52,
      "next_24h": 81215.93,
      "change_pct": -0.053,
      "trend": "\ud83d\udcc9 DOWN",
      "predictions": [
        81492.52,
        81475.0,
        81453.03,
        81436.85,
        81426.18,
        81414.72,
        81403.54,
        81392.45,
        81380.99,
        81369.57,
        81358.21,
        81346.88,
        81335.64,
        81324.46,
        81313.34,
        81302.28,
        81291.28,
        81280.35,
        81269.46,
        81258.64,
        81247.88,
        81237.17,
        81226.52,
        81215.93
      ],
      "metrics": {
        "MAE": 209.196063,
        "RMSE": 291.340761,
        "MAPE": 0.2596,
        "R2": 0.8113
      }
    },
    "ETH_USD": {
      "current": 2308.38,
      "next_1h": 2310.09,
      "next_24h": 2316.41,
      "change_pct": 0.074,
      "trend": "\ud83d\udcc8 UP",
      "predictions": [
        2310.09,
        2309.89,
        2311.11,
        2311.3,
        2311.64,
        2312.1,
        2312.35,
        2312.69,
        2313.0,
        2313.27,
        2313.56,
        2313.83,
        2314.09,
        2314.34,
        2314.58,
        2314.81,
        2315.04,
        2315.25,
        2315.46,
        2315.66,
        2315.86,
        2316.05,
        2316.23,
        2316.41
      ],
      "metrics": {
        "MAE": 6.893496,
        "RMSE": 9.358726,
        "MAPE": 0.299,
        "R2": 0.8907
      }
    },
    "BNB_USD": {
      "current": 682.66,
      "next_1h": 682.03,
      "next_24h": 667.73,
      "change_pct": -0.093,
      "trend": "\ud83d\udcc9 DOWN",
      "predictions": [
        682.03,
        681.45,
        680.76,
        680.04,
        679.34,
        678.65,
        677.97,
        677.3,
        676.64,
        675.99,
        675.34,
        674.71,
        674.08,
        673.46,
        672.85,
        672.25,
        671.66,
        671.08,
        670.5,
        669.93,
        669.37,
        668.82,
        668.27,
        667.73
      ],
      "metrics": {
        "MAE": 2.050119,
        "RMSE": 2.848028,
        "MAPE": 0.3114,
        "R2": 0.9451
      }
    }
  }
}