{
  "generated_at": "2026-07-06 04:44:24",
  "exchange_rates": {
    "USD_TZS": {
      "current": 2625.9403,
      "next_1h": 2625.625,
      "next_24h": 2619.7256,
      "change_pct": -0.012,
      "trend": "\ud83d\udcc9 DOWN",
      "predictions": [
        2625.625,
        2625.3163,
        2625.014,
        2624.7181,
        2624.4284,
        2624.1079,
        2623.7967,
        2623.4945,
        2623.2011,
        2622.9163,
        2622.6398,
        2622.3717,
        2622.1117,
        2621.8597,
        2621.6154,
        2621.3785,
        2621.1488,
        2620.9261,
        2620.7102,
        2620.5009,
        2620.298,
        2620.1012,
        2619.9105,
        2619.7256
      ],
      "metrics": {
        "MAE": 0.725286,
        "RMSE": 2.762548,
        "MAPE": 0.0277,
        "R2": 0.889
      }
    },
    "USD_KES": {
      "current": 129.206,
      "next_1h": 129.2097,
      "next_24h": 129.287,
      "change_pct": 0.003,
      "trend": "\ud83d\udcc8 UP",
      "predictions": [
        129.2097,
        129.2135,
        129.2171,
        129.2208,
        129.2244,
        129.2283,
        129.232,
        129.2357,
        129.2394,
        129.243,
        129.2465,
        129.2499,
        129.2533,
        129.2567,
        129.26,
        129.2632,
        129.2664,
        129.2695,
        129.2725,
        129.2755,
        129.2785,
        129.2814,
        129.2842,
        129.287
      ],
      "metrics": {
        "MAE": 0.004682,
        "RMSE": 0.018605,
        "MAPE": 0.0036,
        "R2": 0.9762
      }
    },
    "USD_UGX": {
      "current": 3651.2146,
      "next_1h": 3651.4391,
      "next_24h": 3655.7064,
      "change_pct": 0.006,
      "trend": "\ud83d\udcc8 UP",
      "predictions": [
        3651.4391,
        3651.6632,
        3651.8869,
        3652.1101,
        3652.333,
        3652.5174,
        3652.7011,
        3652.8839,
        3653.0658,
        3653.247,
        3653.4274,
        3653.607,
        3653.7858,
        3653.964,
        3654.1414,
        3654.3182,
        3654.4942,
        3654.6695,
        3654.844,
        3655.0179,
        3655.1911,
        3655.3636,
        3655.5353,
        3655.7064
      ],
      "metrics": {
        "MAE": 1.010457,
        "RMSE": 3.808621,
        "MAPE": 0.0277,
        "R2": 0.9297
      }
    },
    "USD_EUR": {
      "current": 0.8743,
      "next_1h": 0.8744,
      "next_24h": 0.8758,
      "change_pct": 0.007,
      "trend": "\ud83d\udcc8 UP",
      "predictions": [
        0.8744,
        0.8744,
        0.8745,
        0.8746,
        0.8746,
        0.8747,
        0.8747,
        0.8748,
        0.8749,
        0.8749,
        0.875,
        0.8751,
        0.8751,
        0.8752,
        0.8752,
        0.8753,
        0.8754,
        0.8754,
        0.8755,
        0.8756,
        0.8756,
        0.8757,
        0.8758,
        0.8758
      ],
      "metrics": {
        "MAE": 0.000149,
        "RMSE": 0.000424,
        "MAPE": 0.017,
        "R2": 0.9417
      }
    }
  },
  "crypto": {
    "BTC_USD": {
      "current": 63752.0,
      "next_1h": 63711.86,
      "next_24h": 63315.47,
      "change_pct": -0.063,
      "trend": "\ud83d\udcc9 DOWN",
      "predictions": [
        63711.86,
        63698.34,
        63705.25,
        63691.04,
        63675.87,
        63654.36,
        63635.12,
        63616.95,
        63597.96,
        63578.72,
        63559.37,
        63540.24,
        63521.22,
        63502.22,
        63483.26,
        63464.36,
        63445.53,
        63426.77,
        63408.06,
        63389.42,
        63370.84,
        63352.32,
        63333.87,
        63315.47
      ],
      "metrics": {
        "MAE": 201.143066,
        "RMSE": 295.226029,
        "MAPE": 0.3333,
        "R2": 0.9582
      }
    },
    "ETH_USD": {
      "current": 1790.97,
      "next_1h": 1790.55,
      "next_24h": 1770.2,
      "change_pct": -0.024,
      "trend": "\ud83d\udcc9 DOWN",
      "predictions": [
        1790.55,
        1789.64,
        1788.05,
        1787.47,
        1786.5,
        1785.58,
        1784.69,
        1783.84,
        1782.95,
        1782.08,
        1781.21,
        1780.35,
        1779.49,
        1778.63,
        1777.77,
        1776.92,
        1776.07,
        1775.22,
        1774.38,
        1773.54,
        1772.7,
        1771.86,
        1771.03,
        1770.2
      ],
      "metrics": {
        "MAE": 6.974186,
        "RMSE": 10.497557,
        "MAPE": 0.4243,
        "R2": 0.984
      }
    },
    "BNB_USD": {
      "current": 591.15,
      "next_1h": 591.09,
      "next_24h": 590.44,
      "change_pct": -0.01,
      "trend": "\ud83d\udcc9 DOWN",
      "predictions": [
        591.09,
        591.14,
        591.08,
        591.11,
        591.05,
        591.02,
        590.99,
        590.96,
        590.92,
        590.89,
        590.86,
        590.83,
        590.79,
        590.76,
        590.73,
        590.7,
        590.66,
        590.63,
        590.6,
        590.57,
        590.54,
        590.51,
        590.47,
        590.44
      ],
      "metrics": {
        "MAE": 1.791592,
        "RMSE": 2.552564,
        "MAPE": 0.3204,
        "R2": 0.953
      }
    }
  }
}