{
  "generated_at": "2026-07-17 03:43:16",
  "exchange_rates": {
    "USD_TZS": {
      "current": 2628.277,
      "next_1h": 2628.0426,
      "next_24h": 2622.1545,
      "change_pct": -0.009,
      "trend": "\ud83d\udcc9 DOWN",
      "predictions": [
        2628.0426,
        2627.8131,
        2627.5883,
        2627.2494,
        2626.9176,
        2626.5927,
        2626.2767,
        2625.9693,
        2625.6703,
        2625.3805,
        2625.0997,
        2624.8276,
        2624.564,
        2624.3086,
        2624.0612,
        2623.8215,
        2623.5893,
        2623.3643,
        2623.1464,
        2622.9352,
        2622.7307,
        2622.5325,
        2622.3405,
        2622.1545
      ],
      "metrics": {
        "MAE": 0.552343,
        "RMSE": 2.168007,
        "MAPE": 0.0211,
        "R2": 0.9449
      }
    },
    "USD_KES": {
      "current": 129.3048,
      "next_1h": 129.3055,
      "next_24h": 129.3296,
      "change_pct": 0.001,
      "trend": "\ud83d\udcc8 UP",
      "predictions": [
        129.3055,
        129.3063,
        129.307,
        129.3082,
        129.3094,
        129.3106,
        129.3117,
        129.3129,
        129.314,
        129.3152,
        129.3163,
        129.3174,
        129.3185,
        129.3196,
        129.3206,
        129.3217,
        129.3227,
        129.3237,
        129.3247,
        129.3257,
        129.3267,
        129.3277,
        129.3287,
        129.3296
      ],
      "metrics": {
        "MAE": 0.004483,
        "RMSE": 0.015412,
        "MAPE": 0.0035,
        "R2": 0.9493
      }
    },
    "USD_UGX": {
      "current": 3681.1587,
      "next_1h": 3681.1208,
      "next_24h": 3680.4211,
      "change_pct": -0.001,
      "trend": "\ud83d\udcc9 DOWN",
      "predictions": [
        3681.1208,
        3681.083,
        3681.0452,
        3681.0146,
        3680.984,
        3680.9534,
        3680.923,
        3680.8927,
        3680.8625,
        3680.8324,
        3680.8024,
        3680.7725,
        3680.7427,
        3680.7129,
        3680.6833,
        3680.6538,
        3680.6244,
        3680.5951,
        3680.5658,
        3680.5367,
        3680.5077,
        3680.4787,
        3680.4499,
        3680.4211
      ],
      "metrics": {
        "MAE": 0.369549,
        "RMSE": 2.003087,
        "MAPE": 0.0101,
        "R2": 0.9618
      }
    },
    "USD_EUR": {
      "current": 0.8735,
      "next_1h": 0.8735,
      "next_24h": 0.8737,
      "change_pct": 0.001,
      "trend": "\ud83d\udcc8 UP",
      "predictions": [
        0.8735,
        0.8735,
        0.8735,
        0.8735,
        0.8735,
        0.8735,
        0.8736,
        0.8736,
        0.8736,
        0.8736,
        0.8736,
        0.8736,
        0.8736,
        0.8736,
        0.8736,
        0.8736,
        0.8737,
        0.8737,
        0.8737,
        0.8737,
        0.8737,
        0.8737,
        0.8737,
        0.8737
      ],
      "metrics": {
        "MAE": 4.8e-05,
        "RMSE": 0.000255,
        "MAPE": 0.0055,
        "R2": 0.9518
      }
    }
  },
  "crypto": {
    "BTC_USD": {
      "current": 63565.0,
      "next_1h": 63540.48,
      "next_24h": 63391.98,
      "change_pct": -0.039,
      "trend": "\ud83d\udcc9 DOWN",
      "predictions": [
        63540.48,
        63518.59,
        63513.94,
        63513.95,
        63508.11,
        63500.56,
        63493.63,
        63487.62,
        63481.69,
        63475.52,
        63469.3,
        63463.16,
        63457.09,
        63451.04,
        63445.01,
        63439.0,
        63433.02,
        63427.08,
        63421.16,
        63415.27,
        63409.4,
        63403.57,
        63397.76,
        63391.98
      ],
      "metrics": {
        "MAE": 115.10964,
        "RMSE": 159.485737,
        "MAPE": 0.1803,
        "R2": 0.9697
      }
    },
    "ETH_USD": {
      "current": 1853.47,
      "next_1h": 1852.42,
      "next_24h": 1836.05,
      "change_pct": -0.057,
      "trend": "\ud83d\udcc9 DOWN",
      "predictions": [
        1852.42,
        1851.57,
        1850.97,
        1850.17,
        1849.36,
        1848.63,
        1847.91,
        1847.18,
        1846.45,
        1845.74,
        1845.02,
        1844.31,
        1843.6,
        1842.89,
        1842.19,
        1841.5,
        1840.8,
        1840.11,
        1839.43,
        1838.74,
        1838.06,
        1837.39,
        1836.72,
        1836.05
      ],
      "metrics": {
        "MAE": 4.863528,
        "RMSE": 7.518414,
        "MAPE": 0.2635,
        "R2": 0.9802
      }
    },
    "BNB_USD": {
      "current": 572.54,
      "next_1h": 572.53,
      "next_24h": 573.14,
      "change_pct": -0.001,
      "trend": "\ud83d\udcc9 DOWN",
      "predictions": [
        572.53,
        572.56,
        572.61,
        572.66,
        572.67,
        572.7,
        572.73,
        572.75,
        572.78,
        572.8,
        572.83,
        572.85,
        572.88,
        572.9,
        572.92,
        572.95,
        572.97,
        573.0,
        573.02,
        573.04,
        573.07,
        573.09,
        573.11,
        573.14
      ],
      "metrics": {
        "MAE": 0.870176,
        "RMSE": 1.251472,
        "MAPE": 0.1512,
        "R2": 0.9447
      }
    }
  }
}