{
  "generated_at": "2026-06-21 16:42:12",
  "exchange_rates": {
    "USD_TZS": {
      "current": 2610.4055,
      "next_1h": 2610.3491,
      "next_24h": 2609.2024,
      "change_pct": -0.002,
      "trend": "\ud83d\udcc9 DOWN",
      "predictions": [
        2610.3491,
        2610.293,
        2610.2373,
        2610.1819,
        2610.1269,
        2610.0723,
        2610.0183,
        2609.965,
        2609.9125,
        2609.8606,
        2609.8094,
        2609.7589,
        2609.709,
        2609.6599,
        2609.6113,
        2609.5634,
        2609.5162,
        2609.4695,
        2609.4235,
        2609.3781,
        2609.3333,
        2609.2891,
        2609.2454,
        2609.2024
      ],
      "metrics": {
        "MAE": 0.64436,
        "RMSE": 3.089677,
        "MAPE": 0.0247,
        "R2": 0.8166
      }
    },
    "USD_KES": {
      "current": 129.4365,
      "next_1h": 129.436,
      "next_24h": 129.4264,
      "change_pct": 0.0,
      "trend": "\ud83d\udcc9 DOWN",
      "predictions": [
        129.436,
        129.4356,
        129.4351,
        129.4347,
        129.4342,
        129.4338,
        129.4333,
        129.4329,
        129.4325,
        129.432,
        129.4316,
        129.4312,
        129.4308,
        129.4304,
        129.4299,
        129.4295,
        129.4291,
        129.4287,
        129.4283,
        129.4279,
        129.4276,
        129.4272,
        129.4268,
        129.4264
      ],
      "metrics": {
        "MAE": 0.002829,
        "RMSE": 0.013351,
        "MAPE": 0.0022,
        "R2": 0.882
      }
    },
    "USD_UGX": {
      "current": 3651.2384,
      "next_1h": 3652.912,
      "next_24h": 3684.8831,
      "change_pct": 0.046,
      "trend": "\ud83d\udcc8 UP",
      "predictions": [
        3652.912,
        3654.5694,
        3656.2108,
        3657.8363,
        3659.4461,
        3661.0403,
        3662.6035,
        3664.136,
        3665.6382,
        3667.1107,
        3668.5539,
        3669.9682,
        3671.3541,
        3672.7123,
        3674.0432,
        3675.3475,
        3676.6256,
        3677.8781,
        3679.1055,
        3680.3083,
        3681.4869,
        3682.642,
        3683.7739,
        3684.8831
      ],
      "metrics": {
        "MAE": 2.260593,
        "RMSE": 6.349453,
        "MAPE": 0.0616,
        "R2": 0.9717
      }
    },
    "USD_EUR": {
      "current": 0.872,
      "next_1h": 0.872,
      "next_24h": 0.8715,
      "change_pct": -0.002,
      "trend": "\ud83d\udcc9 DOWN",
      "predictions": [
        0.872,
        0.8719,
        0.8719,
        0.8719,
        0.8719,
        0.8719,
        0.8718,
        0.8718,
        0.8718,
        0.8718,
        0.8718,
        0.8717,
        0.8717,
        0.8717,
        0.8717,
        0.8717,
        0.8716,
        0.8716,
        0.8716,
        0.8716,
        0.8716,
        0.8715,
        0.8715,
        0.8715
      ],
      "metrics": {
        "MAE": 0.00012,
        "RMSE": 0.000659,
        "MAPE": 0.0139,
        "R2": 0.9718
      }
    }
  },
  "crypto": {
    "BTC_USD": {
      "current": 63995.0,
      "next_1h": 63936.99,
      "next_24h": 63343.19,
      "change_pct": -0.091,
      "trend": "\ud83d\udcc9 DOWN",
      "predictions": [
        63936.99,
        63925.07,
        63916.51,
        63894.56,
        63851.23,
        63823.21,
        63799.81,
        63774.5,
        63746.72,
        63718.42,
        63691.79,
        63665.37,
        63638.53,
        63611.48,
        63584.54,
        63557.75,
        63530.95,
        63504.1,
        63477.24,
        63450.42,
        63423.61,
        63396.8,
        63369.99,
        63343.19
      ],
      "metrics": {
        "MAE": 214.520741,
        "RMSE": 307.583596,
        "MAPE": 0.3323,
        "R2": 0.9162
      }
    },
    "ETH_USD": {
      "current": 1722.05,
      "next_1h": 1721.28,
      "next_24h": 1700.03,
      "change_pct": -0.045,
      "trend": "\ud83d\udcc9 DOWN",
      "predictions": [
        1721.28,
        1720.96,
        1720.21,
        1718.94,
        1717.98,
        1717.08,
        1716.14,
        1715.17,
        1714.22,
        1713.27,
        1712.32,
        1711.37,
        1710.42,
        1709.47,
        1708.53,
        1707.58,
        1706.63,
        1705.69,
        1704.74,
        1703.8,
        1702.86,
        1701.91,
        1700.97,
        1700.03
      ],
      "metrics": {
        "MAE": 7.940637,
        "RMSE": 12.924999,
        "MAPE": 0.4566,
        "R2": 0.9128
      }
    },
    "BNB_USD": {
      "current": 588.43,
      "next_1h": 588.84,
      "next_24h": 595.11,
      "change_pct": 0.07,
      "trend": "\ud83d\udcc8 UP",
      "predictions": [
        588.84,
        589.2,
        589.47,
        589.71,
        590.01,
        590.29,
        590.57,
        590.85,
        591.13,
        591.41,
        591.68,
        591.96,
        592.23,
        592.5,
        592.77,
        593.04,
        593.3,
        593.56,
        593.82,
        594.08,
        594.34,
        594.6,
        594.85,
        595.11
      ],
      "metrics": {
        "MAE": 1.891534,
        "RMSE": 2.806441,
        "MAPE": 0.3156,
        "R2": 0.9579
      }
    }
  }
}