{
  "generated_at": "2026-05-03 12:29:51",
  "exchange_rates": {
    "USD_TZS": {
      "current": 2613.051,
      "next_1h": 2612.339,
      "next_24h": 2602.1118,
      "change_pct": -0.027,
      "trend": "\ud83d\udcc9 DOWN",
      "predictions": [
        2612.339,
        2611.6446,
        2610.9675,
        2610.3071,
        2609.6631,
        2609.0347,
        2608.4387,
        2607.8739,
        2607.3391,
        2606.8332,
        2606.3551,
        2605.9037,
        2605.4776,
        2605.0754,
        2604.6959,
        2604.3378,
        2603.9998,
        2603.6809,
        2603.38,
        2603.0961,
        2602.8282,
        2602.5754,
        2602.3369,
        2602.1118
      ],
      "metrics": {
        "MAE": 0.841726,
        "RMSE": 2.527043,
        "MAPE": 0.0323,
        "R2": 0.8873
      }
    },
    "USD_KES": {
      "current": 129.1273,
      "next_1h": 129.1275,
      "next_24h": 129.1309,
      "change_pct": 0.0,
      "trend": "\ud83d\udcc9 DOWN",
      "predictions": [
        129.1275,
        129.1277,
        129.1278,
        129.128,
        129.1281,
        129.1283,
        129.1284,
        129.1286,
        129.1287,
        129.1289,
        129.129,
        129.1292,
        129.1293,
        129.1295,
        129.1296,
        129.1298,
        129.1299,
        129.1301,
        129.1302,
        129.1304,
        129.1305,
        129.1306,
        129.1308,
        129.1309
      ],
      "metrics": {
        "MAE": 0.003665,
        "RMSE": 0.020804,
        "MAPE": 0.0028,
        "R2": 0.9512
      }
    },
    "USD_UGX": {
      "current": 3724.6819,
      "next_1h": 3724.5568,
      "next_24h": 3721.8884,
      "change_pct": -0.003,
      "trend": "\ud83d\udcc9 DOWN",
      "predictions": [
        3724.5568,
        3724.4322,
        3724.3082,
        3724.1847,
        3724.0616,
        3723.9391,
        3723.8175,
        3723.6969,
        3723.5772,
        3723.4584,
        3723.3405,
        3723.2235,
        3723.1074,
        3722.9923,
        3722.878,
        3722.7646,
        3722.6521,
        3722.5404,
        3722.4296,
        3722.3197,
        3722.2106,
        3722.1024,
        3721.995,
        3721.8884
      ],
      "metrics": {
        "MAE": 0.604986,
        "RMSE": 2.928807,
        "MAPE": 0.0164,
        "R2": 0.9654
      }
    },
    "USD_EUR": {
      "current": 0.8528,
      "next_1h": 0.8528,
      "next_24h": 0.8527,
      "change_pct": -0.001,
      "trend": "\ud83d\udcc9 DOWN",
      "predictions": [
        0.8528,
        0.8528,
        0.8528,
        0.8528,
        0.8528,
        0.8528,
        0.8528,
        0.8528,
        0.8528,
        0.8527,
        0.8527,
        0.8527,
        0.8527,
        0.8527,
        0.8527,
        0.8527,
        0.8527,
        0.8527,
        0.8527,
        0.8527,
        0.8527,
        0.8527,
        0.8527,
        0.8527
      ],
      "metrics": {
        "MAE": 6.4e-05,
        "RMSE": 0.000291,
        "MAPE": 0.0075,
        "R2": 0.9023
      }
    }
  },
  "crypto": {
    "BTC_USD": {
      "current": 78757.0,
      "next_1h": 78742.7,
      "next_24h": 78753.89,
      "change_pct": -0.018,
      "trend": "\ud83d\udcc9 DOWN",
      "predictions": [
        78742.7,
        78762.97,
        78769.13,
        78762.03,
        78774.25,
        78771.34,
        78771.26,
        78771.23,
        78769.33,
        78769.0,
        78767.77,
        78766.68,
        78765.7,
        78764.54,
        78763.5,
        78762.42,
        78761.33,
        78760.27,
        78759.19,
        78758.13,
        78757.06,
        78756.0,
        78754.94,
        78753.89
      ],
      "metrics": {
        "MAE": 198.448298,
        "RMSE": 282.413861,
        "MAPE": 0.2567,
        "R2": 0.9196
      }
    },
    "ETH_USD": {
      "current": 2325.87,
      "next_1h": 2325.88,
      "next_24h": 2320.15,
      "change_pct": 0.0,
      "trend": "\ud83d\udcc9 DOWN",
      "predictions": [
        2325.88,
        2326.9,
        2327.37,
        2326.72,
        2327.18,
        2326.79,
        2326.48,
        2326.2,
        2325.75,
        2325.42,
        2325.02,
        2324.63,
        2324.25,
        2323.86,
        2323.47,
        2323.09,
        2322.71,
        2322.34,
        2321.96,
        2321.59,
        2321.23,
        2320.87,
        2320.51,
        2320.15
      ],
      "metrics": {
        "MAE": 7.150508,
        "RMSE": 11.258317,
        "MAPE": 0.3109,
        "R2": 0.8774
      }
    },
    "BNB_USD": {
      "current": 619.05,
      "next_1h": 618.92,
      "next_24h": 618.89,
      "change_pct": -0.022,
      "trend": "\ud83d\udcc9 DOWN",
      "predictions": [
        618.92,
        619.11,
        619.11,
        619.05,
        619.1,
        619.08,
        619.07,
        619.07,
        619.05,
        619.04,
        619.03,
        619.02,
        619.01,
        619.0,
        618.98,
        618.97,
        618.96,
        618.95,
        618.94,
        618.93,
        618.92,
        618.91,
        618.9,
        618.89
      ],
      "metrics": {
        "MAE": 1.174148,
        "RMSE": 1.691587,
        "MAPE": 0.1886,
        "R2": 0.9234
      }
    }
  }
}