{
  "generated_at": "2026-07-16 06:13:09",
  "exchange_rates": {
    "USD_TZS": {
      "current": 2614.7645,
      "next_1h": 2614.886,
      "next_24h": 2615.5276,
      "change_pct": 0.005,
      "trend": "\ud83d\udcc8 UP",
      "predictions": [
        2614.886,
        2614.924,
        2614.9613,
        2614.9978,
        2615.0334,
        2615.0684,
        2615.1015,
        2615.1335,
        2615.1646,
        2615.1946,
        2615.2237,
        2615.2519,
        2615.2792,
        2615.3056,
        2615.3311,
        2615.3559,
        2615.3799,
        2615.4031,
        2615.4255,
        2615.4473,
        2615.4684,
        2615.4888,
        2615.5085,
        2615.5276
      ],
      "metrics": {
        "MAE": 0.523205,
        "RMSE": 1.971035,
        "MAPE": 0.02,
        "R2": 0.9547
      }
    },
    "USD_KES": {
      "current": 129.367,
      "next_1h": 129.3681,
      "next_24h": 129.3735,
      "change_pct": 0.001,
      "trend": "\ud83d\udcc8 UP",
      "predictions": [
        129.3681,
        129.3683,
        129.3686,
        129.3688,
        129.3691,
        129.3694,
        129.3696,
        129.3699,
        129.3701,
        129.3703,
        129.3706,
        129.3708,
        129.3711,
        129.3713,
        129.3715,
        129.3717,
        129.372,
        129.3722,
        129.3724,
        129.3726,
        129.3728,
        129.3731,
        129.3733,
        129.3735
      ],
      "metrics": {
        "MAE": 0.004643,
        "RMSE": 0.016863,
        "MAPE": 0.0036,
        "R2": 0.9036
      }
    },
    "USD_UGX": {
      "current": 3686.5095,
      "next_1h": 3686.4296,
      "next_24h": 3684.4611,
      "change_pct": -0.002,
      "trend": "\ud83d\udcc9 DOWN",
      "predictions": [
        3686.4296,
        3686.3418,
        3686.2542,
        3686.1668,
        3686.0795,
        3685.9924,
        3685.9055,
        3685.8188,
        3685.7324,
        3685.6461,
        3685.5601,
        3685.4743,
        3685.3887,
        3685.3033,
        3685.2181,
        3685.1332,
        3685.0484,
        3684.9639,
        3684.8796,
        3684.7955,
        3684.7116,
        3684.6279,
        3684.5444,
        3684.4611
      ],
      "metrics": {
        "MAE": 0.455373,
        "RMSE": 2.517053,
        "MAPE": 0.0124,
        "R2": 0.9427
      }
    },
    "USD_EUR": {
      "current": 0.8734,
      "next_1h": 0.8734,
      "next_24h": 0.8737,
      "change_pct": 0.001,
      "trend": "\ud83d\udcc8 UP",
      "predictions": [
        0.8734,
        0.8734,
        0.8735,
        0.8735,
        0.8735,
        0.8735,
        0.8735,
        0.8735,
        0.8735,
        0.8735,
        0.8735,
        0.8735,
        0.8736,
        0.8736,
        0.8736,
        0.8736,
        0.8736,
        0.8736,
        0.8736,
        0.8736,
        0.8736,
        0.8736,
        0.8736,
        0.8737
      ],
      "metrics": {
        "MAE": 5e-05,
        "RMSE": 0.00026,
        "MAPE": 0.0057,
        "R2": 0.9098
      }
    }
  },
  "crypto": {
    "BTC_USD": {
      "current": 64832.0,
      "next_1h": 64796.44,
      "next_24h": 64529.81,
      "change_pct": -0.055,
      "trend": "\ud83d\udcc9 DOWN",
      "predictions": [
        64796.44,
        64777.32,
        64774.87,
        64770.71,
        64756.13,
        64742.08,
        64729.62,
        64718.01,
        64706.09,
        64693.83,
        64681.66,
        64669.65,
        64657.73,
        64645.83,
        64633.98,
        64622.18,
        64610.44,
        64598.76,
        64587.14,
        64575.56,
        64564.05,
        64552.58,
        64541.17,
        64529.81
      ],
      "metrics": {
        "MAE": 107.104768,
        "RMSE": 150.155346,
        "MAPE": 0.1679,
        "R2": 0.9738
      }
    },
    "ETH_USD": {
      "current": 1924.57,
      "next_1h": 1923.04,
      "next_24h": 1897.99,
      "change_pct": -0.079,
      "trend": "\ud83d\udcc9 DOWN",
      "predictions": [
        1923.04,
        1921.75,
        1920.76,
        1919.52,
        1918.35,
        1917.23,
        1916.12,
        1915.01,
        1913.9,
        1912.8,
        1911.71,
        1910.62,
        1909.53,
        1908.46,
        1907.38,
        1906.32,
        1905.26,
        1904.2,
        1903.15,
        1902.11,
        1901.07,
        1900.04,
        1899.01,
        1897.99
      ],
      "metrics": {
        "MAE": 4.758747,
        "RMSE": 7.532868,
        "MAPE": 0.2593,
        "R2": 0.9794
      }
    },
    "BNB_USD": {
      "current": 583.04,
      "next_1h": 582.98,
      "next_24h": 582.68,
      "change_pct": -0.01,
      "trend": "\ud83d\udcc9 DOWN",
      "predictions": [
        582.98,
        583.0,
        583.05,
        582.98,
        582.97,
        582.96,
        582.95,
        582.93,
        582.91,
        582.9,
        582.88,
        582.86,
        582.85,
        582.83,
        582.82,
        582.8,
        582.78,
        582.77,
        582.75,
        582.74,
        582.72,
        582.71,
        582.69,
        582.68
      ],
      "metrics": {
        "MAE": 0.84832,
        "RMSE": 1.247658,
        "MAPE": 0.1474,
        "R2": 0.9493
      }
    }
  }
}