{
  "generated_at": "2026-07-14 11:13:09",
  "exchange_rates": {
    "USD_TZS": {
      "current": 2602.9439,
      "next_1h": 2603.3383,
      "next_24h": 2609.9384,
      "change_pct": 0.015,
      "trend": "\ud83d\udcc8 UP",
      "predictions": [
        2603.3383,
        2603.7244,
        2604.1023,
        2604.4722,
        2604.8342,
        2605.1886,
        2605.5318,
        2605.8641,
        2606.1858,
        2606.4972,
        2606.7987,
        2607.0904,
        2607.3728,
        2607.646,
        2607.9105,
        2608.1664,
        2608.4141,
        2608.6538,
        2608.8858,
        2609.1103,
        2609.3276,
        2609.5379,
        2609.7414,
        2609.9384
      ],
      "metrics": {
        "MAE": 0.480493,
        "RMSE": 1.90987,
        "MAPE": 0.0184,
        "R2": 0.8695
      }
    },
    "USD_KES": {
      "current": 129.2818,
      "next_1h": 129.2835,
      "next_24h": 129.3178,
      "change_pct": 0.001,
      "trend": "\ud83d\udcc8 UP",
      "predictions": [
        129.2835,
        129.2852,
        129.2868,
        129.2885,
        129.2901,
        129.2918,
        129.2934,
        129.295,
        129.2966,
        129.2981,
        129.2997,
        129.3012,
        129.3027,
        129.3042,
        129.3056,
        129.307,
        129.3085,
        129.3099,
        129.3112,
        129.3126,
        129.3139,
        129.3152,
        129.3165,
        129.3178
      ],
      "metrics": {
        "MAE": 0.005056,
        "RMSE": 0.015169,
        "MAPE": 0.0039,
        "R2": 0.8783
      }
    },
    "USD_UGX": {
      "current": 3658.9043,
      "next_1h": 3658.9296,
      "next_24h": 3659.4937,
      "change_pct": 0.001,
      "trend": "\ud83d\udcc8 UP",
      "predictions": [
        3658.9296,
        3658.9549,
        3658.9801,
        3659.0052,
        3659.0303,
        3659.0553,
        3659.0803,
        3659.1052,
        3659.13,
        3659.1548,
        3659.1794,
        3659.204,
        3659.2286,
        3659.253,
        3659.2774,
        3659.3017,
        3659.326,
        3659.3501,
        3659.3742,
        3659.3983,
        3659.4222,
        3659.4461,
        3659.4699,
        3659.4937
      ],
      "metrics": {
        "MAE": 0.511144,
        "RMSE": 2.887914,
        "MAPE": 0.014,
        "R2": 0.912
      }
    },
    "USD_EUR": {
      "current": 0.8774,
      "next_1h": 0.8774,
      "next_24h": 0.8774,
      "change_pct": 0.0,
      "trend": "\ud83d\udcc9 DOWN",
      "predictions": [
        0.8774,
        0.8774,
        0.8774,
        0.8774,
        0.8774,
        0.8774,
        0.8774,
        0.8774,
        0.8774,
        0.8774,
        0.8774,
        0.8774,
        0.8774,
        0.8774,
        0.8774,
        0.8774,
        0.8774,
        0.8774,
        0.8774,
        0.8774,
        0.8774,
        0.8774,
        0.8774,
        0.8774
      ],
      "metrics": {
        "MAE": 3.5e-05,
        "RMSE": 0.000182,
        "MAPE": 0.004,
        "R2": 0.9477
      }
    }
  },
  "crypto": {
    "BTC_USD": {
      "current": 62664.0,
      "next_1h": 62646.92,
      "next_24h": 62550.6,
      "change_pct": -0.027,
      "trend": "\ud83d\udcc9 DOWN",
      "predictions": [
        62646.92,
        62642.53,
        62644.97,
        62641.7,
        62635.23,
        62629.93,
        62625.53,
        62621.28,
        62616.73,
        62612.09,
        62607.54,
        62603.05,
        62598.59,
        62594.12,
        62589.68,
        62585.25,
        62580.86,
        62576.47,
        62572.11,
        62567.77,
        62563.45,
        62559.15,
        62554.87,
        62550.6
      ],
      "metrics": {
        "MAE": 92.028097,
        "RMSE": 125.807963,
        "MAPE": 0.1451,
        "R2": 0.9707
      }
    },
    "ETH_USD": {
      "current": 1794.68,
      "next_1h": 1793.79,
      "next_24h": 1781.41,
      "change_pct": -0.05,
      "trend": "\ud83d\udcc9 DOWN",
      "predictions": [
        1793.79,
        1793.13,
        1792.51,
        1791.98,
        1791.35,
        1790.81,
        1790.27,
        1789.73,
        1789.18,
        1788.65,
        1788.11,
        1787.58,
        1787.05,
        1786.53,
        1786.0,
        1785.48,
        1784.96,
        1784.45,
        1783.94,
        1783.43,
        1782.92,
        1782.41,
        1781.91,
        1781.41
      ],
      "metrics": {
        "MAE": 3.863717,
        "RMSE": 5.864202,
        "MAPE": 0.2155,
        "R2": 0.8965
      }
    },
    "BNB_USD": {
      "current": 570.34,
      "next_1h": 570.35,
      "next_24h": 571.01,
      "change_pct": 0.001,
      "trend": "\ud83d\udcc8 UP",
      "predictions": [
        570.35,
        570.39,
        570.42,
        570.46,
        570.48,
        570.51,
        570.54,
        570.57,
        570.6,
        570.63,
        570.66,
        570.68,
        570.71,
        570.74,
        570.77,
        570.79,
        570.82,
        570.85,
        570.88,
        570.9,
        570.93,
        570.96,
        570.99,
        571.01
      ],
      "metrics": {
        "MAE": 0.771942,
        "RMSE": 1.126996,
        "MAPE": 0.1347,
        "R2": 0.9417
      }
    }
  }
}