{
  "generated_at": "2026-03-13 07:00:27",
  "exchange_rates": {
    "USD_TZS": {
      "current": 2581.7171,
      "next_1h": 2581.2055,
      "next_24h": 2575.0286,
      "change_pct": -0.02,
      "trend": "\ud83d\udcc9 DOWN",
      "predictions": [
        2581.2055,
        2580.729,
        2580.2683,
        2579.8309,
        2579.3918,
        2578.9715,
        2578.5807,
        2578.2173,
        2577.8791,
        2577.5651,
        2577.2748,
        2577.0067,
        2576.7592,
        2576.5307,
        2576.32,
        2576.1257,
        2575.9465,
        2575.7813,
        2575.629,
        2575.4886,
        2575.3592,
        2575.2399,
        2575.13,
        2575.0286
      ],
      "metrics": {
        "MAE": 0.438266,
        "RMSE": 1.596309,
        "MAPE": 0.017,
        "R2": 0.8031
      }
    },
    "USD_KES": {
      "current": 129.2872,
      "next_1h": 129.2858,
      "next_24h": 129.2732,
      "change_pct": -0.001,
      "trend": "\ud83d\udcc9 DOWN",
      "predictions": [
        129.2858,
        129.2842,
        129.2829,
        129.2817,
        129.2808,
        129.2799,
        129.2792,
        129.2785,
        129.2778,
        129.2773,
        129.2768,
        129.2763,
        129.2759,
        129.2755,
        129.2751,
        129.2748,
        129.2745,
        129.2743,
        129.2741,
        129.2739,
        129.2737,
        129.2735,
        129.2733,
        129.2732
      ],
      "metrics": {
        "MAE": 0.005288,
        "RMSE": 0.009958,
        "MAPE": 0.0041,
        "R2": 0.8012
      }
    },
    "USD_UGX": {
      "current": 3728.7654,
      "next_1h": 3727.5416,
      "next_24h": 3707.9778,
      "change_pct": -0.033,
      "trend": "\ud83d\udcc9 DOWN",
      "predictions": [
        3727.5416,
        3726.3545,
        3725.2066,
        3724.0748,
        3722.9786,
        3721.915,
        3720.8877,
        3719.8959,
        3718.9383,
        3718.0138,
        3717.1213,
        3716.2597,
        3715.428,
        3714.6251,
        3713.85,
        3713.1018,
        3712.3795,
        3711.6823,
        3711.0092,
        3710.3594,
        3709.7322,
        3709.1266,
        3708.5421,
        3707.9778
      ],
      "metrics": {
        "MAE": 1.563372,
        "RMSE": 6.552488,
        "MAPE": 0.0419,
        "R2": 0.8049
      }
    },
    "USD_EUR": {
      "current": 0.8672,
      "next_1h": 0.8669,
      "next_24h": 0.8635,
      "change_pct": -0.037,
      "trend": "\ud83d\udcc9 DOWN",
      "predictions": [
        0.8669,
        0.8666,
        0.8664,
        0.8661,
        0.8659,
        0.8656,
        0.8654,
        0.8652,
        0.865,
        0.8649,
        0.8647,
        0.8646,
        0.8644,
        0.8643,
        0.8642,
        0.8641,
        0.864,
        0.8639,
        0.8639,
        0.8638,
        0.8637,
        0.8637,
        0.8636,
        0.8635
      ],
      "metrics": {
        "MAE": 0.000267,
        "RMSE": 0.000562,
        "MAPE": 0.0308,
        "R2": 0.756
      }
    }
  },
  "crypto": {
    "BTC_USD": {
      "current": 71346.0,
      "next_1h": 71287.43,
      "next_24h": 70675.56,
      "change_pct": -0.082,
      "trend": "\ud83d\udcc9 DOWN",
      "predictions": [
        71287.43,
        71250.86,
        71209.24,
        71208.64,
        71168.81,
        71136.85,
        71104.3,
        71071.65,
        71044.27,
        71015.32,
        70987.5,
        70960.02,
        70932.91,
        70906.78,
        70881.13,
        70856.14,
        70831.7,
        70807.79,
        70784.46,
        70761.65,
        70739.37,
        70717.6,
        70696.33,
        70675.56
      ],
      "metrics": {
        "MAE": 280.567889,
        "RMSE": 359.481286,
        "MAPE": 0.3976,
        "R2": 0.7319
      }
    },
    "ETH_USD": {
      "current": 2097.79,
      "next_1h": 2089.19,
      "next_24h": 2032.24,
      "change_pct": -0.41,
      "trend": "\ud83d\udcc9 DOWN",
      "predictions": [
        2089.19,
        2083.17,
        2075.27,
        2068.78,
        2061.6,
        2056.01,
        2051.23,
        2046.91,
        2043.36,
        2040.32,
        2037.95,
        2036.07,
        2034.59,
        2033.49,
        2032.69,
        2032.16,
        2031.82,
        2031.65,
        2031.6,
        2031.63,
        2031.74,
        2031.88,
        2032.05,
        2032.24
      ],
      "metrics": {
        "MAE": 10.237762,
        "RMSE": 14.127285,
        "MAPE": 0.4924,
        "R2": 0.7678
      }
    },
    "BNB_USD": {
      "current": 660.94,
      "next_1h": 660.47,
      "next_24h": 655.52,
      "change_pct": -0.071,
      "trend": "\ud83d\udcc9 DOWN",
      "predictions": [
        660.47,
        660.22,
        659.92,
        659.66,
        659.4,
        659.14,
        658.9,
        658.65,
        658.42,
        658.19,
        657.96,
        657.74,
        657.53,
        657.32,
        657.12,
        656.92,
        656.73,
        656.54,
        656.36,
        656.18,
        656.01,
        655.84,
        655.68,
        655.52
      ],
      "metrics": {
        "MAE": 2.056134,
        "RMSE": 2.585222,
        "MAPE": 0.315,
        "R2": 0.7972
      }
    }
  }
}