{
  "generated_at": "2026-03-22 05:00:14",
  "exchange_rates": {
    "USD_TZS": {
      "current": 2585.2839,
      "next_1h": 2585.3118,
      "next_24h": 2586.0121,
      "change_pct": 0.001,
      "trend": "\ud83d\udcc8 UP",
      "predictions": [
        2585.3118,
        2585.3471,
        2585.3819,
        2585.4162,
        2585.4505,
        2585.4845,
        2585.5179,
        2585.5508,
        2585.5832,
        2585.6151,
        2585.6465,
        2585.6774,
        2585.7078,
        2585.7377,
        2585.7671,
        2585.7961,
        2585.8246,
        2585.8527,
        2585.8804,
        2585.9076,
        2585.9343,
        2585.9607,
        2585.9866,
        2586.0121
      ],
      "metrics": {
        "MAE": 0.544055,
        "RMSE": 2.233271,
        "MAPE": 0.021,
        "R2": 0.9284
      }
    },
    "USD_KES": {
      "current": 129.4379,
      "next_1h": 129.426,
      "next_24h": 129.2885,
      "change_pct": -0.009,
      "trend": "\ud83d\udcc9 DOWN",
      "predictions": [
        129.426,
        129.4118,
        129.3996,
        129.3891,
        129.3797,
        129.3711,
        129.3632,
        129.3558,
        129.3489,
        129.3425,
        129.3365,
        129.3309,
        129.3258,
        129.321,
        129.3166,
        129.3124,
        129.3086,
        129.3051,
        129.3018,
        129.2987,
        129.2959,
        129.2932,
        129.2908,
        129.2885
      ],
      "metrics": {
        "MAE": 0.018306,
        "RMSE": 0.019373,
        "MAPE": 0.0141,
        "R2": 0.227
      }
    },
    "USD_UGX": {
      "current": 3777.7485,
      "next_1h": 3777.8082,
      "next_24h": 3778.9483,
      "change_pct": 0.002,
      "trend": "\ud83d\udcc8 UP",
      "predictions": [
        3777.8082,
        3777.8626,
        3777.9159,
        3777.9688,
        3778.0207,
        3778.0717,
        3778.1226,
        3778.1731,
        3778.2235,
        3778.2736,
        3778.3234,
        3778.373,
        3778.4223,
        3778.4714,
        3778.5202,
        3778.5688,
        3778.6171,
        3778.6651,
        3778.7129,
        3778.7605,
        3778.8078,
        3778.8549,
        3778.9017,
        3778.9483
      ],
      "metrics": {
        "MAE": 0.193323,
        "RMSE": 0.736667,
        "MAPE": 0.0051,
        "R2": 0.9511
      }
    },
    "USD_EUR": {
      "current": 0.8655,
      "next_1h": 0.8656,
      "next_24h": 0.8667,
      "change_pct": 0.007,
      "trend": "\ud83d\udcc8 UP",
      "predictions": [
        0.8656,
        0.8656,
        0.8657,
        0.8657,
        0.8658,
        0.8658,
        0.8659,
        0.866,
        0.866,
        0.8661,
        0.8661,
        0.8662,
        0.8662,
        0.8663,
        0.8663,
        0.8663,
        0.8664,
        0.8664,
        0.8665,
        0.8665,
        0.8666,
        0.8666,
        0.8667,
        0.8667
      ],
      "metrics": {
        "MAE": 0.00016,
        "RMSE": 0.000607,
        "MAPE": 0.0185,
        "R2": 0.9306
      }
    }
  },
  "crypto": {
    "BTC_USD": {
      "current": 69320.0,
      "next_1h": 69351.56,
      "next_24h": 70036.25,
      "change_pct": 0.046,
      "trend": "\ud83d\udcc8 UP",
      "predictions": [
        69351.56,
        69369.42,
        69405.06,
        69442.91,
        69477.36,
        69511.61,
        69544.39,
        69576.54,
        69608.43,
        69639.87,
        69670.91,
        69701.52,
        69731.68,
        69761.4,
        69790.7,
        69819.58,
        69848.05,
        69876.11,
        69903.77,
        69931.03,
        69957.9,
        69984.39,
        70010.51,
        70036.25
      ],
      "metrics": {
        "MAE": 209.287108,
        "RMSE": 310.817247,
        "MAPE": 0.2989,
        "R2": 0.6367
      }
    },
    "ETH_USD": {
      "current": 2118.66,
      "next_1h": 2120.58,
      "next_24h": 2131.73,
      "change_pct": 0.091,
      "trend": "\ud83d\udcc8 UP",
      "predictions": [
        2120.58,
        2122.19,
        2123.77,
        2124.84,
        2125.56,
        2126.11,
        2126.59,
        2127.03,
        2127.41,
        2127.77,
        2128.1,
        2128.43,
        2128.74,
        2129.04,
        2129.34,
        2129.62,
        2129.91,
        2130.18,
        2130.45,
        2130.72,
        2130.98,
        2131.23,
        2131.48,
        2131.73
      ],
      "metrics": {
        "MAE": 8.283336,
        "RMSE": 12.928639,
        "MAPE": 0.3879,
        "R2": 0.586
      }
    },
    "BNB_USD": {
      "current": 634.89,
      "next_1h": 635.54,
      "next_24h": 645.34,
      "change_pct": 0.103,
      "trend": "\ud83d\udcc8 UP",
      "predictions": [
        635.54,
        636.01,
        636.56,
        637.09,
        637.59,
        638.09,
        638.57,
        639.05,
        639.51,
        639.97,
        640.41,
        640.84,
        641.27,
        641.68,
        642.08,
        642.48,
        642.87,
        643.24,
        643.61,
        643.97,
        644.33,
        644.67,
        645.01,
        645.34
      ],
      "metrics": {
        "MAE": 1.519498,
        "RMSE": 2.346112,
        "MAPE": 0.2375,
        "R2": 0.596
      }
    }
  }
}