{
  "generated_at": "2026-06-18 01:21:07",
  "exchange_rates": {
    "USD_TZS": {
      "current": 2621.1906,
      "next_1h": 2620.9343,
      "next_24h": 2615.8537,
      "change_pct": -0.01,
      "trend": "\ud83d\udcc9 DOWN",
      "predictions": [
        2620.9343,
        2620.6805,
        2620.4291,
        2620.1797,
        2619.9328,
        2619.6808,
        2619.4333,
        2619.1902,
        2618.9515,
        2618.7171,
        2618.4869,
        2618.261,
        2618.0392,
        2617.8215,
        2617.6079,
        2617.3981,
        2617.1923,
        2616.9902,
        2616.7919,
        2616.5972,
        2616.4061,
        2616.2185,
        2616.0344,
        2615.8537
      ],
      "metrics": {
        "MAE": 0.632572,
        "RMSE": 2.981457,
        "MAPE": 0.0242,
        "R2": 0.7991
      }
    },
    "USD_KES": {
      "current": 129.4804,
      "next_1h": 129.4799,
      "next_24h": 129.4607,
      "change_pct": 0.0,
      "trend": "\ud83d\udcc9 DOWN",
      "predictions": [
        129.4799,
        129.4793,
        129.4787,
        129.4782,
        129.4776,
        129.4766,
        129.4757,
        129.4748,
        129.4738,
        129.4729,
        129.472,
        129.4711,
        129.4702,
        129.4693,
        129.4684,
        129.4675,
        129.4666,
        129.4658,
        129.4649,
        129.4641,
        129.4632,
        129.4624,
        129.4615,
        129.4607
      ],
      "metrics": {
        "MAE": 0.004045,
        "RMSE": 0.016816,
        "MAPE": 0.0031,
        "R2": 0.94
      }
    },
    "USD_UGX": {
      "current": 3649.8689,
      "next_1h": 3651.3684,
      "next_24h": 3684.343,
      "change_pct": 0.041,
      "trend": "\ud83d\udcc8 UP",
      "predictions": [
        3651.3684,
        3652.8527,
        3654.3219,
        3655.7732,
        3657.2099,
        3658.9052,
        3660.5692,
        3662.2025,
        3663.8056,
        3665.3788,
        3666.9227,
        3668.4352,
        3669.9167,
        3671.368,
        3672.7897,
        3674.1822,
        3675.5462,
        3676.8823,
        3678.1909,
        3679.4728,
        3680.7284,
        3681.9583,
        3683.163,
        3684.343
      ],
      "metrics": {
        "MAE": 1.350882,
        "RMSE": 5.117565,
        "MAPE": 0.0365,
        "R2": 0.9458
      }
    },
    "USD_EUR": {
      "current": 0.8656,
      "next_1h": 0.8656,
      "next_24h": 0.866,
      "change_pct": 0.001,
      "trend": "\ud83d\udcc8 UP",
      "predictions": [
        0.8656,
        0.8656,
        0.8656,
        0.8656,
        0.8656,
        0.8657,
        0.8657,
        0.8657,
        0.8657,
        0.8657,
        0.8657,
        0.8658,
        0.8658,
        0.8658,
        0.8658,
        0.8658,
        0.8658,
        0.8659,
        0.8659,
        0.8659,
        0.8659,
        0.8659,
        0.8659,
        0.866
      ],
      "metrics": {
        "MAE": 0.000101,
        "RMSE": 0.000436,
        "MAPE": 0.0117,
        "R2": 0.9455
      }
    }
  },
  "crypto": {
    "BTC_USD": {
      "current": 64607.0,
      "next_1h": 64465.9,
      "next_24h": 63499.68,
      "change_pct": -0.218,
      "trend": "\ud83d\udcc9 DOWN",
      "predictions": [
        64465.9,
        64416.15,
        64401.18,
        64382.12,
        64343.9,
        64291.47,
        64249.17,
        64209.28,
        64166.76,
        64121.99,
        64077.34,
        64033.6,
        63989.71,
        63945.39,
        63900.93,
        63856.54,
        63812.15,
        63767.67,
        63723.11,
        63678.51,
        63633.87,
        63589.19,
        63544.46,
        63499.68
      ],
      "metrics": {
        "MAE": 252.043867,
        "RMSE": 343.595769,
        "MAPE": 0.394,
        "R2": 0.9434
      }
    },
    "ETH_USD": {
      "current": 1756.02,
      "next_1h": 1754.35,
      "next_24h": 1723.37,
      "change_pct": -0.095,
      "trend": "\ud83d\udcc9 DOWN",
      "predictions": [
        1754.35,
        1752.91,
        1752.26,
        1751.28,
        1749.73,
        1748.36,
        1747.03,
        1745.65,
        1744.25,
        1742.86,
        1741.48,
        1740.09,
        1738.7,
        1737.31,
        1735.92,
        1734.52,
        1733.13,
        1731.74,
        1730.34,
        1728.95,
        1727.56,
        1726.16,
        1724.76,
        1723.37
      ],
      "metrics": {
        "MAE": 9.508707,
        "RMSE": 13.951602,
        "MAPE": 0.556,
        "R2": 0.9347
      }
    },
    "BNB_USD": {
      "current": 602.45,
      "next_1h": 602.62,
      "next_24h": 608.96,
      "change_pct": 0.029,
      "trend": "\ud83d\udcc8 UP",
      "predictions": [
        602.62,
        602.89,
        603.32,
        603.71,
        604.0,
        604.28,
        604.57,
        604.86,
        605.13,
        605.4,
        605.67,
        605.93,
        606.2,
        606.46,
        606.72,
        606.97,
        607.23,
        607.48,
        607.73,
        607.98,
        608.23,
        608.47,
        608.72,
        608.96
      ],
      "metrics": {
        "MAE": 2.242706,
        "RMSE": 2.97884,
        "MAPE": 0.3717,
        "R2": 0.8786
      }
    }
  }
}