{
  "generated_at": "2026-05-04 21:31:26",
  "exchange_rates": {
    "USD_TZS": {
      "current": 2600.67,
      "next_1h": 2600.5866,
      "next_24h": 2599.7272,
      "change_pct": -0.003,
      "trend": "\ud83d\udcc9 DOWN",
      "predictions": [
        2600.5866,
        2600.5073,
        2600.4319,
        2600.3602,
        2600.292,
        2600.2271,
        2600.1682,
        2600.1147,
        2600.0664,
        2600.0227,
        2599.9834,
        2599.9482,
        2599.9166,
        2599.8883,
        2599.863,
        2599.8403,
        2599.8201,
        2599.802,
        2599.7858,
        2599.7713,
        2599.7584,
        2599.7468,
        2599.7365,
        2599.7272
      ],
      "metrics": {
        "MAE": 1.138958,
        "RMSE": 2.71437,
        "MAPE": 0.0437,
        "R2": 0.8827
      }
    },
    "USD_KES": {
      "current": 129.159,
      "next_1h": 129.1594,
      "next_24h": 129.1674,
      "change_pct": 0.0,
      "trend": "\ud83d\udcc9 DOWN",
      "predictions": [
        129.1594,
        129.1597,
        129.1601,
        129.1604,
        129.1608,
        129.1612,
        129.1615,
        129.1619,
        129.1622,
        129.1626,
        129.1629,
        129.1633,
        129.1636,
        129.164,
        129.1643,
        129.1647,
        129.165,
        129.1653,
        129.1657,
        129.166,
        129.1664,
        129.1667,
        129.167,
        129.1674
      ],
      "metrics": {
        "MAE": 0.003035,
        "RMSE": 0.01797,
        "MAPE": 0.0024,
        "R2": 0.9395
      }
    },
    "USD_UGX": {
      "current": 3731.8419,
      "next_1h": 3731.5607,
      "next_24h": 3725.7386,
      "change_pct": -0.008,
      "trend": "\ud83d\udcc9 DOWN",
      "predictions": [
        3731.5607,
        3731.2816,
        3731.0045,
        3730.7295,
        3730.4566,
        3730.1857,
        3729.9174,
        3729.6518,
        3729.3887,
        3729.1283,
        3728.8704,
        3728.615,
        3728.3621,
        3728.1117,
        3727.8637,
        3727.6182,
        3727.3751,
        3727.1343,
        3726.8959,
        3726.6599,
        3726.4262,
        3726.1947,
        3725.9655,
        3725.7386
      ],
      "metrics": {
        "MAE": 0.703897,
        "RMSE": 2.994407,
        "MAPE": 0.019,
        "R2": 0.9719
      }
    },
    "USD_EUR": {
      "current": 0.8521,
      "next_1h": 0.8521,
      "next_24h": 0.8521,
      "change_pct": 0.0,
      "trend": "\ud83d\udcc9 DOWN",
      "predictions": [
        0.8521,
        0.8521,
        0.8521,
        0.8521,
        0.8521,
        0.8521,
        0.8521,
        0.8521,
        0.8521,
        0.8521,
        0.8521,
        0.8521,
        0.8521,
        0.8521,
        0.8521,
        0.8521,
        0.8521,
        0.8521,
        0.8521,
        0.8521,
        0.8521,
        0.8521,
        0.8521,
        0.8521
      ],
      "metrics": {
        "MAE": 6.4e-05,
        "RMSE": 0.000296,
        "MAPE": 0.0075,
        "R2": 0.9222
      }
    }
  },
  "crypto": {
    "BTC_USD": {
      "current": 80204.0,
      "next_1h": 80171.24,
      "next_24h": 79860.35,
      "change_pct": -0.041,
      "trend": "\ud83d\udcc9 DOWN",
      "predictions": [
        80171.24,
        80168.93,
        80157.45,
        80137.18,
        80132.09,
        80115.88,
        80101.66,
        80087.53,
        80072.44,
        80058.26,
        80043.66,
        80029.19,
        80014.83,
        80000.46,
        79986.19,
        79971.97,
        79957.8,
        79943.7,
        79929.66,
        79915.68,
        79901.76,
        79887.9,
        79874.1,
        79860.35
      ],
      "metrics": {
        "MAE": 204.146109,
        "RMSE": 307.621894,
        "MAPE": 0.2625,
        "R2": 0.9422
      }
    },
    "ETH_USD": {
      "current": 2359.34,
      "next_1h": 2358.59,
      "next_24h": 2341.5,
      "change_pct": -0.032,
      "trend": "\ud83d\udcc9 DOWN",
      "predictions": [
        2358.59,
        2358.18,
        2357.85,
        2356.38,
        2356.17,
        2355.32,
        2354.49,
        2353.76,
        2352.88,
        2352.11,
        2351.31,
        2350.5,
        2349.72,
        2348.93,
        2348.16,
        2347.39,
        2346.63,
        2345.87,
        2345.13,
        2344.39,
        2343.66,
        2342.93,
        2342.21,
        2341.5
      ],
      "metrics": {
        "MAE": 7.303649,
        "RMSE": 11.484569,
        "MAPE": 0.3168,
        "R2": 0.8707
      }
    },
    "BNB_USD": {
      "current": 624.59,
      "next_1h": 624.52,
      "next_24h": 623.08,
      "change_pct": -0.012,
      "trend": "\ud83d\udcc9 DOWN",
      "predictions": [
        624.52,
        624.41,
        624.45,
        624.25,
        624.24,
        624.17,
        624.1,
        624.05,
        623.97,
        623.91,
        623.85,
        623.79,
        623.72,
        623.66,
        623.6,
        623.54,
        623.48,
        623.42,
        623.36,
        623.31,
        623.25,
        623.19,
        623.13,
        623.08
      ],
      "metrics": {
        "MAE": 1.184584,
        "RMSE": 1.733611,
        "MAPE": 0.1907,
        "R2": 0.8103
      }
    }
  }
}