{
  "generated_at": "2026-06-30 13:44:47",
  "exchange_rates": {
    "USD_TZS": {
      "current": 2628.3687,
      "next_1h": 2627.9944,
      "next_24h": 2620.8781,
      "change_pct": -0.014,
      "trend": "\ud83d\udcc9 DOWN",
      "predictions": [
        2627.9944,
        2627.6238,
        2627.2569,
        2626.8937,
        2626.5341,
        2626.1781,
        2625.8292,
        2625.4873,
        2625.1523,
        2624.8241,
        2624.5027,
        2624.1878,
        2623.8794,
        2623.5773,
        2623.2815,
        2622.9917,
        2622.7079,
        2622.4299,
        2622.1577,
        2621.891,
        2621.6298,
        2621.374,
        2621.1235,
        2620.8781
      ],
      "metrics": {
        "MAE": 0.717195,
        "RMSE": 2.992522,
        "MAPE": 0.0274,
        "R2": 0.8969
      }
    },
    "USD_KES": {
      "current": 129.4439,
      "next_1h": 129.4437,
      "next_24h": 129.4406,
      "change_pct": 0.0,
      "trend": "\ud83d\udcc9 DOWN",
      "predictions": [
        129.4437,
        129.4436,
        129.4434,
        129.4433,
        129.4431,
        129.443,
        129.4428,
        129.4427,
        129.4425,
        129.4424,
        129.4422,
        129.4421,
        129.442,
        129.4418,
        129.4417,
        129.4416,
        129.4414,
        129.4413,
        129.4412,
        129.4411,
        129.4409,
        129.4408,
        129.4407,
        129.4406
      ],
      "metrics": {
        "MAE": 0.004023,
        "RMSE": 0.016557,
        "MAPE": 0.0031,
        "R2": 0.9092
      }
    },
    "USD_UGX": {
      "current": 3644.9775,
      "next_1h": 3645.0395,
      "next_24h": 3646.4357,
      "change_pct": 0.002,
      "trend": "\ud83d\udcc8 UP",
      "predictions": [
        3645.0395,
        3645.1015,
        3645.1634,
        3645.2252,
        3645.2869,
        3645.3486,
        3645.4101,
        3645.4715,
        3645.5327,
        3645.5938,
        3645.6548,
        3645.7157,
        3645.7764,
        3645.837,
        3645.8974,
        3645.9577,
        3646.0179,
        3646.078,
        3646.1379,
        3646.1977,
        3646.2574,
        3646.317,
        3646.3764,
        3646.4357
      ],
      "metrics": {
        "MAE": 0.756536,
        "RMSE": 3.685155,
        "MAPE": 0.0207,
        "R2": 0.9174
      }
    },
    "USD_EUR": {
      "current": 0.876,
      "next_1h": 0.876,
      "next_24h": 0.8757,
      "change_pct": -0.001,
      "trend": "\ud83d\udcc9 DOWN",
      "predictions": [
        0.876,
        0.876,
        0.8759,
        0.8759,
        0.8759,
        0.8759,
        0.8759,
        0.8759,
        0.8759,
        0.8759,
        0.8758,
        0.8758,
        0.8758,
        0.8758,
        0.8758,
        0.8758,
        0.8758,
        0.8758,
        0.8757,
        0.8757,
        0.8757,
        0.8757,
        0.8757,
        0.8757
      ],
      "metrics": {
        "MAE": 0.000117,
        "RMSE": 0.000513,
        "MAPE": 0.0133,
        "R2": 0.9604
      }
    }
  },
  "crypto": {
    "BTC_USD": {
      "current": 58432.0,
      "next_1h": 58511.62,
      "next_24h": 58481.52,
      "change_pct": 0.136,
      "trend": "\ud83d\udcc8 UP",
      "predictions": [
        58511.62,
        58514.49,
        58496.63,
        58437.94,
        58436.0,
        58450.34,
        58452.51,
        58450.41,
        58447.8,
        58450.62,
        58454.24,
        58456.25,
        58457.85,
        58459.71,
        58462.05,
        58464.37,
        58466.5,
        58468.6,
        58470.75,
        58472.93,
        58475.1,
        58477.24,
        58479.38,
        58481.52
      ],
      "metrics": {
        "MAE": 264.068023,
        "RMSE": 387.700828,
        "MAPE": 0.4348,
        "R2": 0.9409
      }
    },
    "ETH_USD": {
      "current": 1556.13,
      "next_1h": 1557.65,
      "next_24h": 1562.76,
      "change_pct": 0.098,
      "trend": "\ud83d\udcc8 UP",
      "predictions": [
        1557.65,
        1558.18,
        1557.19,
        1557.78,
        1558.2,
        1558.41,
        1558.59,
        1558.88,
        1559.13,
        1559.37,
        1559.62,
        1559.87,
        1560.11,
        1560.35,
        1560.6,
        1560.84,
        1561.08,
        1561.32,
        1561.56,
        1561.8,
        1562.04,
        1562.28,
        1562.52,
        1562.76
      ],
      "metrics": {
        "MAE": 8.632787,
        "RMSE": 13.448371,
        "MAPE": 0.5351,
        "R2": 0.9436
      }
    },
    "BNB_USD": {
      "current": 545.26,
      "next_1h": 545.41,
      "next_24h": 552.52,
      "change_pct": 0.028,
      "trend": "\ud83d\udcc8 UP",
      "predictions": [
        545.41,
        545.56,
        545.68,
        546.07,
        546.39,
        546.71,
        547.04,
        547.38,
        547.71,
        548.04,
        548.37,
        548.7,
        549.03,
        549.36,
        549.68,
        550.0,
        550.32,
        550.64,
        550.96,
        551.28,
        551.59,
        551.9,
        552.21,
        552.52
      ],
      "metrics": {
        "MAE": 2.192917,
        "RMSE": 3.216776,
        "MAPE": 0.3887,
        "R2": 0.9353
      }
    }
  }
}