{
  "generated_at": "2026-07-17 19:13:09",
  "exchange_rates": {
    "USD_TZS": {
      "current": 2628.277,
      "next_1h": 2627.9317,
      "next_24h": 2622.0917,
      "change_pct": -0.013,
      "trend": "\ud83d\udcc9 DOWN",
      "predictions": [
        2627.9317,
        2627.5935,
        2627.2624,
        2626.9381,
        2626.6204,
        2626.3094,
        2626.0078,
        2625.7153,
        2625.4318,
        2625.1571,
        2624.8907,
        2624.6326,
        2624.3824,
        2624.14,
        2623.9051,
        2623.6774,
        2623.4568,
        2623.2429,
        2623.0357,
        2622.8349,
        2622.6403,
        2622.4516,
        2622.2689,
        2622.0917
      ],
      "metrics": {
        "MAE": 0.550043,
        "RMSE": 2.15214,
        "MAPE": 0.021,
        "R2": 0.9475
      }
    },
    "USD_KES": {
      "current": 129.3048,
      "next_1h": 129.3059,
      "next_24h": 129.3294,
      "change_pct": 0.001,
      "trend": "\ud83d\udcc8 UP",
      "predictions": [
        129.3059,
        129.3071,
        129.3082,
        129.3093,
        129.3104,
        129.3116,
        129.3127,
        129.3138,
        129.3148,
        129.3159,
        129.3169,
        129.318,
        129.319,
        129.32,
        129.321,
        129.322,
        129.323,
        129.3239,
        129.3249,
        129.3258,
        129.3267,
        129.3277,
        129.3286,
        129.3294
      ],
      "metrics": {
        "MAE": 0.004323,
        "RMSE": 0.015282,
        "MAPE": 0.0033,
        "R2": 0.9516
      }
    },
    "USD_UGX": {
      "current": 3681.1587,
      "next_1h": 3681.1263,
      "next_24h": 3680.4072,
      "change_pct": -0.001,
      "trend": "\ud83d\udcc9 DOWN",
      "predictions": [
        3681.1263,
        3681.0941,
        3681.0619,
        3681.0297,
        3680.9977,
        3680.9657,
        3680.9338,
        3680.902,
        3680.8703,
        3680.8387,
        3680.8072,
        3680.7759,
        3680.7446,
        3680.7134,
        3680.6823,
        3680.6514,
        3680.6205,
        3680.5897,
        3680.5591,
        3680.5285,
        3680.498,
        3680.4677,
        3680.4374,
        3680.4072
      ],
      "metrics": {
        "MAE": 0.36172,
        "RMSE": 1.987774,
        "MAPE": 0.0099,
        "R2": 0.9652
      }
    },
    "USD_EUR": {
      "current": 0.8735,
      "next_1h": 0.8735,
      "next_24h": 0.8737,
      "change_pct": 0.001,
      "trend": "\ud83d\udcc8 UP",
      "predictions": [
        0.8735,
        0.8735,
        0.8735,
        0.8735,
        0.8735,
        0.8735,
        0.8736,
        0.8736,
        0.8736,
        0.8736,
        0.8736,
        0.8736,
        0.8736,
        0.8736,
        0.8736,
        0.8736,
        0.8736,
        0.8737,
        0.8737,
        0.8737,
        0.8737,
        0.8737,
        0.8737,
        0.8737
      ],
      "metrics": {
        "MAE": 4.8e-05,
        "RMSE": 0.000253,
        "MAPE": 0.0055,
        "R2": 0.9607
      }
    }
  },
  "crypto": {
    "BTC_USD": {
      "current": 64032.0,
      "next_1h": 64036.65,
      "next_24h": 63851.89,
      "change_pct": 0.007,
      "trend": "\ud83d\udcc8 UP",
      "predictions": [
        64036.65,
        64026.4,
        64018.3,
        64011.03,
        64002.83,
        63994.79,
        63986.43,
        63978.21,
        63970.06,
        63961.93,
        63953.83,
        63945.76,
        63937.73,
        63929.75,
        63921.8,
        63913.88,
        63906.0,
        63898.16,
        63890.36,
        63882.59,
        63874.87,
        63867.17,
        63859.51,
        63851.89
      ],
      "metrics": {
        "MAE": 124.772362,
        "RMSE": 174.671268,
        "MAPE": 0.1958,
        "R2": 0.9654
      }
    },
    "ETH_USD": {
      "current": 1840.12,
      "next_1h": 1839.07,
      "next_24h": 1824.97,
      "change_pct": -0.057,
      "trend": "\ud83d\udcc9 DOWN",
      "predictions": [
        1839.07,
        1838.45,
        1837.79,
        1837.22,
        1836.53,
        1835.9,
        1835.26,
        1834.63,
        1834.0,
        1833.38,
        1832.76,
        1832.14,
        1831.53,
        1830.92,
        1830.31,
        1829.7,
        1829.1,
        1828.5,
        1827.91,
        1827.31,
        1826.72,
        1826.14,
        1825.55,
        1824.97
      ],
      "metrics": {
        "MAE": 5.210082,
        "RMSE": 7.811578,
        "MAPE": 0.2823,
        "R2": 0.9769
      }
    },
    "BNB_USD": {
      "current": 566.0,
      "next_1h": 566.0,
      "next_24h": 567.45,
      "change_pct": 0.0,
      "trend": "\ud83d\udcc9 DOWN",
      "predictions": [
        566.0,
        566.1,
        566.16,
        566.21,
        566.28,
        566.35,
        566.41,
        566.47,
        566.54,
        566.6,
        566.66,
        566.72,
        566.79,
        566.85,
        566.91,
        566.97,
        567.03,
        567.09,
        567.15,
        567.21,
        567.27,
        567.33,
        567.39,
        567.45
      ],
      "metrics": {
        "MAE": 0.93983,
        "RMSE": 1.32632,
        "MAPE": 0.1639,
        "R2": 0.9555
      }
    }
  }
}