{
  "generated_at": "2026-06-16 18:36:33",
  "exchange_rates": {
    "USD_TZS": {
      "current": 2595.529,
      "next_1h": 2595.6609,
      "next_24h": 2598.2126,
      "change_pct": 0.005,
      "trend": "\ud83d\udcc8 UP",
      "predictions": [
        2595.6609,
        2595.7917,
        2595.9214,
        2596.05,
        2596.1775,
        2596.304,
        2596.4281,
        2596.5499,
        2596.6694,
        2596.7867,
        2596.9017,
        2597.0146,
        2597.1253,
        2597.2339,
        2597.3405,
        2597.445,
        2597.5475,
        2597.6481,
        2597.7468,
        2597.8436,
        2597.9385,
        2598.0316,
        2598.123,
        2598.2126
      ],
      "metrics": {
        "MAE": 0.558578,
        "RMSE": 2.231313,
        "MAPE": 0.0214,
        "R2": 0.8478
      }
    },
    "USD_KES": {
      "current": 129.3875,
      "next_1h": 129.3872,
      "next_24h": 129.3817,
      "change_pct": 0.0,
      "trend": "\ud83d\udcc9 DOWN",
      "predictions": [
        129.3872,
        129.3869,
        129.3867,
        129.3864,
        129.3862,
        129.3859,
        129.3857,
        129.3854,
        129.3852,
        129.3849,
        129.3847,
        129.3845,
        129.3842,
        129.384,
        129.3837,
        129.3835,
        129.3833,
        129.383,
        129.3828,
        129.3826,
        129.3824,
        129.3821,
        129.3819,
        129.3817
      ],
      "metrics": {
        "MAE": 0.003124,
        "RMSE": 0.012905,
        "MAPE": 0.0024,
        "R2": 0.9689
      }
    },
    "USD_UGX": {
      "current": 3701.9064,
      "next_1h": 3702.5928,
      "next_24h": 3715.7957,
      "change_pct": 0.019,
      "trend": "\ud83d\udcc8 UP",
      "predictions": [
        3702.5928,
        3703.2728,
        3703.9466,
        3704.6141,
        3705.2754,
        3705.9306,
        3706.5735,
        3707.2042,
        3707.823,
        3708.4299,
        3709.0252,
        3709.6091,
        3710.1816,
        3710.7431,
        3711.2938,
        3711.8339,
        3712.3635,
        3712.883,
        3713.3924,
        3713.8919,
        3714.3819,
        3714.8623,
        3715.3336,
        3715.7957
      ],
      "metrics": {
        "MAE": 0.909783,
        "RMSE": 4.024504,
        "MAPE": 0.0244,
        "R2": 0.886
      }
    },
    "USD_EUR": {
      "current": 0.8623,
      "next_1h": 0.8623,
      "next_24h": 0.8624,
      "change_pct": 0.001,
      "trend": "\ud83d\udcc8 UP",
      "predictions": [
        0.8623,
        0.8623,
        0.8623,
        0.8623,
        0.8623,
        0.8623,
        0.8623,
        0.8623,
        0.8623,
        0.8623,
        0.8623,
        0.8624,
        0.8624,
        0.8624,
        0.8624,
        0.8624,
        0.8624,
        0.8624,
        0.8624,
        0.8624,
        0.8624,
        0.8624,
        0.8624,
        0.8624
      ],
      "metrics": {
        "MAE": 6.9e-05,
        "RMSE": 0.000306,
        "MAPE": 0.008,
        "R2": 0.954
      }
    }
  },
  "crypto": {
    "BTC_USD": {
      "current": 65846.0,
      "next_1h": 65820.14,
      "next_24h": 64328.44,
      "change_pct": -0.039,
      "trend": "\ud83d\udcc9 DOWN",
      "predictions": [
        65820.14,
        65693.73,
        65596.85,
        65545.59,
        65501.35,
        65435.54,
        65367.77,
        65307.78,
        65250.15,
        65189.97,
        65128.32,
        65067.44,
        65007.09,
        64946.36,
        64885.18,
        64823.9,
        64762.58,
        64701.09,
        64639.4,
        64577.52,
        64515.5,
        64453.32,
        64390.97,
        64328.44
      ],
      "metrics": {
        "MAE": 268.744851,
        "RMSE": 370.756237,
        "MAPE": 0.4235,
        "R2": 0.9323
      }
    },
    "ETH_USD": {
      "current": 1794.75,
      "next_1h": 1792.87,
      "next_24h": 1740.5,
      "change_pct": -0.105,
      "trend": "\ud83d\udcc9 DOWN",
      "predictions": [
        1792.87,
        1788.34,
        1785.87,
        1785.72,
        1782.9,
        1780.44,
        1778.45,
        1776.37,
        1774.06,
        1771.87,
        1769.69,
        1767.48,
        1765.25,
        1763.03,
        1760.81,
        1758.57,
        1756.33,
        1754.09,
        1751.84,
        1749.58,
        1747.32,
        1745.05,
        1742.78,
        1740.5
      ],
      "metrics": {
        "MAE": 10.279814,
        "RMSE": 15.156292,
        "MAPE": 0.6084,
        "R2": 0.9015
      }
    },
    "BNB_USD": {
      "current": 607.42,
      "next_1h": 606.72,
      "next_24h": 612.78,
      "change_pct": -0.115,
      "trend": "\ud83d\udcc9 DOWN",
      "predictions": [
        606.72,
        606.14,
        606.38,
        606.81,
        607.0,
        607.23,
        607.55,
        607.88,
        608.19,
        608.51,
        608.83,
        609.15,
        609.46,
        609.78,
        610.09,
        610.4,
        610.71,
        611.01,
        611.31,
        611.61,
        611.91,
        612.2,
        612.49,
        612.78
      ],
      "metrics": {
        "MAE": 2.499316,
        "RMSE": 3.40425,
        "MAPE": 0.4156,
        "R2": 0.8643
      }
    }
  }
}