{
  "generated_at": "2026-03-29 07:00:42",
  "exchange_rates": {
    "USD_TZS": {
      "current": 2569.1325,
      "next_1h": 2569.4788,
      "next_24h": 2575.745,
      "change_pct": 0.013,
      "trend": "\ud83d\udcc8 UP",
      "predictions": [
        2569.4788,
        2569.8154,
        2570.1479,
        2570.474,
        2570.7989,
        2571.118,
        2571.4297,
        2571.7342,
        2572.0317,
        2572.3224,
        2572.6062,
        2572.8834,
        2573.1542,
        2573.4185,
        2573.6768,
        2573.9289,
        2574.1752,
        2574.4157,
        2574.6506,
        2574.8799,
        2575.1039,
        2575.3227,
        2575.5364,
        2575.745
      ],
      "metrics": {
        "MAE": 0.681487,
        "RMSE": 2.093085,
        "MAPE": 0.0265,
        "R2": 0.8854
      }
    },
    "USD_KES": {
      "current": 129.7732,
      "next_1h": 129.7547,
      "next_24h": 129.4925,
      "change_pct": -0.014,
      "trend": "\ud83d\udcc9 DOWN",
      "predictions": [
        129.7547,
        129.7347,
        129.717,
        129.7008,
        129.6857,
        129.6715,
        129.6579,
        129.6448,
        129.6321,
        129.6199,
        129.6082,
        129.597,
        129.5862,
        129.5759,
        129.5659,
        129.5564,
        129.5472,
        129.5384,
        129.53,
        129.5219,
        129.5141,
        129.5066,
        129.4994,
        129.4925
      ],
      "metrics": {
        "MAE": 0.017017,
        "RMSE": 0.019338,
        "MAPE": 0.0131,
        "R2": 0.8904
      }
    },
    "USD_UGX": {
      "current": 3723.8613,
      "next_1h": 3724.2185,
      "next_24h": 3731.5846,
      "change_pct": 0.01,
      "trend": "\ud83d\udcc8 UP",
      "predictions": [
        3724.2185,
        3724.5696,
        3724.9143,
        3725.2556,
        3725.5908,
        3725.9201,
        3726.248,
        3726.5744,
        3726.8992,
        3727.2226,
        3727.5444,
        3727.8646,
        3728.1832,
        3728.5002,
        3728.8156,
        3729.1294,
        3729.4417,
        3729.7524,
        3730.0616,
        3730.3693,
        3730.6754,
        3730.98,
        3731.283,
        3731.5846
      ],
      "metrics": {
        "MAE": 1.029141,
        "RMSE": 4.294901,
        "MAPE": 0.0276,
        "R2": 0.9516
      }
    },
    "USD_EUR": {
      "current": 0.8681,
      "next_1h": 0.868,
      "next_24h": 0.8677,
      "change_pct": -0.002,
      "trend": "\ud83d\udcc9 DOWN",
      "predictions": [
        0.868,
        0.868,
        0.868,
        0.868,
        0.868,
        0.868,
        0.8679,
        0.8679,
        0.8679,
        0.8679,
        0.8679,
        0.8679,
        0.8679,
        0.8678,
        0.8678,
        0.8678,
        0.8678,
        0.8678,
        0.8678,
        0.8678,
        0.8678,
        0.8677,
        0.8677,
        0.8677
      ],
      "metrics": {
        "MAE": 0.000103,
        "RMSE": 0.000334,
        "MAPE": 0.0119,
        "R2": 0.9782
      }
    }
  },
  "crypto": {
    "BTC_USD": {
      "current": 66688.0,
      "next_1h": 66747.62,
      "next_24h": 68042.25,
      "change_pct": 0.089,
      "trend": "\ud83d\udcc8 UP",
      "predictions": [
        66747.62,
        66822.99,
        66904.53,
        66972.04,
        67041.31,
        67101.45,
        67159.48,
        67216.91,
        67274.28,
        67330.87,
        67387.15,
        67442.59,
        67497.09,
        67550.67,
        67603.4,
        67655.26,
        67706.32,
        67756.6,
        67806.09,
        67854.82,
        67902.79,
        67950.01,
        67996.49,
        68042.25
      ],
      "metrics": {
        "MAE": 191.865048,
        "RMSE": 278.6537,
        "MAPE": 0.2805,
        "R2": 0.9795
      }
    },
    "ETH_USD": {
      "current": 2003.77,
      "next_1h": 2005.87,
      "next_24h": 2050.62,
      "change_pct": 0.105,
      "trend": "\ud83d\udcc8 UP",
      "predictions": [
        2005.87,
        2008.14,
        2010.42,
        2012.75,
        2015.03,
        2017.25,
        2019.44,
        2021.58,
        2023.67,
        2025.73,
        2027.75,
        2029.72,
        2031.66,
        2033.56,
        2035.42,
        2037.25,
        2039.04,
        2040.79,
        2042.51,
        2044.2,
        2045.85,
        2047.47,
        2049.06,
        2050.62
      ],
      "metrics": {
        "MAE": 6.879129,
        "RMSE": 10.544941,
        "MAPE": 0.3335,
        "R2": 0.9773
      }
    },
    "BNB_USD": {
      "current": 613.76,
      "next_1h": 614.53,
      "next_24h": 628.33,
      "change_pct": 0.125,
      "trend": "\ud83d\udcc8 UP",
      "predictions": [
        614.53,
        615.34,
        616.16,
        616.87,
        617.58,
        618.25,
        618.9,
        619.55,
        620.18,
        620.81,
        621.42,
        622.02,
        622.6,
        623.18,
        623.74,
        624.29,
        624.84,
        625.37,
        625.88,
        626.39,
        626.89,
        627.38,
        627.86,
        628.33
      ],
      "metrics": {
        "MAE": 1.568377,
        "RMSE": 2.413494,
        "MAPE": 0.2509,
        "R2": 0.9681
      }
    }
  }
}