{
  "generated_at": "2026-05-05 01:00:17",
  "exchange_rates": {
    "USD_TZS": {
      "current": 2582.7007,
      "next_1h": 2583.1322,
      "next_24h": 2595.4238,
      "change_pct": 0.017,
      "trend": "\ud83d\udcc8 UP",
      "predictions": [
        2583.1322,
        2583.5515,
        2584.0611,
        2584.5537,
        2585.0298,
        2585.905,
        2586.7423,
        2587.5434,
        2588.3048,
        2589.0282,
        2589.7154,
        2590.3584,
        2590.9596,
        2591.5211,
        2592.0453,
        2592.5343,
        2592.9903,
        2593.4154,
        2593.8116,
        2594.181,
        2594.5252,
        2594.8461,
        2595.1451,
        2595.4238
      ],
      "metrics": {
        "MAE": 1.075168,
        "RMSE": 3.079528,
        "MAPE": 0.0413,
        "R2": 0.8578
      }
    },
    "USD_KES": {
      "current": 129.1269,
      "next_1h": 129.1273,
      "next_24h": 129.1349,
      "change_pct": 0.0,
      "trend": "\ud83d\udcc9 DOWN",
      "predictions": [
        129.1273,
        129.1277,
        129.128,
        129.1283,
        129.1286,
        129.1289,
        129.1293,
        129.1296,
        129.13,
        129.1303,
        129.1306,
        129.131,
        129.1313,
        129.1316,
        129.132,
        129.1323,
        129.1326,
        129.133,
        129.1333,
        129.1336,
        129.1339,
        129.1342,
        129.1346,
        129.1349
      ],
      "metrics": {
        "MAE": 0.003198,
        "RMSE": 0.018142,
        "MAPE": 0.0025,
        "R2": 0.9249
      }
    },
    "USD_UGX": {
      "current": 3726.434,
      "next_1h": 3726.2573,
      "next_24h": 3722.7835,
      "change_pct": -0.005,
      "trend": "\ud83d\udcc9 DOWN",
      "predictions": [
        3726.2573,
        3726.0814,
        3725.9126,
        3725.7447,
        3725.5777,
        3725.4208,
        3725.2651,
        3725.1105,
        3724.957,
        3724.8047,
        3724.6535,
        3724.5033,
        3724.3543,
        3724.2063,
        3724.0594,
        3723.9135,
        3723.7687,
        3723.6249,
        3723.4821,
        3723.3404,
        3723.1997,
        3723.06,
        3722.9213,
        3722.7835
      ],
      "metrics": {
        "MAE": 0.697076,
        "RMSE": 3.024295,
        "MAPE": 0.0188,
        "R2": 0.9716
      }
    },
    "USD_EUR": {
      "current": 0.8549,
      "next_1h": 0.8549,
      "next_24h": 0.8547,
      "change_pct": -0.001,
      "trend": "\ud83d\udcc9 DOWN",
      "predictions": [
        0.8549,
        0.8549,
        0.8549,
        0.8549,
        0.8549,
        0.8548,
        0.8548,
        0.8548,
        0.8548,
        0.8548,
        0.8548,
        0.8548,
        0.8548,
        0.8548,
        0.8548,
        0.8547,
        0.8547,
        0.8547,
        0.8547,
        0.8547,
        0.8547,
        0.8547,
        0.8547,
        0.8547
      ],
      "metrics": {
        "MAE": 8.1e-05,
        "RMSE": 0.000378,
        "MAPE": 0.0094,
        "R2": 0.8758
      }
    }
  },
  "crypto": {
    "BTC_USD": {
      "current": 80143.0,
      "next_1h": 80092.0,
      "next_24h": 79706.94,
      "change_pct": -0.064,
      "trend": "\ud83d\udcc9 DOWN",
      "predictions": [
        80092.0,
        80079.02,
        80079.94,
        80042.58,
        80036.45,
        80016.53,
        79998.25,
        79981.69,
        79962.92,
        79945.71,
        79928.01,
        79910.42,
        79893.05,
        79875.64,
        79858.4,
        79841.21,
        79824.12,
        79807.12,
        79790.2,
        79773.38,
        79756.64,
        79739.99,
        79723.42,
        79706.94
      ],
      "metrics": {
        "MAE": 206.19396,
        "RMSE": 309.52326,
        "MAPE": 0.2649,
        "R2": 0.9453
      }
    },
    "ETH_USD": {
      "current": 2357.97,
      "next_1h": 2356.19,
      "next_24h": 2341.0,
      "change_pct": -0.075,
      "trend": "\ud83d\udcc9 DOWN",
      "predictions": [
        2356.19,
        2355.96,
        2356.09,
        2354.4,
        2354.31,
        2353.47,
        2352.71,
        2352.07,
        2351.24,
        2350.55,
        2349.82,
        2349.09,
        2348.39,
        2347.67,
        2346.98,
        2346.28,
        2345.6,
        2344.92,
        2344.25,
        2343.59,
        2342.93,
        2342.28,
        2341.64,
        2341.0
      ],
      "metrics": {
        "MAE": 7.244969,
        "RMSE": 11.40099,
        "MAPE": 0.314,
        "R2": 0.8797
      }
    },
    "BNB_USD": {
      "current": 624.6,
      "next_1h": 624.35,
      "next_24h": 623.64,
      "change_pct": -0.04,
      "trend": "\ud83d\udcc9 DOWN",
      "predictions": [
        624.35,
        624.34,
        624.46,
        624.27,
        624.31,
        624.26,
        624.22,
        624.2,
        624.15,
        624.12,
        624.08,
        624.05,
        624.01,
        623.98,
        623.94,
        623.91,
        623.87,
        623.84,
        623.8,
        623.77,
        623.74,
        623.71,
        623.67,
        623.64
      ],
      "metrics": {
        "MAE": 1.180376,
        "RMSE": 1.730632,
        "MAPE": 0.19,
        "R2": 0.8138
      }
    }
  }
}