{
  "generated_at": "2026-04-04 03:00:42",
  "exchange_rates": {
    "USD_TZS": {
      "current": 2596.9564,
      "next_1h": 2596.6776,
      "next_24h": 2590.9917,
      "change_pct": -0.011,
      "trend": "\ud83d\udcc9 DOWN",
      "predictions": [
        2596.6776,
        2596.491,
        2596.2294,
        2595.9353,
        2595.6422,
        2595.354,
        2595.0705,
        2594.7914,
        2594.5175,
        2594.2488,
        2593.9854,
        2593.727,
        2593.4737,
        2593.2253,
        2592.9817,
        2592.7428,
        2592.5086,
        2592.2789,
        2592.0537,
        2591.8329,
        2591.6164,
        2591.4041,
        2591.1959,
        2590.9917
      ],
      "metrics": {
        "MAE": 0.689989,
        "RMSE": 2.84582,
        "MAPE": 0.0267,
        "R2": 0.9092
      }
    },
    "USD_KES": {
      "current": 130.0613,
      "next_1h": 130.0511,
      "next_24h": 129.8833,
      "change_pct": -0.008,
      "trend": "\ud83d\udcc9 DOWN",
      "predictions": [
        130.0511,
        130.0401,
        130.0303,
        130.0219,
        130.014,
        130.0065,
        129.999,
        129.9915,
        129.984,
        129.9766,
        129.9693,
        129.9621,
        129.955,
        129.9481,
        129.9412,
        129.9344,
        129.9277,
        129.9211,
        129.9146,
        129.9082,
        129.9018,
        129.8956,
        129.8894,
        129.8833
      ],
      "metrics": {
        "MAE": 0.013549,
        "RMSE": 0.032856,
        "MAPE": 0.0104,
        "R2": 0.8918
      }
    },
    "USD_UGX": {
      "current": 3753.7694,
      "next_1h": 3753.7542,
      "next_24h": 3753.2134,
      "change_pct": 0.0,
      "trend": "\ud83d\udcc9 DOWN",
      "predictions": [
        3753.7542,
        3753.7125,
        3753.6737,
        3753.6501,
        3753.6266,
        3753.6033,
        3753.5804,
        3753.5575,
        3753.5348,
        3753.5122,
        3753.4898,
        3753.4676,
        3753.4455,
        3753.4236,
        3753.4019,
        3753.3803,
        3753.3589,
        3753.3376,
        3753.3165,
        3753.2956,
        3753.2748,
        3753.2542,
        3753.2337,
        3753.2134
      ],
      "metrics": {
        "MAE": 0.760237,
        "RMSE": 3.467595,
        "MAPE": 0.0203,
        "R2": 0.8691
      }
    },
    "USD_EUR": {
      "current": 0.8674,
      "next_1h": 0.8674,
      "next_24h": 0.8674,
      "change_pct": 0.004,
      "trend": "\ud83d\udcc8 UP",
      "predictions": [
        0.8674,
        0.8675,
        0.8674,
        0.8674,
        0.8674,
        0.8674,
        0.8674,
        0.8674,
        0.8674,
        0.8674,
        0.8674,
        0.8674,
        0.8674,
        0.8674,
        0.8674,
        0.8674,
        0.8674,
        0.8674,
        0.8674,
        0.8674,
        0.8674,
        0.8674,
        0.8674,
        0.8674
      ],
      "metrics": {
        "MAE": 0.0002,
        "RMSE": 0.000744,
        "MAPE": 0.023,
        "R2": 0.9438
      }
    }
  },
  "crypto": {
    "BTC_USD": {
      "current": 66812.0,
      "next_1h": 66846.53,
      "next_24h": 67465.67,
      "change_pct": 0.052,
      "trend": "\ud83d\udcc8 UP",
      "predictions": [
        66846.53,
        66877.72,
        66913.24,
        66947.34,
        66978.41,
        67005.92,
        67033.3,
        67060.23,
        67087.04,
        67113.84,
        67140.57,
        67167.04,
        67193.27,
        67219.23,
        67244.94,
        67270.39,
        67295.61,
        67320.6,
        67345.35,
        67369.87,
        67394.16,
        67418.22,
        67442.06,
        67465.67
      ],
      "metrics": {
        "MAE": 227.439343,
        "RMSE": 311.034955,
        "MAPE": 0.3382,
        "R2": 0.8226
      }
    },
    "ETH_USD": {
      "current": 2049.09,
      "next_1h": 2049.79,
      "next_24h": 2065.21,
      "change_pct": 0.034,
      "trend": "\ud83d\udcc8 UP",
      "predictions": [
        2049.79,
        2050.46,
        2051.18,
        2051.96,
        2052.72,
        2053.48,
        2054.22,
        2054.96,
        2055.68,
        2056.39,
        2057.08,
        2057.77,
        2058.45,
        2059.11,
        2059.77,
        2060.41,
        2061.04,
        2061.67,
        2062.28,
        2062.89,
        2063.48,
        2064.06,
        2064.64,
        2065.21
      ],
      "metrics": {
        "MAE": 8.97466,
        "RMSE": 12.501046,
        "MAPE": 0.4338,
        "R2": 0.8978
      }
    },
    "BNB_USD": {
      "current": 588.03,
      "next_1h": 588.99,
      "next_24h": 605.54,
      "change_pct": 0.162,
      "trend": "\ud83d\udcc8 UP",
      "predictions": [
        588.99,
        589.84,
        590.73,
        591.6,
        592.41,
        593.2,
        593.98,
        594.74,
        595.49,
        596.24,
        596.97,
        597.69,
        598.4,
        599.1,
        599.79,
        600.47,
        601.14,
        601.8,
        602.45,
        603.09,
        603.71,
        604.33,
        604.94,
        605.54
      ],
      "metrics": {
        "MAE": 1.955714,
        "RMSE": 2.669435,
        "MAPE": 0.3253,
        "R2": 0.9639
      }
    }
  }
}