{
  "generated_at": "2026-07-22 12:43:17",
  "exchange_rates": {
    "USD_TZS": {
      "current": 2628.1023,
      "next_1h": 2627.8195,
      "next_24h": 2622.9336,
      "change_pct": -0.011,
      "trend": "\ud83d\udcc9 DOWN",
      "predictions": [
        2627.8195,
        2627.5422,
        2627.2702,
        2627.0035,
        2626.742,
        2626.4855,
        2626.2362,
        2625.994,
        2625.7586,
        2625.5298,
        2625.3076,
        2625.0916,
        2624.8818,
        2624.678,
        2624.4801,
        2624.2877,
        2624.1008,
        2623.9193,
        2623.7429,
        2623.5716,
        2623.4051,
        2623.2434,
        2623.0863,
        2622.9336
      ],
      "metrics": {
        "MAE": 0.518978,
        "RMSE": 2.024256,
        "MAPE": 0.0198,
        "R2": 0.9581
      }
    },
    "USD_KES": {
      "current": 129.3824,
      "next_1h": 129.3822,
      "next_24h": 129.3779,
      "change_pct": 0.0,
      "trend": "\ud83d\udcc9 DOWN",
      "predictions": [
        129.3822,
        129.382,
        129.3818,
        129.3816,
        129.3814,
        129.3812,
        129.381,
        129.3808,
        129.3806,
        129.3804,
        129.3803,
        129.3801,
        129.3799,
        129.3797,
        129.3795,
        129.3793,
        129.3791,
        129.379,
        129.3788,
        129.3786,
        129.3784,
        129.3783,
        129.3781,
        129.3779
      ],
      "metrics": {
        "MAE": 0.002683,
        "RMSE": 0.013187,
        "MAPE": 0.0021,
        "R2": 0.9253
      }
    },
    "USD_UGX": {
      "current": 3692.4788,
      "next_1h": 3692.4112,
      "next_24h": 3690.9087,
      "change_pct": -0.002,
      "trend": "\ud83d\udcc9 DOWN",
      "predictions": [
        3692.4112,
        3692.3437,
        3692.2763,
        3692.2091,
        3692.1421,
        3692.0752,
        3692.0085,
        3691.942,
        3691.8758,
        3691.8098,
        3691.744,
        3691.6784,
        3691.6131,
        3691.5479,
        3691.483,
        3691.4183,
        3691.3539,
        3691.2896,
        3691.2256,
        3691.1618,
        3691.0982,
        3691.0348,
        3690.9716,
        3690.9087
      ],
      "metrics": {
        "MAE": 0.4315,
        "RMSE": 2.402299,
        "MAPE": 0.0117,
        "R2": 0.955
      }
    },
    "USD_EUR": {
      "current": 0.8767,
      "next_1h": 0.8767,
      "next_24h": 0.8768,
      "change_pct": 0.001,
      "trend": "\ud83d\udcc8 UP",
      "predictions": [
        0.8767,
        0.8767,
        0.8767,
        0.8767,
        0.8767,
        0.8767,
        0.8767,
        0.8767,
        0.8767,
        0.8767,
        0.8767,
        0.8767,
        0.8767,
        0.8768,
        0.8768,
        0.8768,
        0.8768,
        0.8768,
        0.8768,
        0.8768,
        0.8768,
        0.8768,
        0.8768,
        0.8768
      ],
      "metrics": {
        "MAE": 4.2e-05,
        "RMSE": 0.000226,
        "MAPE": 0.0048,
        "R2": 0.9698
      }
    }
  },
  "crypto": {
    "BTC_USD": {
      "current": 65776.0,
      "next_1h": 65770.53,
      "next_24h": 65429.42,
      "change_pct": -0.008,
      "trend": "\ud83d\udcc9 DOWN",
      "predictions": [
        65770.53,
        65762.36,
        65745.9,
        65726.42,
        65709.07,
        65694.41,
        65679.56,
        65664.21,
        65648.8,
        65633.6,
        65618.6,
        65603.65,
        65588.73,
        65573.88,
        65559.12,
        65544.43,
        65529.8,
        65515.25,
        65500.77,
        65486.36,
        65472.02,
        65457.75,
        65443.55,
        65429.42
      ],
      "metrics": {
        "MAE": 97.697097,
        "RMSE": 144.065185,
        "MAPE": 0.1511,
        "R2": 0.9785
      }
    },
    "ETH_USD": {
      "current": 1921.15,
      "next_1h": 1920.25,
      "next_24h": 1901.01,
      "change_pct": -0.047,
      "trend": "\ud83d\udcc9 DOWN",
      "predictions": [
        1920.25,
        1919.39,
        1918.55,
        1917.64,
        1916.79,
        1915.92,
        1915.06,
        1914.19,
        1913.34,
        1912.49,
        1911.64,
        1910.8,
        1909.96,
        1909.13,
        1908.29,
        1907.47,
        1906.65,
        1905.83,
        1905.02,
        1904.21,
        1903.4,
        1902.6,
        1901.8,
        1901.01
      ],
      "metrics": {
        "MAE": 3.844219,
        "RMSE": 5.377781,
        "MAPE": 0.2048,
        "R2": 0.9745
      }
    },
    "BNB_USD": {
      "current": 570.38,
      "next_1h": 570.4,
      "next_24h": 571.25,
      "change_pct": 0.004,
      "trend": "\ud83d\udcc8 UP",
      "predictions": [
        570.4,
        570.44,
        570.47,
        570.52,
        570.56,
        570.59,
        570.63,
        570.67,
        570.71,
        570.74,
        570.78,
        570.82,
        570.85,
        570.89,
        570.93,
        570.96,
        571.0,
        571.04,
        571.07,
        571.11,
        571.14,
        571.18,
        571.21,
        571.25
      ],
      "metrics": {
        "MAE": 0.742024,
        "RMSE": 1.032655,
        "MAPE": 0.1302,
        "R2": 0.9301
      }
    }
  }
}