{
  "generated_at": "2026-05-07 22:30:19",
  "exchange_rates": {
    "USD_TZS": {
      "current": 2605.4046,
      "next_1h": 2605.0804,
      "next_24h": 2600.8503,
      "change_pct": -0.012,
      "trend": "\ud83d\udcc9 DOWN",
      "predictions": [
        2605.0804,
        2604.7655,
        2604.4595,
        2604.1621,
        2603.8732,
        2603.5925,
        2603.3297,
        2603.0839,
        2602.8544,
        2602.6405,
        2602.4415,
        2602.2567,
        2602.0852,
        2601.926,
        2601.7784,
        2601.6415,
        2601.5145,
        2601.3968,
        2601.2877,
        2601.1865,
        2601.0927,
        2601.0057,
        2600.9251,
        2600.8503
      ],
      "metrics": {
        "MAE": 1.041576,
        "RMSE": 3.101915,
        "MAPE": 0.04,
        "R2": 0.9054
      }
    },
    "USD_KES": {
      "current": 129.1655,
      "next_1h": 129.1651,
      "next_24h": 129.1569,
      "change_pct": 0.0,
      "trend": "\ud83d\udcc9 DOWN",
      "predictions": [
        129.1651,
        129.1647,
        129.1643,
        129.1639,
        129.1636,
        129.1632,
        129.1628,
        129.1624,
        129.1621,
        129.1617,
        129.1614,
        129.161,
        129.1607,
        129.1603,
        129.16,
        129.1596,
        129.1593,
        129.1589,
        129.1586,
        129.1583,
        129.1579,
        129.1576,
        129.1573,
        129.1569
      ],
      "metrics": {
        "MAE": 0.001492,
        "RMSE": 0.006677,
        "MAPE": 0.0012,
        "R2": 0.939
      }
    },
    "USD_UGX": {
      "current": 3754.1719,
      "next_1h": 3753.513,
      "next_24h": 3740.2822,
      "change_pct": -0.018,
      "trend": "\ud83d\udcc9 DOWN",
      "predictions": [
        3753.513,
        3752.8602,
        3752.2135,
        3751.5729,
        3750.9382,
        3750.3094,
        3749.6887,
        3749.0761,
        3748.4713,
        3747.8742,
        3747.2849,
        3746.7033,
        3746.1291,
        3745.5623,
        3745.0029,
        3744.4507,
        3743.9056,
        3743.3676,
        3742.8365,
        3742.3123,
        3741.7948,
        3741.2841,
        3740.7799,
        3740.2822
      ],
      "metrics": {
        "MAE": 0.713793,
        "RMSE": 2.425285,
        "MAPE": 0.0191,
        "R2": 0.9528
      }
    },
    "USD_EUR": {
      "current": 0.851,
      "next_1h": 0.851,
      "next_24h": 0.8512,
      "change_pct": 0.001,
      "trend": "\ud83d\udcc8 UP",
      "predictions": [
        0.851,
        0.851,
        0.851,
        0.851,
        0.8511,
        0.8511,
        0.8511,
        0.8511,
        0.8511,
        0.8511,
        0.8511,
        0.8511,
        0.8511,
        0.8511,
        0.8511,
        0.8511,
        0.8511,
        0.8511,
        0.8511,
        0.8511,
        0.8511,
        0.8512,
        0.8512,
        0.8512
      ],
      "metrics": {
        "MAE": 8.1e-05,
        "RMSE": 0.000415,
        "MAPE": 0.0095,
        "R2": 0.8902
      }
    }
  },
  "crypto": {
    "BTC_USD": {
      "current": 79910.0,
      "next_1h": 79882.58,
      "next_24h": 79185.28,
      "change_pct": -0.034,
      "trend": "\ud83d\udcc9 DOWN",
      "predictions": [
        79882.58,
        79837.42,
        79814.2,
        79774.83,
        79744.68,
        79713.41,
        79681.03,
        79650.34,
        79619.09,
        79588.42,
        79558.03,
        79527.8,
        79497.9,
        79468.23,
        79438.82,
        79409.67,
        79380.76,
        79352.11,
        79323.7,
        79295.53,
        79267.61,
        79239.93,
        79212.49,
        79185.28
      ],
      "metrics": {
        "MAE": 203.586432,
        "RMSE": 304.415109,
        "MAPE": 0.2552,
        "R2": 0.961
      }
    },
    "ETH_USD": {
      "current": 2286.53,
      "next_1h": 2286.96,
      "next_24h": 2287.53,
      "change_pct": 0.019,
      "trend": "\ud83d\udcc8 UP",
      "predictions": [
        2286.96,
        2286.47,
        2286.09,
        2286.31,
        2286.05,
        2286.14,
        2286.21,
        2286.24,
        2286.35,
        2286.42,
        2286.5,
        2286.59,
        2286.67,
        2286.76,
        2286.84,
        2286.92,
        2287.01,
        2287.08,
        2287.16,
        2287.24,
        2287.31,
        2287.39,
        2287.46,
        2287.53
      ],
      "metrics": {
        "MAE": 6.853999,
        "RMSE": 10.605446,
        "MAPE": 0.2927,
        "R2": 0.914
      }
    },
    "BNB_USD": {
      "current": 635.87,
      "next_1h": 635.82,
      "next_24h": 631.91,
      "change_pct": -0.008,
      "trend": "\ud83d\udcc9 DOWN",
      "predictions": [
        635.82,
        635.55,
        635.03,
        635.02,
        634.64,
        634.46,
        634.32,
        634.13,
        633.99,
        633.83,
        633.68,
        633.54,
        633.39,
        633.25,
        633.11,
        632.97,
        632.83,
        632.69,
        632.56,
        632.43,
        632.29,
        632.17,
        632.04,
        631.91
      ],
      "metrics": {
        "MAE": 1.375311,
        "RMSE": 2.173573,
        "MAPE": 0.2175,
        "R2": 0.9645
      }
    }
  }
}