{
  "generated_at": "2026-07-08 15:17:12",
  "exchange_rates": {
    "USD_TZS": {
      "current": 2623.2861,
      "next_1h": 2622.9486,
      "next_24h": 2617.5766,
      "change_pct": -0.013,
      "trend": "\ud83d\udcc9 DOWN",
      "predictions": [
        2622.9486,
        2622.6192,
        2622.2976,
        2621.9836,
        2621.6775,
        2621.3791,
        2621.0918,
        2620.8152,
        2620.5489,
        2620.2927,
        2620.0461,
        2619.8089,
        2619.5807,
        2619.3612,
        2619.1501,
        2618.9469,
        2618.7515,
        2618.5636,
        2618.3827,
        2618.2088,
        2618.0414,
        2617.8805,
        2617.7256,
        2617.5766
      ],
      "metrics": {
        "MAE": 0.499049,
        "RMSE": 0.779548,
        "MAPE": 0.019,
        "R2": 0.9285
      }
    },
    "USD_KES": {
      "current": 129.175,
      "next_1h": 129.1794,
      "next_24h": 129.2662,
      "change_pct": 0.003,
      "trend": "\ud83d\udcc8 UP",
      "predictions": [
        129.1794,
        129.1838,
        129.1881,
        129.1924,
        129.1967,
        129.2009,
        129.2051,
        129.2092,
        129.2132,
        129.2172,
        129.2211,
        129.2249,
        129.2287,
        129.2324,
        129.236,
        129.2396,
        129.2431,
        129.2466,
        129.25,
        129.2533,
        129.2566,
        129.2599,
        129.263,
        129.2662
      ],
      "metrics": {
        "MAE": 0.005511,
        "RMSE": 0.018678,
        "MAPE": 0.0043,
        "R2": 0.9814
      }
    },
    "USD_UGX": {
      "current": 3634.4997,
      "next_1h": 3634.6304,
      "next_24h": 3637.5407,
      "change_pct": 0.004,
      "trend": "\ud83d\udcc8 UP",
      "predictions": [
        3634.6304,
        3634.7607,
        3634.8908,
        3635.0207,
        3635.1502,
        3635.2796,
        3635.4085,
        3635.5371,
        3635.6652,
        3635.7929,
        3635.9203,
        3636.0473,
        3636.1738,
        3636.3,
        3636.4258,
        3636.5512,
        3636.6763,
        3636.8009,
        3636.9252,
        3637.049,
        3637.1725,
        3637.2956,
        3637.4184,
        3637.5407
      ],
      "metrics": {
        "MAE": 0.953496,
        "RMSE": 3.934125,
        "MAPE": 0.0262,
        "R2": 0.8762
      }
    },
    "USD_EUR": {
      "current": 0.8758,
      "next_1h": 0.8758,
      "next_24h": 0.8765,
      "change_pct": 0.003,
      "trend": "\ud83d\udcc8 UP",
      "predictions": [
        0.8758,
        0.8759,
        0.8759,
        0.8759,
        0.8759,
        0.876,
        0.876,
        0.876,
        0.8761,
        0.8761,
        0.8761,
        0.8761,
        0.8762,
        0.8762,
        0.8762,
        0.8762,
        0.8763,
        0.8763,
        0.8763,
        0.8764,
        0.8764,
        0.8764,
        0.8764,
        0.8765
      ],
      "metrics": {
        "MAE": 9.5e-05,
        "RMSE": 0.000366,
        "MAPE": 0.0108,
        "R2": 0.939
      }
    }
  },
  "crypto": {
    "BTC_USD": {
      "current": 61628.0,
      "next_1h": 61619.42,
      "next_24h": 61298.51,
      "change_pct": -0.014,
      "trend": "\ud83d\udcc9 DOWN",
      "predictions": [
        61619.42,
        61630.56,
        61618.38,
        61592.24,
        61568.77,
        61555.75,
        61542.97,
        61528.15,
        61512.7,
        61497.81,
        61483.44,
        61469.04,
        61454.55,
        61440.09,
        61425.72,
        61411.42,
        61397.15,
        61382.92,
        61368.73,
        61354.6,
        61340.51,
        61326.46,
        61312.46,
        61298.51
      ],
      "metrics": {
        "MAE": 198.57643,
        "RMSE": 313.943166,
        "MAPE": 0.3196,
        "R2": 0.9431
      }
    },
    "ETH_USD": {
      "current": 1718.4,
      "next_1h": 1718.31,
      "next_24h": 1704.91,
      "change_pct": -0.005,
      "trend": "\ud83d\udcc9 DOWN",
      "predictions": [
        1718.31,
        1718.23,
        1717.6,
        1716.84,
        1716.5,
        1715.87,
        1715.21,
        1714.58,
        1713.97,
        1713.34,
        1712.72,
        1712.11,
        1711.5,
        1710.89,
        1710.28,
        1709.67,
        1709.07,
        1708.47,
        1707.87,
        1707.27,
        1706.68,
        1706.09,
        1705.5,
        1704.91
      ],
      "metrics": {
        "MAE": 7.049659,
        "RMSE": 10.432205,
        "MAPE": 0.4074,
        "R2": 0.97
      }
    },
    "BNB_USD": {
      "current": 561.49,
      "next_1h": 561.57,
      "next_24h": 561.14,
      "change_pct": 0.015,
      "trend": "\ud83d\udcc8 UP",
      "predictions": [
        561.57,
        561.54,
        561.48,
        561.35,
        561.37,
        561.35,
        561.34,
        561.32,
        561.31,
        561.3,
        561.29,
        561.28,
        561.26,
        561.25,
        561.24,
        561.23,
        561.22,
        561.21,
        561.19,
        561.18,
        561.17,
        561.16,
        561.15,
        561.14
      ],
      "metrics": {
        "MAE": 1.680131,
        "RMSE": 2.467508,
        "MAPE": 0.2952,
        "R2": 0.9572
      }
    }
  }
}