{
  "generated_at": "2026-03-14 08:00:24",
  "exchange_rates": {
    "USD_TZS": {
      "current": 2580.4805,
      "next_1h": 2580.0452,
      "next_24h": 2574.7848,
      "change_pct": -0.017,
      "trend": "\ud83d\udcc9 DOWN",
      "predictions": [
        2580.0452,
        2579.6395,
        2579.247,
        2578.8742,
        2578.5065,
        2578.1567,
        2577.8305,
        2577.5266,
        2577.2433,
        2576.9798,
        2576.7352,
        2576.5083,
        2576.2978,
        2576.1026,
        2575.9216,
        2575.7538,
        2575.5982,
        2575.454,
        2575.3203,
        2575.1964,
        2575.0815,
        2574.975,
        2574.8763,
        2574.7848
      ],
      "metrics": {
        "MAE": 0.721822,
        "RMSE": 1.527736,
        "MAPE": 0.028,
        "R2": -7.1407
      }
    },
    "USD_KES": {
      "current": 129.2015,
      "next_1h": 129.2075,
      "next_24h": 129.2602,
      "change_pct": 0.005,
      "trend": "\ud83d\udcc8 UP",
      "predictions": [
        129.2075,
        129.2142,
        129.2196,
        129.2242,
        129.2282,
        129.2318,
        129.235,
        129.2379,
        129.2406,
        129.243,
        129.2452,
        129.2471,
        129.2489,
        129.2505,
        129.252,
        129.2533,
        129.2545,
        129.2556,
        129.2565,
        129.2574,
        129.2582,
        129.259,
        129.2596,
        129.2602
      ],
      "metrics": {
        "MAE": 0.007952,
        "RMSE": 0.017867,
        "MAPE": 0.0062,
        "R2": 0.7686
      }
    },
    "USD_UGX": {
      "current": 3743.5548,
      "next_1h": 3741.8851,
      "next_24h": 3715.1253,
      "change_pct": -0.045,
      "trend": "\ud83d\udcc9 DOWN",
      "predictions": [
        3741.8851,
        3740.2654,
        3738.6989,
        3737.1543,
        3735.6607,
        3734.2145,
        3732.8167,
        3731.466,
        3730.1608,
        3728.8997,
        3727.6812,
        3726.5039,
        3725.3664,
        3724.2673,
        3723.2054,
        3722.1793,
        3721.1879,
        3720.23,
        3719.3044,
        3718.4102,
        3717.5461,
        3716.7113,
        3715.9046,
        3715.1253
      ],
      "metrics": {
        "MAE": 2.739269,
        "RMSE": 6.742843,
        "MAPE": 0.0734,
        "R2": -0.1086
      }
    },
    "USD_EUR": {
      "current": 0.8736,
      "next_1h": 0.8729,
      "next_24h": 0.865,
      "change_pct": -0.084,
      "trend": "\ud83d\udcc9 DOWN",
      "predictions": [
        0.8729,
        0.8722,
        0.8716,
        0.8711,
        0.8705,
        0.87,
        0.8695,
        0.8691,
        0.8687,
        0.8683,
        0.8679,
        0.8676,
        0.8673,
        0.867,
        0.8667,
        0.8665,
        0.8662,
        0.866,
        0.8658,
        0.8656,
        0.8654,
        0.8653,
        0.8651,
        0.865
      ],
      "metrics": {
        "MAE": 0.000648,
        "RMSE": 0.001344,
        "MAPE": 0.0744,
        "R2": 0.7724
      }
    }
  },
  "crypto": {
    "BTC_USD": {
      "current": 70601.0,
      "next_1h": 70629.51,
      "next_24h": 70458.42,
      "change_pct": 0.04,
      "trend": "\ud83d\udcc8 UP",
      "predictions": [
        70629.51,
        70654.61,
        70661.82,
        70637.19,
        70620.04,
        70608.06,
        70599.71,
        70591.63,
        70581.89,
        70572.06,
        70562.49,
        70553.39,
        70544.59,
        70535.93,
        70527.41,
        70519.05,
        70510.89,
        70502.9,
        70495.09,
        70487.44,
        70479.95,
        70472.62,
        70465.44,
        70458.42
      ],
      "metrics": {
        "MAE": 319.273652,
        "RMSE": 417.136487,
        "MAPE": 0.4453,
        "R2": 0.6138
      }
    },
    "ETH_USD": {
      "current": 2077.82,
      "next_1h": 2072.8,
      "next_24h": 2038.43,
      "change_pct": -0.241,
      "trend": "\ud83d\udcc9 DOWN",
      "predictions": [
        2072.8,
        2067.08,
        2062.89,
        2057.95,
        2054.74,
        2051.39,
        2048.51,
        2046.18,
        2044.16,
        2042.61,
        2041.32,
        2040.31,
        2039.55,
        2038.99,
        2038.6,
        2038.33,
        2038.17,
        2038.09,
        2038.07,
        2038.1,
        2038.16,
        2038.24,
        2038.33,
        2038.43
      ],
      "metrics": {
        "MAE": 14.084555,
        "RMSE": 18.264076,
        "MAPE": 0.6638,
        "R2": 0.3666
      }
    },
    "BNB_USD": {
      "current": 652.36,
      "next_1h": 652.68,
      "next_24h": 652.52,
      "change_pct": 0.05,
      "trend": "\ud83d\udcc8 UP",
      "predictions": [
        652.68,
        652.74,
        652.75,
        652.74,
        652.71,
        652.7,
        652.69,
        652.68,
        652.67,
        652.66,
        652.65,
        652.63,
        652.62,
        652.61,
        652.6,
        652.59,
        652.58,
        652.58,
        652.57,
        652.56,
        652.55,
        652.54,
        652.53,
        652.52
      ],
      "metrics": {
        "MAE": 2.104583,
        "RMSE": 2.932668,
        "MAPE": 0.3182,
        "R2": 0.7154
      }
    }
  }
}