{
  "generated_at": "2026-07-17 08:43:16",
  "exchange_rates": {
    "USD_TZS": {
      "current": 2628.277,
      "next_1h": 2627.9262,
      "next_24h": 2622.0056,
      "change_pct": -0.013,
      "trend": "\ud83d\udcc9 DOWN",
      "predictions": [
        2627.9262,
        2627.5828,
        2627.2465,
        2626.9171,
        2626.5946,
        2626.2788,
        2625.9727,
        2625.6759,
        2625.3883,
        2625.1096,
        2624.8395,
        2624.5778,
        2624.3243,
        2624.0786,
        2623.8406,
        2623.61,
        2623.3866,
        2623.1701,
        2622.9603,
        2622.7571,
        2622.5602,
        2622.3695,
        2622.1847,
        2622.0056
      ],
      "metrics": {
        "MAE": 0.550615,
        "RMSE": 2.162543,
        "MAPE": 0.021,
        "R2": 0.9459
      }
    },
    "USD_KES": {
      "current": 129.3048,
      "next_1h": 129.3059,
      "next_24h": 129.33,
      "change_pct": 0.001,
      "trend": "\ud83d\udcc8 UP",
      "predictions": [
        129.3059,
        129.3071,
        129.3083,
        129.3094,
        129.3106,
        129.3117,
        129.3129,
        129.314,
        129.3151,
        129.3162,
        129.3172,
        129.3183,
        129.3193,
        129.3204,
        129.3214,
        129.3224,
        129.3234,
        129.3244,
        129.3254,
        129.3263,
        129.3273,
        129.3282,
        129.3291,
        129.33
      ],
      "metrics": {
        "MAE": 0.0044,
        "RMSE": 0.015365,
        "MAPE": 0.0034,
        "R2": 0.9501
      }
    },
    "USD_UGX": {
      "current": 3681.1587,
      "next_1h": 3681.1271,
      "next_24h": 3680.4249,
      "change_pct": -0.001,
      "trend": "\ud83d\udcc9 DOWN",
      "predictions": [
        3681.1271,
        3681.0956,
        3681.0641,
        3681.0328,
        3681.0014,
        3680.9702,
        3680.9391,
        3680.908,
        3680.8771,
        3680.8462,
        3680.8155,
        3680.7848,
        3680.7543,
        3680.7239,
        3680.6935,
        3680.6633,
        3680.6331,
        3680.6031,
        3680.5732,
        3680.5433,
        3680.5136,
        3680.4839,
        3680.4544,
        3680.4249
      ],
      "metrics": {
        "MAE": 0.366388,
        "RMSE": 1.997948,
        "MAPE": 0.01,
        "R2": 0.9632
      }
    },
    "USD_EUR": {
      "current": 0.8735,
      "next_1h": 0.8735,
      "next_24h": 0.8737,
      "change_pct": 0.001,
      "trend": "\ud83d\udcc8 UP",
      "predictions": [
        0.8735,
        0.8735,
        0.8735,
        0.8735,
        0.8735,
        0.8735,
        0.8736,
        0.8736,
        0.8736,
        0.8736,
        0.8736,
        0.8736,
        0.8736,
        0.8736,
        0.8736,
        0.8736,
        0.8737,
        0.8737,
        0.8737,
        0.8737,
        0.8737,
        0.8737,
        0.8737,
        0.8737
      ],
      "metrics": {
        "MAE": 4.8e-05,
        "RMSE": 0.000254,
        "MAPE": 0.0055,
        "R2": 0.9554
      }
    }
  },
  "crypto": {
    "BTC_USD": {
      "current": 62671.0,
      "next_1h": 62675.78,
      "next_24h": 62625.05,
      "change_pct": 0.008,
      "trend": "\ud83d\udcc8 UP",
      "predictions": [
        62675.78,
        62684.76,
        62686.95,
        62679.43,
        62672.24,
        62670.22,
        62668.46,
        62666.0,
        62663.08,
        62660.31,
        62657.75,
        62655.21,
        62652.64,
        62650.06,
        62647.5,
        62644.96,
        62642.43,
        62639.91,
        62637.4,
        62634.91,
        62632.43,
        62629.96,
        62627.5,
        62625.05
      ],
      "metrics": {
        "MAE": 116.476948,
        "RMSE": 160.880868,
        "MAPE": 0.1826,
        "R2": 0.97
      }
    },
    "ETH_USD": {
      "current": 1822.09,
      "next_1h": 1821.27,
      "next_24h": 1808.66,
      "change_pct": -0.045,
      "trend": "\ud83d\udcc9 DOWN",
      "predictions": [
        1821.27,
        1820.95,
        1820.45,
        1819.73,
        1819.23,
        1818.66,
        1818.07,
        1817.49,
        1816.92,
        1816.35,
        1815.78,
        1815.21,
        1814.65,
        1814.09,
        1813.53,
        1812.98,
        1812.43,
        1811.88,
        1811.34,
        1810.8,
        1810.26,
        1809.72,
        1809.19,
        1808.66
      ],
      "metrics": {
        "MAE": 4.912118,
        "RMSE": 7.532365,
        "MAPE": 0.2661,
        "R2": 0.9796
      }
    },
    "BNB_USD": {
      "current": 563.09,
      "next_1h": 563.15,
      "next_24h": 564.48,
      "change_pct": 0.01,
      "trend": "\ud83d\udcc8 UP",
      "predictions": [
        563.15,
        563.17,
        563.2,
        563.24,
        563.32,
        563.38,
        563.44,
        563.51,
        563.57,
        563.63,
        563.7,
        563.76,
        563.82,
        563.88,
        563.94,
        564.0,
        564.06,
        564.12,
        564.18,
        564.24,
        564.3,
        564.36,
        564.42,
        564.48
      ],
      "metrics": {
        "MAE": 0.890982,
        "RMSE": 1.268932,
        "MAPE": 0.1549,
        "R2": 0.9465
      }
    }
  }
}