{
  "generated_at": "2026-05-19 17:09:08",
  "exchange_rates": {
    "USD_TZS": {
      "current": 2577.6567,
      "next_1h": 2579.2013,
      "next_24h": 2598.3644,
      "change_pct": 0.06,
      "trend": "\ud83d\udcc8 UP",
      "predictions": [
        2579.2013,
        2580.6965,
        2582.1441,
        2583.5455,
        2584.9023,
        2586.2159,
        2587.4381,
        2588.5735,
        2589.6264,
        2590.6009,
        2591.5009,
        2592.3302,
        2593.0939,
        2593.797,
        2594.4439,
        2595.039,
        2595.5864,
        2596.0897,
        2596.5526,
        2596.9782,
        2597.3696,
        2597.7294,
        2598.0602,
        2598.3644
      ],
      "metrics": {
        "MAE": 0.623237,
        "RMSE": 2.212768,
        "MAPE": 0.0241,
        "R2": 0.8733
      }
    },
    "USD_KES": {
      "current": 129.2545,
      "next_1h": 129.2525,
      "next_24h": 129.2148,
      "change_pct": -0.002,
      "trend": "\ud83d\udcc9 DOWN",
      "predictions": [
        129.2525,
        129.2505,
        129.2486,
        129.2466,
        129.2447,
        129.2428,
        129.241,
        129.2391,
        129.2374,
        129.2356,
        129.2339,
        129.2322,
        129.2306,
        129.229,
        129.2275,
        129.2259,
        129.2244,
        129.223,
        129.2215,
        129.2201,
        129.2188,
        129.2174,
        129.2161,
        129.2148
      ],
      "metrics": {
        "MAE": 0.003528,
        "RMSE": 0.013352,
        "MAPE": 0.0027,
        "R2": 0.9452
      }
    },
    "USD_UGX": {
      "current": 3729.7249,
      "next_1h": 3729.4969,
      "next_24h": 3724.8029,
      "change_pct": -0.006,
      "trend": "\ud83d\udcc9 DOWN",
      "predictions": [
        3729.4969,
        3729.2702,
        3729.0447,
        3728.8206,
        3728.5977,
        3728.376,
        3728.157,
        3727.9405,
        3727.7265,
        3727.515,
        3727.306,
        3727.0994,
        3726.8953,
        3726.6936,
        3726.4943,
        3726.2973,
        3726.1027,
        3725.9103,
        3725.7202,
        3725.5324,
        3725.3468,
        3725.1633,
        3724.982,
        3724.8029
      ],
      "metrics": {
        "MAE": 0.438984,
        "RMSE": 1.473404,
        "MAPE": 0.0118,
        "R2": 0.8917
      }
    },
    "USD_EUR": {
      "current": 0.8584,
      "next_1h": 0.8584,
      "next_24h": 0.8566,
      "change_pct": -0.01,
      "trend": "\ud83d\udcc9 DOWN",
      "predictions": [
        0.8584,
        0.8583,
        0.8582,
        0.8581,
        0.858,
        0.8579,
        0.8578,
        0.8578,
        0.8577,
        0.8576,
        0.8575,
        0.8574,
        0.8574,
        0.8573,
        0.8572,
        0.8571,
        0.8571,
        0.857,
        0.8569,
        0.8569,
        0.8568,
        0.8567,
        0.8566,
        0.8566
      ],
      "metrics": {
        "MAE": 0.000152,
        "RMSE": 0.000491,
        "MAPE": 0.0177,
        "R2": 0.9846
      }
    }
  },
  "crypto": {
    "BTC_USD": {
      "current": 76854.0,
      "next_1h": 76856.29,
      "next_24h": 77248.95,
      "change_pct": 0.003,
      "trend": "\ud83d\udcc8 UP",
      "predictions": [
        76856.29,
        76873.38,
        76906.53,
        76919.56,
        76927.23,
        76946.67,
        76963.97,
        76981.08,
        76999.05,
        77016.63,
        77033.75,
        77050.89,
        77067.91,
        77084.81,
        77101.64,
        77118.38,
        77135.02,
        77151.57,
        77168.03,
        77184.4,
        77200.67,
        77216.85,
        77232.95,
        77248.95
      ],
      "metrics": {
        "MAE": 199.783658,
        "RMSE": 273.968752,
        "MAPE": 0.2525,
        "R2": 0.9684
      }
    },
    "ETH_USD": {
      "current": 2119.04,
      "next_1h": 2127.74,
      "next_24h": 2256.37,
      "change_pct": 0.41,
      "trend": "\ud83d\udcc8 UP",
      "predictions": [
        2127.74,
        2136.19,
        2144.52,
        2152.29,
        2160.02,
        2167.39,
        2174.43,
        2181.17,
        2187.61,
        2193.77,
        2199.66,
        2205.29,
        2210.68,
        2215.83,
        2220.75,
        2225.45,
        2229.95,
        2234.26,
        2238.37,
        2242.3,
        2246.06,
        2249.65,
        2253.09,
        2256.37
      ],
      "metrics": {
        "MAE": 8.656461,
        "RMSE": 12.177927,
        "MAPE": 0.3929,
        "R2": 0.9645
      }
    },
    "BNB_USD": {
      "current": 640.21,
      "next_1h": 640.25,
      "next_24h": 639.91,
      "change_pct": 0.006,
      "trend": "\ud83d\udcc8 UP",
      "predictions": [
        640.25,
        640.14,
        640.16,
        640.17,
        640.14,
        640.12,
        640.11,
        640.1,
        640.09,
        640.07,
        640.06,
        640.05,
        640.04,
        640.02,
        640.01,
        640.0,
        639.99,
        639.98,
        639.96,
        639.95,
        639.94,
        639.93,
        639.92,
        639.91
      ],
      "metrics": {
        "MAE": 2.056677,
        "RMSE": 2.815481,
        "MAPE": 0.3098,
        "R2": 0.9556
      }
    }
  }
}