{
  "generated_at": "2026-07-22 02:17:12",
  "exchange_rates": {
    "USD_TZS": {
      "current": 2628.1023,
      "next_1h": 2627.8267,
      "next_24h": 2622.8828,
      "change_pct": -0.01,
      "trend": "\ud83d\udcc9 DOWN",
      "predictions": [
        2627.8267,
        2627.5566,
        2627.2917,
        2627.0321,
        2626.7653,
        2626.5037,
        2626.2495,
        2626.0023,
        2625.7621,
        2625.5287,
        2625.3019,
        2625.0816,
        2624.8676,
        2624.6598,
        2624.4579,
        2624.2618,
        2624.0714,
        2623.8864,
        2623.7067,
        2623.5322,
        2623.3627,
        2623.1981,
        2623.0381,
        2622.8828
      ],
      "metrics": {
        "MAE": 0.5235,
        "RMSE": 2.033528,
        "MAPE": 0.02,
        "R2": 0.9579
      }
    },
    "USD_KES": {
      "current": 129.3824,
      "next_1h": 129.3826,
      "next_24h": 129.3797,
      "change_pct": 0.0,
      "trend": "\ud83d\udcc9 DOWN",
      "predictions": [
        129.3826,
        129.3829,
        129.3831,
        129.3833,
        129.3831,
        129.3829,
        129.3827,
        129.3825,
        129.3823,
        129.3821,
        129.382,
        129.3818,
        129.3816,
        129.3814,
        129.3812,
        129.381,
        129.3809,
        129.3807,
        129.3805,
        129.3803,
        129.3802,
        129.38,
        129.3798,
        129.3797
      ],
      "metrics": {
        "MAE": 0.002782,
        "RMSE": 0.013249,
        "MAPE": 0.0022,
        "R2": 0.9295
      }
    },
    "USD_UGX": {
      "current": 3692.4788,
      "next_1h": 3692.4219,
      "next_24h": 3690.958,
      "change_pct": -0.002,
      "trend": "\ud83d\udcc9 DOWN",
      "predictions": [
        3692.4219,
        3692.3651,
        3692.3085,
        3692.2519,
        3692.1853,
        3692.1187,
        3692.0524,
        3691.9863,
        3691.9204,
        3691.8547,
        3691.7892,
        3691.724,
        3691.6589,
        3691.5941,
        3691.5296,
        3691.4652,
        3691.401,
        3691.3371,
        3691.2734,
        3691.2099,
        3691.1466,
        3691.0835,
        3691.0207,
        3690.958
      ],
      "metrics": {
        "MAE": 0.434236,
        "RMSE": 2.413274,
        "MAPE": 0.0118,
        "R2": 0.9537
      }
    },
    "USD_EUR": {
      "current": 0.8767,
      "next_1h": 0.8767,
      "next_24h": 0.8768,
      "change_pct": 0.0,
      "trend": "\ud83d\udcc9 DOWN",
      "predictions": [
        0.8767,
        0.8767,
        0.8767,
        0.8767,
        0.8767,
        0.8767,
        0.8767,
        0.8767,
        0.8767,
        0.8767,
        0.8767,
        0.8767,
        0.8767,
        0.8768,
        0.8768,
        0.8768,
        0.8768,
        0.8768,
        0.8768,
        0.8768,
        0.8768,
        0.8768,
        0.8768,
        0.8768
      ],
      "metrics": {
        "MAE": 4.3e-05,
        "RMSE": 0.000227,
        "MAPE": 0.0049,
        "R2": 0.9697
      }
    }
  },
  "crypto": {
    "BTC_USD": {
      "current": 66363.0,
      "next_1h": 66369.07,
      "next_24h": 65959.76,
      "change_pct": 0.009,
      "trend": "\ud83d\udcc8 UP",
      "predictions": [
        66369.07,
        66351.62,
        66321.03,
        66297.19,
        66283.72,
        66267.48,
        66249.49,
        66231.04,
        66213.27,
        66196.01,
        66178.68,
        66161.32,
        66144.03,
        66126.86,
        66109.8,
        66092.8,
        66075.89,
        66059.05,
        66042.3,
        66025.63,
        66009.05,
        65992.54,
        65976.11,
        65959.76
      ],
      "metrics": {
        "MAE": 99.477518,
        "RMSE": 147.681269,
        "MAPE": 0.154,
        "R2": 0.9743
      }
    },
    "ETH_USD": {
      "current": 1930.37,
      "next_1h": 1929.62,
      "next_24h": 1909.97,
      "change_pct": -0.039,
      "trend": "\ud83d\udcc9 DOWN",
      "predictions": [
        1929.62,
        1928.62,
        1927.7,
        1926.85,
        1925.97,
        1925.08,
        1924.21,
        1923.34,
        1922.47,
        1921.61,
        1920.75,
        1919.9,
        1919.05,
        1918.2,
        1917.36,
        1916.52,
        1915.69,
        1914.86,
        1914.04,
        1913.22,
        1912.4,
        1911.59,
        1910.78,
        1909.97
      ],
      "metrics": {
        "MAE": 3.920307,
        "RMSE": 5.46292,
        "MAPE": 0.209,
        "R2": 0.9721
      }
    },
    "BNB_USD": {
      "current": 572.92,
      "next_1h": 572.97,
      "next_24h": 573.57,
      "change_pct": 0.009,
      "trend": "\ud83d\udcc8 UP",
      "predictions": [
        572.97,
        572.98,
        572.99,
        573.03,
        573.06,
        573.08,
        573.11,
        573.14,
        573.17,
        573.2,
        573.22,
        573.25,
        573.28,
        573.31,
        573.33,
        573.36,
        573.39,
        573.41,
        573.44,
        573.47,
        573.49,
        573.52,
        573.54,
        573.57
      ],
      "metrics": {
        "MAE": 0.755328,
        "RMSE": 1.053377,
        "MAPE": 0.1324,
        "R2": 0.9463
      }
    }
  }
}