{
  "generated_at": "2026-07-22 02:43:17",
  "exchange_rates": {
    "USD_TZS": {
      "current": 2628.1023,
      "next_1h": 2627.8267,
      "next_24h": 2622.8828,
      "change_pct": -0.01,
      "trend": "\ud83d\udcc9 DOWN",
      "predictions": [
        2627.8267,
        2627.5566,
        2627.2917,
        2627.0321,
        2626.7653,
        2626.5037,
        2626.2495,
        2626.0023,
        2625.7621,
        2625.5287,
        2625.3019,
        2625.0816,
        2624.8676,
        2624.6598,
        2624.4579,
        2624.2618,
        2624.0714,
        2623.8864,
        2623.7067,
        2623.5322,
        2623.3627,
        2623.1981,
        2623.0381,
        2622.8828
      ],
      "metrics": {
        "MAE": 0.5235,
        "RMSE": 2.033528,
        "MAPE": 0.02,
        "R2": 0.9579
      }
    },
    "USD_KES": {
      "current": 129.3824,
      "next_1h": 129.3826,
      "next_24h": 129.3797,
      "change_pct": 0.0,
      "trend": "\ud83d\udcc9 DOWN",
      "predictions": [
        129.3826,
        129.3829,
        129.3831,
        129.3833,
        129.3831,
        129.3829,
        129.3827,
        129.3825,
        129.3823,
        129.3821,
        129.382,
        129.3818,
        129.3816,
        129.3814,
        129.3812,
        129.381,
        129.3809,
        129.3807,
        129.3805,
        129.3803,
        129.3802,
        129.38,
        129.3798,
        129.3797
      ],
      "metrics": {
        "MAE": 0.002782,
        "RMSE": 0.013249,
        "MAPE": 0.0022,
        "R2": 0.9295
      }
    },
    "USD_UGX": {
      "current": 3692.4788,
      "next_1h": 3692.4219,
      "next_24h": 3690.958,
      "change_pct": -0.002,
      "trend": "\ud83d\udcc9 DOWN",
      "predictions": [
        3692.4219,
        3692.3651,
        3692.3085,
        3692.2519,
        3692.1853,
        3692.1187,
        3692.0524,
        3691.9863,
        3691.9204,
        3691.8547,
        3691.7892,
        3691.724,
        3691.6589,
        3691.5941,
        3691.5296,
        3691.4652,
        3691.401,
        3691.3371,
        3691.2734,
        3691.2099,
        3691.1466,
        3691.0835,
        3691.0207,
        3690.958
      ],
      "metrics": {
        "MAE": 0.434236,
        "RMSE": 2.413274,
        "MAPE": 0.0118,
        "R2": 0.9537
      }
    },
    "USD_EUR": {
      "current": 0.8767,
      "next_1h": 0.8767,
      "next_24h": 0.8768,
      "change_pct": 0.0,
      "trend": "\ud83d\udcc9 DOWN",
      "predictions": [
        0.8767,
        0.8767,
        0.8767,
        0.8767,
        0.8767,
        0.8767,
        0.8767,
        0.8767,
        0.8767,
        0.8767,
        0.8767,
        0.8767,
        0.8767,
        0.8768,
        0.8768,
        0.8768,
        0.8768,
        0.8768,
        0.8768,
        0.8768,
        0.8768,
        0.8768,
        0.8768,
        0.8768
      ],
      "metrics": {
        "MAE": 4.3e-05,
        "RMSE": 0.000227,
        "MAPE": 0.0049,
        "R2": 0.9697
      }
    }
  },
  "crypto": {
    "BTC_USD": {
      "current": 66344.0,
      "next_1h": 66327.2,
      "next_24h": 65922.75,
      "change_pct": -0.025,
      "trend": "\ud83d\udcc9 DOWN",
      "predictions": [
        66327.2,
        66298.36,
        66275.46,
        66261.65,
        66244.53,
        66226.71,
        66208.52,
        66190.91,
        66173.72,
        66156.46,
        66139.21,
        66122.04,
        66104.98,
        66088.02,
        66071.13,
        66054.32,
        66037.59,
        66020.94,
        66004.38,
        65987.89,
        65971.49,
        65955.16,
        65938.92,
        65922.75
      ],
      "metrics": {
        "MAE": 99.220952,
        "RMSE": 147.433778,
        "MAPE": 0.1536,
        "R2": 0.9746
      }
    },
    "ETH_USD": {
      "current": 1928.76,
      "next_1h": 1927.76,
      "next_24h": 1908.44,
      "change_pct": -0.052,
      "trend": "\ud83d\udcc9 DOWN",
      "predictions": [
        1927.76,
        1926.88,
        1926.05,
        1925.15,
        1924.28,
        1923.41,
        1922.54,
        1921.68,
        1920.82,
        1919.97,
        1919.12,
        1918.27,
        1917.43,
        1916.59,
        1915.76,
        1914.93,
        1914.11,
        1913.28,
        1912.47,
        1911.65,
        1910.84,
        1910.04,
        1909.24,
        1908.44
      ],
      "metrics": {
        "MAE": 3.909764,
        "RMSE": 5.453728,
        "MAPE": 0.2084,
        "R2": 0.9723
      }
    },
    "BNB_USD": {
      "current": 572.96,
      "next_1h": 572.97,
      "next_24h": 573.58,
      "change_pct": 0.002,
      "trend": "\ud83d\udcc8 UP",
      "predictions": [
        572.97,
        572.98,
        573.01,
        573.04,
        573.07,
        573.1,
        573.13,
        573.16,
        573.18,
        573.21,
        573.24,
        573.27,
        573.29,
        573.32,
        573.35,
        573.37,
        573.4,
        573.43,
        573.45,
        573.48,
        573.51,
        573.53,
        573.56,
        573.58
      ],
      "metrics": {
        "MAE": 0.752768,
        "RMSE": 1.051559,
        "MAPE": 0.132,
        "R2": 0.9463
      }
    }
  }
}