{
  "generated_at": "2026-07-20 17:13:08",
  "exchange_rates": {
    "USD_TZS": {
      "current": 2628.4738,
      "next_1h": 2628.1616,
      "next_24h": 2622.8045,
      "change_pct": -0.012,
      "trend": "\ud83d\udcc9 DOWN",
      "predictions": [
        2628.1616,
        2627.8556,
        2627.5556,
        2627.2615,
        2626.9733,
        2626.6907,
        2626.4163,
        2626.1499,
        2625.8911,
        2625.6399,
        2625.396,
        2625.1593,
        2624.9294,
        2624.7063,
        2624.4897,
        2624.2795,
        2624.0754,
        2623.8773,
        2623.685,
        2623.4983,
        2623.317,
        2623.1411,
        2622.9703,
        2622.8045
      ],
      "metrics": {
        "MAE": 0.543265,
        "RMSE": 2.082276,
        "MAPE": 0.0208,
        "R2": 0.9553
      }
    },
    "USD_KES": {
      "current": 129.2866,
      "next_1h": 129.2874,
      "next_24h": 129.3038,
      "change_pct": 0.001,
      "trend": "\ud83d\udcc8 UP",
      "predictions": [
        129.2874,
        129.2881,
        129.2889,
        129.2897,
        129.2904,
        129.2912,
        129.292,
        129.2927,
        129.2935,
        129.2942,
        129.2949,
        129.2956,
        129.2963,
        129.2971,
        129.2978,
        129.2984,
        129.2991,
        129.2998,
        129.3005,
        129.3012,
        129.3018,
        129.3025,
        129.3031,
        129.3038
      ],
      "metrics": {
        "MAE": 0.002751,
        "RMSE": 0.012206,
        "MAPE": 0.0021,
        "R2": 0.9631
      }
    },
    "USD_UGX": {
      "current": 3691.0959,
      "next_1h": 3691.035,
      "next_24h": 3689.6827,
      "change_pct": -0.002,
      "trend": "\ud83d\udcc9 DOWN",
      "predictions": [
        3691.035,
        3690.9743,
        3690.9136,
        3690.8532,
        3690.7928,
        3690.7325,
        3690.6725,
        3690.6127,
        3690.5531,
        3690.4936,
        3690.4344,
        3690.3754,
        3690.3166,
        3690.258,
        3690.1996,
        3690.1413,
        3690.0833,
        3690.0255,
        3689.9679,
        3689.9105,
        3689.8532,
        3689.7962,
        3689.7394,
        3689.6827
      ],
      "metrics": {
        "MAE": 0.400212,
        "RMSE": 2.350814,
        "MAPE": 0.0109,
        "R2": 0.9574
      }
    },
    "USD_EUR": {
      "current": 0.875,
      "next_1h": 0.875,
      "next_24h": 0.8751,
      "change_pct": 0.001,
      "trend": "\ud83d\udcc8 UP",
      "predictions": [
        0.875,
        0.875,
        0.875,
        0.875,
        0.875,
        0.875,
        0.875,
        0.8751,
        0.8751,
        0.8751,
        0.8751,
        0.8751,
        0.8751,
        0.8751,
        0.8751,
        0.8751,
        0.8751,
        0.8751,
        0.8751,
        0.8751,
        0.8751,
        0.8751,
        0.8751,
        0.8751
      ],
      "metrics": {
        "MAE": 4e-05,
        "RMSE": 0.000233,
        "MAPE": 0.0046,
        "R2": 0.9682
      }
    }
  },
  "crypto": {
    "BTC_USD": {
      "current": 65428.0,
      "next_1h": 65416.31,
      "next_24h": 65136.77,
      "change_pct": -0.018,
      "trend": "\ud83d\udcc9 DOWN",
      "predictions": [
        65416.31,
        65414.15,
        65415.59,
        65397.3,
        65385.12,
        65371.37,
        65358.38,
        65345.23,
        65331.54,
        65318.12,
        65304.75,
        65291.48,
        65278.25,
        65265.07,
        65251.95,
        65238.9,
        65225.92,
        65213.0,
        65200.14,
        65187.34,
        65174.61,
        65161.93,
        65149.32,
        65136.77
      ],
      "metrics": {
        "MAE": 98.813855,
        "RMSE": 147.886221,
        "MAPE": 0.1538,
        "R2": 0.9304
      }
    },
    "ETH_USD": {
      "current": 1898.71,
      "next_1h": 1897.65,
      "next_24h": 1879.25,
      "change_pct": -0.056,
      "trend": "\ud83d\udcc9 DOWN",
      "predictions": [
        1897.65,
        1896.88,
        1895.91,
        1895.09,
        1894.24,
        1893.42,
        1892.6,
        1891.78,
        1890.97,
        1890.16,
        1889.35,
        1888.55,
        1887.75,
        1886.96,
        1886.17,
        1885.38,
        1884.6,
        1883.83,
        1883.05,
        1882.28,
        1881.52,
        1880.76,
        1880.0,
        1879.25
      ],
      "metrics": {
        "MAE": 4.134822,
        "RMSE": 6.13641,
        "MAPE": 0.2209,
        "R2": 0.9497
      }
    },
    "BNB_USD": {
      "current": 572.91,
      "next_1h": 572.95,
      "next_24h": 573.66,
      "change_pct": 0.007,
      "trend": "\ud83d\udcc8 UP",
      "predictions": [
        572.95,
        573.05,
        573.03,
        573.07,
        573.1,
        573.13,
        573.16,
        573.19,
        573.22,
        573.25,
        573.28,
        573.31,
        573.34,
        573.37,
        573.4,
        573.43,
        573.46,
        573.49,
        573.52,
        573.55,
        573.58,
        573.61,
        573.63,
        573.66
      ],
      "metrics": {
        "MAE": 0.810132,
        "RMSE": 1.130062,
        "MAPE": 0.1417,
        "R2": 0.9613
      }
    }
  }
}