{
  "generated_at": "2026-07-16 21:43:16",
  "exchange_rates": {
    "USD_TZS": {
      "current": 2614.7645,
      "next_1h": 2614.8087,
      "next_24h": 2615.5523,
      "change_pct": 0.002,
      "trend": "\ud83d\udcc8 UP",
      "predictions": [
        2614.8087,
        2614.8519,
        2614.8943,
        2614.9358,
        2614.9764,
        2615.0161,
        2615.0547,
        2615.092,
        2615.1282,
        2615.1632,
        2615.1971,
        2615.23,
        2615.2618,
        2615.2927,
        2615.3225,
        2615.3514,
        2615.3794,
        2615.4066,
        2615.4328,
        2615.4583,
        2615.4829,
        2615.5068,
        2615.5299,
        2615.5523
      ],
      "metrics": {
        "MAE": 0.499584,
        "RMSE": 1.949531,
        "MAPE": 0.0191,
        "R2": 0.9552
      }
    },
    "USD_KES": {
      "current": 129.367,
      "next_1h": 129.3672,
      "next_24h": 129.3714,
      "change_pct": 0.0,
      "trend": "\ud83d\udcc9 DOWN",
      "predictions": [
        129.3672,
        129.3674,
        129.3676,
        129.3678,
        129.368,
        129.3682,
        129.3684,
        129.3686,
        129.3688,
        129.369,
        129.3692,
        129.3693,
        129.3695,
        129.3697,
        129.3699,
        129.3701,
        129.3702,
        129.3704,
        129.3706,
        129.3707,
        129.3709,
        129.3711,
        129.3712,
        129.3714
      ],
      "metrics": {
        "MAE": 0.004279,
        "RMSE": 0.016672,
        "MAPE": 0.0033,
        "R2": 0.9373
      }
    },
    "USD_UGX": {
      "current": 3686.5095,
      "next_1h": 3686.4206,
      "next_24h": 3684.4301,
      "change_pct": -0.002,
      "trend": "\ud83d\udcc9 DOWN",
      "predictions": [
        3686.4206,
        3686.3319,
        3686.2433,
        3686.1549,
        3686.0667,
        3685.9786,
        3685.8907,
        3685.8031,
        3685.7157,
        3685.6285,
        3685.5415,
        3685.4547,
        3685.3682,
        3685.2818,
        3685.1957,
        3685.1098,
        3685.0241,
        3684.9386,
        3684.8533,
        3684.7683,
        3684.6834,
        3684.5988,
        3684.5144,
        3684.4301
      ],
      "metrics": {
        "MAE": 0.45183,
        "RMSE": 2.491005,
        "MAPE": 0.0123,
        "R2": 0.9431
      }
    },
    "USD_EUR": {
      "current": 0.8734,
      "next_1h": 0.8734,
      "next_24h": 0.8736,
      "change_pct": 0.001,
      "trend": "\ud83d\udcc8 UP",
      "predictions": [
        0.8734,
        0.8734,
        0.8735,
        0.8735,
        0.8735,
        0.8735,
        0.8735,
        0.8735,
        0.8735,
        0.8735,
        0.8735,
        0.8735,
        0.8735,
        0.8736,
        0.8736,
        0.8736,
        0.8736,
        0.8736,
        0.8736,
        0.8736,
        0.8736,
        0.8736,
        0.8736,
        0.8736
      ],
      "metrics": {
        "MAE": 4.9e-05,
        "RMSE": 0.000257,
        "MAPE": 0.0056,
        "R2": 0.9453
      }
    }
  },
  "crypto": {
    "BTC_USD": {
      "current": 64160.0,
      "next_1h": 64148.03,
      "next_24h": 63944.23,
      "change_pct": -0.019,
      "trend": "\ud83d\udcc9 DOWN",
      "predictions": [
        64148.03,
        64132.71,
        64120.9,
        64114.19,
        64107.19,
        64098.0,
        64088.69,
        64079.77,
        64071.13,
        64062.46,
        64053.73,
        64045.05,
        64036.42,
        64027.85,
        64019.31,
        64010.81,
        64002.35,
        63993.93,
        63985.55,
        63977.21,
        63968.91,
        63960.64,
        63952.42,
        63944.23
      ],
      "metrics": {
        "MAE": 114.999783,
        "RMSE": 159.104595,
        "MAPE": 0.1801,
        "R2": 0.9701
      }
    },
    "ETH_USD": {
      "current": 1877.98,
      "next_1h": 1876.9,
      "next_24h": 1857.95,
      "change_pct": -0.058,
      "trend": "\ud83d\udcc9 DOWN",
      "predictions": [
        1876.9,
        1875.76,
        1874.93,
        1874.15,
        1873.21,
        1872.36,
        1871.53,
        1870.7,
        1869.87,
        1869.05,
        1868.23,
        1867.41,
        1866.6,
        1865.79,
        1864.99,
        1864.19,
        1863.4,
        1862.61,
        1861.82,
        1861.04,
        1860.26,
        1859.48,
        1858.71,
        1857.95
      ],
      "metrics": {
        "MAE": 4.872337,
        "RMSE": 7.594541,
        "MAPE": 0.2645,
        "R2": 0.9803
      }
    },
    "BNB_USD": {
      "current": 576.1,
      "next_1h": 576.09,
      "next_24h": 576.54,
      "change_pct": -0.002,
      "trend": "\ud83d\udcc9 DOWN",
      "predictions": [
        576.09,
        576.11,
        576.15,
        576.18,
        576.19,
        576.21,
        576.23,
        576.25,
        576.27,
        576.29,
        576.3,
        576.32,
        576.34,
        576.36,
        576.38,
        576.4,
        576.41,
        576.43,
        576.45,
        576.47,
        576.48,
        576.5,
        576.52,
        576.54
      ],
      "metrics": {
        "MAE": 0.88116,
        "RMSE": 1.273192,
        "MAPE": 0.1531,
        "R2": 0.9433
      }
    }
  }
}