{
  "generated_at": "2026-03-22 12:00:25",
  "exchange_rates": {
    "USD_TZS": {
      "current": 2585.2839,
      "next_1h": 2585.3704,
      "next_24h": 2587.1325,
      "change_pct": 0.003,
      "trend": "\ud83d\udcc8 UP",
      "predictions": [
        2585.3704,
        2585.4546,
        2585.5383,
        2585.6206,
        2585.7034,
        2585.7851,
        2585.866,
        2585.9462,
        2586.0256,
        2586.1043,
        2586.1823,
        2586.2595,
        2586.336,
        2586.4119,
        2586.487,
        2586.5614,
        2586.6351,
        2586.7082,
        2586.7805,
        2586.8523,
        2586.9233,
        2586.9937,
        2587.0634,
        2587.1325
      ],
      "metrics": {
        "MAE": 0.415986,
        "RMSE": 2.175626,
        "MAPE": 0.016,
        "R2": 0.9267
      }
    },
    "USD_KES": {
      "current": 129.4379,
      "next_1h": 129.4267,
      "next_24h": 129.3004,
      "change_pct": -0.009,
      "trend": "\ud83d\udcc9 DOWN",
      "predictions": [
        129.4267,
        129.4142,
        129.4037,
        129.3945,
        129.3863,
        129.3787,
        129.3717,
        129.365,
        129.3587,
        129.3528,
        129.3472,
        129.3421,
        129.3372,
        129.3327,
        129.3284,
        129.3244,
        129.3207,
        129.3172,
        129.3139,
        129.3108,
        129.308,
        129.3053,
        129.3027,
        129.3004
      ],
      "metrics": {
        "MAE": 0.015348,
        "RMSE": 0.016148,
        "MAPE": 0.0119,
        "R2": 0.6932
      }
    },
    "USD_UGX": {
      "current": 3777.7485,
      "next_1h": 3777.806,
      "next_24h": 3778.9921,
      "change_pct": 0.002,
      "trend": "\ud83d\udcc8 UP",
      "predictions": [
        3777.806,
        3777.8626,
        3777.9182,
        3777.9732,
        3778.0272,
        3778.0803,
        3778.1332,
        3778.1858,
        3778.2381,
        3778.2902,
        3778.3421,
        3778.3936,
        3778.4449,
        3778.496,
        3778.5467,
        3778.5972,
        3778.6475,
        3778.6975,
        3778.7472,
        3778.7967,
        3778.8459,
        3778.8949,
        3778.9436,
        3778.9921
      ],
      "metrics": {
        "MAE": 0.181637,
        "RMSE": 0.722686,
        "MAPE": 0.0048,
        "R2": 0.942
      }
    },
    "USD_EUR": {
      "current": 0.8655,
      "next_1h": 0.8656,
      "next_24h": 0.8668,
      "change_pct": 0.008,
      "trend": "\ud83d\udcc8 UP",
      "predictions": [
        0.8656,
        0.8656,
        0.8657,
        0.8657,
        0.8658,
        0.8659,
        0.8659,
        0.866,
        0.866,
        0.8661,
        0.8661,
        0.8662,
        0.8662,
        0.8663,
        0.8663,
        0.8664,
        0.8664,
        0.8665,
        0.8665,
        0.8666,
        0.8666,
        0.8667,
        0.8667,
        0.8668
      ],
      "metrics": {
        "MAE": 0.000149,
        "RMSE": 0.000589,
        "MAPE": 0.0172,
        "R2": 0.9222
      }
    }
  },
  "crypto": {
    "BTC_USD": {
      "current": 68211.0,
      "next_1h": 68303.71,
      "next_24h": 69281.38,
      "change_pct": 0.136,
      "trend": "\ud83d\udcc8 UP",
      "predictions": [
        68303.71,
        68369.76,
        68432.55,
        68505.03,
        68550.4,
        68591.71,
        68633.68,
        68674.91,
        68716.89,
        68758.65,
        68799.72,
        68840.16,
        68879.95,
        68919.13,
        68957.76,
        68995.83,
        69033.36,
        69070.35,
        69106.81,
        69142.75,
        69178.16,
        69213.07,
        69247.47,
        69281.38
      ],
      "metrics": {
        "MAE": 200.015893,
        "RMSE": 302.592324,
        "MAPE": 0.2864,
        "R2": 0.7897
      }
    },
    "ETH_USD": {
      "current": 2069.76,
      "next_1h": 2070.14,
      "next_24h": 2093.06,
      "change_pct": 0.018,
      "trend": "\ud83d\udcc8 UP",
      "predictions": [
        2070.14,
        2070.29,
        2070.7,
        2071.41,
        2072.11,
        2073.29,
        2074.46,
        2075.65,
        2076.86,
        2078.06,
        2079.26,
        2080.44,
        2081.6,
        2082.74,
        2083.86,
        2084.97,
        2086.05,
        2087.11,
        2088.15,
        2089.17,
        2090.17,
        2091.15,
        2092.12,
        2093.06
      ],
      "metrics": {
        "MAE": 7.900297,
        "RMSE": 12.423161,
        "MAPE": 0.3717,
        "R2": 0.703
      }
    },
    "BNB_USD": {
      "current": 627.83,
      "next_1h": 628.79,
      "next_24h": 641.11,
      "change_pct": 0.153,
      "trend": "\ud83d\udcc8 UP",
      "predictions": [
        628.79,
        629.54,
        630.17,
        630.88,
        631.5,
        632.11,
        632.72,
        633.31,
        633.88,
        634.44,
        634.99,
        635.53,
        636.06,
        636.57,
        637.07,
        637.56,
        638.04,
        638.51,
        638.97,
        639.42,
        639.85,
        640.28,
        640.7,
        641.11
      ],
      "metrics": {
        "MAE": 1.485652,
        "RMSE": 2.301638,
        "MAPE": 0.2329,
        "R2": 0.7112
      }
    }
  }
}