{
  "generated_at": "2026-07-11 17:17:10",
  "exchange_rates": {
    "USD_TZS": {
      "current": 2626.6457,
      "next_1h": 2626.2768,
      "next_24h": 2620.1865,
      "change_pct": -0.014,
      "trend": "\ud83d\udcc9 DOWN",
      "predictions": [
        2626.2768,
        2625.9161,
        2625.5633,
        2625.2182,
        2624.8808,
        2624.5509,
        2624.2318,
        2623.9233,
        2623.6251,
        2623.3369,
        2623.0583,
        2622.7891,
        2622.529,
        2622.2777,
        2622.0349,
        2621.8002,
        2621.5734,
        2621.3543,
        2621.1426,
        2620.9381,
        2620.7404,
        2620.5494,
        2620.3649,
        2620.1865
      ],
      "metrics": {
        "MAE": 0.362862,
        "RMSE": 0.599515,
        "MAPE": 0.0138,
        "R2": 0.8573
      }
    },
    "USD_KES": {
      "current": 129.1819,
      "next_1h": 129.1863,
      "next_24h": 129.2732,
      "change_pct": 0.003,
      "trend": "\ud83d\udcc8 UP",
      "predictions": [
        129.1863,
        129.1907,
        129.1951,
        129.1994,
        129.2037,
        129.208,
        129.2121,
        129.2163,
        129.2203,
        129.2243,
        129.2282,
        129.232,
        129.2358,
        129.2395,
        129.2431,
        129.2467,
        129.2502,
        129.2537,
        129.2571,
        129.2604,
        129.2637,
        129.2669,
        129.2701,
        129.2732
      ],
      "metrics": {
        "MAE": 0.00712,
        "RMSE": 0.020878,
        "MAPE": 0.0055,
        "R2": 0.8872
      }
    },
    "USD_UGX": {
      "current": 3659.1295,
      "next_1h": 3659.0698,
      "next_24h": 3657.7268,
      "change_pct": -0.002,
      "trend": "\ud83d\udcc9 DOWN",
      "predictions": [
        3659.0698,
        3659.0102,
        3658.9508,
        3658.8915,
        3658.8323,
        3658.7731,
        3658.7141,
        3658.6552,
        3658.5964,
        3658.5377,
        3658.4792,
        3658.4207,
        3658.3623,
        3658.304,
        3658.2458,
        3658.1877,
        3658.1298,
        3658.0719,
        3658.0141,
        3657.9564,
        3657.8989,
        3657.8414,
        3657.784,
        3657.7268
      ],
      "metrics": {
        "MAE": 0.932283,
        "RMSE": 4.040564,
        "MAPE": 0.0255,
        "R2": 0.898
      }
    },
    "USD_EUR": {
      "current": 0.8756,
      "next_1h": 0.8756,
      "next_24h": 0.8759,
      "change_pct": 0.002,
      "trend": "\ud83d\udcc8 UP",
      "predictions": [
        0.8756,
        0.8756,
        0.8756,
        0.8756,
        0.8756,
        0.8757,
        0.8757,
        0.8757,
        0.8757,
        0.8757,
        0.8757,
        0.8757,
        0.8757,
        0.8758,
        0.8758,
        0.8758,
        0.8758,
        0.8758,
        0.8758,
        0.8758,
        0.8759,
        0.8759,
        0.8759,
        0.8759
      ],
      "metrics": {
        "MAE": 7.1e-05,
        "RMSE": 0.000319,
        "MAPE": 0.0081,
        "R2": 0.8954
      }
    }
  },
  "crypto": {
    "BTC_USD": {
      "current": 64169.0,
      "next_1h": 64152.26,
      "next_24h": 63896.9,
      "change_pct": -0.026,
      "trend": "\ud83d\udcc9 DOWN",
      "predictions": [
        64152.26,
        64127.13,
        64112.07,
        64104.12,
        64096.6,
        64085.19,
        64073.59,
        64062.68,
        64052.16,
        64041.58,
        64030.9,
        64020.28,
        64009.74,
        63999.25,
        63988.81,
        63978.41,
        63968.06,
        63957.75,
        63947.5,
        63937.29,
        63927.12,
        63917.0,
        63906.93,
        63896.9
      ],
      "metrics": {
        "MAE": 105.138114,
        "RMSE": 149.332508,
        "MAPE": 0.1668,
        "R2": 0.9674
      }
    },
    "ETH_USD": {
      "current": 1819.98,
      "next_1h": 1818.84,
      "next_24h": 1804.3,
      "change_pct": -0.063,
      "trend": "\ud83d\udcc9 DOWN",
      "predictions": [
        1818.84,
        1817.93,
        1817.4,
        1816.77,
        1816.01,
        1815.36,
        1814.74,
        1814.09,
        1813.45,
        1812.82,
        1812.19,
        1811.57,
        1810.94,
        1810.32,
        1809.71,
        1809.09,
        1808.48,
        1807.88,
        1807.27,
        1806.67,
        1806.07,
        1805.48,
        1804.89,
        1804.3
      ],
      "metrics": {
        "MAE": 3.739973,
        "RMSE": 5.514365,
        "MAPE": 0.2123,
        "R2": 0.9554
      }
    },
    "BNB_USD": {
      "current": 579.47,
      "next_1h": 579.45,
      "next_24h": 579.93,
      "change_pct": -0.004,
      "trend": "\ud83d\udcc9 DOWN",
      "predictions": [
        579.45,
        579.49,
        579.5,
        579.54,
        579.55,
        579.57,
        579.59,
        579.62,
        579.64,
        579.66,
        579.68,
        579.7,
        579.72,
        579.74,
        579.76,
        579.78,
        579.8,
        579.81,
        579.83,
        579.85,
        579.87,
        579.89,
        579.91,
        579.93
      ],
      "metrics": {
        "MAE": 0.917604,
        "RMSE": 1.280517,
        "MAPE": 0.1606,
        "R2": 0.9369
      }
    }
  }
}