{
  "generated_at": "2026-06-20 01:15:13",
  "exchange_rates": {
    "USD_TZS": {
      "current": 2612.1229,
      "next_1h": 2611.9547,
      "next_24h": 2609.8215,
      "change_pct": -0.006,
      "trend": "\ud83d\udcc9 DOWN",
      "predictions": [
        2611.9547,
        2611.7875,
        2611.6214,
        2611.4562,
        2611.2921,
        2611.2026,
        2611.1148,
        2611.0288,
        2610.9444,
        2610.8616,
        2610.7805,
        2610.7005,
        2610.6217,
        2610.5439,
        2610.4671,
        2610.3914,
        2610.3167,
        2610.2431,
        2610.1704,
        2610.0987,
        2610.028,
        2609.9582,
        2609.8894,
        2609.8215
      ],
      "metrics": {
        "MAE": 0.668193,
        "RMSE": 3.09043,
        "MAPE": 0.0256,
        "R2": 0.8117
      }
    },
    "USD_KES": {
      "current": 129.459,
      "next_1h": 129.4582,
      "next_24h": 129.4416,
      "change_pct": -0.001,
      "trend": "\ud83d\udcc9 DOWN",
      "predictions": [
        129.4582,
        129.4574,
        129.4566,
        129.4558,
        129.455,
        129.4543,
        129.4535,
        129.4528,
        129.452,
        129.4513,
        129.4506,
        129.4498,
        129.4491,
        129.4484,
        129.4477,
        129.447,
        129.4463,
        129.4456,
        129.445,
        129.4443,
        129.4436,
        129.4429,
        129.4423,
        129.4416
      ],
      "metrics": {
        "MAE": 0.003178,
        "RMSE": 0.014344,
        "MAPE": 0.0025,
        "R2": 0.901
      }
    },
    "USD_UGX": {
      "current": 3669.712,
      "next_1h": 3671.3204,
      "next_24h": 3696.3414,
      "change_pct": 0.044,
      "trend": "\ud83d\udcc8 UP",
      "predictions": [
        3671.3204,
        3672.9148,
        3674.4953,
        3676.062,
        3677.5906,
        3678.7661,
        3679.9168,
        3681.0432,
        3682.1456,
        3683.2243,
        3684.2801,
        3685.3161,
        3686.3327,
        3687.3304,
        3688.3094,
        3689.2703,
        3690.2133,
        3691.1387,
        3692.047,
        3692.9384,
        3693.8132,
        3694.6718,
        3695.5144,
        3696.3414
      ],
      "metrics": {
        "MAE": 1.925904,
        "RMSE": 6.188053,
        "MAPE": 0.0524,
        "R2": 0.9764
      }
    },
    "USD_EUR": {
      "current": 0.8719,
      "next_1h": 0.8719,
      "next_24h": 0.8716,
      "change_pct": -0.002,
      "trend": "\ud83d\udcc9 DOWN",
      "predictions": [
        0.8719,
        0.8719,
        0.8719,
        0.8719,
        0.8719,
        0.8718,
        0.8718,
        0.8718,
        0.8718,
        0.8718,
        0.8718,
        0.8718,
        0.8717,
        0.8717,
        0.8717,
        0.8717,
        0.8717,
        0.8717,
        0.8717,
        0.8717,
        0.8716,
        0.8716,
        0.8716,
        0.8716
      ],
      "metrics": {
        "MAE": 0.000128,
        "RMSE": 0.000665,
        "MAPE": 0.0147,
        "R2": 0.9434
      }
    }
  },
  "crypto": {
    "BTC_USD": {
      "current": 63393.0,
      "next_1h": 63344.02,
      "next_24h": 62217.88,
      "change_pct": -0.077,
      "trend": "\ud83d\udcc9 DOWN",
      "predictions": [
        63344.02,
        63299.01,
        63265.52,
        63230.89,
        63191.3,
        63139.16,
        63088.98,
        63040.35,
        62990.94,
        62940.28,
        62888.93,
        62837.88,
        62786.85,
        62735.58,
        62684.13,
        62632.6,
        62581.04,
        62529.4,
        62477.67,
        62425.85,
        62373.97,
        62322.01,
        62269.98,
        62217.88
      ],
      "metrics": {
        "MAE": 246.64807,
        "RMSE": 343.649037,
        "MAPE": 0.3843,
        "R2": 0.9303
      }
    },
    "ETH_USD": {
      "current": 1706.53,
      "next_1h": 1705.25,
      "next_24h": 1670.92,
      "change_pct": -0.075,
      "trend": "\ud83d\udcc9 DOWN",
      "predictions": [
        1705.25,
        1703.98,
        1702.61,
        1701.21,
        1699.72,
        1698.22,
        1696.72,
        1695.22,
        1693.71,
        1692.2,
        1690.69,
        1689.17,
        1687.66,
        1686.14,
        1684.62,
        1683.1,
        1681.58,
        1680.06,
        1678.54,
        1677.02,
        1675.49,
        1673.97,
        1672.44,
        1670.92
      ],
      "metrics": {
        "MAE": 8.881709,
        "RMSE": 13.849382,
        "MAPE": 0.5156,
        "R2": 0.9287
      }
    },
    "BNB_USD": {
      "current": 580.37,
      "next_1h": 580.63,
      "next_24h": 585.38,
      "change_pct": 0.045,
      "trend": "\ud83d\udcc8 UP",
      "predictions": [
        580.63,
        580.85,
        581.06,
        581.25,
        581.47,
        581.68,
        581.9,
        582.11,
        582.32,
        582.53,
        582.74,
        582.95,
        583.16,
        583.37,
        583.57,
        583.78,
        583.98,
        584.18,
        584.39,
        584.59,
        584.79,
        584.99,
        585.18,
        585.38
      ],
      "metrics": {
        "MAE": 2.076551,
        "RMSE": 2.975107,
        "MAPE": 0.3459,
        "R2": 0.9457
      }
    }
  }
}