{
  "generated_at": "2026-03-17 12:00:32",
  "exchange_rates": {
    "USD_TZS": {
      "current": 2588.7451,
      "next_1h": 2588.0887,
      "next_24h": 2579.2734,
      "change_pct": -0.025,
      "trend": "\ud83d\udcc9 DOWN",
      "predictions": [
        2588.0887,
        2587.4712,
        2586.8702,
        2586.2947,
        2585.7244,
        2585.1773,
        2584.6603,
        2584.172,
        2583.7108,
        2583.2755,
        2582.8654,
        2582.479,
        2582.1152,
        2581.7725,
        2581.4497,
        2581.1458,
        2580.8597,
        2580.5902,
        2580.3364,
        2580.0975,
        2579.8725,
        2579.6607,
        2579.4612,
        2579.2734
      ],
      "metrics": {
        "MAE": 0.816054,
        "RMSE": 1.956494,
        "MAPE": 0.0315,
        "R2": 0.8617
      }
    },
    "USD_KES": {
      "current": 129.1762,
      "next_1h": 129.1832,
      "next_24h": 129.2461,
      "change_pct": 0.005,
      "trend": "\ud83d\udcc8 UP",
      "predictions": [
        129.1832,
        129.1909,
        129.1973,
        129.2026,
        129.2073,
        129.2115,
        129.2153,
        129.2188,
        129.2219,
        129.2248,
        129.2275,
        129.2299,
        129.232,
        129.234,
        129.2358,
        129.2374,
        129.2389,
        129.2403,
        129.2415,
        129.2426,
        129.2436,
        129.2445,
        129.2454,
        129.2461
      ],
      "metrics": {
        "MAE": 0.008754,
        "RMSE": 0.011458,
        "MAPE": 0.0068,
        "R2": 0.6988
      }
    },
    "USD_UGX": {
      "current": 3759.6206,
      "next_1h": 3759.3921,
      "next_24h": 3754.8728,
      "change_pct": -0.006,
      "trend": "\ud83d\udcc9 DOWN",
      "predictions": [
        3759.3921,
        3759.1677,
        3758.9477,
        3758.7297,
        3758.5159,
        3758.3061,
        3758.0983,
        3757.8927,
        3757.6891,
        3757.4876,
        3757.2881,
        3757.0907,
        3756.8952,
        3756.7018,
        3756.5104,
        3756.3209,
        3756.1333,
        3755.9476,
        3755.7639,
        3755.582,
        3755.402,
        3755.2238,
        3755.0474,
        3754.8728
      ],
      "metrics": {
        "MAE": 0.529083,
        "RMSE": 2.681507,
        "MAPE": 0.0141,
        "R2": 0.8971
      }
    },
    "USD_EUR": {
      "current": 0.8706,
      "next_1h": 0.8706,
      "next_24h": 0.8706,
      "change_pct": 0.0,
      "trend": "\ud83d\udcc9 DOWN",
      "predictions": [
        0.8706,
        0.8706,
        0.8706,
        0.8706,
        0.8706,
        0.8706,
        0.8706,
        0.8706,
        0.8706,
        0.8706,
        0.8706,
        0.8706,
        0.8706,
        0.8706,
        0.8706,
        0.8706,
        0.8706,
        0.8706,
        0.8706,
        0.8706,
        0.8706,
        0.8706,
        0.8706,
        0.8706
      ],
      "metrics": {
        "MAE": 0.000176,
        "RMSE": 0.000632,
        "MAPE": 0.0202,
        "R2": 0.8548
      }
    }
  },
  "crypto": {
    "BTC_USD": {
      "current": 74049.0,
      "next_1h": 73977.36,
      "next_24h": 73045.57,
      "change_pct": -0.097,
      "trend": "\ud83d\udcc9 DOWN",
      "predictions": [
        73977.36,
        73922.36,
        73872.4,
        73805.8,
        73767.08,
        73724.11,
        73680.92,
        73639.0,
        73596.32,
        73554.96,
        73514.37,
        73474.43,
        73435.25,
        73396.69,
        73358.79,
        73321.54,
        73284.92,
        73248.94,
        73213.56,
        73178.8,
        73144.62,
        73111.03,
        73078.02,
        73045.57
      ],
      "metrics": {
        "MAE": 286.700925,
        "RMSE": 356.748042,
        "MAPE": 0.3895,
        "R2": 0.9001
      }
    },
    "ETH_USD": {
      "current": 2327.46,
      "next_1h": 2306.59,
      "next_24h": 2075.5,
      "change_pct": -0.897,
      "trend": "\ud83d\udcc9 DOWN",
      "predictions": [
        2306.59,
        2287.54,
        2270.09,
        2251.9,
        2235.02,
        2216.83,
        2200.3,
        2185.16,
        2171.15,
        2158.45,
        2146.87,
        2136.53,
        2127.31,
        2119.09,
        2111.81,
        2105.38,
        2099.71,
        2094.73,
        2090.36,
        2086.54,
        2083.19,
        2080.27,
        2077.72,
        2075.5
      ],
      "metrics": {
        "MAE": 19.426493,
        "RMSE": 24.224572,
        "MAPE": 0.8549,
        "R2": 0.9271
      }
    },
    "BNB_USD": {
      "current": 667.85,
      "next_1h": 668.0,
      "next_24h": 664.23,
      "change_pct": 0.022,
      "trend": "\ud83d\udcc8 UP",
      "predictions": [
        668.0,
        667.87,
        667.7,
        667.5,
        667.29,
        667.09,
        666.9,
        666.71,
        666.53,
        666.35,
        666.18,
        666.01,
        665.84,
        665.68,
        665.52,
        665.36,
        665.21,
        665.06,
        664.91,
        664.77,
        664.63,
        664.5,
        664.36,
        664.23
      ],
      "metrics": {
        "MAE": 2.403862,
        "RMSE": 3.176413,
        "MAPE": 0.3562,
        "R2": 0.8237
      }
    }
  }
}