{
  "generated_at": "2026-07-24 01:43:18",
  "exchange_rates": {
    "USD_TZS": {
      "current": 2631.1729,
      "next_1h": 2630.7679,
      "next_24h": 2623.6152,
      "change_pct": -0.015,
      "trend": "\ud83d\udcc9 DOWN",
      "predictions": [
        2630.7679,
        2630.3706,
        2629.9811,
        2629.5991,
        2629.2244,
        2628.8411,
        2628.469,
        2628.108,
        2627.7577,
        2627.4178,
        2627.0881,
        2626.7685,
        2626.4586,
        2626.1582,
        2625.8669,
        2625.5846,
        2625.3108,
        2625.0455,
        2624.7882,
        2624.5388,
        2624.2971,
        2624.0627,
        2623.8355,
        2623.6152
      ],
      "metrics": {
        "MAE": 0.450358,
        "RMSE": 1.158313,
        "MAPE": 0.0172,
        "R2": 0.9822
      }
    },
    "USD_KES": {
      "current": 129.4349,
      "next_1h": 129.4349,
      "next_24h": 129.4237,
      "change_pct": 0.0,
      "trend": "\ud83d\udcc9 DOWN",
      "predictions": [
        129.4349,
        129.4349,
        129.4348,
        129.4348,
        129.4347,
        129.4341,
        129.4335,
        129.4329,
        129.4323,
        129.4316,
        129.431,
        129.4304,
        129.4298,
        129.4293,
        129.4287,
        129.4281,
        129.4275,
        129.427,
        129.4264,
        129.4258,
        129.4253,
        129.4247,
        129.4242,
        129.4237
      ],
      "metrics": {
        "MAE": 0.002998,
        "RMSE": 0.014551,
        "MAPE": 0.0023,
        "R2": 0.8608
      }
    },
    "USD_UGX": {
      "current": 3707.508,
      "next_1h": 3707.3856,
      "next_24h": 3704.7146,
      "change_pct": -0.003,
      "trend": "\ud83d\udcc9 DOWN",
      "predictions": [
        3707.3856,
        3707.2634,
        3707.1414,
        3707.0198,
        3706.8984,
        3706.7799,
        3706.6619,
        3706.5442,
        3706.427,
        3706.3101,
        3706.1936,
        3706.0776,
        3705.9619,
        3705.8466,
        3705.7317,
        3705.6171,
        3705.503,
        3705.3892,
        3705.2758,
        3705.1628,
        3705.0502,
        3704.9379,
        3704.8261,
        3704.7146
      ],
      "metrics": {
        "MAE": 0.513285,
        "RMSE": 2.635427,
        "MAPE": 0.0139,
        "R2": 0.961
      }
    },
    "USD_EUR": {
      "current": 0.8782,
      "next_1h": 0.8782,
      "next_24h": 0.8783,
      "change_pct": 0.0,
      "trend": "\ud83d\udcc9 DOWN",
      "predictions": [
        0.8782,
        0.8782,
        0.8782,
        0.8782,
        0.8782,
        0.8782,
        0.8782,
        0.8782,
        0.8782,
        0.8782,
        0.8782,
        0.8782,
        0.8782,
        0.8782,
        0.8782,
        0.8782,
        0.8782,
        0.8782,
        0.8782,
        0.8783,
        0.8783,
        0.8783,
        0.8783,
        0.8783
      ],
      "metrics": {
        "MAE": 4.9e-05,
        "RMSE": 0.000251,
        "MAPE": 0.0056,
        "R2": 0.9564
      }
    }
  },
  "crypto": {
    "BTC_USD": {
      "current": 65097.0,
      "next_1h": 65064.5,
      "next_24h": 64770.51,
      "change_pct": -0.05,
      "trend": "\ud83d\udcc9 DOWN",
      "predictions": [
        65064.5,
        65025.2,
        65009.58,
        65010.75,
        65002.29,
        64987.78,
        64973.52,
        64961.12,
        64949.46,
        64937.3,
        64924.88,
        64912.56,
        64900.42,
        64888.36,
        64876.32,
        64864.32,
        64852.39,
        64840.52,
        64828.72,
        64816.96,
        64805.26,
        64793.62,
        64782.04,
        64770.51
      ],
      "metrics": {
        "MAE": 92.955993,
        "RMSE": 133.224989,
        "MAPE": 0.1426,
        "R2": 0.9747
      }
    },
    "ETH_USD": {
      "current": 1875.41,
      "next_1h": 1874.16,
      "next_24h": 1859.0,
      "change_pct": -0.067,
      "trend": "\ud83d\udcc9 DOWN",
      "predictions": [
        1874.16,
        1873.18,
        1872.72,
        1871.99,
        1871.28,
        1870.6,
        1869.94,
        1869.27,
        1868.6,
        1867.94,
        1867.28,
        1866.62,
        1865.97,
        1865.32,
        1864.67,
        1864.03,
        1863.39,
        1862.75,
        1862.12,
        1861.49,
        1860.86,
        1860.24,
        1859.62,
        1859.0
      ],
      "metrics": {
        "MAE": 3.651577,
        "RMSE": 5.141329,
        "MAPE": 0.1928,
        "R2": 0.9773
      }
    },
    "BNB_USD": {
      "current": 567.72,
      "next_1h": 567.72,
      "next_24h": 568.38,
      "change_pct": 0.0,
      "trend": "\ud83d\udcc9 DOWN",
      "predictions": [
        567.72,
        567.75,
        567.81,
        567.83,
        567.86,
        567.89,
        567.92,
        567.94,
        567.97,
        568.0,
        568.03,
        568.05,
        568.08,
        568.11,
        568.14,
        568.16,
        568.19,
        568.22,
        568.24,
        568.27,
        568.3,
        568.32,
        568.35,
        568.38
      ],
      "metrics": {
        "MAE": 0.664537,
        "RMSE": 0.901047,
        "MAPE": 0.1166,
        "R2": 0.9055
      }
    }
  }
}