{
  "generated_at": "2026-05-01 12:33:26",
  "exchange_rates": {
    "USD_TZS": {
      "current": 2607.9679,
      "next_1h": 2607.6023,
      "next_24h": 2601.4467,
      "change_pct": -0.014,
      "trend": "\ud83d\udcc9 DOWN",
      "predictions": [
        2607.6023,
        2607.2425,
        2606.8884,
        2606.5407,
        2606.1995,
        2605.8645,
        2605.5405,
        2605.2273,
        2604.9245,
        2604.632,
        2604.3494,
        2604.0765,
        2603.8129,
        2603.5584,
        2603.3125,
        2603.0751,
        2602.8459,
        2602.6245,
        2602.4107,
        2602.2042,
        2602.0048,
        2601.8122,
        2601.6263,
        2601.4467
      ],
      "metrics": {
        "MAE": 0.937201,
        "RMSE": 3.680299,
        "MAPE": 0.036,
        "R2": 0.8768
      }
    },
    "USD_KES": {
      "current": 129.1051,
      "next_1h": 129.1049,
      "next_24h": 129.0998,
      "change_pct": 0.0,
      "trend": "\ud83d\udcc9 DOWN",
      "predictions": [
        129.1049,
        129.1046,
        129.1044,
        129.1042,
        129.104,
        129.1037,
        129.1035,
        129.1033,
        129.1031,
        129.1028,
        129.1026,
        129.1024,
        129.1022,
        129.102,
        129.1017,
        129.1015,
        129.1013,
        129.1011,
        129.1009,
        129.1006,
        129.1004,
        129.1002,
        129.1,
        129.0998
      ],
      "metrics": {
        "MAE": 0.004984,
        "RMSE": 0.024373,
        "MAPE": 0.0039,
        "R2": 0.9284
      }
    },
    "USD_UGX": {
      "current": 3715.3893,
      "next_1h": 3715.2993,
      "next_24h": 3713.3335,
      "change_pct": -0.002,
      "trend": "\ud83d\udcc9 DOWN",
      "predictions": [
        3715.2993,
        3715.2096,
        3715.1202,
        3715.031,
        3714.9421,
        3714.8534,
        3714.7651,
        3714.6773,
        3714.59,
        3714.5031,
        3714.4167,
        3714.3307,
        3714.2452,
        3714.1601,
        3714.0755,
        3713.9913,
        3713.9076,
        3713.8243,
        3713.7414,
        3713.659,
        3713.577,
        3713.4954,
        3713.4143,
        3713.3335
      ],
      "metrics": {
        "MAE": 0.700554,
        "RMSE": 3.568661,
        "MAPE": 0.019,
        "R2": 0.9139
      }
    },
    "USD_EUR": {
      "current": 0.8533,
      "next_1h": 0.8533,
      "next_24h": 0.8532,
      "change_pct": -0.001,
      "trend": "\ud83d\udcc9 DOWN",
      "predictions": [
        0.8533,
        0.8533,
        0.8533,
        0.8533,
        0.8533,
        0.8533,
        0.8533,
        0.8533,
        0.8533,
        0.8533,
        0.8533,
        0.8533,
        0.8533,
        0.8533,
        0.8533,
        0.8533,
        0.8533,
        0.8532,
        0.8532,
        0.8532,
        0.8532,
        0.8532,
        0.8532,
        0.8532
      ],
      "metrics": {
        "MAE": 6.8e-05,
        "RMSE": 0.000311,
        "MAPE": 0.0079,
        "R2": 0.8719
      }
    }
  },
  "crypto": {
    "BTC_USD": {
      "current": 77813.0,
      "next_1h": 77819.74,
      "next_24h": 77868.28,
      "change_pct": 0.009,
      "trend": "\ud83d\udcc8 UP",
      "predictions": [
        77819.74,
        77835.65,
        77857.9,
        77846.91,
        77869.7,
        77869.15,
        77869.18,
        77871.68,
        77870.03,
        77871.1,
        77870.91,
        77870.58,
        77870.63,
        77870.29,
        77870.14,
        77869.95,
        77869.72,
        77869.53,
        77869.31,
        77869.1,
        77868.9,
        77868.69,
        77868.48,
        77868.28
      ],
      "metrics": {
        "MAE": 184.794849,
        "RMSE": 274.117821,
        "MAPE": 0.2395,
        "R2": 0.8921
      }
    },
    "ETH_USD": {
      "current": 2305.41,
      "next_1h": 2306.44,
      "next_24h": 2303.15,
      "change_pct": 0.045,
      "trend": "\ud83d\udcc8 UP",
      "predictions": [
        2306.44,
        2307.44,
        2308.7,
        2307.93,
        2309.17,
        2308.98,
        2308.7,
        2308.59,
        2308.16,
        2307.91,
        2307.58,
        2307.21,
        2306.88,
        2306.52,
        2306.18,
        2305.83,
        2305.48,
        2305.14,
        2304.8,
        2304.47,
        2304.13,
        2303.8,
        2303.47,
        2303.15
      ],
      "metrics": {
        "MAE": 6.811116,
        "RMSE": 11.121819,
        "MAPE": 0.2959,
        "R2": 0.8875
      }
    },
    "BNB_USD": {
      "current": 619.85,
      "next_1h": 620.08,
      "next_24h": 619.51,
      "change_pct": 0.037,
      "trend": "\ud83d\udcc8 UP",
      "predictions": [
        620.08,
        620.13,
        620.14,
        620.09,
        620.15,
        620.13,
        620.1,
        620.07,
        620.03,
        620.0,
        619.96,
        619.93,
        619.89,
        619.85,
        619.82,
        619.78,
        619.75,
        619.71,
        619.68,
        619.64,
        619.61,
        619.58,
        619.54,
        619.51
      ],
      "metrics": {
        "MAE": 1.181627,
        "RMSE": 1.699123,
        "MAPE": 0.1889,
        "R2": 0.9519
      }
    }
  }
}