{
  "generated_at": "2026-03-30 06:00:16",
  "exchange_rates": {
    "USD_TZS": {
      "current": 2577.9763,
      "next_1h": 2578.1045,
      "next_24h": 2580.4378,
      "change_pct": 0.005,
      "trend": "\ud83d\udcc8 UP",
      "predictions": [
        2578.1045,
        2578.2291,
        2578.3523,
        2578.4732,
        2578.5937,
        2578.7122,
        2578.8279,
        2578.9411,
        2579.0517,
        2579.1598,
        2579.2654,
        2579.3686,
        2579.4695,
        2579.5681,
        2579.6644,
        2579.7585,
        2579.8504,
        2579.9403,
        2580.0281,
        2580.1138,
        2580.1977,
        2580.2796,
        2580.3596,
        2580.4378
      ],
      "metrics": {
        "MAE": 0.711277,
        "RMSE": 2.165136,
        "MAPE": 0.0277,
        "R2": 0.8529
      }
    },
    "USD_KES": {
      "current": 129.9849,
      "next_1h": 129.9627,
      "next_24h": 129.6281,
      "change_pct": -0.017,
      "trend": "\ud83d\udcc9 DOWN",
      "predictions": [
        129.9627,
        129.9387,
        129.9172,
        129.8976,
        129.8792,
        129.8619,
        129.8451,
        129.8287,
        129.8128,
        129.7974,
        129.7825,
        129.7681,
        129.7542,
        129.7408,
        129.7277,
        129.7151,
        129.703,
        129.6912,
        129.6798,
        129.6687,
        129.6581,
        129.6478,
        129.6378,
        129.6281
      ],
      "metrics": {
        "MAE": 0.017035,
        "RMSE": 0.028045,
        "MAPE": 0.0131,
        "R2": 0.8741
      }
    },
    "USD_UGX": {
      "current": 3741.1488,
      "next_1h": 3741.3611,
      "next_24h": 3745.7208,
      "change_pct": 0.006,
      "trend": "\ud83d\udcc8 UP",
      "predictions": [
        3741.3611,
        3741.5701,
        3741.7755,
        3741.9791,
        3742.1793,
        3742.3763,
        3742.5722,
        3742.7668,
        3742.9603,
        3743.1526,
        3743.3437,
        3743.5336,
        3743.7222,
        3743.9097,
        3744.096,
        3744.2812,
        3744.4651,
        3744.6479,
        3744.8296,
        3745.0101,
        3745.1894,
        3745.3677,
        3745.5448,
        3745.7208
      ],
      "metrics": {
        "MAE": 0.967479,
        "RMSE": 4.149782,
        "MAPE": 0.026,
        "R2": 0.8573
      }
    },
    "USD_EUR": {
      "current": 0.8697,
      "next_1h": 0.8697,
      "next_24h": 0.8688,
      "change_pct": -0.005,
      "trend": "\ud83d\udcc9 DOWN",
      "predictions": [
        0.8697,
        0.8696,
        0.8696,
        0.8696,
        0.8695,
        0.8695,
        0.8694,
        0.8694,
        0.8694,
        0.8693,
        0.8693,
        0.8692,
        0.8692,
        0.8692,
        0.8691,
        0.8691,
        0.8691,
        0.869,
        0.869,
        0.869,
        0.8689,
        0.8689,
        0.8689,
        0.8688
      ],
      "metrics": {
        "MAE": 0.000105,
        "RMSE": 0.000366,
        "MAPE": 0.0122,
        "R2": 0.9699
      }
    }
  },
  "crypto": {
    "BTC_USD": {
      "current": 67462.0,
      "next_1h": 67483.07,
      "next_24h": 68619.62,
      "change_pct": 0.031,
      "trend": "\ud83d\udcc8 UP",
      "predictions": [
        67483.07,
        67520.23,
        67568.45,
        67609.71,
        67679.64,
        67740.0,
        67797.34,
        67853.43,
        67907.94,
        67960.04,
        68012.0,
        68063.29,
        68113.8,
        68163.59,
        68212.65,
        68260.87,
        68308.3,
        68354.97,
        68400.88,
        68446.05,
        68490.5,
        68534.24,
        68577.27,
        68619.62
      ],
      "metrics": {
        "MAE": 192.611475,
        "RMSE": 284.002701,
        "MAPE": 0.285,
        "R2": 0.9709
      }
    },
    "ETH_USD": {
      "current": 2046.95,
      "next_1h": 2049.1,
      "next_24h": 2081.23,
      "change_pct": 0.105,
      "trend": "\ud83d\udcc8 UP",
      "predictions": [
        2049.1,
        2051.01,
        2052.56,
        2054.21,
        2055.83,
        2057.41,
        2058.96,
        2060.49,
        2061.98,
        2063.45,
        2064.88,
        2066.29,
        2067.67,
        2069.03,
        2070.36,
        2071.66,
        2072.94,
        2074.2,
        2075.42,
        2076.63,
        2077.81,
        2078.97,
        2080.11,
        2081.23
      ],
      "metrics": {
        "MAE": 7.197232,
        "RMSE": 10.707798,
        "MAPE": 0.3534,
        "R2": 0.9638
      }
    },
    "BNB_USD": {
      "current": 616.57,
      "next_1h": 617.08,
      "next_24h": 630.7,
      "change_pct": 0.083,
      "trend": "\ud83d\udcc8 UP",
      "predictions": [
        617.08,
        617.81,
        618.6,
        619.3,
        620.03,
        620.71,
        621.37,
        622.01,
        622.64,
        623.26,
        623.87,
        624.46,
        625.04,
        625.61,
        626.17,
        626.72,
        627.25,
        627.78,
        628.29,
        628.79,
        629.29,
        629.77,
        630.24,
        630.7
      ],
      "metrics": {
        "MAE": 1.601764,
        "RMSE": 2.432913,
        "MAPE": 0.2588,
        "R2": 0.9587
      }
    }
  }
}