{
  "generated_at": "2026-06-26 21:36:15",
  "exchange_rates": {
    "USD_TZS": {
      "current": 2621.8729,
      "next_1h": 2621.6254,
      "next_24h": 2616.8418,
      "change_pct": -0.009,
      "trend": "\ud83d\udcc9 DOWN",
      "predictions": [
        2621.6254,
        2621.3801,
        2621.137,
        2620.896,
        2620.6572,
        2620.4204,
        2620.188,
        2619.9599,
        2619.736,
        2619.5163,
        2619.3008,
        2619.0893,
        2618.8817,
        2618.6781,
        2618.4784,
        2618.2824,
        2618.0901,
        2617.9014,
        2617.7163,
        2617.5347,
        2617.3565,
        2617.1816,
        2617.0101,
        2616.8418
      ],
      "metrics": {
        "MAE": 0.429314,
        "RMSE": 1.581929,
        "MAPE": 0.0164,
        "R2": 0.9267
      }
    },
    "USD_KES": {
      "current": 129.5492,
      "next_1h": 129.5476,
      "next_24h": 129.5166,
      "change_pct": -0.001,
      "trend": "\ud83d\udcc9 DOWN",
      "predictions": [
        129.5476,
        129.5461,
        129.5446,
        129.5431,
        129.5417,
        129.5402,
        129.5387,
        129.5373,
        129.5359,
        129.5345,
        129.5331,
        129.5317,
        129.5304,
        129.5291,
        129.5278,
        129.5265,
        129.5252,
        129.5239,
        129.5226,
        129.5214,
        129.5202,
        129.519,
        129.5178,
        129.5166
      ],
      "metrics": {
        "MAE": 0.003069,
        "RMSE": 0.015292,
        "MAPE": 0.0024,
        "R2": 0.8632
      }
    },
    "USD_UGX": {
      "current": 3679.8841,
      "next_1h": 3679.478,
      "next_24h": 3669.8258,
      "change_pct": -0.011,
      "trend": "\ud83d\udcc9 DOWN",
      "predictions": [
        3679.478,
        3679.072,
        3678.6661,
        3678.2603,
        3677.8546,
        3677.449,
        3677.0415,
        3676.6321,
        3676.2209,
        3675.8078,
        3675.3929,
        3674.9761,
        3674.5574,
        3674.1368,
        3673.7144,
        3673.29,
        3672.8637,
        3672.4356,
        3672.0055,
        3671.5734,
        3671.1394,
        3670.7035,
        3670.2656,
        3669.8258
      ],
      "metrics": {
        "MAE": 1.507479,
        "RMSE": 5.117838,
        "MAPE": 0.0412,
        "R2": 0.8854
      }
    },
    "USD_EUR": {
      "current": 0.8801,
      "next_1h": 0.8799,
      "next_24h": 0.8757,
      "change_pct": -0.024,
      "trend": "\ud83d\udcc9 DOWN",
      "predictions": [
        0.8799,
        0.8797,
        0.8795,
        0.8793,
        0.8791,
        0.8789,
        0.8787,
        0.8785,
        0.8783,
        0.8781,
        0.8779,
        0.8778,
        0.8776,
        0.8774,
        0.8772,
        0.8771,
        0.8769,
        0.8767,
        0.8765,
        0.8764,
        0.8762,
        0.876,
        0.8759,
        0.8757
      ],
      "metrics": {
        "MAE": 0.000248,
        "RMSE": 0.000706,
        "MAPE": 0.0283,
        "R2": 0.9752
      }
    }
  },
  "crypto": {
    "BTC_USD": {
      "current": 59819.0,
      "next_1h": 59812.91,
      "next_24h": 59761.4,
      "change_pct": -0.01,
      "trend": "\ud83d\udcc9 DOWN",
      "predictions": [
        59812.91,
        59782.2,
        59791.79,
        59773.55,
        59791.32,
        59789.38,
        59784.75,
        59783.75,
        59781.49,
        59781.65,
        59780.11,
        59778.33,
        59776.91,
        59775.46,
        59774.16,
        59772.72,
        59771.26,
        59769.84,
        59768.43,
        59767.03,
        59765.61,
        59764.2,
        59762.8,
        59761.4
      ],
      "metrics": {
        "MAE": 255.746327,
        "RMSE": 384.718093,
        "MAPE": 0.4133,
        "R2": 0.9493
      }
    },
    "ETH_USD": {
      "current": 1572.79,
      "next_1h": 1573.09,
      "next_24h": 1579.27,
      "change_pct": 0.019,
      "trend": "\ud83d\udcc8 UP",
      "predictions": [
        1573.09,
        1573.41,
        1573.4,
        1573.92,
        1574.15,
        1574.42,
        1574.69,
        1574.98,
        1575.25,
        1575.53,
        1575.8,
        1576.07,
        1576.35,
        1576.62,
        1576.89,
        1577.15,
        1577.42,
        1577.69,
        1577.96,
        1578.22,
        1578.49,
        1578.75,
        1579.01,
        1579.27
      ],
      "metrics": {
        "MAE": 8.598806,
        "RMSE": 13.398331,
        "MAPE": 0.5208,
        "R2": 0.9563
      }
    },
    "BNB_USD": {
      "current": 565.76,
      "next_1h": 566.06,
      "next_24h": 573.87,
      "change_pct": 0.054,
      "trend": "\ud83d\udcc8 UP",
      "predictions": [
        566.06,
        566.44,
        566.71,
        567.12,
        567.47,
        567.83,
        568.18,
        568.54,
        568.89,
        569.24,
        569.58,
        569.93,
        570.27,
        570.61,
        570.95,
        571.28,
        571.61,
        571.94,
        572.27,
        572.6,
        572.92,
        573.24,
        573.56,
        573.87
      ],
      "metrics": {
        "MAE": 2.224029,
        "RMSE": 3.334933,
        "MAPE": 0.3877,
        "R2": 0.9237
      }
    }
  }
}