{
  "generated_at": "2026-05-19 09:24:27",
  "exchange_rates": {
    "USD_TZS": {
      "current": 2577.6567,
      "next_1h": 2578.4299,
      "next_24h": 2598.1745,
      "change_pct": 0.03,
      "trend": "\ud83d\udcc8 UP",
      "predictions": [
        2578.4299,
        2579.9455,
        2581.4129,
        2582.8335,
        2584.209,
        2585.5407,
        2586.8053,
        2587.9813,
        2589.0729,
        2590.0844,
        2591.0198,
        2591.8828,
        2592.678,
        2593.4103,
        2594.0844,
        2594.7048,
        2595.2755,
        2595.8005,
        2596.2833,
        2596.7274,
        2597.1358,
        2597.5114,
        2597.8568,
        2598.1745
      ],
      "metrics": {
        "MAE": 0.593815,
        "RMSE": 2.200906,
        "MAPE": 0.0229,
        "R2": 0.8261
      }
    },
    "USD_KES": {
      "current": 129.2545,
      "next_1h": 129.2524,
      "next_24h": 129.2198,
      "change_pct": -0.002,
      "trend": "\ud83d\udcc9 DOWN",
      "predictions": [
        129.2524,
        129.2507,
        129.249,
        129.2473,
        129.2457,
        129.244,
        129.2424,
        129.2408,
        129.2393,
        129.2378,
        129.2363,
        129.2348,
        129.2334,
        129.232,
        129.2307,
        129.2294,
        129.2281,
        129.2268,
        129.2256,
        129.2244,
        129.2232,
        129.222,
        129.2209,
        129.2198
      ],
      "metrics": {
        "MAE": 0.00343,
        "RMSE": 0.013327,
        "MAPE": 0.0027,
        "R2": 0.9433
      }
    },
    "USD_UGX": {
      "current": 3729.7249,
      "next_1h": 3729.4803,
      "next_24h": 3724.9879,
      "change_pct": -0.007,
      "trend": "\ud83d\udcc9 DOWN",
      "predictions": [
        3729.4803,
        3729.2597,
        3729.0406,
        3728.823,
        3728.6069,
        3728.3922,
        3728.1805,
        3727.9716,
        3727.7655,
        3727.5622,
        3727.3616,
        3727.1637,
        3726.9685,
        3726.776,
        3726.586,
        3726.3986,
        3726.2138,
        3726.0314,
        3725.8515,
        3725.6741,
        3725.499,
        3725.3263,
        3725.156,
        3724.9879
      ],
      "metrics": {
        "MAE": 0.425188,
        "RMSE": 1.470585,
        "MAPE": 0.0114,
        "R2": 0.8893
      }
    },
    "USD_EUR": {
      "current": 0.8584,
      "next_1h": 0.8583,
      "next_24h": 0.8559,
      "change_pct": -0.016,
      "trend": "\ud83d\udcc9 DOWN",
      "predictions": [
        0.8583,
        0.8582,
        0.8581,
        0.8579,
        0.8578,
        0.8577,
        0.8576,
        0.8575,
        0.8573,
        0.8572,
        0.8571,
        0.857,
        0.8569,
        0.8568,
        0.8567,
        0.8566,
        0.8565,
        0.8564,
        0.8563,
        0.8562,
        0.8561,
        0.856,
        0.8559,
        0.8559
      ],
      "metrics": {
        "MAE": 0.000175,
        "RMSE": 0.000497,
        "MAPE": 0.0204,
        "R2": 0.985
      }
    }
  },
  "crypto": {
    "BTC_USD": {
      "current": 76861.0,
      "next_1h": 76900.17,
      "next_24h": 77340.38,
      "change_pct": 0.051,
      "trend": "\ud83d\udcc8 UP",
      "predictions": [
        76900.17,
        76943.48,
        76950.18,
        76966.54,
        76995.64,
        77013.08,
        77032.02,
        77052.19,
        77071.15,
        77089.89,
        77108.9,
        77127.61,
        77146.13,
        77164.56,
        77182.81,
        77200.91,
        77218.86,
        77236.65,
        77254.3,
        77271.81,
        77289.17,
        77306.38,
        77323.45,
        77340.38
      ],
      "metrics": {
        "MAE": 203.472783,
        "RMSE": 280.204934,
        "MAPE": 0.2566,
        "R2": 0.9667
      }
    },
    "ETH_USD": {
      "current": 2123.73,
      "next_1h": 2134.56,
      "next_24h": 2284.8,
      "change_pct": 0.51,
      "trend": "\ud83d\udcc8 UP",
      "predictions": [
        2134.56,
        2145.85,
        2155.42,
        2166.27,
        2175.6,
        2185.02,
        2194.04,
        2202.41,
        2210.37,
        2217.81,
        2224.81,
        2231.39,
        2237.56,
        2243.35,
        2248.78,
        2253.88,
        2258.66,
        2263.14,
        2267.35,
        2271.3,
        2275.0,
        2278.48,
        2281.74,
        2284.8
      ],
      "metrics": {
        "MAE": 9.280546,
        "RMSE": 12.795958,
        "MAPE": 0.4203,
        "R2": 0.9604
      }
    },
    "BNB_USD": {
      "current": 640.61,
      "next_1h": 640.3,
      "next_24h": 639.41,
      "change_pct": -0.048,
      "trend": "\ud83d\udcc9 DOWN",
      "predictions": [
        640.3,
        640.59,
        640.48,
        640.34,
        640.34,
        640.3,
        640.23,
        640.18,
        640.13,
        640.07,
        640.02,
        639.97,
        639.92,
        639.87,
        639.82,
        639.77,
        639.73,
        639.68,
        639.63,
        639.59,
        639.54,
        639.5,
        639.46,
        639.41
      ],
      "metrics": {
        "MAE": 2.100257,
        "RMSE": 2.852101,
        "MAPE": 0.3163,
        "R2": 0.9505
      }
    }
  }
}