{
  "generated_at": "2026-03-21 19:00:31",
  "exchange_rates": {
    "USD_TZS": {
      "current": 2590.7005,
      "next_1h": 2590.4512,
      "next_24h": 2586.1746,
      "change_pct": -0.01,
      "trend": "\ud83d\udcc9 DOWN",
      "predictions": [
        2590.4512,
        2590.2122,
        2589.9766,
        2589.7472,
        2589.5176,
        2589.2936,
        2589.0757,
        2588.8638,
        2588.6577,
        2588.4573,
        2588.2625,
        2588.0732,
        2587.8891,
        2587.7102,
        2587.5363,
        2587.3673,
        2587.203,
        2587.0433,
        2586.888,
        2586.7371,
        2586.5904,
        2586.4479,
        2586.3093,
        2586.1746
      ],
      "metrics": {
        "MAE": 1.001756,
        "RMSE": 3.041802,
        "MAPE": 0.0385,
        "R2": 0.8658
      }
    },
    "USD_KES": {
      "current": 129.4993,
      "next_1h": 129.4791,
      "next_24h": 129.2799,
      "change_pct": -0.016,
      "trend": "\ud83d\udcc9 DOWN",
      "predictions": [
        129.4791,
        129.4567,
        129.4381,
        129.4221,
        129.408,
        129.3953,
        129.3836,
        129.3728,
        129.3627,
        129.3534,
        129.3449,
        129.3371,
        129.3298,
        129.3232,
        129.3171,
        129.3115,
        129.3063,
        129.3015,
        129.2971,
        129.2931,
        129.2894,
        129.2859,
        129.2828,
        129.2799
      ],
      "metrics": {
        "MAE": 0.02311,
        "RMSE": 0.029495,
        "MAPE": 0.0178,
        "R2": 0.1508
      }
    },
    "USD_UGX": {
      "current": 3778.1187,
      "next_1h": 3778.2653,
      "next_24h": 3781.3056,
      "change_pct": 0.004,
      "trend": "\ud83d\udcc8 UP",
      "predictions": [
        3778.2653,
        3778.4094,
        3778.5508,
        3778.6907,
        3778.8281,
        3778.9631,
        3779.0976,
        3779.2316,
        3779.3652,
        3779.4982,
        3779.6308,
        3779.7628,
        3779.8943,
        3780.0252,
        3780.1556,
        3780.2854,
        3780.4148,
        3780.5436,
        3780.6719,
        3780.7997,
        3780.9269,
        3781.0536,
        3781.1799,
        3781.3056
      ],
      "metrics": {
        "MAE": 0.350822,
        "RMSE": 0.96335,
        "MAPE": 0.0093,
        "R2": 0.9235
      }
    },
    "USD_EUR": {
      "current": 0.8656,
      "next_1h": 0.8656,
      "next_24h": 0.8665,
      "change_pct": 0.006,
      "trend": "\ud83d\udcc8 UP",
      "predictions": [
        0.8656,
        0.8657,
        0.8657,
        0.8657,
        0.8658,
        0.8658,
        0.8659,
        0.8659,
        0.866,
        0.866,
        0.866,
        0.8661,
        0.8661,
        0.8662,
        0.8662,
        0.8662,
        0.8663,
        0.8663,
        0.8663,
        0.8664,
        0.8664,
        0.8664,
        0.8665,
        0.8665
      ],
      "metrics": {
        "MAE": 0.000207,
        "RMSE": 0.000713,
        "MAPE": 0.0238,
        "R2": 0.9061
      }
    }
  },
  "crypto": {
    "BTC_USD": {
      "current": 70405.0,
      "next_1h": 70427.53,
      "next_24h": 70862.62,
      "change_pct": 0.032,
      "trend": "\ud83d\udcc8 UP",
      "predictions": [
        70427.53,
        70471.07,
        70489.73,
        70504.95,
        70525.34,
        70544.26,
        70564.43,
        70584.42,
        70603.72,
        70622.82,
        70641.56,
        70660.03,
        70678.27,
        70696.25,
        70713.97,
        70731.45,
        70748.67,
        70765.66,
        70782.4,
        70798.9,
        70815.17,
        70831.22,
        70847.03,
        70862.62
      ],
      "metrics": {
        "MAE": 201.294726,
        "RMSE": 257.275253,
        "MAPE": 0.2864,
        "R2": 0.67
      }
    },
    "ETH_USD": {
      "current": 2151.3,
      "next_1h": 2150.62,
      "next_24h": 2148.98,
      "change_pct": -0.032,
      "trend": "\ud83d\udcc9 DOWN",
      "predictions": [
        2150.62,
        2150.79,
        2150.42,
        2150.49,
        2150.55,
        2150.42,
        2150.35,
        2150.25,
        2150.17,
        2150.09,
        2150.0,
        2149.91,
        2149.82,
        2149.74,
        2149.66,
        2149.58,
        2149.5,
        2149.42,
        2149.35,
        2149.27,
        2149.2,
        2149.12,
        2149.05,
        2148.98
      ],
      "metrics": {
        "MAE": 7.731009,
        "RMSE": 10.12176,
        "MAPE": 0.3588,
        "R2": 0.7725
      }
    },
    "BNB_USD": {
      "current": 641.52,
      "next_1h": 641.9,
      "next_24h": 649.43,
      "change_pct": 0.06,
      "trend": "\ud83d\udcc8 UP",
      "predictions": [
        641.9,
        642.38,
        642.77,
        643.17,
        643.56,
        643.93,
        644.3,
        644.66,
        645.01,
        645.35,
        645.69,
        646.02,
        646.34,
        646.65,
        646.96,
        647.26,
        647.55,
        647.84,
        648.12,
        648.39,
        648.66,
        648.92,
        649.18,
        649.43
      ],
      "metrics": {
        "MAE": 1.426487,
        "RMSE": 1.838291,
        "MAPE": 0.222,
        "R2": 0.7655
      }
    }
  }
}