{
  "generated_at": "2026-06-27 05:27:15",
  "exchange_rates": {
    "USD_TZS": {
      "current": 2602.1351,
      "next_1h": 2602.065,
      "next_24h": 2603.9967,
      "change_pct": -0.003,
      "trend": "\ud83d\udcc9 DOWN",
      "predictions": [
        2602.065,
        2601.9955,
        2601.9266,
        2602.0384,
        2602.1491,
        2602.2589,
        2602.3684,
        2602.4775,
        2602.5863,
        2602.6932,
        2602.7981,
        2602.901,
        2603.0021,
        2603.1013,
        2603.1987,
        2603.2942,
        2603.3879,
        2603.4799,
        2603.5702,
        2603.6587,
        2603.7456,
        2603.8309,
        2603.9146,
        2603.9967
      ],
      "metrics": {
        "MAE": 0.558035,
        "RMSE": 2.271153,
        "MAPE": 0.0213,
        "R2": 0.866
      }
    },
    "USD_KES": {
      "current": 129.5375,
      "next_1h": 129.5361,
      "next_24h": 129.5075,
      "change_pct": -0.001,
      "trend": "\ud83d\udcc9 DOWN",
      "predictions": [
        129.5361,
        129.5346,
        129.5332,
        129.5318,
        129.5305,
        129.5291,
        129.5278,
        129.5265,
        129.5252,
        129.5239,
        129.5226,
        129.5214,
        129.5202,
        129.5189,
        129.5177,
        129.5165,
        129.5154,
        129.5142,
        129.5131,
        129.5119,
        129.5108,
        129.5097,
        129.5086,
        129.5075
      ],
      "metrics": {
        "MAE": 0.003177,
        "RMSE": 0.015315,
        "MAPE": 0.0025,
        "R2": 0.8784
      }
    },
    "USD_UGX": {
      "current": 3659.6107,
      "next_1h": 3659.2821,
      "next_24h": 3648.9968,
      "change_pct": -0.009,
      "trend": "\ud83d\udcc9 DOWN",
      "predictions": [
        3659.2821,
        3658.9541,
        3658.6269,
        3658.1794,
        3657.7328,
        3657.2871,
        3656.8404,
        3656.3925,
        3655.9436,
        3655.4929,
        3655.0405,
        3654.5863,
        3654.1303,
        3653.6726,
        3653.2131,
        3652.7518,
        3652.2887,
        3651.8239,
        3651.3572,
        3650.8888,
        3650.4185,
        3649.9464,
        3649.4725,
        3648.9968
      ],
      "metrics": {
        "MAE": 1.592221,
        "RMSE": 5.373181,
        "MAPE": 0.0436,
        "R2": 0.8803
      }
    },
    "USD_EUR": {
      "current": 0.8778,
      "next_1h": 0.8776,
      "next_24h": 0.8738,
      "change_pct": -0.022,
      "trend": "\ud83d\udcc9 DOWN",
      "predictions": [
        0.8776,
        0.8774,
        0.8772,
        0.8771,
        0.8769,
        0.8767,
        0.8765,
        0.8763,
        0.8761,
        0.876,
        0.8758,
        0.8756,
        0.8755,
        0.8753,
        0.8751,
        0.875,
        0.8748,
        0.8747,
        0.8745,
        0.8743,
        0.8742,
        0.874,
        0.8739,
        0.8738
      ],
      "metrics": {
        "MAE": 0.000276,
        "RMSE": 0.000731,
        "MAPE": 0.0315,
        "R2": 0.9705
      }
    }
  },
  "crypto": {
    "BTC_USD": {
      "current": 60178.0,
      "next_1h": 60151.43,
      "next_24h": 59988.78,
      "change_pct": -0.044,
      "trend": "\ud83d\udcc9 DOWN",
      "predictions": [
        60151.43,
        60143.67,
        60140.67,
        60154.72,
        60148.51,
        60136.77,
        60128.08,
        60120.69,
        60114.17,
        60105.72,
        60096.86,
        60088.44,
        60080.19,
        60071.96,
        60063.56,
        60055.15,
        60046.8,
        60038.49,
        60030.18,
        60021.87,
        60013.57,
        60005.29,
        59997.03,
        59988.78
      ],
      "metrics": {
        "MAE": 248.94785,
        "RMSE": 380.069782,
        "MAPE": 0.4031,
        "R2": 0.9519
      }
    },
    "ETH_USD": {
      "current": 1577.78,
      "next_1h": 1577.79,
      "next_24h": 1579.81,
      "change_pct": 0.001,
      "trend": "\ud83d\udcc8 UP",
      "predictions": [
        1577.79,
        1577.83,
        1578.13,
        1578.12,
        1578.21,
        1578.3,
        1578.39,
        1578.47,
        1578.56,
        1578.64,
        1578.73,
        1578.81,
        1578.9,
        1578.98,
        1579.06,
        1579.15,
        1579.23,
        1579.31,
        1579.4,
        1579.48,
        1579.56,
        1579.65,
        1579.73,
        1579.81
      ],
      "metrics": {
        "MAE": 8.373658,
        "RMSE": 13.20993,
        "MAPE": 0.5085,
        "R2": 0.9589
      }
    },
    "BNB_USD": {
      "current": 564.44,
      "next_1h": 564.69,
      "next_24h": 570.41,
      "change_pct": 0.045,
      "trend": "\ud83d\udcc8 UP",
      "predictions": [
        564.69,
        564.88,
        565.06,
        565.26,
        565.54,
        565.8,
        566.06,
        566.32,
        566.59,
        566.86,
        567.12,
        567.38,
        567.64,
        567.9,
        568.16,
        568.41,
        568.67,
        568.92,
        569.17,
        569.42,
        569.67,
        569.92,
        570.16,
        570.41
      ],
      "metrics": {
        "MAE": 2.128692,
        "RMSE": 3.193818,
        "MAPE": 0.3718,
        "R2": 0.928
      }
    }
  }
}