{
  "generated_at": "2026-07-21 18:43:17",
  "exchange_rates": {
    "USD_TZS": {
      "current": 2626.5347,
      "next_1h": 2626.2802,
      "next_24h": 2621.9106,
      "change_pct": -0.01,
      "trend": "\ud83d\udcc9 DOWN",
      "predictions": [
        2626.2802,
        2626.0307,
        2625.7862,
        2625.5466,
        2625.3117,
        2625.0814,
        2624.8578,
        2624.6406,
        2624.4297,
        2624.2249,
        2624.026,
        2623.8329,
        2623.6454,
        2623.4634,
        2623.2867,
        2623.1151,
        2622.9485,
        2622.7868,
        2622.6297,
        2622.4773,
        2622.3293,
        2622.1856,
        2622.046,
        2621.9106
      ],
      "metrics": {
        "MAE": 0.539527,
        "RMSE": 2.056455,
        "MAPE": 0.0206,
        "R2": 0.9569
      }
    },
    "USD_KES": {
      "current": 129.2986,
      "next_1h": 129.2991,
      "next_24h": 129.3106,
      "change_pct": 0.0,
      "trend": "\ud83d\udcc9 DOWN",
      "predictions": [
        129.2991,
        129.2997,
        129.3002,
        129.3008,
        129.3013,
        129.3018,
        129.3024,
        129.3029,
        129.3034,
        129.3039,
        129.3044,
        129.3049,
        129.3054,
        129.3059,
        129.3064,
        129.3069,
        129.3074,
        129.3079,
        129.3083,
        129.3088,
        129.3093,
        129.3097,
        129.3102,
        129.3106
      ],
      "metrics": {
        "MAE": 0.002482,
        "RMSE": 0.012054,
        "MAPE": 0.0019,
        "R2": 0.9483
      }
    },
    "USD_UGX": {
      "current": 3684.2026,
      "next_1h": 3684.1599,
      "next_24h": 3683.211,
      "change_pct": -0.001,
      "trend": "\ud83d\udcc9 DOWN",
      "predictions": [
        3684.1599,
        3684.1173,
        3684.0748,
        3684.0324,
        3683.9901,
        3683.9478,
        3683.9057,
        3683.8637,
        3683.8219,
        3683.7802,
        3683.7387,
        3683.6973,
        3683.656,
        3683.6149,
        3683.5739,
        3683.533,
        3683.4923,
        3683.4517,
        3683.4112,
        3683.3709,
        3683.3308,
        3683.2907,
        3683.2508,
        3683.211
      ],
      "metrics": {
        "MAE": 0.41121,
        "RMSE": 2.364034,
        "MAPE": 0.0112,
        "R2": 0.9568
      }
    },
    "USD_EUR": {
      "current": 0.8758,
      "next_1h": 0.8758,
      "next_24h": 0.8759,
      "change_pct": 0.0,
      "trend": "\ud83d\udcc9 DOWN",
      "predictions": [
        0.8758,
        0.8758,
        0.8758,
        0.8758,
        0.8758,
        0.8758,
        0.8758,
        0.8758,
        0.8758,
        0.8758,
        0.8758,
        0.8758,
        0.8758,
        0.8758,
        0.8758,
        0.8758,
        0.8758,
        0.8758,
        0.8758,
        0.8758,
        0.8758,
        0.8758,
        0.8759,
        0.8759
      ],
      "metrics": {
        "MAE": 4.2e-05,
        "RMSE": 0.000236,
        "MAPE": 0.0048,
        "R2": 0.9671
      }
    }
  },
  "crypto": {
    "BTC_USD": {
      "current": 66221.0,
      "next_1h": 66211.58,
      "next_24h": 65828.86,
      "change_pct": -0.014,
      "trend": "\ud83d\udcc9 DOWN",
      "predictions": [
        66211.58,
        66196.73,
        66178.13,
        66154.98,
        66137.39,
        66121.15,
        66104.54,
        66087.55,
        66070.54,
        66053.86,
        66037.33,
        66020.83,
        66004.39,
        65988.03,
        65971.76,
        65955.58,
        65939.47,
        65923.43,
        65907.48,
        65891.6,
        65875.8,
        65860.08,
        65844.43,
        65828.86
      ],
      "metrics": {
        "MAE": 99.709803,
        "RMSE": 148.323075,
        "MAPE": 0.1546,
        "R2": 0.9677
      }
    },
    "ETH_USD": {
      "current": 1919.47,
      "next_1h": 1918.83,
      "next_24h": 1900.28,
      "change_pct": -0.033,
      "trend": "\ud83d\udcc9 DOWN",
      "predictions": [
        1918.83,
        1918.0,
        1917.09,
        1916.28,
        1915.45,
        1914.61,
        1913.78,
        1912.96,
        1912.14,
        1911.32,
        1910.5,
        1909.69,
        1908.89,
        1908.09,
        1907.29,
        1906.49,
        1905.7,
        1904.92,
        1904.14,
        1903.36,
        1902.58,
        1901.81,
        1901.04,
        1900.28
      ],
      "metrics": {
        "MAE": 3.966538,
        "RMSE": 5.501991,
        "MAPE": 0.2115,
        "R2": 0.9706
      }
    },
    "BNB_USD": {
      "current": 572.83,
      "next_1h": 572.86,
      "next_24h": 573.49,
      "change_pct": 0.004,
      "trend": "\ud83d\udcc8 UP",
      "predictions": [
        572.86,
        572.89,
        572.9,
        572.93,
        572.96,
        572.99,
        573.02,
        573.05,
        573.08,
        573.1,
        573.13,
        573.16,
        573.19,
        573.22,
        573.25,
        573.27,
        573.3,
        573.33,
        573.36,
        573.38,
        573.41,
        573.44,
        573.46,
        573.49
      ],
      "metrics": {
        "MAE": 0.766769,
        "RMSE": 1.072961,
        "MAPE": 0.1344,
        "R2": 0.9524
      }
    }
  }
}