{
  "generated_at": "2026-07-14 00:17:11",
  "exchange_rates": {
    "USD_TZS": {
      "current": 2627.8658,
      "next_1h": 2627.4807,
      "next_24h": 2621.0804,
      "change_pct": -0.015,
      "trend": "\ud83d\udcc9 DOWN",
      "predictions": [
        2627.4807,
        2627.104,
        2626.7355,
        2626.375,
        2626.0224,
        2625.6774,
        2625.3436,
        2625.0206,
        2624.708,
        2624.4056,
        2624.1132,
        2623.8303,
        2623.5567,
        2623.2922,
        2623.0363,
        2622.7888,
        2622.5495,
        2622.318,
        2622.0941,
        2621.8776,
        2621.6682,
        2621.4657,
        2621.2698,
        2621.0804
      ],
      "metrics": {
        "MAE": 0.387579,
        "RMSE": 0.658779,
        "MAPE": 0.0148,
        "R2": 0.8455
      }
    },
    "USD_KES": {
      "current": 129.1822,
      "next_1h": 129.1856,
      "next_24h": 129.2535,
      "change_pct": 0.003,
      "trend": "\ud83d\udcc8 UP",
      "predictions": [
        129.1856,
        129.1889,
        129.1923,
        129.1956,
        129.1989,
        129.2022,
        129.2054,
        129.2086,
        129.2117,
        129.2148,
        129.2179,
        129.2208,
        129.2238,
        129.2267,
        129.2296,
        129.2324,
        129.2352,
        129.2379,
        129.2406,
        129.2432,
        129.2459,
        129.2484,
        129.251,
        129.2535
      ],
      "metrics": {
        "MAE": 0.005075,
        "RMSE": 0.013707,
        "MAPE": 0.0039,
        "R2": 0.8779
      }
    },
    "USD_UGX": {
      "current": 3659.3418,
      "next_1h": 3659.3038,
      "next_24h": 3658.4511,
      "change_pct": -0.001,
      "trend": "\ud83d\udcc9 DOWN",
      "predictions": [
        3659.3038,
        3659.2659,
        3659.228,
        3659.1903,
        3659.1525,
        3659.1149,
        3659.0774,
        3659.0399,
        3659.0025,
        3658.9652,
        3658.9279,
        3658.8908,
        3658.8537,
        3658.8167,
        3658.7798,
        3658.7429,
        3658.7062,
        3658.6695,
        3658.6329,
        3658.5964,
        3658.5599,
        3658.5236,
        3658.4873,
        3658.4511
      ],
      "metrics": {
        "MAE": 0.612139,
        "RMSE": 3.182437,
        "MAPE": 0.0168,
        "R2": 0.8952
      }
    },
    "USD_EUR": {
      "current": 0.8768,
      "next_1h": 0.8768,
      "next_24h": 0.8768,
      "change_pct": 0.0,
      "trend": "\ud83d\udcc9 DOWN",
      "predictions": [
        0.8768,
        0.8768,
        0.8768,
        0.8768,
        0.8768,
        0.8768,
        0.8768,
        0.8768,
        0.8768,
        0.8768,
        0.8768,
        0.8768,
        0.8768,
        0.8768,
        0.8768,
        0.8768,
        0.8768,
        0.8768,
        0.8768,
        0.8768,
        0.8768,
        0.8768,
        0.8768,
        0.8768
      ],
      "metrics": {
        "MAE": 3.2e-05,
        "RMSE": 0.000177,
        "MAPE": 0.0037,
        "R2": 0.9414
      }
    }
  },
  "crypto": {
    "BTC_USD": {
      "current": 62333.0,
      "next_1h": 62321.74,
      "next_24h": 62220.95,
      "change_pct": -0.018,
      "trend": "\ud83d\udcc9 DOWN",
      "predictions": [
        62321.74,
        62290.94,
        62278.59,
        62284.54,
        62290.0,
        62285.11,
        62279.61,
        62275.71,
        62272.73,
        62269.47,
        62265.81,
        62262.17,
        62258.64,
        62255.17,
        62251.68,
        62248.2,
        62244.74,
        62241.29,
        62237.86,
        62234.45,
        62231.05,
        62227.67,
        62224.3,
        62220.95
      ],
      "metrics": {
        "MAE": 93.901333,
        "RMSE": 129.45796,
        "MAPE": 0.1479,
        "R2": 0.9634
      }
    },
    "ETH_USD": {
      "current": 1776.94,
      "next_1h": 1775.72,
      "next_24h": 1764.72,
      "change_pct": -0.069,
      "trend": "\ud83d\udcc9 DOWN",
      "predictions": [
        1775.72,
        1774.53,
        1774.17,
        1773.85,
        1773.14,
        1772.67,
        1772.23,
        1771.77,
        1771.31,
        1770.85,
        1770.4,
        1769.95,
        1769.5,
        1769.06,
        1768.61,
        1768.17,
        1767.73,
        1767.29,
        1766.86,
        1766.43,
        1766.0,
        1765.57,
        1765.14,
        1764.72
      ],
      "metrics": {
        "MAE": 3.857294,
        "RMSE": 5.889659,
        "MAPE": 0.2154,
        "R2": 0.9311
      }
    },
    "BNB_USD": {
      "current": 567.03,
      "next_1h": 567.04,
      "next_24h": 568.07,
      "change_pct": 0.001,
      "trend": "\ud83d\udcc8 UP",
      "predictions": [
        567.04,
        567.06,
        567.13,
        567.21,
        567.24,
        567.29,
        567.33,
        567.38,
        567.42,
        567.47,
        567.51,
        567.56,
        567.6,
        567.64,
        567.69,
        567.73,
        567.77,
        567.82,
        567.86,
        567.9,
        567.94,
        567.99,
        568.03,
        568.07
      ],
      "metrics": {
        "MAE": 0.788107,
        "RMSE": 1.146334,
        "MAPE": 0.1375,
        "R2": 0.9376
      }
    }
  }
}