{
  "generated_at": "2026-05-18 19:38:41",
  "exchange_rates": {
    "USD_TZS": {
      "current": 2601.6547,
      "next_1h": 2601.6689,
      "next_24h": 2601.8446,
      "change_pct": 0.001,
      "trend": "\ud83d\udcc8 UP",
      "predictions": [
        2601.6689,
        2601.6826,
        2601.6959,
        2601.7087,
        2601.7211,
        2601.7332,
        2601.7444,
        2601.7548,
        2601.7644,
        2601.7734,
        2601.7816,
        2601.7892,
        2601.7962,
        2601.8027,
        2601.8086,
        2601.8141,
        2601.8191,
        2601.8237,
        2601.8279,
        2601.8319,
        2601.8354,
        2601.8387,
        2601.8418,
        2601.8446
      ],
      "metrics": {
        "MAE": 0.443614,
        "RMSE": 0.936096,
        "MAPE": 0.0171,
        "R2": 0.9344
      }
    },
    "USD_KES": {
      "current": 129.2898,
      "next_1h": 129.2874,
      "next_24h": 129.2423,
      "change_pct": -0.002,
      "trend": "\ud83d\udcc9 DOWN",
      "predictions": [
        129.2874,
        129.2851,
        129.2827,
        129.2804,
        129.2781,
        129.2758,
        129.2736,
        129.2714,
        129.2693,
        129.2672,
        129.2651,
        129.2631,
        129.2612,
        129.2593,
        129.2574,
        129.2556,
        129.2538,
        129.252,
        129.2503,
        129.2486,
        129.247,
        129.2454,
        129.2438,
        129.2423
      ],
      "metrics": {
        "MAE": 0.003326,
        "RMSE": 0.013339,
        "MAPE": 0.0026,
        "R2": 0.9313
      }
    },
    "USD_UGX": {
      "current": 3733.2403,
      "next_1h": 3732.944,
      "next_24h": 3726.9697,
      "change_pct": -0.008,
      "trend": "\ud83d\udcc9 DOWN",
      "predictions": [
        3732.944,
        3732.6499,
        3732.3578,
        3732.0677,
        3731.7796,
        3731.4936,
        3731.2114,
        3730.9331,
        3730.6587,
        3730.388,
        3730.121,
        3729.8578,
        3729.5982,
        3729.3422,
        3729.0898,
        3728.8408,
        3728.5953,
        3728.3533,
        3728.1145,
        3727.8791,
        3727.647,
        3727.4181,
        3727.1923,
        3726.9697
      ],
      "metrics": {
        "MAE": 0.475959,
        "RMSE": 1.6036,
        "MAPE": 0.0128,
        "R2": 0.8541
      }
    },
    "USD_EUR": {
      "current": 0.8606,
      "next_1h": 0.8604,
      "next_24h": 0.8574,
      "change_pct": -0.018,
      "trend": "\ud83d\udcc9 DOWN",
      "predictions": [
        0.8604,
        0.8603,
        0.8601,
        0.86,
        0.8598,
        0.8597,
        0.8595,
        0.8594,
        0.8592,
        0.8591,
        0.859,
        0.8588,
        0.8587,
        0.8586,
        0.8585,
        0.8583,
        0.8582,
        0.8581,
        0.858,
        0.8579,
        0.8577,
        0.8576,
        0.8575,
        0.8574
      ],
      "metrics": {
        "MAE": 0.000152,
        "RMSE": 0.000467,
        "MAPE": 0.0177,
        "R2": 0.9875
      }
    }
  },
  "crypto": {
    "BTC_USD": {
      "current": 76687.0,
      "next_1h": 76717.95,
      "next_24h": 77282.31,
      "change_pct": 0.04,
      "trend": "\ud83d\udcc8 UP",
      "predictions": [
        76717.95,
        76756.18,
        76800.93,
        76816.97,
        76835.76,
        76862.75,
        76887.31,
        76912.96,
        76938.94,
        76964.05,
        76988.81,
        77013.26,
        77037.31,
        77061.06,
        77084.52,
        77107.66,
        77130.51,
        77153.06,
        77175.31,
        77197.28,
        77218.96,
        77240.35,
        77261.47,
        77282.31
      ],
      "metrics": {
        "MAE": 219.917255,
        "RMSE": 308.665571,
        "MAPE": 0.276,
        "R2": 0.9563
      }
    },
    "ETH_USD": {
      "current": 2108.61,
      "next_1h": 2123.44,
      "next_24h": 2285.44,
      "change_pct": 0.703,
      "trend": "\ud83d\udcc8 UP",
      "predictions": [
        2123.44,
        2133.88,
        2147.51,
        2157.98,
        2169.14,
        2179.72,
        2189.25,
        2198.47,
        2206.98,
        2214.96,
        2222.46,
        2229.45,
        2236.01,
        2242.14,
        2247.87,
        2253.24,
        2258.26,
        2262.96,
        2267.36,
        2271.47,
        2275.32,
        2278.92,
        2282.29,
        2285.44
      ],
      "metrics": {
        "MAE": 9.586401,
        "RMSE": 13.052878,
        "MAPE": 0.4311,
        "R2": 0.9589
      }
    },
    "BNB_USD": {
      "current": 642.51,
      "next_1h": 642.62,
      "next_24h": 639.72,
      "change_pct": 0.017,
      "trend": "\ud83d\udcc8 UP",
      "predictions": [
        642.62,
        642.22,
        642.21,
        642.04,
        641.84,
        641.71,
        641.59,
        641.45,
        641.33,
        641.21,
        641.09,
        640.97,
        640.85,
        640.74,
        640.63,
        640.52,
        640.41,
        640.31,
        640.2,
        640.1,
        640.0,
        639.91,
        639.81,
        639.72
      ],
      "metrics": {
        "MAE": 2.250027,
        "RMSE": 3.03516,
        "MAPE": 0.3386,
        "R2": 0.9365
      }
    }
  }
}