{
  "generated_at": "2026-07-21 07:17:11",
  "exchange_rates": {
    "USD_TZS": {
      "current": 2626.5347,
      "next_1h": 2626.2766,
      "next_24h": 2621.8522,
      "change_pct": -0.01,
      "trend": "\ud83d\udcc9 DOWN",
      "predictions": [
        2626.2766,
        2626.0237,
        2625.7759,
        2625.533,
        2625.2949,
        2625.0616,
        2624.8349,
        2624.6149,
        2624.4012,
        2624.1937,
        2623.9923,
        2623.7968,
        2623.607,
        2623.4227,
        2623.2439,
        2623.0702,
        2622.9017,
        2622.7381,
        2622.5792,
        2622.4251,
        2622.2754,
        2622.1301,
        2621.9891,
        2621.8522
      ],
      "metrics": {
        "MAE": 0.541388,
        "RMSE": 2.065823,
        "MAPE": 0.0207,
        "R2": 0.9565
      }
    },
    "USD_KES": {
      "current": 129.2986,
      "next_1h": 129.2992,
      "next_24h": 129.3115,
      "change_pct": 0.0,
      "trend": "\ud83d\udcc9 DOWN",
      "predictions": [
        129.2992,
        129.2998,
        129.3003,
        129.3009,
        129.3015,
        129.3021,
        129.3026,
        129.3032,
        129.3037,
        129.3043,
        129.3048,
        129.3054,
        129.3059,
        129.3064,
        129.307,
        129.3075,
        129.308,
        129.3085,
        129.309,
        129.3095,
        129.31,
        129.3105,
        129.311,
        129.3115
      ],
      "metrics": {
        "MAE": 0.002584,
        "RMSE": 0.012114,
        "MAPE": 0.002,
        "R2": 0.9565
      }
    },
    "USD_UGX": {
      "current": 3684.2026,
      "next_1h": 3684.1606,
      "next_24h": 3683.2264,
      "change_pct": -0.001,
      "trend": "\ud83d\udcc9 DOWN",
      "predictions": [
        3684.1606,
        3684.1186,
        3684.0768,
        3684.035,
        3683.9933,
        3683.9517,
        3683.9103,
        3683.869,
        3683.8278,
        3683.7867,
        3683.7458,
        3683.7051,
        3683.6644,
        3683.6239,
        3683.5836,
        3683.5433,
        3683.5033,
        3683.4633,
        3683.4235,
        3683.3838,
        3683.3442,
        3683.3048,
        3683.2655,
        3683.2264
      ],
      "metrics": {
        "MAE": 0.415038,
        "RMSE": 2.375054,
        "MAPE": 0.0113,
        "R2": 0.9584
      }
    },
    "USD_EUR": {
      "current": 0.8758,
      "next_1h": 0.8758,
      "next_24h": 0.8759,
      "change_pct": 0.0,
      "trend": "\ud83d\udcc9 DOWN",
      "predictions": [
        0.8758,
        0.8758,
        0.8758,
        0.8758,
        0.8758,
        0.8758,
        0.8758,
        0.8758,
        0.8758,
        0.8758,
        0.8758,
        0.8758,
        0.8758,
        0.8758,
        0.8758,
        0.8758,
        0.8758,
        0.8758,
        0.8758,
        0.8758,
        0.8758,
        0.8758,
        0.8759,
        0.8759
      ],
      "metrics": {
        "MAE": 4.3e-05,
        "RMSE": 0.000237,
        "MAPE": 0.0049,
        "R2": 0.9668
      }
    }
  },
  "crypto": {
    "BTC_USD": {
      "current": 65832.0,
      "next_1h": 65799.3,
      "next_24h": 65469.97,
      "change_pct": -0.05,
      "trend": "\ud83d\udcc9 DOWN",
      "predictions": [
        65799.3,
        65782.56,
        65775.19,
        65769.02,
        65751.18,
        65734.3,
        65718.87,
        65704.19,
        65689.35,
        65674.1,
        65658.96,
        65643.99,
        65629.13,
        65614.32,
        65599.56,
        65584.87,
        65570.27,
        65555.73,
        65541.26,
        65526.86,
        65512.53,
        65498.28,
        65484.09,
        65469.97
      ],
      "metrics": {
        "MAE": 99.08656,
        "RMSE": 148.495011,
        "MAPE": 0.154,
        "R2": 0.9454
      }
    },
    "ETH_USD": {
      "current": 1933.7,
      "next_1h": 1932.28,
      "next_24h": 1910.5,
      "change_pct": -0.074,
      "trend": "\ud83d\udcc9 DOWN",
      "predictions": [
        1932.28,
        1931.33,
        1930.43,
        1929.33,
        1928.35,
        1927.37,
        1926.39,
        1925.42,
        1924.45,
        1923.49,
        1922.53,
        1921.57,
        1920.62,
        1919.68,
        1918.74,
        1917.81,
        1916.88,
        1915.95,
        1915.03,
        1914.12,
        1913.21,
        1912.3,
        1911.4,
        1910.5
      ],
      "metrics": {
        "MAE": 4.136879,
        "RMSE": 6.177092,
        "MAPE": 0.2205,
        "R2": 0.9577
      }
    },
    "BNB_USD": {
      "current": 575.3,
      "next_1h": 575.31,
      "next_24h": 575.69,
      "change_pct": 0.002,
      "trend": "\ud83d\udcc8 UP",
      "predictions": [
        575.31,
        575.35,
        575.39,
        575.38,
        575.4,
        575.42,
        575.43,
        575.45,
        575.46,
        575.48,
        575.49,
        575.51,
        575.52,
        575.54,
        575.55,
        575.57,
        575.58,
        575.6,
        575.61,
        575.63,
        575.64,
        575.66,
        575.67,
        575.69
      ],
      "metrics": {
        "MAE": 0.795403,
        "RMSE": 1.117152,
        "MAPE": 0.1393,
        "R2": 0.9551
      }
    }
  }
}