{
  "generated_at": "2026-07-23 04:17:12",
  "exchange_rates": {
    "USD_TZS": {
      "current": 2629.5122,
      "next_1h": 2629.2111,
      "next_24h": 2623.8021,
      "change_pct": -0.011,
      "trend": "\ud83d\udcc9 DOWN",
      "predictions": [
        2629.2111,
        2628.9158,
        2628.6152,
        2628.3204,
        2628.0312,
        2627.7475,
        2627.4716,
        2627.2032,
        2626.9424,
        2626.6888,
        2626.4423,
        2626.2027,
        2625.9699,
        2625.7436,
        2625.5236,
        2625.3098,
        2625.102,
        2624.9001,
        2624.7038,
        2624.5131,
        2624.3277,
        2624.1475,
        2623.9723,
        2623.8021
      ],
      "metrics": {
        "MAE": 0.51775,
        "RMSE": 2.013605,
        "MAPE": 0.0198,
        "R2": 0.9585
      }
    },
    "USD_KES": {
      "current": 129.3132,
      "next_1h": 129.3133,
      "next_24h": 129.3205,
      "change_pct": 0.0,
      "trend": "\ud83d\udcc9 DOWN",
      "predictions": [
        129.3133,
        129.3133,
        129.3137,
        129.314,
        129.3143,
        129.3147,
        129.315,
        129.3154,
        129.3157,
        129.316,
        129.3164,
        129.3167,
        129.317,
        129.3174,
        129.3177,
        129.318,
        129.3183,
        129.3186,
        129.3189,
        129.3193,
        129.3196,
        129.3199,
        129.3202,
        129.3205
      ],
      "metrics": {
        "MAE": 0.00285,
        "RMSE": 0.01389,
        "MAPE": 0.0022,
        "R2": 0.8871
      }
    },
    "USD_UGX": {
      "current": 3709.7573,
      "next_1h": 3709.6521,
      "next_24h": 3706.8661,
      "change_pct": -0.003,
      "trend": "\ud83d\udcc9 DOWN",
      "predictions": [
        3709.6521,
        3709.5471,
        3709.4214,
        3709.2959,
        3709.1706,
        3709.0457,
        3708.9211,
        3708.7969,
        3708.6732,
        3708.5498,
        3708.4269,
        3708.3044,
        3708.1823,
        3708.0606,
        3707.9394,
        3707.8185,
        3707.698,
        3707.578,
        3707.4583,
        3707.3391,
        3707.2202,
        3707.1018,
        3706.9838,
        3706.8661
      ],
      "metrics": {
        "MAE": 0.506493,
        "RMSE": 2.655023,
        "MAPE": 0.0137,
        "R2": 0.9493
      }
    },
    "USD_EUR": {
      "current": 0.8764,
      "next_1h": 0.8764,
      "next_24h": 0.8765,
      "change_pct": 0.001,
      "trend": "\ud83d\udcc8 UP",
      "predictions": [
        0.8764,
        0.8764,
        0.8764,
        0.8764,
        0.8764,
        0.8764,
        0.8764,
        0.8764,
        0.8764,
        0.8764,
        0.8764,
        0.8764,
        0.8764,
        0.8764,
        0.8764,
        0.8764,
        0.8764,
        0.8765,
        0.8765,
        0.8765,
        0.8765,
        0.8765,
        0.8765,
        0.8765
      ],
      "metrics": {
        "MAE": 4.3e-05,
        "RMSE": 0.000225,
        "MAPE": 0.0049,
        "R2": 0.9695
      }
    }
  },
  "crypto": {
    "BTC_USD": {
      "current": 65595.0,
      "next_1h": 65583.44,
      "next_24h": 65263.47,
      "change_pct": -0.018,
      "trend": "\ud83d\udcc9 DOWN",
      "predictions": [
        65583.44,
        65567.95,
        65552.08,
        65538.41,
        65522.87,
        65508.72,
        65494.53,
        65480.4,
        65466.35,
        65452.32,
        65438.4,
        65424.55,
        65410.77,
        65397.05,
        65383.39,
        65369.81,
        65356.29,
        65342.83,
        65329.44,
        65316.12,
        65302.86,
        65289.67,
        65276.54,
        65263.47
      ],
      "metrics": {
        "MAE": 97.541481,
        "RMSE": 142.601013,
        "MAPE": 0.1504,
        "R2": 0.9806
      }
    },
    "ETH_USD": {
      "current": 1919.48,
      "next_1h": 1918.56,
      "next_24h": 1899.83,
      "change_pct": -0.048,
      "trend": "\ud83d\udcc9 DOWN",
      "predictions": [
        1918.56,
        1917.75,
        1916.95,
        1916.05,
        1915.22,
        1914.37,
        1913.53,
        1912.69,
        1911.86,
        1911.03,
        1910.2,
        1909.38,
        1908.56,
        1907.75,
        1906.94,
        1906.13,
        1905.33,
        1904.53,
        1903.74,
        1902.95,
        1902.16,
        1901.38,
        1900.6,
        1899.83
      ],
      "metrics": {
        "MAE": 3.909628,
        "RMSE": 5.484278,
        "MAPE": 0.2076,
        "R2": 0.9783
      }
    },
    "BNB_USD": {
      "current": 569.44,
      "next_1h": 569.47,
      "next_24h": 570.37,
      "change_pct": 0.005,
      "trend": "\ud83d\udcc8 UP",
      "predictions": [
        569.47,
        569.51,
        569.57,
        569.58,
        569.63,
        569.67,
        569.71,
        569.75,
        569.79,
        569.83,
        569.87,
        569.91,
        569.95,
        569.99,
        570.03,
        570.07,
        570.11,
        570.15,
        570.18,
        570.22,
        570.26,
        570.3,
        570.34,
        570.37
      ],
      "metrics": {
        "MAE": 0.750253,
        "RMSE": 1.039788,
        "MAPE": 0.1318,
        "R2": 0.9056
      }
    }
  }
}