{
  "generated_at": "2026-06-29 20:43:55",
  "exchange_rates": {
    "USD_TZS": {
      "current": 2630.0296,
      "next_1h": 2629.6227,
      "next_24h": 2621.8802,
      "change_pct": -0.015,
      "trend": "\ud83d\udcc9 DOWN",
      "predictions": [
        2629.6227,
        2629.2198,
        2628.821,
        2628.4263,
        2628.0356,
        2627.6489,
        2627.2698,
        2626.8983,
        2626.5342,
        2626.1775,
        2625.8279,
        2625.4855,
        2625.15,
        2624.8213,
        2624.4993,
        2624.1838,
        2623.8748,
        2623.572,
        2623.2754,
        2622.9848,
        2622.7001,
        2622.4212,
        2622.1479,
        2621.8802
      ],
      "metrics": {
        "MAE": 0.68479,
        "RMSE": 2.98934,
        "MAPE": 0.0261,
        "R2": 0.8926
      }
    },
    "USD_KES": {
      "current": 129.524,
      "next_1h": 129.5226,
      "next_24h": 129.4943,
      "change_pct": -0.001,
      "trend": "\ud83d\udcc9 DOWN",
      "predictions": [
        129.5226,
        129.5211,
        129.5197,
        129.5183,
        129.5169,
        129.5156,
        129.5142,
        129.5129,
        129.5116,
        129.5103,
        129.509,
        129.5078,
        129.5065,
        129.5053,
        129.5041,
        129.503,
        129.5018,
        129.5007,
        129.4996,
        129.4985,
        129.4974,
        129.4963,
        129.4953,
        129.4943
      ],
      "metrics": {
        "MAE": 0.003389,
        "RMSE": 0.015199,
        "MAPE": 0.0026,
        "R2": 0.925
      }
    },
    "USD_UGX": {
      "current": 3661.4265,
      "next_1h": 3661.4631,
      "next_24h": 3662.2853,
      "change_pct": 0.001,
      "trend": "\ud83d\udcc8 UP",
      "predictions": [
        3661.4631,
        3661.4996,
        3661.5361,
        3661.5725,
        3661.6089,
        3661.6453,
        3661.6815,
        3661.7177,
        3661.7538,
        3661.7898,
        3661.8257,
        3661.8615,
        3661.8973,
        3661.933,
        3661.9686,
        3662.0041,
        3662.0395,
        3662.0749,
        3662.1102,
        3662.1453,
        3662.1805,
        3662.2155,
        3662.2505,
        3662.2853
      ],
      "metrics": {
        "MAE": 0.650547,
        "RMSE": 3.417684,
        "MAPE": 0.0178,
        "R2": 0.9267
      }
    },
    "USD_EUR": {
      "current": 0.8782,
      "next_1h": 0.8782,
      "next_24h": 0.8778,
      "change_pct": -0.002,
      "trend": "\ud83d\udcc9 DOWN",
      "predictions": [
        0.8782,
        0.8782,
        0.8782,
        0.8782,
        0.8782,
        0.8781,
        0.8781,
        0.8781,
        0.8781,
        0.8781,
        0.8781,
        0.878,
        0.878,
        0.878,
        0.878,
        0.878,
        0.878,
        0.8779,
        0.8779,
        0.8779,
        0.8779,
        0.8779,
        0.8779,
        0.8778
      ],
      "metrics": {
        "MAE": 9.9e-05,
        "RMSE": 0.000477,
        "MAPE": 0.0113,
        "R2": 0.9738
      }
    }
  },
  "crypto": {
    "BTC_USD": {
      "current": 60354.0,
      "next_1h": 60382.85,
      "next_24h": 60396.99,
      "change_pct": 0.048,
      "trend": "\ud83d\udcc8 UP",
      "predictions": [
        60382.85,
        60429.82,
        60404.03,
        60410.1,
        60416.91,
        60418.32,
        60419.28,
        60415.84,
        60415.17,
        60414.73,
        60413.62,
        60412.35,
        60410.88,
        60409.66,
        60408.46,
        60407.18,
        60405.88,
        60404.59,
        60403.32,
        60402.06,
        60400.78,
        60399.52,
        60398.25,
        60396.99
      ],
      "metrics": {
        "MAE": 255.848443,
        "RMSE": 378.998744,
        "MAPE": 0.4194,
        "R2": 0.9529
      }
    },
    "ETH_USD": {
      "current": 1620.64,
      "next_1h": 1622.74,
      "next_24h": 1623.99,
      "change_pct": 0.129,
      "trend": "\ud83d\udcc8 UP",
      "predictions": [
        1622.74,
        1621.36,
        1621.67,
        1621.83,
        1622.01,
        1622.01,
        1622.16,
        1622.28,
        1622.39,
        1622.49,
        1622.6,
        1622.71,
        1622.82,
        1622.93,
        1623.03,
        1623.14,
        1623.25,
        1623.35,
        1623.46,
        1623.57,
        1623.67,
        1623.78,
        1623.88,
        1623.99
      ],
      "metrics": {
        "MAE": 8.278581,
        "RMSE": 13.152596,
        "MAPE": 0.5111,
        "R2": 0.9569
      }
    },
    "BNB_USD": {
      "current": 560.36,
      "next_1h": 561.2,
      "next_24h": 567.5,
      "change_pct": 0.15,
      "trend": "\ud83d\udcc8 UP",
      "predictions": [
        561.2,
        561.41,
        561.69,
        561.97,
        562.3,
        562.58,
        562.86,
        563.15,
        563.44,
        563.72,
        564.0,
        564.28,
        564.56,
        564.83,
        565.11,
        565.38,
        565.65,
        565.92,
        566.19,
        566.45,
        566.71,
        566.98,
        567.24,
        567.5
      ],
      "metrics": {
        "MAE": 2.146251,
        "RMSE": 3.173937,
        "MAPE": 0.3791,
        "R2": 0.945
      }
    }
  }
}