{
  "generated_at": "2026-07-17 05:43:17",
  "exchange_rates": {
    "USD_TZS": {
      "current": 2628.277,
      "next_1h": 2628.0436,
      "next_24h": 2622.0468,
      "change_pct": -0.009,
      "trend": "\ud83d\udcc9 DOWN",
      "predictions": [
        2628.0436,
        2627.6964,
        2627.3565,
        2627.0236,
        2626.6977,
        2626.3786,
        2626.0682,
        2625.7673,
        2625.4757,
        2625.1931,
        2624.9193,
        2624.6539,
        2624.3969,
        2624.1479,
        2623.9066,
        2623.6728,
        2623.4463,
        2623.2269,
        2623.0143,
        2622.8084,
        2622.6089,
        2622.4155,
        2622.2282,
        2622.0468
      ],
      "metrics": {
        "MAE": 0.551686,
        "RMSE": 2.167958,
        "MAPE": 0.0211,
        "R2": 0.9453
      }
    },
    "USD_KES": {
      "current": 129.3048,
      "next_1h": 129.3055,
      "next_24h": 129.33,
      "change_pct": 0.001,
      "trend": "\ud83d\udcc8 UP",
      "predictions": [
        129.3055,
        129.3067,
        129.3079,
        129.309,
        129.3102,
        129.3114,
        129.3125,
        129.3137,
        129.3148,
        129.3159,
        129.317,
        129.3181,
        129.3191,
        129.3202,
        129.3212,
        129.3222,
        129.3233,
        129.3243,
        129.3252,
        129.3262,
        129.3272,
        129.3281,
        129.3291,
        129.33
      ],
      "metrics": {
        "MAE": 0.004449,
        "RMSE": 0.015408,
        "MAPE": 0.0034,
        "R2": 0.9496
      }
    },
    "USD_UGX": {
      "current": 3681.1587,
      "next_1h": 3681.1205,
      "next_24h": 3680.4263,
      "change_pct": -0.001,
      "trend": "\ud83d\udcc9 DOWN",
      "predictions": [
        3681.1205,
        3681.0893,
        3681.0582,
        3681.0272,
        3680.9962,
        3680.9653,
        3680.9345,
        3680.9039,
        3680.8733,
        3680.8428,
        3680.8124,
        3680.7821,
        3680.7519,
        3680.7218,
        3680.6918,
        3680.6619,
        3680.6321,
        3680.6024,
        3680.5728,
        3680.5433,
        3680.5139,
        3680.4846,
        3680.4554,
        3680.4263
      ],
      "metrics": {
        "MAE": 0.368843,
        "RMSE": 2.003102,
        "MAPE": 0.01,
        "R2": 0.9623
      }
    },
    "USD_EUR": {
      "current": 0.8735,
      "next_1h": 0.8735,
      "next_24h": 0.8737,
      "change_pct": 0.001,
      "trend": "\ud83d\udcc8 UP",
      "predictions": [
        0.8735,
        0.8735,
        0.8735,
        0.8735,
        0.8735,
        0.8735,
        0.8736,
        0.8736,
        0.8736,
        0.8736,
        0.8736,
        0.8736,
        0.8736,
        0.8736,
        0.8736,
        0.8736,
        0.8737,
        0.8737,
        0.8737,
        0.8737,
        0.8737,
        0.8737,
        0.8737,
        0.8737
      ],
      "metrics": {
        "MAE": 4.8e-05,
        "RMSE": 0.000255,
        "MAPE": 0.0055,
        "R2": 0.9533
      }
    }
  },
  "crypto": {
    "BTC_USD": {
      "current": 62983.0,
      "next_1h": 62989.9,
      "next_24h": 62921.77,
      "change_pct": 0.011,
      "trend": "\ud83d\udcc8 UP",
      "predictions": [
        62989.9,
        63007.51,
        63014.38,
        63003.44,
        62987.42,
        62984.67,
        62982.83,
        62979.69,
        62975.42,
        62971.31,
        62967.73,
        62964.2,
        62960.59,
        62956.95,
        62953.34,
        62949.77,
        62946.22,
        62942.68,
        62939.15,
        62935.64,
        62932.15,
        62928.67,
        62925.22,
        62921.77
      ],
      "metrics": {
        "MAE": 116.406067,
        "RMSE": 161.167954,
        "MAPE": 0.1824,
        "R2": 0.9691
      }
    },
    "ETH_USD": {
      "current": 1832.44,
      "next_1h": 1831.69,
      "next_24h": 1818.56,
      "change_pct": -0.041,
      "trend": "\ud83d\udcc9 DOWN",
      "predictions": [
        1831.69,
        1831.66,
        1831.26,
        1830.32,
        1829.9,
        1829.3,
        1828.67,
        1828.03,
        1827.43,
        1826.81,
        1826.2,
        1825.59,
        1824.99,
        1824.39,
        1823.79,
        1823.2,
        1822.61,
        1822.02,
        1821.43,
        1820.85,
        1820.27,
        1819.7,
        1819.13,
        1818.56
      ],
      "metrics": {
        "MAE": 4.893796,
        "RMSE": 7.539315,
        "MAPE": 0.2651,
        "R2": 0.9799
      }
    },
    "BNB_USD": {
      "current": 568.82,
      "next_1h": 568.83,
      "next_24h": 569.79,
      "change_pct": 0.001,
      "trend": "\ud83d\udcc8 UP",
      "predictions": [
        568.83,
        568.89,
        568.93,
        568.92,
        568.98,
        569.03,
        569.07,
        569.12,
        569.16,
        569.2,
        569.25,
        569.29,
        569.33,
        569.37,
        569.42,
        569.46,
        569.5,
        569.54,
        569.58,
        569.63,
        569.67,
        569.71,
        569.75,
        569.79
      ],
      "metrics": {
        "MAE": 0.876841,
        "RMSE": 1.257679,
        "MAPE": 0.1524,
        "R2": 0.9446
      }
    }
  }
}