{
  "generated_at": "2026-04-12 06:43:36",
  "exchange_rates": {
    "USD_TZS": {
      "current": 2596.8806,
      "next_1h": 2596.6588,
      "next_24h": 2592.5378,
      "change_pct": -0.009,
      "trend": "\ud83d\udcc9 DOWN",
      "predictions": [
        2596.6588,
        2596.441,
        2596.2255,
        2596.0124,
        2595.8016,
        2595.5931,
        2595.3891,
        2595.1896,
        2594.9944,
        2594.8035,
        2594.6169,
        2594.4344,
        2594.256,
        2594.0815,
        2593.911,
        2593.7443,
        2593.5813,
        2593.4219,
        2593.2661,
        2593.1138,
        2592.9649,
        2592.8193,
        2592.6769,
        2592.5378
      ],
      "metrics": {
        "MAE": 0.503621,
        "RMSE": 1.611108,
        "MAPE": 0.0194,
        "R2": 0.9221
      }
    },
    "USD_KES": {
      "current": 129.1228,
      "next_1h": 129.126,
      "next_24h": 129.1948,
      "change_pct": 0.002,
      "trend": "\ud83d\udcc8 UP",
      "predictions": [
        129.126,
        129.1291,
        129.1322,
        129.1353,
        129.1383,
        129.1414,
        129.1445,
        129.1475,
        129.1505,
        129.1536,
        129.1566,
        129.1596,
        129.1626,
        129.1655,
        129.1685,
        129.1715,
        129.1744,
        129.1774,
        129.1803,
        129.1832,
        129.1861,
        129.189,
        129.1919,
        129.1948
      ],
      "metrics": {
        "MAE": 0.009117,
        "RMSE": 0.053465,
        "MAPE": 0.007,
        "R2": 0.9813
      }
    },
    "USD_UGX": {
      "current": 3703.2326,
      "next_1h": 3704.1442,
      "next_24h": 3721.451,
      "change_pct": 0.025,
      "trend": "\ud83d\udcc8 UP",
      "predictions": [
        3704.1442,
        3705.0425,
        3705.9278,
        3706.8001,
        3707.6597,
        3708.5069,
        3709.3392,
        3710.1569,
        3710.9604,
        3711.7497,
        3712.5252,
        3713.287,
        3714.0355,
        3714.7709,
        3715.4934,
        3716.2032,
        3716.9005,
        3717.5856,
        3718.2587,
        3718.9199,
        3719.5696,
        3720.2079,
        3720.8349,
        3721.451
      ],
      "metrics": {
        "MAE": 0.940073,
        "RMSE": 3.526446,
        "MAPE": 0.0253,
        "R2": 0.9758
      }
    },
    "USD_EUR": {
      "current": 0.8535,
      "next_1h": 0.8537,
      "next_24h": 0.8584,
      "change_pct": 0.028,
      "trend": "\ud83d\udcc8 UP",
      "predictions": [
        0.8537,
        0.854,
        0.8542,
        0.8544,
        0.8547,
        0.8549,
        0.8551,
        0.8554,
        0.8556,
        0.8558,
        0.856,
        0.8562,
        0.8564,
        0.8566,
        0.8568,
        0.857,
        0.8572,
        0.8574,
        0.8576,
        0.8577,
        0.8579,
        0.8581,
        0.8583,
        0.8584
      ],
      "metrics": {
        "MAE": 0.000239,
        "RMSE": 0.000677,
        "MAPE": 0.0278,
        "R2": 0.9855
      }
    }
  },
  "crypto": {
    "BTC_USD": {
      "current": 71680.0,
      "next_1h": 71687.73,
      "next_24h": 71294.71,
      "change_pct": 0.011,
      "trend": "\ud83d\udcc8 UP",
      "predictions": [
        71687.73,
        71718.55,
        71725.87,
        71709.87,
        71678.41,
        71654.49,
        71630.05,
        71607.18,
        71586.51,
        71566.59,
        71546.43,
        71526.45,
        71506.49,
        71486.54,
        71466.7,
        71447.03,
        71427.49,
        71408.1,
        71388.87,
        71369.76,
        71350.8,
        71331.97,
        71313.27,
        71294.71
      ],
      "metrics": {
        "MAE": 240.184342,
        "RMSE": 337.487489,
        "MAPE": 0.3385,
        "R2": 0.9552
      }
    },
    "ETH_USD": {
      "current": 2216.69,
      "next_1h": 2216.08,
      "next_24h": 2192.77,
      "change_pct": -0.028,
      "trend": "\ud83d\udcc9 DOWN",
      "predictions": [
        2216.08,
        2216.32,
        2216.08,
        2215.07,
        2213.67,
        2212.42,
        2211.16,
        2209.93,
        2208.75,
        2207.6,
        2206.46,
        2205.33,
        2204.22,
        2203.11,
        2202.02,
        2200.95,
        2199.88,
        2198.83,
        2197.79,
        2196.76,
        2195.75,
        2194.74,
        2193.75,
        2192.77
      ],
      "metrics": {
        "MAE": 9.881242,
        "RMSE": 14.647263,
        "MAPE": 0.4515,
        "R2": 0.9359
      }
    },
    "BNB_USD": {
      "current": 595.88,
      "next_1h": 596.16,
      "next_24h": 596.68,
      "change_pct": 0.048,
      "trend": "\ud83d\udcc8 UP",
      "predictions": [
        596.16,
        596.65,
        596.92,
        596.98,
        596.93,
        596.89,
        596.85,
        596.82,
        596.8,
        596.8,
        596.79,
        596.78,
        596.78,
        596.77,
        596.76,
        596.75,
        596.74,
        596.73,
        596.73,
        596.72,
        596.71,
        596.7,
        596.69,
        596.68
      ],
      "metrics": {
        "MAE": 1.633659,
        "RMSE": 2.195602,
        "MAPE": 0.2703,
        "R2": 0.8008
      }
    }
  }
}