{
  "generated_at": "2026-07-07 04:43:06",
  "exchange_rates": {
    "USD_TZS": {
      "current": 2622.6358,
      "next_1h": 2622.3441,
      "next_24h": 2617.9595,
      "change_pct": -0.011,
      "trend": "\ud83d\udcc9 DOWN",
      "predictions": [
        2622.3441,
        2622.0592,
        2621.8076,
        2621.5618,
        2621.3217,
        2621.087,
        2620.8602,
        2620.6408,
        2620.4286,
        2620.2232,
        2620.0244,
        2619.8322,
        2619.6462,
        2619.4662,
        2619.2922,
        2619.1237,
        2618.9608,
        2618.8032,
        2618.6507,
        2618.5031,
        2618.3604,
        2618.2223,
        2618.0887,
        2617.9595
      ],
      "metrics": {
        "MAE": 0.757343,
        "RMSE": 2.754334,
        "MAPE": 0.0289,
        "R2": 0.8897
      }
    },
    "USD_KES": {
      "current": 129.2243,
      "next_1h": 129.2281,
      "next_24h": 129.3,
      "change_pct": 0.003,
      "trend": "\ud83d\udcc8 UP",
      "predictions": [
        129.2281,
        129.2319,
        129.2355,
        129.2391,
        129.2426,
        129.2461,
        129.2496,
        129.253,
        129.2563,
        129.2596,
        129.2628,
        129.266,
        129.2691,
        129.2722,
        129.2752,
        129.2781,
        129.281,
        129.2839,
        129.2867,
        129.2895,
        129.2922,
        129.2948,
        129.2974,
        129.3
      ],
      "metrics": {
        "MAE": 0.004909,
        "RMSE": 0.018545,
        "MAPE": 0.0038,
        "R2": 0.9802
      }
    },
    "USD_UGX": {
      "current": 3659.5308,
      "next_1h": 3659.6927,
      "next_24h": 3662.9618,
      "change_pct": 0.004,
      "trend": "\ud83d\udcc8 UP",
      "predictions": [
        3659.6927,
        3659.8542,
        3660.0008,
        3660.1471,
        3660.293,
        3660.4386,
        3660.5836,
        3660.7281,
        3660.8719,
        3661.0152,
        3661.1578,
        3661.3,
        3661.4415,
        3661.5825,
        3661.7229,
        3661.8628,
        3662.0021,
        3662.1409,
        3662.2791,
        3662.4167,
        3662.5538,
        3662.6904,
        3662.8264,
        3662.9618
      ],
      "metrics": {
        "MAE": 1.055838,
        "RMSE": 3.84196,
        "MAPE": 0.0289,
        "R2": 0.8973
      }
    },
    "USD_EUR": {
      "current": 0.8746,
      "next_1h": 0.8747,
      "next_24h": 0.8759,
      "change_pct": 0.006,
      "trend": "\ud83d\udcc8 UP",
      "predictions": [
        0.8747,
        0.8747,
        0.8748,
        0.8749,
        0.8749,
        0.875,
        0.875,
        0.8751,
        0.8751,
        0.8752,
        0.8752,
        0.8753,
        0.8753,
        0.8754,
        0.8754,
        0.8755,
        0.8756,
        0.8756,
        0.8757,
        0.8757,
        0.8758,
        0.8758,
        0.8759,
        0.8759
      ],
      "metrics": {
        "MAE": 0.000138,
        "RMSE": 0.000418,
        "MAPE": 0.0157,
        "R2": 0.9368
      }
    }
  },
  "crypto": {
    "BTC_USD": {
      "current": 63156.0,
      "next_1h": 63132.22,
      "next_24h": 62752.35,
      "change_pct": -0.038,
      "trend": "\ud83d\udcc9 DOWN",
      "predictions": [
        63132.22,
        63106.66,
        63084.39,
        63067.13,
        63052.36,
        63035.88,
        63019.08,
        63002.65,
        62986.62,
        62970.71,
        62954.74,
        62938.79,
        62922.93,
        62907.15,
        62891.43,
        62875.75,
        62860.13,
        62844.57,
        62829.06,
        62813.61,
        62798.21,
        62782.87,
        62767.58,
        62752.35
      ],
      "metrics": {
        "MAE": 220.674975,
        "RMSE": 339.633142,
        "MAPE": 0.3619,
        "R2": 0.9642
      }
    },
    "ETH_USD": {
      "current": 1766.32,
      "next_1h": 1765.74,
      "next_24h": 1748.02,
      "change_pct": -0.033,
      "trend": "\ud83d\udcc9 DOWN",
      "predictions": [
        1765.74,
        1765.08,
        1764.45,
        1763.53,
        1762.82,
        1762.02,
        1761.21,
        1760.4,
        1759.61,
        1758.82,
        1758.03,
        1757.24,
        1756.45,
        1755.67,
        1754.89,
        1754.12,
        1753.35,
        1752.58,
        1751.81,
        1751.05,
        1750.29,
        1749.53,
        1748.77,
        1748.02
      ],
      "metrics": {
        "MAE": 7.460009,
        "RMSE": 11.376111,
        "MAPE": 0.4462,
        "R2": 0.9854
      }
    },
    "BNB_USD": {
      "current": 578.2,
      "next_1h": 578.16,
      "next_24h": 577.72,
      "change_pct": -0.006,
      "trend": "\ud83d\udcc9 DOWN",
      "predictions": [
        578.16,
        578.09,
        578.06,
        578.04,
        578.02,
        578.0,
        577.99,
        577.97,
        577.96,
        577.94,
        577.92,
        577.91,
        577.89,
        577.87,
        577.86,
        577.84,
        577.83,
        577.81,
        577.8,
        577.78,
        577.76,
        577.75,
        577.73,
        577.72
      ],
      "metrics": {
        "MAE": 1.897502,
        "RMSE": 2.733252,
        "MAPE": 0.3373,
        "R2": 0.9649
      }
    }
  }
}