{
  "generated_at": "2026-03-23 02:00:24",
  "exchange_rates": {
    "USD_TZS": {
      "current": 2590.0332,
      "next_1h": 2590.1017,
      "next_24h": 2591.3435,
      "change_pct": 0.003,
      "trend": "\ud83d\udcc8 UP",
      "predictions": [
        2590.1017,
        2590.1267,
        2590.2436,
        2590.2784,
        2590.3369,
        2590.3927,
        2590.4502,
        2590.5055,
        2590.5612,
        2590.6162,
        2590.6709,
        2590.7251,
        2590.7788,
        2590.8322,
        2590.8852,
        2590.9377,
        2590.9898,
        2591.0415,
        2591.0929,
        2591.1438,
        2591.1943,
        2591.2444,
        2591.2942,
        2591.3435
      ],
      "metrics": {
        "MAE": 0.470359,
        "RMSE": 2.204469,
        "MAPE": 0.0182,
        "R2": 0.7637
      }
    },
    "USD_KES": {
      "current": 129.1603,
      "next_1h": 129.2019,
      "next_24h": 129.2609,
      "change_pct": 0.032,
      "trend": "\ud83d\udcc8 UP",
      "predictions": [
        129.2019,
        129.2187,
        129.2274,
        129.2354,
        129.2364,
        129.2361,
        129.2373,
        129.2392,
        129.2412,
        129.2432,
        129.2451,
        129.2468,
        129.2483,
        129.2498,
        129.2512,
        129.2525,
        129.2537,
        129.2549,
        129.2561,
        129.2572,
        129.2582,
        129.2591,
        129.2601,
        129.2609
      ],
      "metrics": {
        "MAE": 0.015352,
        "RMSE": 0.033984,
        "MAPE": 0.0119,
        "R2": 0.6967
      }
    },
    "USD_UGX": {
      "current": 3776.0425,
      "next_1h": 3776.1193,
      "next_24h": 3777.2912,
      "change_pct": 0.002,
      "trend": "\ud83d\udcc8 UP",
      "predictions": [
        3776.1193,
        3776.1801,
        3776.2539,
        3776.3257,
        3776.3763,
        3776.4261,
        3776.476,
        3776.5255,
        3776.5751,
        3776.6247,
        3776.674,
        3776.723,
        3776.7717,
        3776.8202,
        3776.8685,
        3776.9164,
        3776.9641,
        3777.0116,
        3777.0588,
        3777.1058,
        3777.1525,
        3777.199,
        3777.2452,
        3777.2912
      ],
      "metrics": {
        "MAE": 0.183535,
        "RMSE": 0.736839,
        "MAPE": 0.0049,
        "R2": 0.8166
      }
    },
    "USD_EUR": {
      "current": 0.865,
      "next_1h": 0.8652,
      "next_24h": 0.8665,
      "change_pct": 0.015,
      "trend": "\ud83d\udcc8 UP",
      "predictions": [
        0.8652,
        0.8652,
        0.8653,
        0.8654,
        0.8654,
        0.8655,
        0.8655,
        0.8656,
        0.8657,
        0.8657,
        0.8658,
        0.8658,
        0.8659,
        0.866,
        0.866,
        0.8661,
        0.8661,
        0.8662,
        0.8662,
        0.8663,
        0.8663,
        0.8664,
        0.8664,
        0.8665
      ],
      "metrics": {
        "MAE": 0.000157,
        "RMSE": 0.000581,
        "MAPE": 0.0181,
        "R2": 0.6555
      }
    }
  },
  "crypto": {
    "BTC_USD": {
      "current": 67914.0,
      "next_1h": 67971.57,
      "next_24h": 69026.9,
      "change_pct": 0.085,
      "trend": "\ud83d\udcc8 UP",
      "predictions": [
        67971.57,
        68032.22,
        68096.82,
        68146.97,
        68193.5,
        68243.21,
        68292.13,
        68340.6,
        68388.62,
        68435.85,
        68482.29,
        68528.04,
        68573.1,
        68617.49,
        68661.24,
        68704.33,
        68746.79,
        68788.62,
        68829.83,
        68870.43,
        68910.42,
        68949.83,
        68988.65,
        69026.9
      ],
      "metrics": {
        "MAE": 190.380774,
        "RMSE": 287.317031,
        "MAPE": 0.274,
        "R2": 0.9071
      }
    },
    "ETH_USD": {
      "current": 2048.53,
      "next_1h": 2049.21,
      "next_24h": 2081.17,
      "change_pct": 0.033,
      "trend": "\ud83d\udcc8 UP",
      "predictions": [
        2049.21,
        2050.84,
        2051.91,
        2053.28,
        2055.0,
        2056.56,
        2058.14,
        2059.69,
        2061.24,
        2062.76,
        2064.25,
        2065.71,
        2067.15,
        2068.55,
        2069.93,
        2071.29,
        2072.61,
        2073.91,
        2075.18,
        2076.43,
        2077.65,
        2078.85,
        2080.02,
        2081.17
      ],
      "metrics": {
        "MAE": 7.542346,
        "RMSE": 11.673149,
        "MAPE": 0.3572,
        "R2": 0.8899
      }
    },
    "BNB_USD": {
      "current": 626.59,
      "next_1h": 627.23,
      "next_24h": 639.66,
      "change_pct": 0.102,
      "trend": "\ud83d\udcc8 UP",
      "predictions": [
        627.23,
        627.87,
        628.6,
        629.24,
        629.88,
        630.51,
        631.13,
        631.73,
        632.31,
        632.89,
        633.45,
        633.99,
        634.53,
        635.05,
        635.56,
        636.06,
        636.55,
        637.02,
        637.49,
        637.94,
        638.39,
        638.82,
        639.25,
        639.66
      ],
      "metrics": {
        "MAE": 1.403278,
        "RMSE": 2.213735,
        "MAPE": 0.2209,
        "R2": 0.8676
      }
    }
  }
}