{
  "generated_at": "2026-07-24 15:17:12",
  "exchange_rates": {
    "USD_TZS": {
      "current": 2631.1729,
      "next_1h": 2630.7525,
      "next_24h": 2623.573,
      "change_pct": -0.016,
      "trend": "\ud83d\udcc9 DOWN",
      "predictions": [
        2630.7525,
        2630.3403,
        2629.936,
        2629.5395,
        2629.1506,
        2628.7691,
        2628.3991,
        2628.0401,
        2627.6918,
        2627.3541,
        2627.0266,
        2626.709,
        2626.4011,
        2626.1025,
        2625.813,
        2625.5323,
        2625.2601,
        2624.9962,
        2624.7403,
        2624.4922,
        2624.2517,
        2624.0184,
        2623.7923,
        2623.573
      ],
      "metrics": {
        "MAE": 0.441447,
        "RMSE": 1.140885,
        "MAPE": 0.0168,
        "R2": 0.9771
      }
    },
    "USD_KES": {
      "current": 129.4349,
      "next_1h": 129.4343,
      "next_24h": 129.4204,
      "change_pct": -0.001,
      "trend": "\ud83d\udcc9 DOWN",
      "predictions": [
        129.4343,
        129.4336,
        129.433,
        129.4323,
        129.4317,
        129.431,
        129.4304,
        129.4298,
        129.4291,
        129.4285,
        129.4279,
        129.4273,
        129.4267,
        129.4261,
        129.4255,
        129.4249,
        129.4243,
        129.4238,
        129.4232,
        129.4226,
        129.4221,
        129.4215,
        129.421,
        129.4204
      ],
      "metrics": {
        "MAE": 0.002749,
        "RMSE": 0.014263,
        "MAPE": 0.0021,
        "R2": 0.9074
      }
    },
    "USD_UGX": {
      "current": 3707.508,
      "next_1h": 3707.4004,
      "next_24h": 3705.0153,
      "change_pct": -0.003,
      "trend": "\ud83d\udcc9 DOWN",
      "predictions": [
        3707.4004,
        3707.2931,
        3707.186,
        3707.0792,
        3706.9726,
        3706.8662,
        3706.7602,
        3706.6545,
        3706.5493,
        3706.4444,
        3706.3399,
        3706.2358,
        3706.1321,
        3706.0287,
        3705.9257,
        3705.8231,
        3705.7208,
        3705.619,
        3705.5174,
        3705.4163,
        3705.3155,
        3705.2151,
        3705.115,
        3705.0153
      ],
      "metrics": {
        "MAE": 0.445111,
        "RMSE": 2.444915,
        "MAPE": 0.0121,
        "R2": 0.9673
      }
    },
    "USD_EUR": {
      "current": 0.8782,
      "next_1h": 0.8782,
      "next_24h": 0.8782,
      "change_pct": 0.0,
      "trend": "\ud83d\udcc9 DOWN",
      "predictions": [
        0.8782,
        0.8782,
        0.8782,
        0.8782,
        0.8782,
        0.8782,
        0.8782,
        0.8782,
        0.8782,
        0.8782,
        0.8782,
        0.8782,
        0.8782,
        0.8782,
        0.8782,
        0.8782,
        0.8782,
        0.8782,
        0.8782,
        0.8782,
        0.8782,
        0.8782,
        0.8782,
        0.8782
      ],
      "metrics": {
        "MAE": 3.8e-05,
        "RMSE": 0.000224,
        "MAPE": 0.0044,
        "R2": 0.9717
      }
    }
  },
  "crypto": {
    "BTC_USD": {
      "current": 63958.0,
      "next_1h": 63950.86,
      "next_24h": 63787.29,
      "change_pct": -0.011,
      "trend": "\ud83d\udcc9 DOWN",
      "predictions": [
        63950.86,
        63936.21,
        63917.35,
        63901.55,
        63903.32,
        63897.73,
        63890.73,
        63883.6,
        63877.14,
        63871.3,
        63865.16,
        63858.94,
        63852.76,
        63846.66,
        63840.61,
        63834.57,
        63828.56,
        63822.57,
        63816.62,
        63810.7,
        63804.8,
        63798.94,
        63793.1,
        63787.29
      ],
      "metrics": {
        "MAE": 95.108314,
        "RMSE": 135.175506,
        "MAPE": 0.1458,
        "R2": 0.9697
      }
    },
    "ETH_USD": {
      "current": 1857.06,
      "next_1h": 1856.85,
      "next_24h": 1844.2,
      "change_pct": -0.011,
      "trend": "\ud83d\udcc9 DOWN",
      "predictions": [
        1856.85,
        1856.13,
        1855.44,
        1854.97,
        1854.39,
        1853.82,
        1853.26,
        1852.71,
        1852.16,
        1851.61,
        1851.06,
        1850.52,
        1849.98,
        1849.44,
        1848.9,
        1848.37,
        1847.84,
        1847.31,
        1846.79,
        1846.27,
        1845.75,
        1845.23,
        1844.72,
        1844.2
      ],
      "metrics": {
        "MAE": 3.665783,
        "RMSE": 5.159835,
        "MAPE": 0.1933,
        "R2": 0.9731
      }
    },
    "BNB_USD": {
      "current": 559.98,
      "next_1h": 560.06,
      "next_24h": 561.6,
      "change_pct": 0.015,
      "trend": "\ud83d\udcc8 UP",
      "predictions": [
        560.06,
        560.09,
        560.16,
        560.27,
        560.33,
        560.4,
        560.47,
        560.54,
        560.61,
        560.68,
        560.74,
        560.81,
        560.88,
        560.95,
        561.01,
        561.08,
        561.15,
        561.21,
        561.28,
        561.34,
        561.41,
        561.47,
        561.54,
        561.6
      ],
      "metrics": {
        "MAE": 0.674599,
        "RMSE": 0.924334,
        "MAPE": 0.1185,
        "R2": 0.9113
      }
    }
  }
}