{
  "generated_at": "2026-07-08 04:17:10",
  "exchange_rates": {
    "USD_TZS": {
      "current": 2623.2861,
      "next_1h": 2622.9459,
      "next_24h": 2617.2927,
      "change_pct": -0.013,
      "trend": "\ud83d\udcc9 DOWN",
      "predictions": [
        2622.9459,
        2622.6136,
        2622.2824,
        2621.9587,
        2621.6425,
        2621.3336,
        2621.0352,
        2620.747,
        2620.4688,
        2620.2002,
        2619.941,
        2619.6909,
        2619.4495,
        2619.2166,
        2618.9919,
        2618.7751,
        2618.5658,
        2618.3639,
        2618.1691,
        2617.9811,
        2617.7997,
        2617.6246,
        2617.4557,
        2617.2927
      ],
      "metrics": {
        "MAE": 0.670423,
        "RMSE": 2.202653,
        "MAPE": 0.0255,
        "R2": 0.8085
      }
    },
    "USD_KES": {
      "current": 129.175,
      "next_1h": 129.179,
      "next_24h": 129.2661,
      "change_pct": 0.003,
      "trend": "\ud83d\udcc8 UP",
      "predictions": [
        129.179,
        129.183,
        129.1874,
        129.1917,
        129.196,
        129.2003,
        129.2045,
        129.2086,
        129.2127,
        129.2167,
        129.2206,
        129.2245,
        129.2283,
        129.232,
        129.2357,
        129.2393,
        129.2429,
        129.2464,
        129.2498,
        129.2532,
        129.2565,
        129.2597,
        129.2629,
        129.2661
      ],
      "metrics": {
        "MAE": 0.005383,
        "RMSE": 0.01877,
        "MAPE": 0.0042,
        "R2": 0.9812
      }
    },
    "USD_UGX": {
      "current": 3634.4997,
      "next_1h": 3634.6104,
      "next_24h": 3637.6976,
      "change_pct": 0.003,
      "trend": "\ud83d\udcc8 UP",
      "predictions": [
        3634.6104,
        3634.7209,
        3634.8602,
        3634.9993,
        3635.138,
        3635.2766,
        3635.4147,
        3635.5524,
        3635.6897,
        3635.8265,
        3635.9629,
        3636.0989,
        3636.2344,
        3636.3696,
        3636.5043,
        3636.6385,
        3636.7724,
        3636.9058,
        3637.0388,
        3637.1714,
        3637.3036,
        3637.4353,
        3637.5666,
        3637.6976
      ],
      "metrics": {
        "MAE": 0.974306,
        "RMSE": 3.961414,
        "MAPE": 0.0267,
        "R2": 0.8681
      }
    },
    "USD_EUR": {
      "current": 0.8758,
      "next_1h": 0.8758,
      "next_24h": 0.8765,
      "change_pct": 0.003,
      "trend": "\ud83d\udcc8 UP",
      "predictions": [
        0.8758,
        0.8759,
        0.8759,
        0.8759,
        0.8759,
        0.876,
        0.876,
        0.876,
        0.8761,
        0.8761,
        0.8761,
        0.8761,
        0.8762,
        0.8762,
        0.8762,
        0.8762,
        0.8763,
        0.8763,
        0.8763,
        0.8764,
        0.8764,
        0.8764,
        0.8764,
        0.8765
      ],
      "metrics": {
        "MAE": 9.7e-05,
        "RMSE": 0.000369,
        "MAPE": 0.0111,
        "R2": 0.944
      }
    }
  },
  "crypto": {
    "BTC_USD": {
      "current": 62791.0,
      "next_1h": 62776.88,
      "next_24h": 62477.52,
      "change_pct": -0.022,
      "trend": "\ud83d\udcc9 DOWN",
      "predictions": [
        62776.88,
        62778.93,
        62771.92,
        62750.66,
        62731.82,
        62718.71,
        62706.14,
        62692.47,
        62678.21,
        62664.28,
        62650.7,
        62637.16,
        62623.58,
        62610.02,
        62596.54,
        62583.13,
        62569.76,
        62556.44,
        62543.16,
        62529.93,
        62516.76,
        62503.63,
        62490.55,
        62477.52
      ],
      "metrics": {
        "MAE": 205.93701,
        "RMSE": 320.401138,
        "MAPE": 0.3334,
        "R2": 0.9675
      }
    },
    "ETH_USD": {
      "current": 1753.67,
      "next_1h": 1753.34,
      "next_24h": 1738.42,
      "change_pct": -0.019,
      "trend": "\ud83d\udcc9 DOWN",
      "predictions": [
        1753.34,
        1753.04,
        1751.98,
        1751.3,
        1750.73,
        1750.06,
        1749.36,
        1748.71,
        1748.05,
        1747.38,
        1746.72,
        1746.07,
        1745.42,
        1744.77,
        1744.12,
        1743.47,
        1742.83,
        1742.19,
        1741.56,
        1740.93,
        1740.29,
        1739.67,
        1739.04,
        1738.42
      ],
      "metrics": {
        "MAE": 7.206341,
        "RMSE": 10.536131,
        "MAPE": 0.4209,
        "R2": 0.9834
      }
    },
    "BNB_USD": {
      "current": 569.0,
      "next_1h": 569.06,
      "next_24h": 569.5,
      "change_pct": 0.01,
      "trend": "\ud83d\udcc8 UP",
      "predictions": [
        569.06,
        569.15,
        569.09,
        569.07,
        569.11,
        569.13,
        569.15,
        569.17,
        569.19,
        569.21,
        569.23,
        569.25,
        569.27,
        569.3,
        569.32,
        569.34,
        569.36,
        569.38,
        569.4,
        569.42,
        569.44,
        569.46,
        569.48,
        569.5
      ],
      "metrics": {
        "MAE": 1.704165,
        "RMSE": 2.474463,
        "MAPE": 0.3002,
        "R2": 0.9698
      }
    }
  }
}