{
  "generated_at": "2026-04-20 07:00:39",
  "exchange_rates": {
    "USD_TZS": {
      "current": 2599.4688,
      "next_1h": 2599.3123,
      "next_24h": 2596.209,
      "change_pct": -0.006,
      "trend": "\ud83d\udcc9 DOWN",
      "predictions": [
        2599.3123,
        2599.1584,
        2599.0057,
        2598.8543,
        2598.7041,
        2598.5551,
        2598.4082,
        2598.2634,
        2598.1207,
        2597.98,
        2597.8413,
        2597.7046,
        2597.5699,
        2597.437,
        2597.3061,
        2597.1771,
        2597.0499,
        2596.9245,
        2596.8009,
        2596.6791,
        2596.559,
        2596.4406,
        2596.324,
        2596.209
      ],
      "metrics": {
        "MAE": 0.312294,
        "RMSE": 0.857524,
        "MAPE": 0.012,
        "R2": 0.9359
      }
    },
    "USD_KES": {
      "current": 129.0733,
      "next_1h": 129.076,
      "next_24h": 129.1344,
      "change_pct": 0.002,
      "trend": "\ud83d\udcc8 UP",
      "predictions": [
        129.076,
        129.0787,
        129.0813,
        129.084,
        129.0866,
        129.0893,
        129.0919,
        129.0945,
        129.0971,
        129.0997,
        129.1022,
        129.1048,
        129.1073,
        129.1099,
        129.1124,
        129.1149,
        129.1174,
        129.1198,
        129.1223,
        129.1247,
        129.1272,
        129.1296,
        129.132,
        129.1344
      ],
      "metrics": {
        "MAE": 0.005047,
        "RMSE": 0.017215,
        "MAPE": 0.0039,
        "R2": 0.9674
      }
    },
    "USD_UGX": {
      "current": 3691.1077,
      "next_1h": 3691.2606,
      "next_24h": 3694.5389,
      "change_pct": 0.004,
      "trend": "\ud83d\udcc8 UP",
      "predictions": [
        3691.2606,
        3691.4114,
        3691.5616,
        3691.7111,
        3691.8601,
        3692.0085,
        3692.156,
        3692.3027,
        3692.4486,
        3692.5936,
        3692.7378,
        3692.8811,
        3693.0237,
        3693.1654,
        3693.3063,
        3693.4464,
        3693.5857,
        3693.7243,
        3693.862,
        3693.9989,
        3694.1351,
        3694.2704,
        3694.405,
        3694.5389
      ],
      "metrics": {
        "MAE": 0.512931,
        "RMSE": 2.988944,
        "MAPE": 0.0139,
        "R2": 0.9445
      }
    },
    "USD_EUR": {
      "current": 0.8511,
      "next_1h": 0.8511,
      "next_24h": 0.8517,
      "change_pct": 0.003,
      "trend": "\ud83d\udcc8 UP",
      "predictions": [
        0.8511,
        0.8512,
        0.8512,
        0.8512,
        0.8512,
        0.8513,
        0.8513,
        0.8513,
        0.8513,
        0.8514,
        0.8514,
        0.8514,
        0.8515,
        0.8515,
        0.8515,
        0.8515,
        0.8516,
        0.8516,
        0.8516,
        0.8516,
        0.8517,
        0.8517,
        0.8517,
        0.8517
      ],
      "metrics": {
        "MAE": 0.000126,
        "RMSE": 0.000554,
        "MAPE": 0.0148,
        "R2": 0.9296
      }
    }
  },
  "crypto": {
    "BTC_USD": {
      "current": 74805.0,
      "next_1h": 74742.0,
      "next_24h": 73650.73,
      "change_pct": -0.084,
      "trend": "\ud83d\udcc9 DOWN",
      "predictions": [
        74742.0,
        74691.26,
        74677.99,
        74595.85,
        74551.68,
        74502.19,
        74446.92,
        74398.54,
        74347.5,
        74297.36,
        74248.38,
        74199.3,
        74151.0,
        74103.16,
        74055.76,
        74008.89,
        73962.48,
        73916.55,
        73871.1,
        73826.11,
        73781.59,
        73737.52,
        73693.9,
        73650.73
      ],
      "metrics": {
        "MAE": 242.806575,
        "RMSE": 323.279183,
        "MAPE": 0.3231,
        "R2": 0.9122
      }
    },
    "ETH_USD": {
      "current": 2286.29,
      "next_1h": 2283.46,
      "next_24h": 2238.85,
      "change_pct": -0.124,
      "trend": "\ud83d\udcc9 DOWN",
      "predictions": [
        2283.46,
        2281.77,
        2280.82,
        2277.38,
        2275.57,
        2273.39,
        2271.09,
        2269.09,
        2266.94,
        2264.87,
        2262.84,
        2260.82,
        2258.84,
        2256.89,
        2254.97,
        2253.07,
        2251.2,
        2249.36,
        2247.54,
        2245.75,
        2243.99,
        2242.25,
        2240.54,
        2238.85
      ],
      "metrics": {
        "MAE": 9.545048,
        "RMSE": 13.763471,
        "MAPE": 0.4069,
        "R2": 0.8883
      }
    },
    "BNB_USD": {
      "current": 624.19,
      "next_1h": 623.87,
      "next_24h": 620.09,
      "change_pct": -0.051,
      "trend": "\ud83d\udcc9 DOWN",
      "predictions": [
        623.87,
        623.77,
        623.9,
        623.42,
        623.18,
        623.0,
        622.79,
        622.62,
        622.46,
        622.29,
        622.12,
        621.95,
        621.79,
        621.63,
        621.46,
        621.3,
        621.15,
        620.99,
        620.83,
        620.68,
        620.53,
        620.38,
        620.23,
        620.09
      ],
      "metrics": {
        "MAE": 1.694274,
        "RMSE": 2.241221,
        "MAPE": 0.2711,
        "R2": 0.944
      }
    }
  }
}