{
  "generated_at": "2026-05-14 12:51:07",
  "exchange_rates": {
    "USD_TZS": {
      "current": 2593.4558,
      "next_1h": 2593.9621,
      "next_24h": 2600.3308,
      "change_pct": 0.02,
      "trend": "\ud83d\udcc8 UP",
      "predictions": [
        2593.9621,
        2594.4527,
        2594.9279,
        2595.3884,
        2595.8345,
        2596.2667,
        2596.6697,
        2597.0447,
        2597.3931,
        2597.7163,
        2598.0155,
        2598.2918,
        2598.5469,
        2598.7823,
        2598.9994,
        2599.1997,
        2599.3844,
        2599.5547,
        2599.7117,
        2599.8564,
        2599.9899,
        2600.1129,
        2600.2263,
        2600.3308
      ],
      "metrics": {
        "MAE": 0.322184,
        "RMSE": 0.777904,
        "MAPE": 0.0124,
        "R2": 0.9405
      }
    },
    "USD_KES": {
      "current": 129.0903,
      "next_1h": 129.0938,
      "next_24h": 129.1409,
      "change_pct": 0.003,
      "trend": "\ud83d\udcc8 UP",
      "predictions": [
        129.0938,
        129.0971,
        129.1003,
        129.1034,
        129.1063,
        129.1091,
        129.1118,
        129.1144,
        129.1168,
        129.1191,
        129.1212,
        129.1233,
        129.1252,
        129.1271,
        129.1288,
        129.1305,
        129.132,
        129.1335,
        129.1349,
        129.1363,
        129.1375,
        129.1387,
        129.1399,
        129.1409
      ],
      "metrics": {
        "MAE": 0.002139,
        "RMSE": 0.008056,
        "MAPE": 0.0017,
        "R2": 0.8848
      }
    },
    "USD_UGX": {
      "current": 3730.5292,
      "next_1h": 3730.1135,
      "next_24h": 3721.9191,
      "change_pct": -0.011,
      "trend": "\ud83d\udcc9 DOWN",
      "predictions": [
        3730.1135,
        3729.7008,
        3729.291,
        3728.8842,
        3728.4804,
        3728.0795,
        3727.6852,
        3727.2975,
        3726.9163,
        3726.5416,
        3726.1732,
        3725.8111,
        3725.4552,
        3725.1053,
        3724.7614,
        3724.4234,
        3724.0912,
        3723.7646,
        3723.4436,
        3723.1281,
        3722.818,
        3722.5132,
        3722.2136,
        3721.9191
      ],
      "metrics": {
        "MAE": 0.937938,
        "RMSE": 3.17549,
        "MAPE": 0.0251,
        "R2": 0.9364
      }
    },
    "USD_EUR": {
      "current": 0.8537,
      "next_1h": 0.8537,
      "next_24h": 0.8532,
      "change_pct": -0.003,
      "trend": "\ud83d\udcc9 DOWN",
      "predictions": [
        0.8537,
        0.8536,
        0.8536,
        0.8536,
        0.8536,
        0.8536,
        0.8535,
        0.8535,
        0.8535,
        0.8535,
        0.8535,
        0.8534,
        0.8534,
        0.8534,
        0.8534,
        0.8534,
        0.8533,
        0.8533,
        0.8533,
        0.8533,
        0.8533,
        0.8533,
        0.8532,
        0.8532
      ],
      "metrics": {
        "MAE": 9.9e-05,
        "RMSE": 0.000411,
        "MAPE": 0.0116,
        "R2": 0.9126
      }
    }
  },
  "crypto": {
    "BTC_USD": {
      "current": 79702.0,
      "next_1h": 79640.17,
      "next_24h": 79635.12,
      "change_pct": -0.078,
      "trend": "\ud83d\udcc9 DOWN",
      "predictions": [
        79640.17,
        79658.51,
        79683.42,
        79658.46,
        79662.99,
        79660.78,
        79657.01,
        79657.23,
        79655.32,
        79653.91,
        79652.71,
        79651.2,
        79649.85,
        79648.48,
        79647.1,
        79645.75,
        79644.39,
        79643.04,
        79641.71,
        79640.37,
        79639.05,
        79637.73,
        79636.42,
        79635.12
      ],
      "metrics": {
        "MAE": 199.024862,
        "RMSE": 272.757338,
        "MAPE": 0.2471,
        "R2": 0.8323
      }
    },
    "ETH_USD": {
      "current": 2260.45,
      "next_1h": 2261.68,
      "next_24h": 2292.91,
      "change_pct": 0.055,
      "trend": "\ud83d\udcc8 UP",
      "predictions": [
        2261.68,
        2263.37,
        2265.59,
        2266.95,
        2268.79,
        2270.47,
        2272.04,
        2273.66,
        2275.15,
        2276.63,
        2278.06,
        2279.43,
        2280.77,
        2282.06,
        2283.31,
        2284.52,
        2285.7,
        2286.83,
        2287.93,
        2288.99,
        2290.02,
        2291.01,
        2291.98,
        2292.91
      ],
      "metrics": {
        "MAE": 6.644443,
        "RMSE": 9.004654,
        "MAPE": 0.2879,
        "R2": 0.9025
      }
    },
    "BNB_USD": {
      "current": 674.79,
      "next_1h": 674.34,
      "next_24h": 664.15,
      "change_pct": -0.067,
      "trend": "\ud83d\udcc9 DOWN",
      "predictions": [
        674.34,
        673.71,
        673.44,
        672.96,
        672.42,
        671.95,
        671.48,
        671.0,
        670.53,
        670.07,
        669.62,
        669.17,
        668.72,
        668.28,
        667.85,
        667.42,
        666.99,
        666.57,
        666.16,
        665.75,
        665.34,
        664.94,
        664.54,
        664.15
      ],
      "metrics": {
        "MAE": 1.998948,
        "RMSE": 2.808531,
        "MAPE": 0.3042,
        "R2": 0.9378
      }
    }
  }
}