{
  "generated_at": "2026-04-20 10:42:28",
  "exchange_rates": {
    "USD_TZS": {
      "current": 2599.4688,
      "next_1h": 2599.3131,
      "next_24h": 2596.1842,
      "change_pct": -0.006,
      "trend": "\ud83d\udcc9 DOWN",
      "predictions": [
        2599.3131,
        2599.1583,
        2599.0047,
        2598.8521,
        2598.7005,
        2598.5501,
        2598.4019,
        2598.2558,
        2598.1117,
        2597.9697,
        2597.8298,
        2597.6919,
        2597.556,
        2597.422,
        2597.29,
        2597.1599,
        2597.0316,
        2596.9052,
        2596.7806,
        2596.6579,
        2596.5369,
        2596.4176,
        2596.3001,
        2596.1842
      ],
      "metrics": {
        "MAE": 0.313686,
        "RMSE": 0.857786,
        "MAPE": 0.0121,
        "R2": 0.9347
      }
    },
    "USD_KES": {
      "current": 129.0733,
      "next_1h": 129.0759,
      "next_24h": 129.1333,
      "change_pct": 0.002,
      "trend": "\ud83d\udcc8 UP",
      "predictions": [
        129.0759,
        129.0785,
        129.0811,
        129.0837,
        129.0863,
        129.0889,
        129.0915,
        129.0941,
        129.0966,
        129.0991,
        129.1017,
        129.1042,
        129.1067,
        129.1092,
        129.1116,
        129.1141,
        129.1165,
        129.119,
        129.1214,
        129.1238,
        129.1262,
        129.1286,
        129.131,
        129.1333
      ],
      "metrics": {
        "MAE": 0.005023,
        "RMSE": 0.017211,
        "MAPE": 0.0039,
        "R2": 0.9685
      }
    },
    "USD_UGX": {
      "current": 3691.1077,
      "next_1h": 3691.258,
      "next_24h": 3694.5086,
      "change_pct": 0.004,
      "trend": "\ud83d\udcc8 UP",
      "predictions": [
        3691.258,
        3691.4077,
        3691.5567,
        3691.7051,
        3691.8529,
        3692.0,
        3692.1463,
        3692.2917,
        3692.4363,
        3692.5801,
        3692.7231,
        3692.8652,
        3693.0065,
        3693.1471,
        3693.2868,
        3693.4257,
        3693.5638,
        3693.7011,
        3693.8376,
        3693.9734,
        3694.1083,
        3694.2425,
        3694.3759,
        3694.5086
      ],
      "metrics": {
        "MAE": 0.513152,
        "RMSE": 2.988887,
        "MAPE": 0.0139,
        "R2": 0.945
      }
    },
    "USD_EUR": {
      "current": 0.8511,
      "next_1h": 0.8511,
      "next_24h": 0.8518,
      "change_pct": 0.003,
      "trend": "\ud83d\udcc8 UP",
      "predictions": [
        0.8511,
        0.8512,
        0.8512,
        0.8512,
        0.8512,
        0.8513,
        0.8513,
        0.8513,
        0.8513,
        0.8514,
        0.8514,
        0.8514,
        0.8515,
        0.8515,
        0.8515,
        0.8515,
        0.8516,
        0.8516,
        0.8516,
        0.8516,
        0.8517,
        0.8517,
        0.8517,
        0.8518
      ],
      "metrics": {
        "MAE": 0.000126,
        "RMSE": 0.000554,
        "MAPE": 0.0149,
        "R2": 0.9109
      }
    }
  },
  "crypto": {
    "BTC_USD": {
      "current": 75194.0,
      "next_1h": 75106.2,
      "next_24h": 74007.45,
      "change_pct": -0.117,
      "trend": "\ud83d\udcc9 DOWN",
      "predictions": [
        75106.2,
        75103.58,
        75027.01,
        74981.23,
        74934.81,
        74876.66,
        74827.1,
        74774.53,
        74722.43,
        74672.01,
        74621.11,
        74571.1,
        74521.57,
        74472.41,
        74423.84,
        74375.71,
        74328.05,
        74280.88,
        74234.16,
        74187.91,
        74142.12,
        74096.78,
        74051.89,
        74007.45
      ],
      "metrics": {
        "MAE": 239.534847,
        "RMSE": 320.383955,
        "MAPE": 0.3185,
        "R2": 0.9044
      }
    },
    "ETH_USD": {
      "current": 2308.89,
      "next_1h": 2306.24,
      "next_24h": 2257.71,
      "change_pct": -0.115,
      "trend": "\ud83d\udcc9 DOWN",
      "predictions": [
        2306.24,
        2304.88,
        2301.29,
        2299.52,
        2297.18,
        2294.7,
        2292.54,
        2290.18,
        2287.94,
        2285.74,
        2283.53,
        2281.38,
        2279.25,
        2277.15,
        2275.09,
        2273.05,
        2271.03,
        2269.05,
        2267.09,
        2265.16,
        2263.26,
        2261.38,
        2259.53,
        2257.71
      ],
      "metrics": {
        "MAE": 9.544934,
        "RMSE": 13.735723,
        "MAPE": 0.4067,
        "R2": 0.8747
      }
    },
    "BNB_USD": {
      "current": 626.78,
      "next_1h": 626.32,
      "next_24h": 621.65,
      "change_pct": -0.074,
      "trend": "\ud83d\udcc9 DOWN",
      "predictions": [
        626.32,
        626.17,
        625.75,
        625.47,
        625.26,
        625.04,
        624.84,
        624.64,
        624.44,
        624.24,
        624.04,
        623.84,
        623.65,
        623.46,
        623.27,
        623.08,
        622.89,
        622.71,
        622.53,
        622.35,
        622.17,
        622.0,
        621.82,
        621.65
      ],
      "metrics": {
        "MAE": 1.676955,
        "RMSE": 2.236378,
        "MAPE": 0.2681,
        "R2": 0.939
      }
    }
  }
}