{
  "generated_at": "2026-07-24 01:17:11",
  "exchange_rates": {
    "USD_TZS": {
      "current": 2631.1729,
      "next_1h": 2630.7679,
      "next_24h": 2623.6152,
      "change_pct": -0.015,
      "trend": "\ud83d\udcc9 DOWN",
      "predictions": [
        2630.7679,
        2630.3706,
        2629.9811,
        2629.5991,
        2629.2244,
        2628.8411,
        2628.469,
        2628.108,
        2627.7577,
        2627.4178,
        2627.0881,
        2626.7685,
        2626.4586,
        2626.1582,
        2625.8669,
        2625.5846,
        2625.3108,
        2625.0455,
        2624.7882,
        2624.5388,
        2624.2971,
        2624.0627,
        2623.8355,
        2623.6152
      ],
      "metrics": {
        "MAE": 0.450358,
        "RMSE": 1.158313,
        "MAPE": 0.0172,
        "R2": 0.9822
      }
    },
    "USD_KES": {
      "current": 129.4349,
      "next_1h": 129.4349,
      "next_24h": 129.4237,
      "change_pct": 0.0,
      "trend": "\ud83d\udcc9 DOWN",
      "predictions": [
        129.4349,
        129.4349,
        129.4348,
        129.4348,
        129.4347,
        129.4341,
        129.4335,
        129.4329,
        129.4323,
        129.4316,
        129.431,
        129.4304,
        129.4298,
        129.4293,
        129.4287,
        129.4281,
        129.4275,
        129.427,
        129.4264,
        129.4258,
        129.4253,
        129.4247,
        129.4242,
        129.4237
      ],
      "metrics": {
        "MAE": 0.002998,
        "RMSE": 0.014551,
        "MAPE": 0.0023,
        "R2": 0.8608
      }
    },
    "USD_UGX": {
      "current": 3707.508,
      "next_1h": 3707.3856,
      "next_24h": 3704.7146,
      "change_pct": -0.003,
      "trend": "\ud83d\udcc9 DOWN",
      "predictions": [
        3707.3856,
        3707.2634,
        3707.1414,
        3707.0198,
        3706.8984,
        3706.7799,
        3706.6619,
        3706.5442,
        3706.427,
        3706.3101,
        3706.1936,
        3706.0776,
        3705.9619,
        3705.8466,
        3705.7317,
        3705.6171,
        3705.503,
        3705.3892,
        3705.2758,
        3705.1628,
        3705.0502,
        3704.9379,
        3704.8261,
        3704.7146
      ],
      "metrics": {
        "MAE": 0.513285,
        "RMSE": 2.635427,
        "MAPE": 0.0139,
        "R2": 0.961
      }
    },
    "USD_EUR": {
      "current": 0.8782,
      "next_1h": 0.8782,
      "next_24h": 0.8783,
      "change_pct": 0.0,
      "trend": "\ud83d\udcc9 DOWN",
      "predictions": [
        0.8782,
        0.8782,
        0.8782,
        0.8782,
        0.8782,
        0.8782,
        0.8782,
        0.8782,
        0.8782,
        0.8782,
        0.8782,
        0.8782,
        0.8782,
        0.8782,
        0.8782,
        0.8782,
        0.8782,
        0.8782,
        0.8782,
        0.8783,
        0.8783,
        0.8783,
        0.8783,
        0.8783
      ],
      "metrics": {
        "MAE": 4.9e-05,
        "RMSE": 0.000251,
        "MAPE": 0.0056,
        "R2": 0.9564
      }
    }
  },
  "crypto": {
    "BTC_USD": {
      "current": 65013.0,
      "next_1h": 65011.27,
      "next_24h": 64715.2,
      "change_pct": -0.003,
      "trend": "\ud83d\udcc9 DOWN",
      "predictions": [
        65011.27,
        64981.84,
        64949.07,
        64936.55,
        64936.72,
        64925.33,
        64911.63,
        64898.45,
        64886.75,
        64875.48,
        64863.7,
        64851.83,
        64840.08,
        64828.47,
        64816.92,
        64805.4,
        64793.92,
        64782.51,
        64771.16,
        64759.86,
        64748.61,
        64737.42,
        64726.28,
        64715.2
      ],
      "metrics": {
        "MAE": 93.42113,
        "RMSE": 133.762422,
        "MAPE": 0.1434,
        "R2": 0.975
      }
    },
    "ETH_USD": {
      "current": 1873.61,
      "next_1h": 1873.43,
      "next_24h": 1858.07,
      "change_pct": -0.01,
      "trend": "\ud83d\udcc9 DOWN",
      "predictions": [
        1873.43,
        1872.21,
        1871.35,
        1870.91,
        1870.17,
        1869.49,
        1868.83,
        1868.17,
        1867.52,
        1866.86,
        1866.21,
        1865.57,
        1864.93,
        1864.29,
        1863.65,
        1863.02,
        1862.39,
        1861.76,
        1861.14,
        1860.52,
        1859.9,
        1859.29,
        1858.68,
        1858.07
      ],
      "metrics": {
        "MAE": 3.663358,
        "RMSE": 5.150211,
        "MAPE": 0.1934,
        "R2": 0.9776
      }
    },
    "BNB_USD": {
      "current": 567.59,
      "next_1h": 567.61,
      "next_24h": 568.32,
      "change_pct": 0.004,
      "trend": "\ud83d\udcc8 UP",
      "predictions": [
        567.61,
        567.62,
        567.66,
        567.71,
        567.74,
        567.77,
        567.8,
        567.83,
        567.87,
        567.9,
        567.93,
        567.96,
        567.99,
        568.02,
        568.05,
        568.08,
        568.11,
        568.14,
        568.17,
        568.2,
        568.23,
        568.26,
        568.29,
        568.32
      ],
      "metrics": {
        "MAE": 0.672154,
        "RMSE": 0.911307,
        "MAPE": 0.118,
        "R2": 0.9068
      }
    }
  }
}