{
  "generated_at": "2026-07-01 23:36:48",
  "exchange_rates": {
    "USD_TZS": {
      "current": 2623.0255,
      "next_1h": 2622.7689,
      "next_24h": 2617.872,
      "change_pct": -0.01,
      "trend": "\ud83d\udcc9 DOWN",
      "predictions": [
        2622.7689,
        2622.5148,
        2622.2631,
        2622.0139,
        2621.767,
        2621.5225,
        2621.2828,
        2621.0478,
        2620.8176,
        2620.5919,
        2620.3708,
        2620.1541,
        2619.9418,
        2619.7338,
        2619.5301,
        2619.3304,
        2619.1348,
        2618.9432,
        2618.7554,
        2618.5714,
        2618.3912,
        2618.2146,
        2618.0416,
        2617.872
      ],
      "metrics": {
        "MAE": 0.750058,
        "RMSE": 2.991858,
        "MAPE": 0.0286,
        "R2": 0.889
      }
    },
    "USD_KES": {
      "current": 129.4945,
      "next_1h": 129.4934,
      "next_24h": 129.4724,
      "change_pct": -0.001,
      "trend": "\ud83d\udcc9 DOWN",
      "predictions": [
        129.4934,
        129.4923,
        129.4912,
        129.4902,
        129.4891,
        129.4881,
        129.487,
        129.486,
        129.4851,
        129.4841,
        129.4831,
        129.4822,
        129.4813,
        129.4804,
        129.4795,
        129.4787,
        129.4778,
        129.477,
        129.4762,
        129.4754,
        129.4746,
        129.4739,
        129.4731,
        129.4724
      ],
      "metrics": {
        "MAE": 0.004335,
        "RMSE": 0.016875,
        "MAPE": 0.0033,
        "R2": 0.876
      }
    },
    "USD_UGX": {
      "current": 3632.986,
      "next_1h": 3632.8634,
      "next_24h": 3630.0661,
      "change_pct": -0.003,
      "trend": "\ud83d\udcc9 DOWN",
      "predictions": [
        3632.8634,
        3632.7409,
        3632.6186,
        3632.4965,
        3632.3745,
        3632.2527,
        3632.1309,
        3632.0092,
        3631.8875,
        3631.7659,
        3631.6442,
        3631.5226,
        3631.4011,
        3631.2796,
        3631.1581,
        3631.0366,
        3630.9152,
        3630.7938,
        3630.6724,
        3630.5511,
        3630.4298,
        3630.3085,
        3630.1873,
        3630.0661
      ],
      "metrics": {
        "MAE": 0.804415,
        "RMSE": 3.561758,
        "MAPE": 0.022,
        "R2": 0.9336
      }
    },
    "USD_EUR": {
      "current": 0.8766,
      "next_1h": 0.8766,
      "next_24h": 0.877,
      "change_pct": 0.002,
      "trend": "\ud83d\udcc8 UP",
      "predictions": [
        0.8766,
        0.8767,
        0.8767,
        0.8767,
        0.8767,
        0.8767,
        0.8767,
        0.8768,
        0.8768,
        0.8768,
        0.8768,
        0.8768,
        0.8768,
        0.8769,
        0.8769,
        0.8769,
        0.8769,
        0.8769,
        0.877,
        0.877,
        0.877,
        0.877,
        0.877,
        0.877
      ],
      "metrics": {
        "MAE": 0.000104,
        "RMSE": 0.000473,
        "MAPE": 0.0119,
        "R2": 0.9178
      }
    }
  },
  "crypto": {
    "BTC_USD": {
      "current": 60039.0,
      "next_1h": 60052.3,
      "next_24h": 60017.93,
      "change_pct": 0.022,
      "trend": "\ud83d\udcc8 UP",
      "predictions": [
        60052.3,
        60096.32,
        60138.93,
        60102.75,
        60065.86,
        60068.95,
        60073.94,
        60072.65,
        60065.1,
        60059.54,
        60057.58,
        60055.35,
        60052.12,
        60048.52,
        60045.29,
        60042.36,
        60039.35,
        60036.24,
        60033.12,
        60030.06,
        60027.03,
        60024.0,
        60020.96,
        60017.93
      ],
      "metrics": {
        "MAE": 264.885528,
        "RMSE": 394.686404,
        "MAPE": 0.4414,
        "R2": 0.8555
      }
    },
    "ETH_USD": {
      "current": 1609.2,
      "next_1h": 1609.59,
      "next_24h": 1610.19,
      "change_pct": 0.024,
      "trend": "\ud83d\udcc8 UP",
      "predictions": [
        1609.59,
        1611.15,
        1610.77,
        1610.03,
        1610.44,
        1610.52,
        1610.42,
        1610.38,
        1610.41,
        1610.39,
        1610.37,
        1610.35,
        1610.34,
        1610.33,
        1610.31,
        1610.3,
        1610.29,
        1610.27,
        1610.26,
        1610.25,
        1610.23,
        1610.22,
        1610.21,
        1610.19
      ],
      "metrics": {
        "MAE": 8.154842,
        "RMSE": 12.889306,
        "MAPE": 0.5128,
        "R2": 0.8404
      }
    },
    "BNB_USD": {
      "current": 550.46,
      "next_1h": 550.9,
      "next_24h": 555.72,
      "change_pct": 0.081,
      "trend": "\ud83d\udcc8 UP",
      "predictions": [
        550.9,
        551.3,
        551.3,
        551.33,
        551.64,
        551.86,
        552.06,
        552.28,
        552.51,
        552.73,
        552.95,
        553.17,
        553.39,
        553.6,
        553.82,
        554.04,
        554.25,
        554.46,
        554.67,
        554.88,
        555.09,
        555.3,
        555.51,
        555.72
      ],
      "metrics": {
        "MAE": 2.127261,
        "RMSE": 3.16289,
        "MAPE": 0.3819,
        "R2": 0.874
      }
    }
  }
}