{
  "generated_at": "2026-07-12 04:17:11",
  "exchange_rates": {
    "USD_TZS": {
      "current": 2624.1721,
      "next_1h": 2623.8663,
      "next_24h": 2619.2005,
      "change_pct": -0.012,
      "trend": "\ud83d\udcc9 DOWN",
      "predictions": [
        2623.8663,
        2623.5673,
        2623.2988,
        2623.0362,
        2622.7793,
        2622.528,
        2622.2852,
        2622.0506,
        2621.8237,
        2621.6043,
        2621.3923,
        2621.1873,
        2620.9891,
        2620.7975,
        2620.6124,
        2620.4334,
        2620.2603,
        2620.0931,
        2619.9314,
        2619.7751,
        2619.6241,
        2619.4781,
        2619.3369,
        2619.2005
      ],
      "metrics": {
        "MAE": 0.36592,
        "RMSE": 0.612495,
        "MAPE": 0.0139,
        "R2": 0.8656
      }
    },
    "USD_KES": {
      "current": 129.172,
      "next_1h": 129.1765,
      "next_24h": 129.2671,
      "change_pct": 0.004,
      "trend": "\ud83d\udcc8 UP",
      "predictions": [
        129.1765,
        129.1811,
        129.1857,
        129.1903,
        129.1948,
        129.1993,
        129.2037,
        129.208,
        129.2123,
        129.2164,
        129.2205,
        129.2245,
        129.2285,
        129.2323,
        129.2361,
        129.2398,
        129.2435,
        129.247,
        129.2506,
        129.254,
        129.2574,
        129.2607,
        129.2639,
        129.2671
      ],
      "metrics": {
        "MAE": 0.006245,
        "RMSE": 0.014914,
        "MAPE": 0.0048,
        "R2": 0.8861
      }
    },
    "USD_UGX": {
      "current": 3656.7124,
      "next_1h": 3656.7703,
      "next_24h": 3658.1197,
      "change_pct": 0.002,
      "trend": "\ud83d\udcc8 UP",
      "predictions": [
        3656.7703,
        3656.8277,
        3656.8882,
        3656.9486,
        3657.0089,
        3657.069,
        3657.129,
        3657.1888,
        3657.2484,
        3657.3078,
        3657.367,
        3657.426,
        3657.4848,
        3657.5435,
        3657.6019,
        3657.6602,
        3657.7183,
        3657.7762,
        3657.8339,
        3657.8914,
        3657.9488,
        3658.0059,
        3658.0629,
        3658.1197
      ],
      "metrics": {
        "MAE": 0.81085,
        "RMSE": 3.50231,
        "MAPE": 0.0222,
        "R2": 0.9187
      }
    },
    "USD_EUR": {
      "current": 0.8755,
      "next_1h": 0.8755,
      "next_24h": 0.876,
      "change_pct": 0.002,
      "trend": "\ud83d\udcc8 UP",
      "predictions": [
        0.8755,
        0.8755,
        0.8756,
        0.8756,
        0.8756,
        0.8756,
        0.8756,
        0.8757,
        0.8757,
        0.8757,
        0.8757,
        0.8757,
        0.8758,
        0.8758,
        0.8758,
        0.8758,
        0.8758,
        0.8759,
        0.8759,
        0.8759,
        0.8759,
        0.8759,
        0.876,
        0.876
      ],
      "metrics": {
        "MAE": 6.7e-05,
        "RMSE": 0.00029,
        "MAPE": 0.0077,
        "R2": 0.8715
      }
    }
  },
  "crypto": {
    "BTC_USD": {
      "current": 64132.0,
      "next_1h": 64110.13,
      "next_24h": 63844.37,
      "change_pct": -0.034,
      "trend": "\ud83d\udcc9 DOWN",
      "predictions": [
        64110.13,
        64092.83,
        64082.1,
        64074.34,
        64062.93,
        64050.28,
        64038.1,
        64026.41,
        64014.81,
        64003.09,
        63991.38,
        63979.76,
        63968.2,
        63956.7,
        63945.24,
        63933.82,
        63922.47,
        63911.16,
        63899.9,
        63888.69,
        63877.54,
        63866.43,
        63855.37,
        63844.37
      ],
      "metrics": {
        "MAE": 98.114737,
        "RMSE": 137.938744,
        "MAPE": 0.1555,
        "R2": 0.9744
      }
    },
    "ETH_USD": {
      "current": 1809.0,
      "next_1h": 1808.09,
      "next_24h": 1793.88,
      "change_pct": -0.05,
      "trend": "\ud83d\udcc9 DOWN",
      "predictions": [
        1808.09,
        1807.29,
        1806.82,
        1806.05,
        1805.4,
        1804.77,
        1804.14,
        1803.51,
        1802.88,
        1802.26,
        1801.64,
        1801.03,
        1800.41,
        1799.8,
        1799.2,
        1798.59,
        1797.99,
        1797.4,
        1796.8,
        1796.21,
        1795.62,
        1795.04,
        1794.46,
        1793.88
      ],
      "metrics": {
        "MAE": 3.639161,
        "RMSE": 5.190607,
        "MAPE": 0.206,
        "R2": 0.9693
      }
    },
    "BNB_USD": {
      "current": 574.92,
      "next_1h": 574.96,
      "next_24h": 575.38,
      "change_pct": 0.006,
      "trend": "\ud83d\udcc8 UP",
      "predictions": [
        574.96,
        574.98,
        575.02,
        575.03,
        575.05,
        575.07,
        575.09,
        575.1,
        575.12,
        575.14,
        575.16,
        575.17,
        575.19,
        575.21,
        575.23,
        575.24,
        575.26,
        575.28,
        575.3,
        575.31,
        575.33,
        575.35,
        575.36,
        575.38
      ],
      "metrics": {
        "MAE": 0.858706,
        "RMSE": 1.183674,
        "MAPE": 0.1504,
        "R2": 0.9449
      }
    }
  }
}