{
  "generated_at": "2026-03-20 22:00:14",
  "exchange_rates": {
    "USD_TZS": {
      "current": 2592.6284,
      "next_1h": 2592.2818,
      "next_24h": 2586.4563,
      "change_pct": -0.013,
      "trend": "\ud83d\udcc9 DOWN",
      "predictions": [
        2592.2818,
        2591.9498,
        2591.6227,
        2591.3046,
        2590.9864,
        2590.6763,
        2590.3754,
        2590.0837,
        2589.8005,
        2589.5259,
        2589.2597,
        2589.0016,
        2588.7515,
        2588.5089,
        2588.2738,
        2588.0459,
        2587.8249,
        2587.6107,
        2587.4031,
        2587.2018,
        2587.0066,
        2586.8175,
        2586.6341,
        2586.4563
      ],
      "metrics": {
        "MAE": 1.067843,
        "RMSE": 3.134209,
        "MAPE": 0.0411,
        "R2": 0.8724
      }
    },
    "USD_KES": {
      "current": 129.5114,
      "next_1h": 129.4889,
      "next_24h": 129.2735,
      "change_pct": -0.017,
      "trend": "\ud83d\udcc9 DOWN",
      "predictions": [
        129.4889,
        129.4641,
        129.4435,
        129.4259,
        129.4103,
        129.3964,
        129.3836,
        129.3718,
        129.3609,
        129.3509,
        129.3417,
        129.3333,
        129.3256,
        129.3185,
        129.3121,
        129.3062,
        129.3007,
        129.2957,
        129.2912,
        129.287,
        129.2831,
        129.2796,
        129.2764,
        129.2735
      ],
      "metrics": {
        "MAE": 0.02119,
        "RMSE": 0.029289,
        "MAPE": 0.0164,
        "R2": 0.8692
      }
    },
    "USD_UGX": {
      "current": 3775.2274,
      "next_1h": 3775.4388,
      "next_24h": 3779.8414,
      "change_pct": 0.006,
      "trend": "\ud83d\udcc8 UP",
      "predictions": [
        3775.4388,
        3775.6465,
        3775.8503,
        3776.0521,
        3776.2501,
        3776.4445,
        3776.6385,
        3776.8319,
        3777.0248,
        3777.2171,
        3777.4087,
        3777.5997,
        3777.7901,
        3777.9798,
        3778.1688,
        3778.3572,
        3778.545,
        3778.7321,
        3778.9186,
        3779.1044,
        3779.2896,
        3779.4742,
        3779.6581,
        3779.8414
      ],
      "metrics": {
        "MAE": 0.377527,
        "RMSE": 0.942671,
        "MAPE": 0.01,
        "R2": 0.8636
      }
    },
    "USD_EUR": {
      "current": 0.8664,
      "next_1h": 0.8665,
      "next_24h": 0.8671,
      "change_pct": 0.004,
      "trend": "\ud83d\udcc8 UP",
      "predictions": [
        0.8665,
        0.8665,
        0.8666,
        0.8666,
        0.8666,
        0.8667,
        0.8667,
        0.8667,
        0.8667,
        0.8668,
        0.8668,
        0.8668,
        0.8669,
        0.8669,
        0.8669,
        0.8669,
        0.867,
        0.867,
        0.867,
        0.867,
        0.8671,
        0.8671,
        0.8671,
        0.8671
      ],
      "metrics": {
        "MAE": 0.000195,
        "RMSE": 0.000725,
        "MAPE": 0.0225,
        "R2": 0.8717
      }
    }
  },
  "crypto": {
    "BTC_USD": {
      "current": 70526.0,
      "next_1h": 70532.06,
      "next_24h": 71075.13,
      "change_pct": 0.009,
      "trend": "\ud83d\udcc8 UP",
      "predictions": [
        70532.06,
        70497.75,
        70521.59,
        70516.52,
        70546.09,
        70585.17,
        70616.38,
        70647.38,
        70675.56,
        70702.5,
        70730.1,
        70757.75,
        70785.39,
        70812.89,
        70840.07,
        70867.0,
        70893.71,
        70920.21,
        70946.53,
        70972.64,
        70998.56,
        71024.28,
        71049.8,
        71075.13
      ],
      "metrics": {
        "MAE": 262.571286,
        "RMSE": 342.726206,
        "MAPE": 0.371,
        "R2": 0.9119
      }
    },
    "ETH_USD": {
      "current": 2147.47,
      "next_1h": 2148.03,
      "next_24h": 2159.73,
      "change_pct": 0.026,
      "trend": "\ud83d\udcc8 UP",
      "predictions": [
        2148.03,
        2147.74,
        2149.67,
        2150.08,
        2151.47,
        2152.0,
        2152.42,
        2153.03,
        2153.47,
        2153.98,
        2154.43,
        2154.86,
        2155.31,
        2155.73,
        2156.16,
        2156.58,
        2156.99,
        2157.39,
        2157.79,
        2158.19,
        2158.58,
        2158.97,
        2159.35,
        2159.73
      ],
      "metrics": {
        "MAE": 10.903975,
        "RMSE": 14.388645,
        "MAPE": 0.5,
        "R2": 0.9268
      }
    },
    "BNB_USD": {
      "current": 641.64,
      "next_1h": 642.18,
      "next_24h": 650.76,
      "change_pct": 0.084,
      "trend": "\ud83d\udcc8 UP",
      "predictions": [
        642.18,
        642.42,
        642.95,
        643.33,
        643.78,
        644.23,
        644.65,
        645.07,
        645.48,
        645.88,
        646.28,
        646.66,
        647.04,
        647.41,
        647.78,
        648.14,
        648.49,
        648.83,
        649.17,
        649.5,
        649.82,
        650.14,
        650.46,
        650.76
      ],
      "metrics": {
        "MAE": 1.985606,
        "RMSE": 2.687857,
        "MAPE": 0.3064,
        "R2": 0.9206
      }
    }
  }
}